{
  "id" : "350668c0-2b4e-4b77-9dff-9f0ba3af12a4-10",
  "modifiedDate" : 1467858271647,
  "name" : "review84.txt",
  "version" : 2,
  "text" : "Had the tv for 2 months and enjoyed.. shipping was fast...tv stopped turning on. Called TCL for warrenty repair.... hour on the phone trying to understand service rep.... was told they were shipping parts to me then would have a technician come out... a month later parts and technician showed up... he could not fix tv... still do not have a working tv going on 6 weeks.. no urgency at company at all and attempting to talk with them on the phone is almost unbareable.. spend a couple bucks more for better quality tv and customer service.\r",
  "docLength" : 541,
  "language" : "EN",
  "status" : "SUBMITTED",
  "documentSet" : [ ],
  "sentences" : [ {
    "id" : "s0",
    "begin" : 0,
    "end" : 80,
    "text" : "Had the tv for 2 months and enjoyed.. shipping was fast...tv stopped turning on.",
    "tokens" : [ {
      "id" : "s0-t0",
      "begin" : 0,
      "end" : 3,
      "text" : "Had",
      "whiteSpace" : false
    }, {
      "id" : "s0-t1",
      "begin" : 4,
      "end" : 7,
      "text" : "the",
      "whiteSpace" : false
    }, {
      "id" : "s0-t2",
      "begin" : 8,
      "end" : 10,
      "text" : "tv",
      "whiteSpace" : false
    }, {
      "id" : "s0-t3",
      "begin" : 11,
      "end" : 14,
      "text" : "for",
      "whiteSpace" : false
    }, {
      "id" : "s0-t4",
      "begin" : 15,
      "end" : 16,
      "text" : "2",
      "whiteSpace" : false
    }, {
      "id" : "s0-t5",
      "begin" : 17,
      "end" : 23,
      "text" : "months",
      "whiteSpace" : false
    }, {
      "id" : "s0-t6",
      "begin" : 24,
      "end" : 27,
      "text" : "and",
      "whiteSpace" : false
    }, {
      "id" : "s0-t7",
      "begin" : 28,
      "end" : 35,
      "text" : "enjoyed",
      "whiteSpace" : false
    }, {
      "id" : "s0-t8",
      "begin" : 35,
      "end" : 37,
      "text" : "..",
      "whiteSpace" : false
    }, {
      "id" : "s0-t9",
      "begin" : 38,
      "end" : 46,
      "text" : "shipping",
      "whiteSpace" : false
    }, {
      "id" : "s0-t10",
      "begin" : 47,
      "end" : 50,
      "text" : "was",
      "whiteSpace" : false
    }, {
      "id" : "s0-t11",
      "begin" : 51,
      "end" : 55,
      "text" : "fast",
      "whiteSpace" : false
    }, {
      "id" : "s0-t12",
      "begin" : 55,
      "end" : 58,
      "text" : "...",
      "whiteSpace" : false
    }, {
      "id" : "s0-t13",
      "begin" : 58,
      "end" : 60,
      "text" : "tv",
      "whiteSpace" : false
    }, {
      "id" : "s0-t14",
      "begin" : 61,
      "end" : 68,
      "text" : "stopped",
      "whiteSpace" : false
    }, {
      "id" : "s0-t15",
      "begin" : 69,
      "end" : 76,
      "text" : "turning",
      "whiteSpace" : false
    }, {
      "id" : "s0-t16",
      "begin" : 77,
      "end" : 79,
      "text" : "on",
      "whiteSpace" : false
    }, {
      "id" : "s0-t17",
      "begin" : 79,
      "end" : 80,
      "text" : ".",
      "whiteSpace" : false
    } ]
  }, {
    "id" : "s1",
    "begin" : 81,
    "end" : 540,
    "text" : "Called TCL for warrenty repair.... hour on the phone trying to understand service rep.... was told they were shipping parts to me then would have a technician come out... a month later parts and technician showed up... he could not fix tv... still do not have a working tv going on 6 weeks.. no urgency at company at all and attempting to talk with them on the phone is almost unbareable.. spend a couple bucks more for better quality tv and customer service.",
    "tokens" : [ {
      "id" : "s1-t0",
      "begin" : 81,
      "end" : 87,
      "text" : "Called",
      "whiteSpace" : false
    }, {
      "id" : "s1-t1",
      "begin" : 88,
      "end" : 91,
      "text" : "TCL",
      "whiteSpace" : false
    }, {
      "id" : "s1-t2",
      "begin" : 92,
      "end" : 95,
      "text" : "for",
      "whiteSpace" : false
    }, {
      "id" : "s1-t3",
      "begin" : 96,
      "end" : 104,
      "text" : "warrenty",
      "whiteSpace" : false
    }, {
      "id" : "s1-t4",
      "begin" : 105,
      "end" : 111,
      "text" : "repair",
      "whiteSpace" : false
    }, {
      "id" : "s1-t5",
      "begin" : 111,
      "end" : 115,
      "text" : "....",
      "whiteSpace" : false
    }, {
      "id" : "s1-t6",
      "begin" : 116,
      "end" : 120,
      "text" : "hour",
      "whiteSpace" : false
    }, {
      "id" : "s1-t7",
      "begin" : 121,
      "end" : 123,
      "text" : "on",
      "whiteSpace" : false
    }, {
      "id" : "s1-t8",
      "begin" : 124,
      "end" : 127,
      "text" : "the",
      "whiteSpace" : false
    }, {
      "id" : "s1-t9",
      "begin" : 128,
      "end" : 133,
      "text" : "phone",
      "whiteSpace" : false
    }, {
      "id" : "s1-t10",
      "begin" : 134,
      "end" : 140,
      "text" : "trying",
      "whiteSpace" : false
    }, {
      "id" : "s1-t11",
      "begin" : 141,
      "end" : 143,
      "text" : "to",
      "whiteSpace" : false
    }, {
      "id" : "s1-t12",
      "begin" : 144,
      "end" : 154,
      "text" : "understand",
      "whiteSpace" : false
    }, {
      "id" : "s1-t13",
      "begin" : 155,
      "end" : 162,
      "text" : "service",
      "whiteSpace" : false
    }, {
      "id" : "s1-t14",
      "begin" : 163,
      "end" : 166,
      "text" : "rep",
      "whiteSpace" : false
    }, {
      "id" : "s1-t15",
      "begin" : 166,
      "end" : 170,
      "text" : "....",
      "whiteSpace" : false
    }, {
      "id" : "s1-t16",
      "begin" : 171,
      "end" : 174,
      "text" : "was",
      "whiteSpace" : false
    }, {
      "id" : "s1-t17",
      "begin" : 175,
      "end" : 179,
      "text" : "told",
      "whiteSpace" : false
    }, {
      "id" : "s1-t18",
      "begin" : 180,
      "end" : 184,
      "text" : "they",
      "whiteSpace" : false
    }, {
      "id" : "s1-t19",
      "begin" : 185,
      "end" : 189,
      "text" : "were",
      "whiteSpace" : false
    }, {
      "id" : "s1-t20",
      "begin" : 190,
      "end" : 198,
      "text" : "shipping",
      "whiteSpace" : false
    }, {
      "id" : "s1-t21",
      "begin" : 199,
      "end" : 204,
      "text" : "parts",
      "whiteSpace" : false
    }, {
      "id" : "s1-t22",
      "begin" : 205,
      "end" : 207,
      "text" : "to",
      "whiteSpace" : false
    }, {
      "id" : "s1-t23",
      "begin" : 208,
      "end" : 210,
      "text" : "me",
      "whiteSpace" : false
    }, {
      "id" : "s1-t24",
      "begin" : 211,
      "end" : 215,
      "text" : "then",
      "whiteSpace" : false
    }, {
      "id" : "s1-t25",
      "begin" : 216,
      "end" : 221,
      "text" : "would",
      "whiteSpace" : false
    }, {
      "id" : "s1-t26",
      "begin" : 222,
      "end" : 226,
      "text" : "have",
      "whiteSpace" : false
    }, {
      "id" : "s1-t27",
      "begin" : 227,
      "end" : 228,
      "text" : "a",
      "whiteSpace" : false
    }, {
      "id" : "s1-t28",
      "begin" : 229,
      "end" : 239,
      "text" : "technician",
      "whiteSpace" : false
    }, {
      "id" : "s1-t29",
      "begin" : 240,
      "end" : 244,
      "text" : "come",
      "whiteSpace" : false
    }, {
      "id" : "s1-t30",
      "begin" : 245,
      "end" : 248,
      "text" : "out",
      "whiteSpace" : false
    }, {
      "id" : "s1-t31",
      "begin" : 248,
      "end" : 251,
      "text" : "...",
      "whiteSpace" : false
    }, {
      "id" : "s1-t32",
      "begin" : 252,
      "end" : 253,
      "text" : "a",
      "whiteSpace" : false
    }, {
      "id" : "s1-t33",
      "begin" : 254,
      "end" : 259,
      "text" : "month",
      "whiteSpace" : false
    }, {
      "id" : "s1-t34",
      "begin" : 260,
      "end" : 265,
      "text" : "later",
      "whiteSpace" : false
    }, {
      "id" : "s1-t35",
      "begin" : 266,
      "end" : 271,
      "text" : "parts",
      "whiteSpace" : false
    }, {
      "id" : "s1-t36",
      "begin" : 272,
      "end" : 275,
      "text" : "and",
      "whiteSpace" : false
    }, {
      "id" : "s1-t37",
      "begin" : 276,
      "end" : 286,
      "text" : "technician",
      "whiteSpace" : false
    }, {
      "id" : "s1-t38",
      "begin" : 287,
      "end" : 293,
      "text" : "showed",
      "whiteSpace" : false
    }, {
      "id" : "s1-t39",
      "begin" : 294,
      "end" : 296,
      "text" : "up",
      "whiteSpace" : false
    }, {
      "id" : "s1-t40",
      "begin" : 296,
      "end" : 299,
      "text" : "...",
      "whiteSpace" : false
    }, {
      "id" : "s1-t41",
      "begin" : 300,
      "end" : 302,
      "text" : "he",
      "whiteSpace" : false
    }, {
      "id" : "s1-t42",
      "begin" : 303,
      "end" : 308,
      "text" : "could",
      "whiteSpace" : false
    }, {
      "id" : "s1-t43",
      "begin" : 309,
      "end" : 312,
      "text" : "not",
      "whiteSpace" : false
    }, {
      "id" : "s1-t44",
      "begin" : 313,
      "end" : 316,
      "text" : "fix",
      "whiteSpace" : false
    }, {
      "id" : "s1-t45",
      "begin" : 317,
      "end" : 319,
      "text" : "tv",
      "whiteSpace" : false
    }, {
      "id" : "s1-t46",
      "begin" : 319,
      "end" : 322,
      "text" : "...",
      "whiteSpace" : false
    }, {
      "id" : "s1-t47",
      "begin" : 323,
      "end" : 328,
      "text" : "still",
      "whiteSpace" : false
    }, {
      "id" : "s1-t48",
      "begin" : 329,
      "end" : 331,
      "text" : "do",
      "whiteSpace" : false
    }, {
      "id" : "s1-t49",
      "begin" : 332,
      "end" : 335,
      "text" : "not",
      "whiteSpace" : false
    }, {
      "id" : "s1-t50",
      "begin" : 336,
      "end" : 340,
      "text" : "have",
      "whiteSpace" : false
    }, {
      "id" : "s1-t51",
      "begin" : 341,
      "end" : 342,
      "text" : "a",
      "whiteSpace" : false
    }, {
      "id" : "s1-t52",
      "begin" : 343,
      "end" : 350,
      "text" : "working",
      "whiteSpace" : false
    }, {
      "id" : "s1-t53",
      "begin" : 351,
      "end" : 353,
      "text" : "tv",
      "whiteSpace" : false
    }, {
      "id" : "s1-t54",
      "begin" : 354,
      "end" : 359,
      "text" : "going",
      "whiteSpace" : false
    }, {
      "id" : "s1-t55",
      "begin" : 360,
      "end" : 362,
      "text" : "on",
      "whiteSpace" : false
    }, {
      "id" : "s1-t56",
      "begin" : 363,
      "end" : 364,
      "text" : "6",
      "whiteSpace" : false
    }, {
      "id" : "s1-t57",
      "begin" : 365,
      "end" : 370,
      "text" : "weeks",
      "whiteSpace" : false
    }, {
      "id" : "s1-t58",
      "begin" : 370,
      "end" : 372,
      "text" : "..",
      "whiteSpace" : false
    }, {
      "id" : "s1-t59",
      "begin" : 373,
      "end" : 375,
      "text" : "no",
      "whiteSpace" : false
    }, {
      "id" : "s1-t60",
      "begin" : 376,
      "end" : 383,
      "text" : "urgency",
      "whiteSpace" : false
    }, {
      "id" : "s1-t61",
      "begin" : 384,
      "end" : 386,
      "text" : "at",
      "whiteSpace" : false
    }, {
      "id" : "s1-t62",
      "begin" : 387,
      "end" : 394,
      "text" : "company",
      "whiteSpace" : false
    }, {
      "id" : "s1-t63",
      "begin" : 395,
      "end" : 397,
      "text" : "at",
      "whiteSpace" : false
    }, {
      "id" : "s1-t64",
      "begin" : 398,
      "end" : 401,
      "text" : "all",
      "whiteSpace" : false
    }, {
      "id" : "s1-t65",
      "begin" : 402,
      "end" : 405,
      "text" : "and",
      "whiteSpace" : false
    }, {
      "id" : "s1-t66",
      "begin" : 406,
      "end" : 416,
      "text" : "attempting",
      "whiteSpace" : false
    }, {
      "id" : "s1-t67",
      "begin" : 417,
      "end" : 419,
      "text" : "to",
      "whiteSpace" : false
    }, {
      "id" : "s1-t68",
      "begin" : 420,
      "end" : 424,
      "text" : "talk",
      "whiteSpace" : false
    }, {
      "id" : "s1-t69",
      "begin" : 425,
      "end" : 429,
      "text" : "with",
      "whiteSpace" : false
    }, {
      "id" : "s1-t70",
      "begin" : 430,
      "end" : 434,
      "text" : "them",
      "whiteSpace" : false
    }, {
      "id" : "s1-t71",
      "begin" : 435,
      "end" : 437,
      "text" : "on",
      "whiteSpace" : false
    }, {
      "id" : "s1-t72",
      "begin" : 438,
      "end" : 441,
      "text" : "the",
      "whiteSpace" : false
    }, {
      "id" : "s1-t73",
      "begin" : 442,
      "end" : 447,
      "text" : "phone",
      "whiteSpace" : false
    }, {
      "id" : "s1-t74",
      "begin" : 448,
      "end" : 450,
      "text" : "is",
      "whiteSpace" : false
    }, {
      "id" : "s1-t75",
      "begin" : 451,
      "end" : 457,
      "text" : "almost",
      "whiteSpace" : false
    }, {
      "id" : "s1-t76",
      "begin" : 458,
      "end" : 468,
      "text" : "unbareable",
      "whiteSpace" : false
    }, {
      "id" : "s1-t77",
      "begin" : 468,
      "end" : 470,
      "text" : "..",
      "whiteSpace" : false
    }, {
      "id" : "s1-t78",
      "begin" : 471,
      "end" : 476,
      "text" : "spend",
      "whiteSpace" : false
    }, {
      "id" : "s1-t79",
      "begin" : 477,
      "end" : 478,
      "text" : "a",
      "whiteSpace" : false
    }, {
      "id" : "s1-t80",
      "begin" : 479,
      "end" : 485,
      "text" : "couple",
      "whiteSpace" : false
    }, {
      "id" : "s1-t81",
      "begin" : 486,
      "end" : 491,
      "text" : "bucks",
      "whiteSpace" : false
    }, {
      "id" : "s1-t82",
      "begin" : 492,
      "end" : 496,
      "text" : "more",
      "whiteSpace" : false
    }, {
      "id" : "s1-t83",
      "begin" : 497,
      "end" : 500,
      "text" : "for",
      "whiteSpace" : false
    }, {
      "id" : "s1-t84",
      "begin" : 501,
      "end" : 507,
      "text" : "better",
      "whiteSpace" : false
    }, {
      "id" : "s1-t85",
      "begin" : 508,
      "end" : 515,
      "text" : "quality",
      "whiteSpace" : false
    }, {
      "id" : "s1-t86",
      "begin" : 516,
      "end" : 518,
      "text" : "tv",
      "whiteSpace" : false
    }, {
      "id" : "s1-t87",
      "begin" : 519,
      "end" : 522,
      "text" : "and",
      "whiteSpace" : false
    }, {
      "id" : "s1-t88",
      "begin" : 523,
      "end" : 531,
      "text" : "customer",
      "whiteSpace" : false
    }, {
      "id" : "s1-t89",
      "begin" : 532,
      "end" : 539,
      "text" : "service",
      "whiteSpace" : false
    }, {
      "id" : "s1-t90",
      "begin" : 539,
      "end" : 540,
      "text" : ".",
      "whiteSpace" : false
    } ]
  } ],
  "mentions" : [ {
    "id" : "s0-m1",
    "properties" : {
      "SIRE_MENTION_ROLE" : "Product",
      "SIRE_ENTITY_SUBTYPE" : "NONE",
      "SIRE_MENTION_TYPE" : "NONE",
      "SIRE_MENTION_CLASS" : "SPC"
    },
    "type" : "Product",
    "begin" : 8,
    "end" : 10,
    "inCoref" : true
  }, {
    "id" : "s0-m2",
    "properties" : {
      "SIRE_MENTION_ROLE" : "Product",
      "SIRE_ENTITY_SUBTYPE" : "NONE",
      "SIRE_MENTION_TYPE" : "NONE",
      "SIRE_MENTION_CLASS" : "SPC"
    },
    "type" : "Product",
    "begin" : 58,
    "end" : 60,
    "inCoref" : true
  }, {
    "id" : "s1-m4",
    "properties" : {
      "SIRE_MENTION_ROLE" : "Company",
      "SIRE_ENTITY_SUBTYPE" : "NONE",
      "SIRE_MENTION_TYPE" : "NONE",
      "SIRE_MENTION_CLASS" : "SPC"
    },
    "type" : "Company",
    "begin" : 88,
    "end" : 91,
    "inCoref" : false
  }, {
    "id" : "544801637015912__113200145-M0",
    "properties" : {
      "SIRE_MENTION_CLASS" : "SPC",
      "SIRE_ENTITY_CLASS" : "SPC",
      "SIRE_MENTION_ROLE" : "Product",
      "SIRE_MENTION_TYPE" : "NONE",
      "SIRE_ENTITY_LEVEL" : "NONE",
      "SIRE_ENTITY_SUBTYPE" : "NONE"
    },
    "type" : "Product",
    "begin" : 128,
    "end" : 133,
    "inCoref" : false
  }, {
    "id" : "s1-m5",
    "properties" : {
      "SIRE_MENTION_ROLE" : "Customer_Service",
      "SIRE_ENTITY_SUBTYPE" : "NONE",
      "SIRE_MENTION_TYPE" : "NONE",
      "SIRE_MENTION_CLASS" : "SPC"
    },
    "type" : "Customer_Service",
    "begin" : 155,
    "end" : 166,
    "inCoref" : true
  }, {
    "id" : "s1-m6",
    "properties" : {
      "SIRE_MENTION_ROLE" : "Customer_Service",
      "SIRE_ENTITY_SUBTYPE" : "NONE",
      "SIRE_MENTION_TYPE" : "NONE",
      "SIRE_MENTION_CLASS" : "SPC"
    },
    "type" : "Customer_Service",
    "begin" : 180,
    "end" : 184,
    "inCoref" : false
  }, {
    "id" : "s1-m7",
    "properties" : {
      "SIRE_MENTION_ROLE" : "Feature",
      "SIRE_ENTITY_SUBTYPE" : "NONE",
      "SIRE_MENTION_TYPE" : "NONE",
      "SIRE_MENTION_CLASS" : "SPC"
    },
    "type" : "Feature",
    "begin" : 199,
    "end" : 204,
    "inCoref" : false
  }, {
    "id" : "544801637015912__113200145-M1",
    "properties" : {
      "SIRE_MENTION_CLASS" : "SPC",
      "SIRE_ENTITY_CLASS" : "SPC",
      "SIRE_MENTION_ROLE" : "Consumer",
      "SIRE_MENTION_TYPE" : "NONE",
      "SIRE_ENTITY_LEVEL" : "NONE",
      "SIRE_ENTITY_SUBTYPE" : "NONE"
    },
    "type" : "Consumer",
    "begin" : 208,
    "end" : 210,
    "inCoref" : false
  }, {
    "id" : "s1-m8",
    "properties" : {
      "SIRE_MENTION_ROLE" : "Customer_Service",
      "SIRE_ENTITY_SUBTYPE" : "NONE",
      "SIRE_MENTION_TYPE" : "NONE",
      "SIRE_MENTION_CLASS" : "SPC"
    },
    "type" : "Customer_Service",
    "begin" : 229,
    "end" : 239,
    "inCoref" : true
  }, {
    "id" : "s1-m9",
    "properties" : {
      "SIRE_MENTION_ROLE" : "Feature",
      "SIRE_ENTITY_SUBTYPE" : "NONE",
      "SIRE_MENTION_TYPE" : "NONE",
      "SIRE_MENTION_CLASS" : "SPC"
    },
    "type" : "Feature",
    "begin" : 266,
    "end" : 271,
    "inCoref" : false
  }, {
    "id" : "s1-m10",
    "properties" : {
      "SIRE_MENTION_ROLE" : "Customer_Service",
      "SIRE_ENTITY_SUBTYPE" : "NONE",
      "SIRE_MENTION_TYPE" : "NONE",
      "SIRE_MENTION_CLASS" : "SPC"
    },
    "type" : "Customer_Service",
    "begin" : 276,
    "end" : 286,
    "inCoref" : true
  }, {
    "id" : "s1-m11",
    "properties" : {
      "SIRE_MENTION_ROLE" : "Customer_Service",
      "SIRE_ENTITY_SUBTYPE" : "NONE",
      "SIRE_MENTION_TYPE" : "NONE",
      "SIRE_MENTION_CLASS" : "SPC"
    },
    "type" : "Customer_Service",
    "begin" : 300,
    "end" : 302,
    "inCoref" : true
  }, {
    "id" : "s1-m13",
    "properties" : {
      "SIRE_MENTION_ROLE" : "Product",
      "SIRE_ENTITY_SUBTYPE" : "NONE",
      "SIRE_MENTION_TYPE" : "NONE",
      "SIRE_MENTION_CLASS" : "SPC"
    },
    "type" : "Product",
    "begin" : 317,
    "end" : 319,
    "inCoref" : true
  }, {
    "id" : "s1-m12",
    "properties" : {
      "SIRE_MENTION_ROLE" : "Product",
      "SIRE_ENTITY_SUBTYPE" : "NONE",
      "SIRE_MENTION_TYPE" : "NONE",
      "SIRE_MENTION_CLASS" : "SPC"
    },
    "type" : "Product",
    "begin" : 351,
    "end" : 353,
    "inCoref" : true
  }, {
    "id" : "s1-m14",
    "properties" : {
      "SIRE_MENTION_ROLE" : "Customer_Service",
      "SIRE_ENTITY_SUBTYPE" : "NONE",
      "SIRE_MENTION_TYPE" : "NONE",
      "SIRE_MENTION_CLASS" : "SPC"
    },
    "type" : "Customer_Service",
    "begin" : 430,
    "end" : 434,
    "inCoref" : false
  }, {
    "id" : "544801637015912__113200145-M2",
    "properties" : {
      "SIRE_MENTION_CLASS" : "SPC",
      "SIRE_ENTITY_CLASS" : "SPC",
      "SIRE_MENTION_ROLE" : "Product",
      "SIRE_MENTION_TYPE" : "NONE",
      "SIRE_ENTITY_LEVEL" : "NONE",
      "SIRE_ENTITY_SUBTYPE" : "NONE"
    },
    "type" : "Product",
    "begin" : 442,
    "end" : 447,
    "inCoref" : false
  }, {
    "id" : "s1-m17",
    "properties" : {
      "SIRE_MENTION_ROLE" : "Descriptor",
      "SIRE_ENTITY_SUBTYPE" : "NONE",
      "SIRE_MENTION_TYPE" : "NONE",
      "SIRE_MENTION_CLASS" : "SPC"
    },
    "type" : "Descriptor",
    "begin" : 501,
    "end" : 515,
    "inCoref" : false
  }, {
    "id" : "s1-m15",
    "properties" : {
      "SIRE_MENTION_ROLE" : "Product",
      "SIRE_ENTITY_SUBTYPE" : "NONE",
      "SIRE_MENTION_TYPE" : "NONE",
      "SIRE_MENTION_CLASS" : "SPC"
    },
    "type" : "Product",
    "begin" : 516,
    "end" : 518,
    "inCoref" : true
  }, {
    "id" : "s1-m16",
    "properties" : {
      "SIRE_MENTION_ROLE" : "Customer_Service",
      "SIRE_ENTITY_SUBTYPE" : "NONE",
      "SIRE_MENTION_TYPE" : "NONE",
      "SIRE_MENTION_CLASS" : "SPC"
    },
    "type" : "Customer_Service",
    "begin" : 523,
    "end" : 539,
    "inCoref" : false
  } ],
  "relations" : [ {
    "id" : "s1-r1",
    "properties" : { },
    "type" : "hasFeature",
    "args" : [ "s1-m13", "s1-m7" ]
  }, {
    "id" : "s1-r2",
    "properties" : { },
    "type" : "hasQuality",
    "args" : [ "s1-m15", "s1-m17" ]
  }, {
    "id" : "s1-r3",
    "properties" : { },
    "type" : "isAPartOf",
    "args" : [ "s1-m5", "s1-m4" ]
  } ],
  "corefs" : [ {
    "id" : "c1",
    "properties" : { },
    "mentions" : [ "s0-m1", "s0-m2", "s1-m13", "s1-m15", "s1-m12" ]
  }, {
    "id" : "c2",
    "properties" : { },
    "mentions" : [ "s1-m8", "s1-m10", "s1-m11", "s1-m5" ]
  } ],
  "typeResolved" : true,
  "userResolved" : true
}