{
  "id" : "350668c0-2b4e-4b77-9dff-9f0ba3af12a4-27",
  "modifiedDate" : 1467991140504,
  "name" : "review69.txt",
  "version" : 2,
  "text" : "Within a day of wearing the Lumo Lift I had people noticing the difference in my posture and others telling me that they feel that they are shrinking!\n\nLumo Lift is terrific and helped me to understand and adjust posture sitting and standing. In the past, knowing when my posture is correct had been hit and miss. Now I have been able to adjust my desk chair and car seat to the right position and being in good (and relaxed!) posture is becoming easier. The discreet and gentle buzz is enough to remind me of when my posture is poor and to make an adjustment.\n\nImportantly, within two weeks I succeeded in being in a good posture for 9 hours out of 12 hours!\nMy Physiotherapist is pleased and looking to encourage others to look at the Lumo Lift as a feedback device.\n\nUsing the Lumo Lift I began to understand ways of standing and sitting in balance with the vertebrae in my spine stacked, and then appreciate how easy it is to breathe from my diaphragm and abdomen. This is relaxing and meditative - and unbelievable easy and attainable when you have the right posture. Note: for me good posture is easy and relaxed and not tight and ram-rod straight - a good lesson to learn.\n\nLumo Lift is easy to use, however, I recommend that you follow advice from a trusted source to understand correct posture and then calibrate - I believe calibration is the key. Talk to a physiotherapist or check with the Mayo Clinic's website (http://www.mayoclinic.org/healthy-living/adult-health/multimedia/back-pain/sls-20076817?s=4) \n",
  "docLength" : 1519,
  "language" : "EN",
  "status" : "SUBMITTED",
  "documentSet" : [ ],
  "sentences" : [ {
    "id" : "s0",
    "begin" : 0,
    "end" : 150,
    "text" : "Within a day of wearing the Lumo Lift I had people noticing the difference in my posture and others telling me that they feel that they are shrinking!",
    "tokens" : [ {
      "id" : "s0-t0",
      "begin" : 0,
      "end" : 6,
      "text" : "Within",
      "whiteSpace" : false
    }, {
      "id" : "s0-t1",
      "begin" : 7,
      "end" : 8,
      "text" : "a",
      "whiteSpace" : false
    }, {
      "id" : "s0-t2",
      "begin" : 9,
      "end" : 12,
      "text" : "day",
      "whiteSpace" : false
    }, {
      "id" : "s0-t3",
      "begin" : 13,
      "end" : 15,
      "text" : "of",
      "whiteSpace" : false
    }, {
      "id" : "s0-t4",
      "begin" : 16,
      "end" : 23,
      "text" : "wearing",
      "whiteSpace" : false
    }, {
      "id" : "s0-t5",
      "begin" : 24,
      "end" : 27,
      "text" : "the",
      "whiteSpace" : false
    }, {
      "id" : "s0-t6",
      "begin" : 28,
      "end" : 32,
      "text" : "Lumo",
      "whiteSpace" : false
    }, {
      "id" : "s0-t7",
      "begin" : 33,
      "end" : 37,
      "text" : "Lift",
      "whiteSpace" : false
    }, {
      "id" : "s0-t8",
      "begin" : 38,
      "end" : 39,
      "text" : "I",
      "whiteSpace" : false
    }, {
      "id" : "s0-t9",
      "begin" : 40,
      "end" : 43,
      "text" : "had",
      "whiteSpace" : false
    }, {
      "id" : "s0-t10",
      "begin" : 44,
      "end" : 50,
      "text" : "people",
      "whiteSpace" : false
    }, {
      "id" : "s0-t11",
      "begin" : 51,
      "end" : 59,
      "text" : "noticing",
      "whiteSpace" : false
    }, {
      "id" : "s0-t12",
      "begin" : 60,
      "end" : 63,
      "text" : "the",
      "whiteSpace" : false
    }, {
      "id" : "s0-t13",
      "begin" : 64,
      "end" : 74,
      "text" : "difference",
      "whiteSpace" : false
    }, {
      "id" : "s0-t14",
      "begin" : 75,
      "end" : 77,
      "text" : "in",
      "whiteSpace" : false
    }, {
      "id" : "s0-t15",
      "begin" : 78,
      "end" : 80,
      "text" : "my",
      "whiteSpace" : false
    }, {
      "id" : "s0-t16",
      "begin" : 81,
      "end" : 88,
      "text" : "posture",
      "whiteSpace" : false
    }, {
      "id" : "s0-t17",
      "begin" : 89,
      "end" : 92,
      "text" : "and",
      "whiteSpace" : false
    }, {
      "id" : "s0-t18",
      "begin" : 93,
      "end" : 99,
      "text" : "others",
      "whiteSpace" : false
    }, {
      "id" : "s0-t19",
      "begin" : 100,
      "end" : 107,
      "text" : "telling",
      "whiteSpace" : false
    }, {
      "id" : "s0-t20",
      "begin" : 108,
      "end" : 110,
      "text" : "me",
      "whiteSpace" : false
    }, {
      "id" : "s0-t21",
      "begin" : 111,
      "end" : 115,
      "text" : "that",
      "whiteSpace" : false
    }, {
      "id" : "s0-t22",
      "begin" : 116,
      "end" : 120,
      "text" : "they",
      "whiteSpace" : false
    }, {
      "id" : "s0-t23",
      "begin" : 121,
      "end" : 125,
      "text" : "feel",
      "whiteSpace" : false
    }, {
      "id" : "s0-t24",
      "begin" : 126,
      "end" : 130,
      "text" : "that",
      "whiteSpace" : false
    }, {
      "id" : "s0-t25",
      "begin" : 131,
      "end" : 135,
      "text" : "they",
      "whiteSpace" : false
    }, {
      "id" : "s0-t26",
      "begin" : 136,
      "end" : 139,
      "text" : "are",
      "whiteSpace" : false
    }, {
      "id" : "s0-t27",
      "begin" : 140,
      "end" : 149,
      "text" : "shrinking",
      "whiteSpace" : false
    }, {
      "id" : "s0-t28",
      "begin" : 149,
      "end" : 150,
      "text" : "!",
      "whiteSpace" : false
    } ]
  }, {
    "id" : "s1",
    "begin" : 152,
    "end" : 242,
    "text" : "Lumo Lift is terrific and helped me to understand and adjust posture sitting and standing.",
    "tokens" : [ {
      "id" : "s1-t0",
      "begin" : 152,
      "end" : 156,
      "text" : "Lumo",
      "whiteSpace" : false
    }, {
      "id" : "s1-t1",
      "begin" : 157,
      "end" : 161,
      "text" : "Lift",
      "whiteSpace" : false
    }, {
      "id" : "s1-t2",
      "begin" : 162,
      "end" : 164,
      "text" : "is",
      "whiteSpace" : false
    }, {
      "id" : "s1-t3",
      "begin" : 165,
      "end" : 173,
      "text" : "terrific",
      "whiteSpace" : false
    }, {
      "id" : "s1-t4",
      "begin" : 174,
      "end" : 177,
      "text" : "and",
      "whiteSpace" : false
    }, {
      "id" : "s1-t5",
      "begin" : 178,
      "end" : 184,
      "text" : "helped",
      "whiteSpace" : false
    }, {
      "id" : "s1-t6",
      "begin" : 185,
      "end" : 187,
      "text" : "me",
      "whiteSpace" : false
    }, {
      "id" : "s1-t7",
      "begin" : 188,
      "end" : 190,
      "text" : "to",
      "whiteSpace" : false
    }, {
      "id" : "s1-t8",
      "begin" : 191,
      "end" : 201,
      "text" : "understand",
      "whiteSpace" : false
    }, {
      "id" : "s1-t9",
      "begin" : 202,
      "end" : 205,
      "text" : "and",
      "whiteSpace" : false
    }, {
      "id" : "s1-t10",
      "begin" : 206,
      "end" : 212,
      "text" : "adjust",
      "whiteSpace" : false
    }, {
      "id" : "s1-t11",
      "begin" : 213,
      "end" : 220,
      "text" : "posture",
      "whiteSpace" : false
    }, {
      "id" : "s1-t12",
      "begin" : 221,
      "end" : 228,
      "text" : "sitting",
      "whiteSpace" : false
    }, {
      "id" : "s1-t13",
      "begin" : 229,
      "end" : 232,
      "text" : "and",
      "whiteSpace" : false
    }, {
      "id" : "s1-t14",
      "begin" : 233,
      "end" : 241,
      "text" : "standing",
      "whiteSpace" : false
    }, {
      "id" : "s1-t15",
      "begin" : 241,
      "end" : 242,
      "text" : ".",
      "whiteSpace" : false
    } ]
  }, {
    "id" : "s2",
    "begin" : 243,
    "end" : 313,
    "text" : "In the past, knowing when my posture is correct had been hit and miss.",
    "tokens" : [ {
      "id" : "s2-t0",
      "begin" : 243,
      "end" : 245,
      "text" : "In",
      "whiteSpace" : false
    }, {
      "id" : "s2-t1",
      "begin" : 246,
      "end" : 249,
      "text" : "the",
      "whiteSpace" : false
    }, {
      "id" : "s2-t2",
      "begin" : 250,
      "end" : 254,
      "text" : "past",
      "whiteSpace" : false
    }, {
      "id" : "s2-t3",
      "begin" : 254,
      "end" : 255,
      "text" : ",",
      "whiteSpace" : false
    }, {
      "id" : "s2-t4",
      "begin" : 256,
      "end" : 263,
      "text" : "knowing",
      "whiteSpace" : false
    }, {
      "id" : "s2-t5",
      "begin" : 264,
      "end" : 268,
      "text" : "when",
      "whiteSpace" : false
    }, {
      "id" : "s2-t6",
      "begin" : 269,
      "end" : 271,
      "text" : "my",
      "whiteSpace" : false
    }, {
      "id" : "s2-t7",
      "begin" : 272,
      "end" : 279,
      "text" : "posture",
      "whiteSpace" : false
    }, {
      "id" : "s2-t8",
      "begin" : 280,
      "end" : 282,
      "text" : "is",
      "whiteSpace" : false
    }, {
      "id" : "s2-t9",
      "begin" : 283,
      "end" : 290,
      "text" : "correct",
      "whiteSpace" : false
    }, {
      "id" : "s2-t10",
      "begin" : 291,
      "end" : 294,
      "text" : "had",
      "whiteSpace" : false
    }, {
      "id" : "s2-t11",
      "begin" : 295,
      "end" : 299,
      "text" : "been",
      "whiteSpace" : false
    }, {
      "id" : "s2-t12",
      "begin" : 300,
      "end" : 303,
      "text" : "hit",
      "whiteSpace" : false
    }, {
      "id" : "s2-t13",
      "begin" : 304,
      "end" : 307,
      "text" : "and",
      "whiteSpace" : false
    }, {
      "id" : "s2-t14",
      "begin" : 308,
      "end" : 312,
      "text" : "miss",
      "whiteSpace" : false
    }, {
      "id" : "s2-t15",
      "begin" : 312,
      "end" : 313,
      "text" : ".",
      "whiteSpace" : false
    } ]
  }, {
    "id" : "s3",
    "begin" : 314,
    "end" : 425,
    "text" : "Now I have been able to adjust my desk chair and car seat to the right position and being in good (and relaxed!",
    "tokens" : [ {
      "id" : "s3-t0",
      "begin" : 314,
      "end" : 317,
      "text" : "Now",
      "whiteSpace" : false
    }, {
      "id" : "s3-t1",
      "begin" : 318,
      "end" : 319,
      "text" : "I",
      "whiteSpace" : false
    }, {
      "id" : "s3-t2",
      "begin" : 320,
      "end" : 324,
      "text" : "have",
      "whiteSpace" : false
    }, {
      "id" : "s3-t3",
      "begin" : 325,
      "end" : 329,
      "text" : "been",
      "whiteSpace" : false
    }, {
      "id" : "s3-t4",
      "begin" : 330,
      "end" : 334,
      "text" : "able",
      "whiteSpace" : false
    }, {
      "id" : "s3-t5",
      "begin" : 335,
      "end" : 337,
      "text" : "to",
      "whiteSpace" : false
    }, {
      "id" : "s3-t6",
      "begin" : 338,
      "end" : 344,
      "text" : "adjust",
      "whiteSpace" : false
    }, {
      "id" : "s3-t7",
      "begin" : 345,
      "end" : 347,
      "text" : "my",
      "whiteSpace" : false
    }, {
      "id" : "s3-t8",
      "begin" : 348,
      "end" : 352,
      "text" : "desk",
      "whiteSpace" : false
    }, {
      "id" : "s3-t9",
      "begin" : 353,
      "end" : 358,
      "text" : "chair",
      "whiteSpace" : false
    }, {
      "id" : "s3-t10",
      "begin" : 359,
      "end" : 362,
      "text" : "and",
      "whiteSpace" : false
    }, {
      "id" : "s3-t11",
      "begin" : 363,
      "end" : 366,
      "text" : "car",
      "whiteSpace" : false
    }, {
      "id" : "s3-t12",
      "begin" : 367,
      "end" : 371,
      "text" : "seat",
      "whiteSpace" : false
    }, {
      "id" : "s3-t13",
      "begin" : 372,
      "end" : 374,
      "text" : "to",
      "whiteSpace" : false
    }, {
      "id" : "s3-t14",
      "begin" : 375,
      "end" : 378,
      "text" : "the",
      "whiteSpace" : false
    }, {
      "id" : "s3-t15",
      "begin" : 379,
      "end" : 384,
      "text" : "right",
      "whiteSpace" : false
    }, {
      "id" : "s3-t16",
      "begin" : 385,
      "end" : 393,
      "text" : "position",
      "whiteSpace" : false
    }, {
      "id" : "s3-t17",
      "begin" : 394,
      "end" : 397,
      "text" : "and",
      "whiteSpace" : false
    }, {
      "id" : "s3-t18",
      "begin" : 398,
      "end" : 403,
      "text" : "being",
      "whiteSpace" : false
    }, {
      "id" : "s3-t19",
      "begin" : 404,
      "end" : 406,
      "text" : "in",
      "whiteSpace" : false
    }, {
      "id" : "s3-t20",
      "begin" : 407,
      "end" : 411,
      "text" : "good",
      "whiteSpace" : false
    }, {
      "id" : "s3-t21",
      "begin" : 412,
      "end" : 413,
      "text" : "(",
      "whiteSpace" : false
    }, {
      "id" : "s3-t22",
      "begin" : 413,
      "end" : 416,
      "text" : "and",
      "whiteSpace" : false
    }, {
      "id" : "s3-t23",
      "begin" : 417,
      "end" : 424,
      "text" : "relaxed",
      "whiteSpace" : false
    }, {
      "id" : "s3-t24",
      "begin" : 424,
      "end" : 425,
      "text" : "!",
      "whiteSpace" : false
    } ]
  }, {
    "id" : "s4",
    "begin" : 425,
    "end" : 454,
    "text" : ") posture is becoming easier.",
    "tokens" : [ {
      "id" : "s4-t0",
      "begin" : 425,
      "end" : 426,
      "text" : ")",
      "whiteSpace" : false
    }, {
      "id" : "s4-t1",
      "begin" : 427,
      "end" : 434,
      "text" : "posture",
      "whiteSpace" : false
    }, {
      "id" : "s4-t2",
      "begin" : 435,
      "end" : 437,
      "text" : "is",
      "whiteSpace" : false
    }, {
      "id" : "s4-t3",
      "begin" : 438,
      "end" : 446,
      "text" : "becoming",
      "whiteSpace" : false
    }, {
      "id" : "s4-t4",
      "begin" : 447,
      "end" : 453,
      "text" : "easier",
      "whiteSpace" : false
    }, {
      "id" : "s4-t5",
      "begin" : 453,
      "end" : 454,
      "text" : ".",
      "whiteSpace" : false
    } ]
  }, {
    "id" : "s5",
    "begin" : 455,
    "end" : 560,
    "text" : "The discreet and gentle buzz is enough to remind me of when my posture is poor and to make an adjustment.",
    "tokens" : [ {
      "id" : "s5-t0",
      "begin" : 455,
      "end" : 458,
      "text" : "The",
      "whiteSpace" : false
    }, {
      "id" : "s5-t1",
      "begin" : 459,
      "end" : 467,
      "text" : "discreet",
      "whiteSpace" : false
    }, {
      "id" : "s5-t2",
      "begin" : 468,
      "end" : 471,
      "text" : "and",
      "whiteSpace" : false
    }, {
      "id" : "s5-t3",
      "begin" : 472,
      "end" : 478,
      "text" : "gentle",
      "whiteSpace" : false
    }, {
      "id" : "s5-t4",
      "begin" : 479,
      "end" : 483,
      "text" : "buzz",
      "whiteSpace" : false
    }, {
      "id" : "s5-t5",
      "begin" : 484,
      "end" : 486,
      "text" : "is",
      "whiteSpace" : false
    }, {
      "id" : "s5-t6",
      "begin" : 487,
      "end" : 493,
      "text" : "enough",
      "whiteSpace" : false
    }, {
      "id" : "s5-t7",
      "begin" : 494,
      "end" : 496,
      "text" : "to",
      "whiteSpace" : false
    }, {
      "id" : "s5-t8",
      "begin" : 497,
      "end" : 503,
      "text" : "remind",
      "whiteSpace" : false
    }, {
      "id" : "s5-t9",
      "begin" : 504,
      "end" : 506,
      "text" : "me",
      "whiteSpace" : false
    }, {
      "id" : "s5-t10",
      "begin" : 507,
      "end" : 509,
      "text" : "of",
      "whiteSpace" : false
    }, {
      "id" : "s5-t11",
      "begin" : 510,
      "end" : 514,
      "text" : "when",
      "whiteSpace" : false
    }, {
      "id" : "s5-t12",
      "begin" : 515,
      "end" : 517,
      "text" : "my",
      "whiteSpace" : false
    }, {
      "id" : "s5-t13",
      "begin" : 518,
      "end" : 525,
      "text" : "posture",
      "whiteSpace" : false
    }, {
      "id" : "s5-t14",
      "begin" : 526,
      "end" : 528,
      "text" : "is",
      "whiteSpace" : false
    }, {
      "id" : "s5-t15",
      "begin" : 529,
      "end" : 533,
      "text" : "poor",
      "whiteSpace" : false
    }, {
      "id" : "s5-t16",
      "begin" : 534,
      "end" : 537,
      "text" : "and",
      "whiteSpace" : false
    }, {
      "id" : "s5-t17",
      "begin" : 538,
      "end" : 540,
      "text" : "to",
      "whiteSpace" : false
    }, {
      "id" : "s5-t18",
      "begin" : 541,
      "end" : 545,
      "text" : "make",
      "whiteSpace" : false
    }, {
      "id" : "s5-t19",
      "begin" : 546,
      "end" : 548,
      "text" : "an",
      "whiteSpace" : false
    }, {
      "id" : "s5-t20",
      "begin" : 549,
      "end" : 559,
      "text" : "adjustment",
      "whiteSpace" : false
    }, {
      "id" : "s5-t21",
      "begin" : 559,
      "end" : 560,
      "text" : ".",
      "whiteSpace" : false
    } ]
  }, {
    "id" : "s6",
    "begin" : 562,
    "end" : 659,
    "text" : "Importantly, within two weeks I succeeded in being in a good posture for 9 hours out of 12 hours!",
    "tokens" : [ {
      "id" : "s6-t0",
      "begin" : 562,
      "end" : 573,
      "text" : "Importantly",
      "whiteSpace" : false
    }, {
      "id" : "s6-t1",
      "begin" : 573,
      "end" : 574,
      "text" : ",",
      "whiteSpace" : false
    }, {
      "id" : "s6-t2",
      "begin" : 575,
      "end" : 581,
      "text" : "within",
      "whiteSpace" : false
    }, {
      "id" : "s6-t3",
      "begin" : 582,
      "end" : 585,
      "text" : "two",
      "whiteSpace" : false
    }, {
      "id" : "s6-t4",
      "begin" : 586,
      "end" : 591,
      "text" : "weeks",
      "whiteSpace" : false
    }, {
      "id" : "s6-t5",
      "begin" : 592,
      "end" : 593,
      "text" : "I",
      "whiteSpace" : false
    }, {
      "id" : "s6-t6",
      "begin" : 594,
      "end" : 603,
      "text" : "succeeded",
      "whiteSpace" : false
    }, {
      "id" : "s6-t7",
      "begin" : 604,
      "end" : 606,
      "text" : "in",
      "whiteSpace" : false
    }, {
      "id" : "s6-t8",
      "begin" : 607,
      "end" : 612,
      "text" : "being",
      "whiteSpace" : false
    }, {
      "id" : "s6-t9",
      "begin" : 613,
      "end" : 615,
      "text" : "in",
      "whiteSpace" : false
    }, {
      "id" : "s6-t10",
      "begin" : 616,
      "end" : 617,
      "text" : "a",
      "whiteSpace" : false
    }, {
      "id" : "s6-t11",
      "begin" : 618,
      "end" : 622,
      "text" : "good",
      "whiteSpace" : false
    }, {
      "id" : "s6-t12",
      "begin" : 623,
      "end" : 630,
      "text" : "posture",
      "whiteSpace" : false
    }, {
      "id" : "s6-t13",
      "begin" : 631,
      "end" : 634,
      "text" : "for",
      "whiteSpace" : false
    }, {
      "id" : "s6-t14",
      "begin" : 635,
      "end" : 636,
      "text" : "9",
      "whiteSpace" : false
    }, {
      "id" : "s6-t15",
      "begin" : 637,
      "end" : 642,
      "text" : "hours",
      "whiteSpace" : false
    }, {
      "id" : "s6-t16",
      "begin" : 643,
      "end" : 646,
      "text" : "out",
      "whiteSpace" : false
    }, {
      "id" : "s6-t17",
      "begin" : 647,
      "end" : 649,
      "text" : "of",
      "whiteSpace" : false
    }, {
      "id" : "s6-t18",
      "begin" : 650,
      "end" : 652,
      "text" : "12",
      "whiteSpace" : false
    }, {
      "id" : "s6-t19",
      "begin" : 653,
      "end" : 658,
      "text" : "hours",
      "whiteSpace" : false
    }, {
      "id" : "s6-t20",
      "begin" : 658,
      "end" : 659,
      "text" : "!",
      "whiteSpace" : false
    } ]
  }, {
    "id" : "s7",
    "begin" : 660,
    "end" : 768,
    "text" : "My Physiotherapist is pleased and looking to encourage others to look at the Lumo Lift as a feedback device.",
    "tokens" : [ {
      "id" : "s7-t0",
      "begin" : 660,
      "end" : 662,
      "text" : "My",
      "whiteSpace" : false
    }, {
      "id" : "s7-t1",
      "begin" : 663,
      "end" : 678,
      "text" : "Physiotherapist",
      "whiteSpace" : false
    }, {
      "id" : "s7-t2",
      "begin" : 679,
      "end" : 681,
      "text" : "is",
      "whiteSpace" : false
    }, {
      "id" : "s7-t3",
      "begin" : 682,
      "end" : 689,
      "text" : "pleased",
      "whiteSpace" : false
    }, {
      "id" : "s7-t4",
      "begin" : 690,
      "end" : 693,
      "text" : "and",
      "whiteSpace" : false
    }, {
      "id" : "s7-t5",
      "begin" : 694,
      "end" : 701,
      "text" : "looking",
      "whiteSpace" : false
    }, {
      "id" : "s7-t6",
      "begin" : 702,
      "end" : 704,
      "text" : "to",
      "whiteSpace" : false
    }, {
      "id" : "s7-t7",
      "begin" : 705,
      "end" : 714,
      "text" : "encourage",
      "whiteSpace" : false
    }, {
      "id" : "s7-t8",
      "begin" : 715,
      "end" : 721,
      "text" : "others",
      "whiteSpace" : false
    }, {
      "id" : "s7-t9",
      "begin" : 722,
      "end" : 724,
      "text" : "to",
      "whiteSpace" : false
    }, {
      "id" : "s7-t10",
      "begin" : 725,
      "end" : 729,
      "text" : "look",
      "whiteSpace" : false
    }, {
      "id" : "s7-t11",
      "begin" : 730,
      "end" : 732,
      "text" : "at",
      "whiteSpace" : false
    }, {
      "id" : "s7-t12",
      "begin" : 733,
      "end" : 736,
      "text" : "the",
      "whiteSpace" : false
    }, {
      "id" : "s7-t13",
      "begin" : 737,
      "end" : 741,
      "text" : "Lumo",
      "whiteSpace" : false
    }, {
      "id" : "s7-t14",
      "begin" : 742,
      "end" : 746,
      "text" : "Lift",
      "whiteSpace" : false
    }, {
      "id" : "s7-t15",
      "begin" : 747,
      "end" : 749,
      "text" : "as",
      "whiteSpace" : false
    }, {
      "id" : "s7-t16",
      "begin" : 750,
      "end" : 751,
      "text" : "a",
      "whiteSpace" : false
    }, {
      "id" : "s7-t17",
      "begin" : 752,
      "end" : 760,
      "text" : "feedback",
      "whiteSpace" : false
    }, {
      "id" : "s7-t18",
      "begin" : 761,
      "end" : 767,
      "text" : "device",
      "whiteSpace" : false
    }, {
      "id" : "s7-t19",
      "begin" : 767,
      "end" : 768,
      "text" : ".",
      "whiteSpace" : false
    } ]
  }, {
    "id" : "s8",
    "begin" : 770,
    "end" : 968,
    "text" : "Using the Lumo Lift I began to understand ways of standing and sitting in balance with the vertebrae in my spine stacked, and then appreciate how easy it is to breathe from my diaphragm and abdomen.",
    "tokens" : [ {
      "id" : "s8-t0",
      "begin" : 770,
      "end" : 775,
      "text" : "Using",
      "whiteSpace" : false
    }, {
      "id" : "s8-t1",
      "begin" : 776,
      "end" : 779,
      "text" : "the",
      "whiteSpace" : false
    }, {
      "id" : "s8-t2",
      "begin" : 780,
      "end" : 784,
      "text" : "Lumo",
      "whiteSpace" : false
    }, {
      "id" : "s8-t3",
      "begin" : 785,
      "end" : 789,
      "text" : "Lift",
      "whiteSpace" : false
    }, {
      "id" : "s8-t4",
      "begin" : 790,
      "end" : 791,
      "text" : "I",
      "whiteSpace" : false
    }, {
      "id" : "s8-t5",
      "begin" : 792,
      "end" : 797,
      "text" : "began",
      "whiteSpace" : false
    }, {
      "id" : "s8-t6",
      "begin" : 798,
      "end" : 800,
      "text" : "to",
      "whiteSpace" : false
    }, {
      "id" : "s8-t7",
      "begin" : 801,
      "end" : 811,
      "text" : "understand",
      "whiteSpace" : false
    }, {
      "id" : "s8-t8",
      "begin" : 812,
      "end" : 816,
      "text" : "ways",
      "whiteSpace" : false
    }, {
      "id" : "s8-t9",
      "begin" : 817,
      "end" : 819,
      "text" : "of",
      "whiteSpace" : false
    }, {
      "id" : "s8-t10",
      "begin" : 820,
      "end" : 828,
      "text" : "standing",
      "whiteSpace" : false
    }, {
      "id" : "s8-t11",
      "begin" : 829,
      "end" : 832,
      "text" : "and",
      "whiteSpace" : false
    }, {
      "id" : "s8-t12",
      "begin" : 833,
      "end" : 840,
      "text" : "sitting",
      "whiteSpace" : false
    }, {
      "id" : "s8-t13",
      "begin" : 841,
      "end" : 843,
      "text" : "in",
      "whiteSpace" : false
    }, {
      "id" : "s8-t14",
      "begin" : 844,
      "end" : 851,
      "text" : "balance",
      "whiteSpace" : false
    }, {
      "id" : "s8-t15",
      "begin" : 852,
      "end" : 856,
      "text" : "with",
      "whiteSpace" : false
    }, {
      "id" : "s8-t16",
      "begin" : 857,
      "end" : 860,
      "text" : "the",
      "whiteSpace" : false
    }, {
      "id" : "s8-t17",
      "begin" : 861,
      "end" : 870,
      "text" : "vertebrae",
      "whiteSpace" : false
    }, {
      "id" : "s8-t18",
      "begin" : 871,
      "end" : 873,
      "text" : "in",
      "whiteSpace" : false
    }, {
      "id" : "s8-t19",
      "begin" : 874,
      "end" : 876,
      "text" : "my",
      "whiteSpace" : false
    }, {
      "id" : "s8-t20",
      "begin" : 877,
      "end" : 882,
      "text" : "spine",
      "whiteSpace" : false
    }, {
      "id" : "s8-t21",
      "begin" : 883,
      "end" : 890,
      "text" : "stacked",
      "whiteSpace" : false
    }, {
      "id" : "s8-t22",
      "begin" : 890,
      "end" : 891,
      "text" : ",",
      "whiteSpace" : false
    }, {
      "id" : "s8-t23",
      "begin" : 892,
      "end" : 895,
      "text" : "and",
      "whiteSpace" : false
    }, {
      "id" : "s8-t24",
      "begin" : 896,
      "end" : 900,
      "text" : "then",
      "whiteSpace" : false
    }, {
      "id" : "s8-t25",
      "begin" : 901,
      "end" : 911,
      "text" : "appreciate",
      "whiteSpace" : false
    }, {
      "id" : "s8-t26",
      "begin" : 912,
      "end" : 915,
      "text" : "how",
      "whiteSpace" : false
    }, {
      "id" : "s8-t27",
      "begin" : 916,
      "end" : 920,
      "text" : "easy",
      "whiteSpace" : false
    }, {
      "id" : "s8-t28",
      "begin" : 921,
      "end" : 923,
      "text" : "it",
      "whiteSpace" : false
    }, {
      "id" : "s8-t29",
      "begin" : 924,
      "end" : 926,
      "text" : "is",
      "whiteSpace" : false
    }, {
      "id" : "s8-t30",
      "begin" : 927,
      "end" : 929,
      "text" : "to",
      "whiteSpace" : false
    }, {
      "id" : "s8-t31",
      "begin" : 930,
      "end" : 937,
      "text" : "breathe",
      "whiteSpace" : false
    }, {
      "id" : "s8-t32",
      "begin" : 938,
      "end" : 942,
      "text" : "from",
      "whiteSpace" : false
    }, {
      "id" : "s8-t33",
      "begin" : 943,
      "end" : 945,
      "text" : "my",
      "whiteSpace" : false
    }, {
      "id" : "s8-t34",
      "begin" : 946,
      "end" : 955,
      "text" : "diaphragm",
      "whiteSpace" : false
    }, {
      "id" : "s8-t35",
      "begin" : 956,
      "end" : 959,
      "text" : "and",
      "whiteSpace" : false
    }, {
      "id" : "s8-t36",
      "begin" : 960,
      "end" : 967,
      "text" : "abdomen",
      "whiteSpace" : false
    }, {
      "id" : "s8-t37",
      "begin" : 967,
      "end" : 968,
      "text" : ".",
      "whiteSpace" : false
    } ]
  }, {
    "id" : "s9",
    "begin" : 969,
    "end" : 1072,
    "text" : "This is relaxing and meditative - and unbelievable easy and attainable when you have the right posture.",
    "tokens" : [ {
      "id" : "s9-t0",
      "begin" : 969,
      "end" : 973,
      "text" : "This",
      "whiteSpace" : false
    }, {
      "id" : "s9-t1",
      "begin" : 974,
      "end" : 976,
      "text" : "is",
      "whiteSpace" : false
    }, {
      "id" : "s9-t2",
      "begin" : 977,
      "end" : 985,
      "text" : "relaxing",
      "whiteSpace" : false
    }, {
      "id" : "s9-t3",
      "begin" : 986,
      "end" : 989,
      "text" : "and",
      "whiteSpace" : false
    }, {
      "id" : "s9-t4",
      "begin" : 990,
      "end" : 1000,
      "text" : "meditative",
      "whiteSpace" : false
    }, {
      "id" : "s9-t5",
      "begin" : 1001,
      "end" : 1002,
      "text" : "-",
      "whiteSpace" : false
    }, {
      "id" : "s9-t6",
      "begin" : 1003,
      "end" : 1006,
      "text" : "and",
      "whiteSpace" : false
    }, {
      "id" : "s9-t7",
      "begin" : 1007,
      "end" : 1019,
      "text" : "unbelievable",
      "whiteSpace" : false
    }, {
      "id" : "s9-t8",
      "begin" : 1020,
      "end" : 1024,
      "text" : "easy",
      "whiteSpace" : false
    }, {
      "id" : "s9-t9",
      "begin" : 1025,
      "end" : 1028,
      "text" : "and",
      "whiteSpace" : false
    }, {
      "id" : "s9-t10",
      "begin" : 1029,
      "end" : 1039,
      "text" : "attainable",
      "whiteSpace" : false
    }, {
      "id" : "s9-t11",
      "begin" : 1040,
      "end" : 1044,
      "text" : "when",
      "whiteSpace" : false
    }, {
      "id" : "s9-t12",
      "begin" : 1045,
      "end" : 1048,
      "text" : "you",
      "whiteSpace" : false
    }, {
      "id" : "s9-t13",
      "begin" : 1049,
      "end" : 1053,
      "text" : "have",
      "whiteSpace" : false
    }, {
      "id" : "s9-t14",
      "begin" : 1054,
      "end" : 1057,
      "text" : "the",
      "whiteSpace" : false
    }, {
      "id" : "s9-t15",
      "begin" : 1058,
      "end" : 1063,
      "text" : "right",
      "whiteSpace" : false
    }, {
      "id" : "s9-t16",
      "begin" : 1064,
      "end" : 1071,
      "text" : "posture",
      "whiteSpace" : false
    }, {
      "id" : "s9-t17",
      "begin" : 1071,
      "end" : 1072,
      "text" : ".",
      "whiteSpace" : false
    } ]
  }, {
    "id" : "s10",
    "begin" : 1073,
    "end" : 1179,
    "text" : "Note: for me good posture is easy and relaxed and not tight and ram-rod straight - a good lesson to learn.",
    "tokens" : [ {
      "id" : "s10-t0",
      "begin" : 1073,
      "end" : 1077,
      "text" : "Note",
      "whiteSpace" : false
    }, {
      "id" : "s10-t1",
      "begin" : 1077,
      "end" : 1078,
      "text" : ":",
      "whiteSpace" : false
    }, {
      "id" : "s10-t2",
      "begin" : 1079,
      "end" : 1082,
      "text" : "for",
      "whiteSpace" : false
    }, {
      "id" : "s10-t3",
      "begin" : 1083,
      "end" : 1085,
      "text" : "me",
      "whiteSpace" : false
    }, {
      "id" : "s10-t4",
      "begin" : 1086,
      "end" : 1090,
      "text" : "good",
      "whiteSpace" : false
    }, {
      "id" : "s10-t5",
      "begin" : 1091,
      "end" : 1098,
      "text" : "posture",
      "whiteSpace" : false
    }, {
      "id" : "s10-t6",
      "begin" : 1099,
      "end" : 1101,
      "text" : "is",
      "whiteSpace" : false
    }, {
      "id" : "s10-t7",
      "begin" : 1102,
      "end" : 1106,
      "text" : "easy",
      "whiteSpace" : false
    }, {
      "id" : "s10-t8",
      "begin" : 1107,
      "end" : 1110,
      "text" : "and",
      "whiteSpace" : false
    }, {
      "id" : "s10-t9",
      "begin" : 1111,
      "end" : 1118,
      "text" : "relaxed",
      "whiteSpace" : false
    }, {
      "id" : "s10-t10",
      "begin" : 1119,
      "end" : 1122,
      "text" : "and",
      "whiteSpace" : false
    }, {
      "id" : "s10-t11",
      "begin" : 1123,
      "end" : 1126,
      "text" : "not",
      "whiteSpace" : false
    }, {
      "id" : "s10-t12",
      "begin" : 1127,
      "end" : 1132,
      "text" : "tight",
      "whiteSpace" : false
    }, {
      "id" : "s10-t13",
      "begin" : 1133,
      "end" : 1136,
      "text" : "and",
      "whiteSpace" : false
    }, {
      "id" : "s10-t14",
      "begin" : 1137,
      "end" : 1140,
      "text" : "ram",
      "whiteSpace" : false
    }, {
      "id" : "s10-t15",
      "begin" : 1140,
      "end" : 1141,
      "text" : "-",
      "whiteSpace" : false
    }, {
      "id" : "s10-t16",
      "begin" : 1141,
      "end" : 1144,
      "text" : "rod",
      "whiteSpace" : false
    }, {
      "id" : "s10-t17",
      "begin" : 1145,
      "end" : 1153,
      "text" : "straight",
      "whiteSpace" : false
    }, {
      "id" : "s10-t18",
      "begin" : 1154,
      "end" : 1155,
      "text" : "-",
      "whiteSpace" : false
    }, {
      "id" : "s10-t19",
      "begin" : 1156,
      "end" : 1157,
      "text" : "a",
      "whiteSpace" : false
    }, {
      "id" : "s10-t20",
      "begin" : 1158,
      "end" : 1162,
      "text" : "good",
      "whiteSpace" : false
    }, {
      "id" : "s10-t21",
      "begin" : 1163,
      "end" : 1169,
      "text" : "lesson",
      "whiteSpace" : false
    }, {
      "id" : "s10-t22",
      "begin" : 1170,
      "end" : 1172,
      "text" : "to",
      "whiteSpace" : false
    }, {
      "id" : "s10-t23",
      "begin" : 1173,
      "end" : 1178,
      "text" : "learn",
      "whiteSpace" : false
    }, {
      "id" : "s10-t24",
      "begin" : 1178,
      "end" : 1179,
      "text" : ".",
      "whiteSpace" : false
    } ]
  }, {
    "id" : "s11",
    "begin" : 1181,
    "end" : 1357,
    "text" : "Lumo Lift is easy to use, however, I recommend that you follow advice from a trusted source to understand correct posture and then calibrate - I believe calibration is the key.",
    "tokens" : [ {
      "id" : "s11-t0",
      "begin" : 1181,
      "end" : 1185,
      "text" : "Lumo",
      "whiteSpace" : false
    }, {
      "id" : "s11-t1",
      "begin" : 1186,
      "end" : 1190,
      "text" : "Lift",
      "whiteSpace" : false
    }, {
      "id" : "s11-t2",
      "begin" : 1191,
      "end" : 1193,
      "text" : "is",
      "whiteSpace" : false
    }, {
      "id" : "s11-t3",
      "begin" : 1194,
      "end" : 1198,
      "text" : "easy",
      "whiteSpace" : false
    }, {
      "id" : "s11-t4",
      "begin" : 1199,
      "end" : 1201,
      "text" : "to",
      "whiteSpace" : false
    }, {
      "id" : "s11-t5",
      "begin" : 1202,
      "end" : 1205,
      "text" : "use",
      "whiteSpace" : false
    }, {
      "id" : "s11-t6",
      "begin" : 1205,
      "end" : 1206,
      "text" : ",",
      "whiteSpace" : false
    }, {
      "id" : "s11-t7",
      "begin" : 1207,
      "end" : 1214,
      "text" : "however",
      "whiteSpace" : false
    }, {
      "id" : "s11-t8",
      "begin" : 1214,
      "end" : 1215,
      "text" : ",",
      "whiteSpace" : false
    }, {
      "id" : "s11-t9",
      "begin" : 1216,
      "end" : 1217,
      "text" : "I",
      "whiteSpace" : false
    }, {
      "id" : "s11-t10",
      "begin" : 1218,
      "end" : 1227,
      "text" : "recommend",
      "whiteSpace" : false
    }, {
      "id" : "s11-t11",
      "begin" : 1228,
      "end" : 1232,
      "text" : "that",
      "whiteSpace" : false
    }, {
      "id" : "s11-t12",
      "begin" : 1233,
      "end" : 1236,
      "text" : "you",
      "whiteSpace" : false
    }, {
      "id" : "s11-t13",
      "begin" : 1237,
      "end" : 1243,
      "text" : "follow",
      "whiteSpace" : false
    }, {
      "id" : "s11-t14",
      "begin" : 1244,
      "end" : 1250,
      "text" : "advice",
      "whiteSpace" : false
    }, {
      "id" : "s11-t15",
      "begin" : 1251,
      "end" : 1255,
      "text" : "from",
      "whiteSpace" : false
    }, {
      "id" : "s11-t16",
      "begin" : 1256,
      "end" : 1257,
      "text" : "a",
      "whiteSpace" : false
    }, {
      "id" : "s11-t17",
      "begin" : 1258,
      "end" : 1265,
      "text" : "trusted",
      "whiteSpace" : false
    }, {
      "id" : "s11-t18",
      "begin" : 1266,
      "end" : 1272,
      "text" : "source",
      "whiteSpace" : false
    }, {
      "id" : "s11-t19",
      "begin" : 1273,
      "end" : 1275,
      "text" : "to",
      "whiteSpace" : false
    }, {
      "id" : "s11-t20",
      "begin" : 1276,
      "end" : 1286,
      "text" : "understand",
      "whiteSpace" : false
    }, {
      "id" : "s11-t21",
      "begin" : 1287,
      "end" : 1294,
      "text" : "correct",
      "whiteSpace" : false
    }, {
      "id" : "s11-t22",
      "begin" : 1295,
      "end" : 1302,
      "text" : "posture",
      "whiteSpace" : false
    }, {
      "id" : "s11-t23",
      "begin" : 1303,
      "end" : 1306,
      "text" : "and",
      "whiteSpace" : false
    }, {
      "id" : "s11-t24",
      "begin" : 1307,
      "end" : 1311,
      "text" : "then",
      "whiteSpace" : false
    }, {
      "id" : "s11-t25",
      "begin" : 1312,
      "end" : 1321,
      "text" : "calibrate",
      "whiteSpace" : false
    }, {
      "id" : "s11-t26",
      "begin" : 1322,
      "end" : 1323,
      "text" : "-",
      "whiteSpace" : false
    }, {
      "id" : "s11-t27",
      "begin" : 1324,
      "end" : 1325,
      "text" : "I",
      "whiteSpace" : false
    }, {
      "id" : "s11-t28",
      "begin" : 1326,
      "end" : 1333,
      "text" : "believe",
      "whiteSpace" : false
    }, {
      "id" : "s11-t29",
      "begin" : 1334,
      "end" : 1345,
      "text" : "calibration",
      "whiteSpace" : false
    }, {
      "id" : "s11-t30",
      "begin" : 1346,
      "end" : 1348,
      "text" : "is",
      "whiteSpace" : false
    }, {
      "id" : "s11-t31",
      "begin" : 1349,
      "end" : 1352,
      "text" : "the",
      "whiteSpace" : false
    }, {
      "id" : "s11-t32",
      "begin" : 1353,
      "end" : 1356,
      "text" : "key",
      "whiteSpace" : false
    }, {
      "id" : "s11-t33",
      "begin" : 1356,
      "end" : 1357,
      "text" : ".",
      "whiteSpace" : false
    } ]
  }, {
    "id" : "s12",
    "begin" : 1358,
    "end" : 1517,
    "text" : "Talk to a physiotherapist or check with the Mayo Clinic's website (http://www.mayoclinic.org/healthy-living/adult-health/multimedia/back-pain/sls-20076817?s=4)",
    "tokens" : [ {
      "id" : "s12-t0",
      "begin" : 1358,
      "end" : 1362,
      "text" : "Talk",
      "whiteSpace" : false
    }, {
      "id" : "s12-t1",
      "begin" : 1363,
      "end" : 1365,
      "text" : "to",
      "whiteSpace" : false
    }, {
      "id" : "s12-t2",
      "begin" : 1366,
      "end" : 1367,
      "text" : "a",
      "whiteSpace" : false
    }, {
      "id" : "s12-t3",
      "begin" : 1368,
      "end" : 1383,
      "text" : "physiotherapist",
      "whiteSpace" : false
    }, {
      "id" : "s12-t4",
      "begin" : 1384,
      "end" : 1386,
      "text" : "or",
      "whiteSpace" : false
    }, {
      "id" : "s12-t5",
      "begin" : 1387,
      "end" : 1392,
      "text" : "check",
      "whiteSpace" : false
    }, {
      "id" : "s12-t6",
      "begin" : 1393,
      "end" : 1397,
      "text" : "with",
      "whiteSpace" : false
    }, {
      "id" : "s12-t7",
      "begin" : 1398,
      "end" : 1401,
      "text" : "the",
      "whiteSpace" : false
    }, {
      "id" : "s12-t8",
      "begin" : 1402,
      "end" : 1406,
      "text" : "Mayo",
      "whiteSpace" : false
    }, {
      "id" : "s12-t9",
      "begin" : 1407,
      "end" : 1413,
      "text" : "Clinic",
      "whiteSpace" : false
    }, {
      "id" : "s12-t10",
      "begin" : 1413,
      "end" : 1415,
      "text" : "'s",
      "whiteSpace" : false
    }, {
      "id" : "s12-t11",
      "begin" : 1416,
      "end" : 1423,
      "text" : "website",
      "whiteSpace" : false
    }, {
      "id" : "s12-t12",
      "begin" : 1424,
      "end" : 1425,
      "text" : "(",
      "whiteSpace" : false
    }, {
      "id" : "s12-t13",
      "begin" : 1425,
      "end" : 1515,
      "text" : "http://www.mayoclinic.org/healthy-living/adult-health/multimedia/back-pain/sls-20076817?s=",
      "whiteSpace" : false
    }, {
      "id" : "s12-t14",
      "begin" : 1515,
      "end" : 1516,
      "text" : "4",
      "whiteSpace" : false
    }, {
      "id" : "s12-t15",
      "begin" : 1516,
      "end" : 1517,
      "text" : ")",
      "whiteSpace" : false
    } ]
  } ],
  "mentions" : [ {
    "id" : "s0-m4",
    "properties" : {
      "SIRE_MENTION_ROLE" : "Product",
      "SIRE_ENTITY_SUBTYPE" : "NONE",
      "SIRE_MENTION_TYPE" : "NONE",
      "SIRE_MENTION_CLASS" : "SPC"
    },
    "type" : "Product",
    "begin" : 28,
    "end" : 37,
    "inCoref" : true
  }, {
    "id" : "s0-m3",
    "properties" : {
      "SIRE_MENTION_ROLE" : "Company",
      "SIRE_ENTITY_SUBTYPE" : "NONE",
      "SIRE_MENTION_TYPE" : "NONE",
      "SIRE_MENTION_CLASS" : "SPC"
    },
    "type" : "Company",
    "begin" : 28,
    "end" : 32,
    "inCoref" : false
  }, {
    "id" : "544788615277923__113200145-M0",
    "properties" : {
      "SIRE_MENTION_CLASS" : "SPC",
      "SIRE_ENTITY_CLASS" : "SPC",
      "SIRE_MENTION_ROLE" : "Consumer",
      "SIRE_MENTION_TYPE" : "NONE",
      "SIRE_ENTITY_LEVEL" : "NONE",
      "SIRE_ENTITY_SUBTYPE" : "NONE"
    },
    "type" : "Consumer",
    "begin" : 38,
    "end" : 39,
    "inCoref" : true
  }, {
    "id" : "s0-m5",
    "properties" : {
      "SIRE_MENTION_ROLE" : "Feature",
      "SIRE_ENTITY_SUBTYPE" : "NONE",
      "SIRE_MENTION_TYPE" : "NONE",
      "SIRE_MENTION_CLASS" : "SPC"
    },
    "type" : "Feature",
    "begin" : 81,
    "end" : 88,
    "inCoref" : false
  }, {
    "id" : "544788615277923__113200145-M1",
    "properties" : {
      "SIRE_MENTION_CLASS" : "SPC",
      "SIRE_ENTITY_CLASS" : "SPC",
      "SIRE_MENTION_ROLE" : "Consumer",
      "SIRE_MENTION_TYPE" : "NONE",
      "SIRE_ENTITY_LEVEL" : "NONE",
      "SIRE_ENTITY_SUBTYPE" : "NONE"
    },
    "type" : "Consumer",
    "begin" : 108,
    "end" : 110,
    "inCoref" : true
  }, {
    "id" : "s1-m2",
    "properties" : {
      "SIRE_MENTION_ROLE" : "Product",
      "SIRE_ENTITY_SUBTYPE" : "NONE",
      "SIRE_MENTION_TYPE" : "NONE",
      "SIRE_MENTION_CLASS" : "SPC"
    },
    "type" : "Product",
    "begin" : 152,
    "end" : 161,
    "inCoref" : true
  }, {
    "id" : "s1-m3",
    "properties" : {
      "SIRE_MENTION_ROLE" : "Company",
      "SIRE_ENTITY_SUBTYPE" : "NONE",
      "SIRE_MENTION_TYPE" : "NONE",
      "SIRE_MENTION_CLASS" : "SPC"
    },
    "type" : "Company",
    "begin" : 152,
    "end" : 156,
    "inCoref" : false
  }, {
    "id" : "s1-m4",
    "properties" : {
      "SIRE_MENTION_ROLE" : "Descriptor",
      "SIRE_ENTITY_SUBTYPE" : "NONE",
      "SIRE_MENTION_TYPE" : "NONE",
      "SIRE_MENTION_CLASS" : "SPC"
    },
    "type" : "Descriptor",
    "begin" : 165,
    "end" : 173,
    "inCoref" : false
  }, {
    "id" : "544788615277923__113200145-M2",
    "properties" : {
      "SIRE_MENTION_CLASS" : "SPC",
      "SIRE_ENTITY_CLASS" : "SPC",
      "SIRE_MENTION_ROLE" : "Consumer",
      "SIRE_MENTION_TYPE" : "NONE",
      "SIRE_ENTITY_LEVEL" : "NONE",
      "SIRE_ENTITY_SUBTYPE" : "NONE"
    },
    "type" : "Consumer",
    "begin" : 185,
    "end" : 187,
    "inCoref" : true
  }, {
    "id" : "s1-m5",
    "properties" : {
      "SIRE_MENTION_ROLE" : "Feature",
      "SIRE_ENTITY_SUBTYPE" : "NONE",
      "SIRE_MENTION_TYPE" : "NONE",
      "SIRE_MENTION_CLASS" : "SPC"
    },
    "type" : "Feature",
    "begin" : 213,
    "end" : 220,
    "inCoref" : false
  }, {
    "id" : "s2-m1",
    "properties" : {
      "SIRE_MENTION_ROLE" : "Feature",
      "SIRE_ENTITY_SUBTYPE" : "NONE",
      "SIRE_MENTION_TYPE" : "NONE",
      "SIRE_MENTION_CLASS" : "SPC"
    },
    "type" : "Feature",
    "begin" : 272,
    "end" : 279,
    "inCoref" : false
  }, {
    "id" : "s2-m2",
    "properties" : {
      "SIRE_MENTION_ROLE" : "Descriptor",
      "SIRE_ENTITY_SUBTYPE" : "NONE",
      "SIRE_MENTION_TYPE" : "NONE",
      "SIRE_MENTION_CLASS" : "SPC"
    },
    "type" : "Descriptor",
    "begin" : 283,
    "end" : 290,
    "inCoref" : false
  }, {
    "id" : "544788615277923__113200145-M3",
    "properties" : {
      "SIRE_MENTION_CLASS" : "SPC",
      "SIRE_ENTITY_CLASS" : "SPC",
      "SIRE_MENTION_ROLE" : "Consumer",
      "SIRE_MENTION_TYPE" : "NONE",
      "SIRE_ENTITY_LEVEL" : "NONE",
      "SIRE_ENTITY_SUBTYPE" : "NONE"
    },
    "type" : "Consumer",
    "begin" : 318,
    "end" : 319,
    "inCoref" : true
  }, {
    "id" : "s5-m4",
    "properties" : {
      "SIRE_MENTION_ROLE" : "Descriptor",
      "SIRE_ENTITY_SUBTYPE" : "NONE",
      "SIRE_MENTION_TYPE" : "NONE",
      "SIRE_MENTION_CLASS" : "SPC"
    },
    "type" : "Descriptor",
    "begin" : 459,
    "end" : 467,
    "inCoref" : false
  }, {
    "id" : "s5-m3",
    "properties" : {
      "SIRE_MENTION_ROLE" : "Descriptor",
      "SIRE_ENTITY_SUBTYPE" : "NONE",
      "SIRE_MENTION_TYPE" : "NONE",
      "SIRE_MENTION_CLASS" : "SPC"
    },
    "type" : "Descriptor",
    "begin" : 472,
    "end" : 478,
    "inCoref" : false
  }, {
    "id" : "s5-m2",
    "properties" : {
      "SIRE_MENTION_ROLE" : "Feature",
      "SIRE_ENTITY_SUBTYPE" : "NONE",
      "SIRE_MENTION_TYPE" : "NONE",
      "SIRE_MENTION_CLASS" : "SPC"
    },
    "type" : "Feature",
    "begin" : 479,
    "end" : 483,
    "inCoref" : false
  }, {
    "id" : "544788615277923__113200145-M4",
    "properties" : {
      "SIRE_MENTION_CLASS" : "SPC",
      "SIRE_ENTITY_CLASS" : "SPC",
      "SIRE_MENTION_ROLE" : "Consumer",
      "SIRE_MENTION_TYPE" : "NONE",
      "SIRE_ENTITY_LEVEL" : "NONE",
      "SIRE_ENTITY_SUBTYPE" : "NONE"
    },
    "type" : "Consumer",
    "begin" : 504,
    "end" : 506,
    "inCoref" : true
  }, {
    "id" : "s5-m5",
    "properties" : {
      "SIRE_MENTION_ROLE" : "Feature",
      "SIRE_ENTITY_SUBTYPE" : "NONE",
      "SIRE_MENTION_TYPE" : "NONE",
      "SIRE_MENTION_CLASS" : "SPC"
    },
    "type" : "Feature",
    "begin" : 518,
    "end" : 525,
    "inCoref" : false
  }, {
    "id" : "544788615277923__113200145-M5",
    "properties" : {
      "SIRE_MENTION_CLASS" : "SPC",
      "SIRE_ENTITY_CLASS" : "SPC",
      "SIRE_MENTION_ROLE" : "Consumer",
      "SIRE_MENTION_TYPE" : "NONE",
      "SIRE_ENTITY_LEVEL" : "NONE",
      "SIRE_ENTITY_SUBTYPE" : "NONE"
    },
    "type" : "Consumer",
    "begin" : 592,
    "end" : 593,
    "inCoref" : true
  }, {
    "id" : "s7-m2",
    "properties" : {
      "SIRE_MENTION_ROLE" : "Product",
      "SIRE_ENTITY_SUBTYPE" : "NONE",
      "SIRE_MENTION_TYPE" : "NONE",
      "SIRE_MENTION_CLASS" : "SPC"
    },
    "type" : "Product",
    "begin" : 737,
    "end" : 746,
    "inCoref" : true
  }, {
    "id" : "s7-m1",
    "properties" : {
      "SIRE_MENTION_ROLE" : "Company",
      "SIRE_ENTITY_SUBTYPE" : "NONE",
      "SIRE_MENTION_TYPE" : "NONE",
      "SIRE_MENTION_CLASS" : "SPC"
    },
    "type" : "Company",
    "begin" : 737,
    "end" : 741,
    "inCoref" : false
  }, {
    "id" : "s8-m2",
    "properties" : {
      "SIRE_MENTION_ROLE" : "Product",
      "SIRE_ENTITY_SUBTYPE" : "NONE",
      "SIRE_MENTION_TYPE" : "NONE",
      "SIRE_MENTION_CLASS" : "SPC"
    },
    "type" : "Product",
    "begin" : 780,
    "end" : 789,
    "inCoref" : true
  }, {
    "id" : "s8-m3",
    "properties" : {
      "SIRE_MENTION_ROLE" : "Company",
      "SIRE_ENTITY_SUBTYPE" : "NONE",
      "SIRE_MENTION_TYPE" : "NONE",
      "SIRE_MENTION_CLASS" : "SPC"
    },
    "type" : "Company",
    "begin" : 780,
    "end" : 784,
    "inCoref" : false
  }, {
    "id" : "544788615277923__113200145-M6",
    "properties" : {
      "SIRE_MENTION_CLASS" : "SPC",
      "SIRE_ENTITY_CLASS" : "SPC",
      "SIRE_MENTION_ROLE" : "Consumer",
      "SIRE_MENTION_TYPE" : "NONE",
      "SIRE_ENTITY_LEVEL" : "NONE",
      "SIRE_ENTITY_SUBTYPE" : "NONE"
    },
    "type" : "Consumer",
    "begin" : 790,
    "end" : 791,
    "inCoref" : true
  }, {
    "id" : "s9-m2",
    "properties" : {
      "SIRE_MENTION_ROLE" : "Descriptor",
      "SIRE_ENTITY_SUBTYPE" : "NONE",
      "SIRE_MENTION_TYPE" : "NONE",
      "SIRE_MENTION_CLASS" : "SPC"
    },
    "type" : "Descriptor",
    "begin" : 977,
    "end" : 985,
    "inCoref" : false
  }, {
    "id" : "s9-m1",
    "properties" : {
      "SIRE_MENTION_ROLE" : "Descriptor",
      "SIRE_ENTITY_SUBTYPE" : "NONE",
      "SIRE_MENTION_TYPE" : "NONE",
      "SIRE_MENTION_CLASS" : "SPC"
    },
    "type" : "Descriptor",
    "begin" : 990,
    "end" : 1000,
    "inCoref" : false
  }, {
    "id" : "s9-m4",
    "properties" : {
      "SIRE_MENTION_ROLE" : "Descriptor",
      "SIRE_ENTITY_SUBTYPE" : "NONE",
      "SIRE_MENTION_TYPE" : "NONE",
      "SIRE_MENTION_CLASS" : "SPC"
    },
    "type" : "Descriptor",
    "begin" : 1058,
    "end" : 1063,
    "inCoref" : false
  }, {
    "id" : "s9-m3",
    "properties" : {
      "SIRE_MENTION_ROLE" : "Feature",
      "SIRE_ENTITY_SUBTYPE" : "NONE",
      "SIRE_MENTION_TYPE" : "NONE",
      "SIRE_MENTION_CLASS" : "SPC"
    },
    "type" : "Feature",
    "begin" : 1064,
    "end" : 1071,
    "inCoref" : false
  }, {
    "id" : "544788615277923__113200145-M7",
    "properties" : {
      "SIRE_MENTION_CLASS" : "SPC",
      "SIRE_ENTITY_CLASS" : "SPC",
      "SIRE_MENTION_ROLE" : "Consumer",
      "SIRE_MENTION_TYPE" : "NONE",
      "SIRE_ENTITY_LEVEL" : "NONE",
      "SIRE_ENTITY_SUBTYPE" : "NONE"
    },
    "type" : "Consumer",
    "begin" : 1083,
    "end" : 1085,
    "inCoref" : true
  }, {
    "id" : "s10-m3",
    "properties" : {
      "SIRE_MENTION_ROLE" : "Descriptor",
      "SIRE_ENTITY_SUBTYPE" : "NONE",
      "SIRE_MENTION_TYPE" : "NONE",
      "SIRE_MENTION_CLASS" : "SPC"
    },
    "type" : "Descriptor",
    "begin" : 1086,
    "end" : 1090,
    "inCoref" : false
  }, {
    "id" : "s10-m2",
    "properties" : {
      "SIRE_MENTION_ROLE" : "Feature",
      "SIRE_ENTITY_SUBTYPE" : "NONE",
      "SIRE_MENTION_TYPE" : "NONE",
      "SIRE_MENTION_CLASS" : "SPC"
    },
    "type" : "Feature",
    "begin" : 1091,
    "end" : 1098,
    "inCoref" : false
  }, {
    "id" : "s11-m3",
    "properties" : {
      "SIRE_MENTION_ROLE" : "Product",
      "SIRE_ENTITY_SUBTYPE" : "NONE",
      "SIRE_MENTION_TYPE" : "NONE",
      "SIRE_MENTION_CLASS" : "SPC"
    },
    "type" : "Product",
    "begin" : 1181,
    "end" : 1190,
    "inCoref" : true
  }, {
    "id" : "s11-m4",
    "properties" : {
      "SIRE_MENTION_ROLE" : "Company",
      "SIRE_ENTITY_SUBTYPE" : "NONE",
      "SIRE_MENTION_TYPE" : "NONE",
      "SIRE_MENTION_CLASS" : "SPC"
    },
    "type" : "Company",
    "begin" : 1181,
    "end" : 1185,
    "inCoref" : false
  }, {
    "id" : "544788615277923__113200145-M8",
    "properties" : {
      "SIRE_MENTION_CLASS" : "SPC",
      "SIRE_ENTITY_CLASS" : "SPC",
      "SIRE_MENTION_ROLE" : "Consumer",
      "SIRE_MENTION_TYPE" : "NONE",
      "SIRE_ENTITY_LEVEL" : "NONE",
      "SIRE_ENTITY_SUBTYPE" : "NONE"
    },
    "type" : "Consumer",
    "begin" : 1216,
    "end" : 1217,
    "inCoref" : true
  }, {
    "id" : "s11-m6",
    "properties" : {
      "SIRE_MENTION_ROLE" : "Descriptor",
      "SIRE_ENTITY_SUBTYPE" : "NONE",
      "SIRE_MENTION_TYPE" : "NONE",
      "SIRE_MENTION_CLASS" : "SPC"
    },
    "type" : "Descriptor",
    "begin" : 1287,
    "end" : 1294,
    "inCoref" : false
  }, {
    "id" : "s11-m5",
    "properties" : {
      "SIRE_MENTION_ROLE" : "Feature",
      "SIRE_ENTITY_SUBTYPE" : "NONE",
      "SIRE_MENTION_TYPE" : "NONE",
      "SIRE_MENTION_CLASS" : "SPC"
    },
    "type" : "Feature",
    "begin" : 1295,
    "end" : 1302,
    "inCoref" : false
  }, {
    "id" : "544788615277923__113200145-M9",
    "properties" : {
      "SIRE_MENTION_CLASS" : "SPC",
      "SIRE_ENTITY_CLASS" : "SPC",
      "SIRE_MENTION_ROLE" : "Consumer",
      "SIRE_MENTION_TYPE" : "NONE",
      "SIRE_ENTITY_LEVEL" : "NONE",
      "SIRE_ENTITY_SUBTYPE" : "NONE"
    },
    "type" : "Consumer",
    "begin" : 1324,
    "end" : 1325,
    "inCoref" : true
  } ],
  "relations" : [ {
    "id" : "s5-r1",
    "properties" : { },
    "type" : "hasQuality",
    "args" : [ "s5-m2", "s5-m4" ]
  }, {
    "id" : "s5-r2",
    "properties" : { },
    "type" : "hasQuality",
    "args" : [ "s5-m2", "s5-m3" ]
  }, {
    "id" : "s7-r1",
    "properties" : { },
    "type" : "madeBy",
    "args" : [ "s7-m2", "s7-m1" ]
  }, {
    "id" : "s8-r1",
    "properties" : { },
    "type" : "madeBy",
    "args" : [ "s8-m2", "s8-m3" ]
  }, {
    "id" : "s9-r1",
    "properties" : { },
    "type" : "hasQuality",
    "args" : [ "s9-m3", "s9-m4" ]
  }, {
    "id" : "s10-r1",
    "properties" : { },
    "type" : "hasQuality",
    "args" : [ "s10-m2", "s10-m3" ]
  }, {
    "id" : "s11-r1",
    "properties" : { },
    "type" : "madeBy",
    "args" : [ "s11-m3", "s11-m4" ]
  }, {
    "id" : "s11-r2",
    "properties" : { },
    "type" : "hasQuality",
    "args" : [ "s11-m5", "s11-m6" ]
  } ],
  "corefs" : [ {
    "id" : "c1",
    "properties" : { },
    "mentions" : [ "544788615277923__113200145-M0", "544788615277923__113200145-M1", "544788615277923__113200145-M2", "544788615277923__113200145-M3", "544788615277923__113200145-M5", "544788615277923__113200145-M4", "544788615277923__113200145-M6", "544788615277923__113200145-M7", "544788615277923__113200145-M8", "544788615277923__113200145-M9" ]
  }, {
    "id" : "c3",
    "properties" : { },
    "mentions" : [ "s11-m3", "s8-m2", "s7-m2", "s1-m2", "s0-m4" ]
  } ],
  "typeResolved" : true,
  "userResolved" : true
}