{
  "id" : "350668c0-2b4e-4b77-9dff-9f0ba3af12a4-21",
  "modifiedDate" : 1467747590218,
  "name" : "review62.txt",
  "version" : 2,
  "text" : "Audio quality is good for headphones at this price point, decent low-end, mids are ok and high-end is not to bright. Not Etymotics ER-4S's, but a lot less than $300 and more durable. Fit is comfortable and ear loops stay in place. Volume controls are pretty easy to get to and work. Main complaint is the quality of the mic during phone calls as reported by people on the other end. I wind up not using the cable clip to get the mic ports closer to the side of my face. Overall a nice set of headphones over Bluetooth, wish the audio mic quality was better but durable and good for gym use.\n",
  "docLength" : 591,
  "language" : "EN",
  "status" : "SUBMITTED",
  "documentSet" : [ ],
  "sentences" : [ {
    "id" : "s0",
    "begin" : 0,
    "end" : 116,
    "text" : "Audio quality is good for headphones at this price point, decent low-end, mids are ok and high-end is not to bright.",
    "tokens" : [ {
      "id" : "s0-t0",
      "begin" : 0,
      "end" : 5,
      "text" : "Audio",
      "whiteSpace" : false
    }, {
      "id" : "s0-t1",
      "begin" : 6,
      "end" : 13,
      "text" : "quality",
      "whiteSpace" : false
    }, {
      "id" : "s0-t2",
      "begin" : 14,
      "end" : 16,
      "text" : "is",
      "whiteSpace" : false
    }, {
      "id" : "s0-t3",
      "begin" : 17,
      "end" : 21,
      "text" : "good",
      "whiteSpace" : false
    }, {
      "id" : "s0-t4",
      "begin" : 22,
      "end" : 25,
      "text" : "for",
      "whiteSpace" : false
    }, {
      "id" : "s0-t5",
      "begin" : 26,
      "end" : 36,
      "text" : "headphones",
      "whiteSpace" : false
    }, {
      "id" : "s0-t6",
      "begin" : 37,
      "end" : 39,
      "text" : "at",
      "whiteSpace" : false
    }, {
      "id" : "s0-t7",
      "begin" : 40,
      "end" : 44,
      "text" : "this",
      "whiteSpace" : false
    }, {
      "id" : "s0-t8",
      "begin" : 45,
      "end" : 50,
      "text" : "price",
      "whiteSpace" : false
    }, {
      "id" : "s0-t9",
      "begin" : 51,
      "end" : 56,
      "text" : "point",
      "whiteSpace" : false
    }, {
      "id" : "s0-t10",
      "begin" : 56,
      "end" : 57,
      "text" : ",",
      "whiteSpace" : false
    }, {
      "id" : "s0-t11",
      "begin" : 58,
      "end" : 64,
      "text" : "decent",
      "whiteSpace" : false
    }, {
      "id" : "s0-t12",
      "begin" : 65,
      "end" : 68,
      "text" : "low",
      "whiteSpace" : false
    }, {
      "id" : "s0-t13",
      "begin" : 68,
      "end" : 69,
      "text" : "-",
      "whiteSpace" : false
    }, {
      "id" : "s0-t14",
      "begin" : 69,
      "end" : 72,
      "text" : "end",
      "whiteSpace" : false
    }, {
      "id" : "s0-t15",
      "begin" : 72,
      "end" : 73,
      "text" : ",",
      "whiteSpace" : false
    }, {
      "id" : "s0-t16",
      "begin" : 74,
      "end" : 78,
      "text" : "mids",
      "whiteSpace" : false
    }, {
      "id" : "s0-t17",
      "begin" : 79,
      "end" : 82,
      "text" : "are",
      "whiteSpace" : false
    }, {
      "id" : "s0-t18",
      "begin" : 83,
      "end" : 85,
      "text" : "ok",
      "whiteSpace" : false
    }, {
      "id" : "s0-t19",
      "begin" : 86,
      "end" : 89,
      "text" : "and",
      "whiteSpace" : false
    }, {
      "id" : "s0-t20",
      "begin" : 90,
      "end" : 98,
      "text" : "high-end",
      "whiteSpace" : false
    }, {
      "id" : "s0-t21",
      "begin" : 99,
      "end" : 101,
      "text" : "is",
      "whiteSpace" : false
    }, {
      "id" : "s0-t22",
      "begin" : 102,
      "end" : 105,
      "text" : "not",
      "whiteSpace" : false
    }, {
      "id" : "s0-t23",
      "begin" : 106,
      "end" : 108,
      "text" : "to",
      "whiteSpace" : false
    }, {
      "id" : "s0-t24",
      "begin" : 109,
      "end" : 115,
      "text" : "bright",
      "whiteSpace" : false
    }, {
      "id" : "s0-t25",
      "begin" : 115,
      "end" : 116,
      "text" : ".",
      "whiteSpace" : false
    } ]
  }, {
    "id" : "s1",
    "begin" : 117,
    "end" : 182,
    "text" : "Not Etymotics ER-4S's, but a lot less than $300 and more durable.",
    "tokens" : [ {
      "id" : "s1-t0",
      "begin" : 117,
      "end" : 120,
      "text" : "Not",
      "whiteSpace" : false
    }, {
      "id" : "s1-t1",
      "begin" : 121,
      "end" : 130,
      "text" : "Etymotics",
      "whiteSpace" : false
    }, {
      "id" : "s1-t2",
      "begin" : 131,
      "end" : 136,
      "text" : "ER-4S",
      "whiteSpace" : false
    }, {
      "id" : "s1-t3",
      "begin" : 136,
      "end" : 137,
      "text" : "'",
      "whiteSpace" : false
    }, {
      "id" : "s1-t4",
      "begin" : 137,
      "end" : 138,
      "text" : "s",
      "whiteSpace" : false
    }, {
      "id" : "s1-t5",
      "begin" : 138,
      "end" : 139,
      "text" : ",",
      "whiteSpace" : false
    }, {
      "id" : "s1-t6",
      "begin" : 140,
      "end" : 143,
      "text" : "but",
      "whiteSpace" : false
    }, {
      "id" : "s1-t7",
      "begin" : 144,
      "end" : 145,
      "text" : "a",
      "whiteSpace" : false
    }, {
      "id" : "s1-t8",
      "begin" : 146,
      "end" : 149,
      "text" : "lot",
      "whiteSpace" : false
    }, {
      "id" : "s1-t9",
      "begin" : 150,
      "end" : 154,
      "text" : "less",
      "whiteSpace" : false
    }, {
      "id" : "s1-t10",
      "begin" : 155,
      "end" : 159,
      "text" : "than",
      "whiteSpace" : false
    }, {
      "id" : "s1-t11",
      "begin" : 160,
      "end" : 161,
      "text" : "$",
      "whiteSpace" : false
    }, {
      "id" : "s1-t12",
      "begin" : 161,
      "end" : 164,
      "text" : "300",
      "whiteSpace" : false
    }, {
      "id" : "s1-t13",
      "begin" : 165,
      "end" : 168,
      "text" : "and",
      "whiteSpace" : false
    }, {
      "id" : "s1-t14",
      "begin" : 169,
      "end" : 173,
      "text" : "more",
      "whiteSpace" : false
    }, {
      "id" : "s1-t15",
      "begin" : 174,
      "end" : 181,
      "text" : "durable",
      "whiteSpace" : false
    }, {
      "id" : "s1-t16",
      "begin" : 181,
      "end" : 182,
      "text" : ".",
      "whiteSpace" : false
    } ]
  }, {
    "id" : "s2",
    "begin" : 183,
    "end" : 230,
    "text" : "Fit is comfortable and ear loops stay in place.",
    "tokens" : [ {
      "id" : "s2-t0",
      "begin" : 183,
      "end" : 186,
      "text" : "Fit",
      "whiteSpace" : false
    }, {
      "id" : "s2-t1",
      "begin" : 187,
      "end" : 189,
      "text" : "is",
      "whiteSpace" : false
    }, {
      "id" : "s2-t2",
      "begin" : 190,
      "end" : 201,
      "text" : "comfortable",
      "whiteSpace" : false
    }, {
      "id" : "s2-t3",
      "begin" : 202,
      "end" : 205,
      "text" : "and",
      "whiteSpace" : false
    }, {
      "id" : "s2-t4",
      "begin" : 206,
      "end" : 209,
      "text" : "ear",
      "whiteSpace" : false
    }, {
      "id" : "s2-t5",
      "begin" : 210,
      "end" : 215,
      "text" : "loops",
      "whiteSpace" : false
    }, {
      "id" : "s2-t6",
      "begin" : 216,
      "end" : 220,
      "text" : "stay",
      "whiteSpace" : false
    }, {
      "id" : "s2-t7",
      "begin" : 221,
      "end" : 223,
      "text" : "in",
      "whiteSpace" : false
    }, {
      "id" : "s2-t8",
      "begin" : 224,
      "end" : 229,
      "text" : "place",
      "whiteSpace" : false
    }, {
      "id" : "s2-t9",
      "begin" : 229,
      "end" : 230,
      "text" : ".",
      "whiteSpace" : false
    } ]
  }, {
    "id" : "s3",
    "begin" : 231,
    "end" : 282,
    "text" : "Volume controls are pretty easy to get to and work.",
    "tokens" : [ {
      "id" : "s3-t0",
      "begin" : 231,
      "end" : 237,
      "text" : "Volume",
      "whiteSpace" : false
    }, {
      "id" : "s3-t1",
      "begin" : 238,
      "end" : 246,
      "text" : "controls",
      "whiteSpace" : false
    }, {
      "id" : "s3-t2",
      "begin" : 247,
      "end" : 250,
      "text" : "are",
      "whiteSpace" : false
    }, {
      "id" : "s3-t3",
      "begin" : 251,
      "end" : 257,
      "text" : "pretty",
      "whiteSpace" : false
    }, {
      "id" : "s3-t4",
      "begin" : 258,
      "end" : 262,
      "text" : "easy",
      "whiteSpace" : false
    }, {
      "id" : "s3-t5",
      "begin" : 263,
      "end" : 265,
      "text" : "to",
      "whiteSpace" : false
    }, {
      "id" : "s3-t6",
      "begin" : 266,
      "end" : 269,
      "text" : "get",
      "whiteSpace" : false
    }, {
      "id" : "s3-t7",
      "begin" : 270,
      "end" : 272,
      "text" : "to",
      "whiteSpace" : false
    }, {
      "id" : "s3-t8",
      "begin" : 273,
      "end" : 276,
      "text" : "and",
      "whiteSpace" : false
    }, {
      "id" : "s3-t9",
      "begin" : 277,
      "end" : 281,
      "text" : "work",
      "whiteSpace" : false
    }, {
      "id" : "s3-t10",
      "begin" : 281,
      "end" : 282,
      "text" : ".",
      "whiteSpace" : false
    } ]
  }, {
    "id" : "s4",
    "begin" : 283,
    "end" : 382,
    "text" : "Main complaint is the quality of the mic during phone calls as reported by people on the other end.",
    "tokens" : [ {
      "id" : "s4-t0",
      "begin" : 283,
      "end" : 287,
      "text" : "Main",
      "whiteSpace" : false
    }, {
      "id" : "s4-t1",
      "begin" : 288,
      "end" : 297,
      "text" : "complaint",
      "whiteSpace" : false
    }, {
      "id" : "s4-t2",
      "begin" : 298,
      "end" : 300,
      "text" : "is",
      "whiteSpace" : false
    }, {
      "id" : "s4-t3",
      "begin" : 301,
      "end" : 304,
      "text" : "the",
      "whiteSpace" : false
    }, {
      "id" : "s4-t4",
      "begin" : 305,
      "end" : 312,
      "text" : "quality",
      "whiteSpace" : false
    }, {
      "id" : "s4-t5",
      "begin" : 313,
      "end" : 315,
      "text" : "of",
      "whiteSpace" : false
    }, {
      "id" : "s4-t6",
      "begin" : 316,
      "end" : 319,
      "text" : "the",
      "whiteSpace" : false
    }, {
      "id" : "s4-t7",
      "begin" : 320,
      "end" : 323,
      "text" : "mic",
      "whiteSpace" : false
    }, {
      "id" : "s4-t8",
      "begin" : 324,
      "end" : 330,
      "text" : "during",
      "whiteSpace" : false
    }, {
      "id" : "s4-t9",
      "begin" : 331,
      "end" : 336,
      "text" : "phone",
      "whiteSpace" : false
    }, {
      "id" : "s4-t10",
      "begin" : 337,
      "end" : 342,
      "text" : "calls",
      "whiteSpace" : false
    }, {
      "id" : "s4-t11",
      "begin" : 343,
      "end" : 345,
      "text" : "as",
      "whiteSpace" : false
    }, {
      "id" : "s4-t12",
      "begin" : 346,
      "end" : 354,
      "text" : "reported",
      "whiteSpace" : false
    }, {
      "id" : "s4-t13",
      "begin" : 355,
      "end" : 357,
      "text" : "by",
      "whiteSpace" : false
    }, {
      "id" : "s4-t14",
      "begin" : 358,
      "end" : 364,
      "text" : "people",
      "whiteSpace" : false
    }, {
      "id" : "s4-t15",
      "begin" : 365,
      "end" : 367,
      "text" : "on",
      "whiteSpace" : false
    }, {
      "id" : "s4-t16",
      "begin" : 368,
      "end" : 371,
      "text" : "the",
      "whiteSpace" : false
    }, {
      "id" : "s4-t17",
      "begin" : 372,
      "end" : 377,
      "text" : "other",
      "whiteSpace" : false
    }, {
      "id" : "s4-t18",
      "begin" : 378,
      "end" : 381,
      "text" : "end",
      "whiteSpace" : false
    }, {
      "id" : "s4-t19",
      "begin" : 381,
      "end" : 382,
      "text" : ".",
      "whiteSpace" : false
    } ]
  }, {
    "id" : "s5",
    "begin" : 383,
    "end" : 469,
    "text" : "I wind up not using the cable clip to get the mic ports closer to the side of my face.",
    "tokens" : [ {
      "id" : "s5-t0",
      "begin" : 383,
      "end" : 384,
      "text" : "I",
      "whiteSpace" : false
    }, {
      "id" : "s5-t1",
      "begin" : 385,
      "end" : 389,
      "text" : "wind",
      "whiteSpace" : false
    }, {
      "id" : "s5-t2",
      "begin" : 390,
      "end" : 392,
      "text" : "up",
      "whiteSpace" : false
    }, {
      "id" : "s5-t3",
      "begin" : 393,
      "end" : 396,
      "text" : "not",
      "whiteSpace" : false
    }, {
      "id" : "s5-t4",
      "begin" : 397,
      "end" : 402,
      "text" : "using",
      "whiteSpace" : false
    }, {
      "id" : "s5-t5",
      "begin" : 403,
      "end" : 406,
      "text" : "the",
      "whiteSpace" : false
    }, {
      "id" : "s5-t6",
      "begin" : 407,
      "end" : 412,
      "text" : "cable",
      "whiteSpace" : false
    }, {
      "id" : "s5-t7",
      "begin" : 413,
      "end" : 417,
      "text" : "clip",
      "whiteSpace" : false
    }, {
      "id" : "s5-t8",
      "begin" : 418,
      "end" : 420,
      "text" : "to",
      "whiteSpace" : false
    }, {
      "id" : "s5-t9",
      "begin" : 421,
      "end" : 424,
      "text" : "get",
      "whiteSpace" : false
    }, {
      "id" : "s5-t10",
      "begin" : 425,
      "end" : 428,
      "text" : "the",
      "whiteSpace" : false
    }, {
      "id" : "s5-t11",
      "begin" : 429,
      "end" : 432,
      "text" : "mic",
      "whiteSpace" : false
    }, {
      "id" : "s5-t12",
      "begin" : 433,
      "end" : 438,
      "text" : "ports",
      "whiteSpace" : false
    }, {
      "id" : "s5-t13",
      "begin" : 439,
      "end" : 445,
      "text" : "closer",
      "whiteSpace" : false
    }, {
      "id" : "s5-t14",
      "begin" : 446,
      "end" : 448,
      "text" : "to",
      "whiteSpace" : false
    }, {
      "id" : "s5-t15",
      "begin" : 449,
      "end" : 452,
      "text" : "the",
      "whiteSpace" : false
    }, {
      "id" : "s5-t16",
      "begin" : 453,
      "end" : 457,
      "text" : "side",
      "whiteSpace" : false
    }, {
      "id" : "s5-t17",
      "begin" : 458,
      "end" : 460,
      "text" : "of",
      "whiteSpace" : false
    }, {
      "id" : "s5-t18",
      "begin" : 461,
      "end" : 463,
      "text" : "my",
      "whiteSpace" : false
    }, {
      "id" : "s5-t19",
      "begin" : 464,
      "end" : 468,
      "text" : "face",
      "whiteSpace" : false
    }, {
      "id" : "s5-t20",
      "begin" : 468,
      "end" : 469,
      "text" : ".",
      "whiteSpace" : false
    } ]
  }, {
    "id" : "s6",
    "begin" : 470,
    "end" : 590,
    "text" : "Overall a nice set of headphones over Bluetooth, wish the audio mic quality was better but durable and good for gym use.",
    "tokens" : [ {
      "id" : "s6-t0",
      "begin" : 470,
      "end" : 477,
      "text" : "Overall",
      "whiteSpace" : false
    }, {
      "id" : "s6-t1",
      "begin" : 478,
      "end" : 479,
      "text" : "a",
      "whiteSpace" : false
    }, {
      "id" : "s6-t2",
      "begin" : 480,
      "end" : 484,
      "text" : "nice",
      "whiteSpace" : false
    }, {
      "id" : "s6-t3",
      "begin" : 485,
      "end" : 488,
      "text" : "set",
      "whiteSpace" : false
    }, {
      "id" : "s6-t4",
      "begin" : 489,
      "end" : 491,
      "text" : "of",
      "whiteSpace" : false
    }, {
      "id" : "s6-t5",
      "begin" : 492,
      "end" : 502,
      "text" : "headphones",
      "whiteSpace" : false
    }, {
      "id" : "s6-t6",
      "begin" : 503,
      "end" : 507,
      "text" : "over",
      "whiteSpace" : false
    }, {
      "id" : "s6-t7",
      "begin" : 508,
      "end" : 517,
      "text" : "Bluetooth",
      "whiteSpace" : false
    }, {
      "id" : "s6-t8",
      "begin" : 517,
      "end" : 518,
      "text" : ",",
      "whiteSpace" : false
    }, {
      "id" : "s6-t9",
      "begin" : 519,
      "end" : 523,
      "text" : "wish",
      "whiteSpace" : false
    }, {
      "id" : "s6-t10",
      "begin" : 524,
      "end" : 527,
      "text" : "the",
      "whiteSpace" : false
    }, {
      "id" : "s6-t11",
      "begin" : 528,
      "end" : 533,
      "text" : "audio",
      "whiteSpace" : false
    }, {
      "id" : "s6-t12",
      "begin" : 534,
      "end" : 537,
      "text" : "mic",
      "whiteSpace" : false
    }, {
      "id" : "s6-t13",
      "begin" : 538,
      "end" : 545,
      "text" : "quality",
      "whiteSpace" : false
    }, {
      "id" : "s6-t14",
      "begin" : 546,
      "end" : 549,
      "text" : "was",
      "whiteSpace" : false
    }, {
      "id" : "s6-t15",
      "begin" : 550,
      "end" : 556,
      "text" : "better",
      "whiteSpace" : false
    }, {
      "id" : "s6-t16",
      "begin" : 557,
      "end" : 560,
      "text" : "but",
      "whiteSpace" : false
    }, {
      "id" : "s6-t17",
      "begin" : 561,
      "end" : 568,
      "text" : "durable",
      "whiteSpace" : false
    }, {
      "id" : "s6-t18",
      "begin" : 569,
      "end" : 572,
      "text" : "and",
      "whiteSpace" : false
    }, {
      "id" : "s6-t19",
      "begin" : 573,
      "end" : 577,
      "text" : "good",
      "whiteSpace" : false
    }, {
      "id" : "s6-t20",
      "begin" : 578,
      "end" : 581,
      "text" : "for",
      "whiteSpace" : false
    }, {
      "id" : "s6-t21",
      "begin" : 582,
      "end" : 585,
      "text" : "gym",
      "whiteSpace" : false
    }, {
      "id" : "s6-t22",
      "begin" : 586,
      "end" : 589,
      "text" : "use",
      "whiteSpace" : false
    }, {
      "id" : "s6-t23",
      "begin" : 589,
      "end" : 590,
      "text" : ".",
      "whiteSpace" : false
    } ]
  } ],
  "mentions" : [ {
    "id" : "s0-m2",
    "properties" : {
      "SIRE_MENTION_ROLE" : "Feature",
      "SIRE_ENTITY_SUBTYPE" : "NONE",
      "SIRE_MENTION_TYPE" : "NONE",
      "SIRE_MENTION_CLASS" : "SPC"
    },
    "type" : "Feature",
    "begin" : 0,
    "end" : 13,
    "inCoref" : false
  }, {
    "id" : "s0-m3",
    "properties" : {
      "SIRE_MENTION_ROLE" : "Descriptor",
      "SIRE_ENTITY_SUBTYPE" : "NONE",
      "SIRE_MENTION_TYPE" : "NONE",
      "SIRE_MENTION_CLASS" : "SPC"
    },
    "type" : "Descriptor",
    "begin" : 17,
    "end" : 21,
    "inCoref" : false
  }, {
    "id" : "544787156806836__113200145-M0",
    "properties" : {
      "SIRE_MENTION_CLASS" : "SPC",
      "SIRE_ENTITY_CLASS" : "SPC",
      "SIRE_MENTION_ROLE" : "Product",
      "SIRE_MENTION_TYPE" : "NONE",
      "SIRE_ENTITY_LEVEL" : "NONE",
      "SIRE_ENTITY_SUBTYPE" : "NONE"
    },
    "type" : "Product",
    "begin" : 26,
    "end" : 36,
    "inCoref" : true
  }, {
    "id" : "s0-m4",
    "properties" : {
      "SIRE_MENTION_ROLE" : "Price",
      "SIRE_ENTITY_SUBTYPE" : "NONE",
      "SIRE_MENTION_TYPE" : "NONE",
      "SIRE_MENTION_CLASS" : "SPC"
    },
    "type" : "Price",
    "begin" : 45,
    "end" : 50,
    "inCoref" : false
  }, {
    "id" : "s0-m6",
    "properties" : {
      "SIRE_MENTION_ROLE" : "Descriptor",
      "SIRE_ENTITY_SUBTYPE" : "NONE",
      "SIRE_MENTION_TYPE" : "NONE",
      "SIRE_MENTION_CLASS" : "SPC"
    },
    "type" : "Descriptor",
    "begin" : 58,
    "end" : 64,
    "inCoref" : false
  }, {
    "id" : "s0-m5",
    "properties" : {
      "SIRE_MENTION_ROLE" : "Feature",
      "SIRE_ENTITY_SUBTYPE" : "NONE",
      "SIRE_MENTION_TYPE" : "NONE",
      "SIRE_MENTION_CLASS" : "SPC"
    },
    "type" : "Feature",
    "begin" : 65,
    "end" : 72,
    "inCoref" : false
  }, {
    "id" : "s0-m7",
    "properties" : {
      "SIRE_MENTION_ROLE" : "Feature",
      "SIRE_ENTITY_SUBTYPE" : "NONE",
      "SIRE_MENTION_TYPE" : "NONE",
      "SIRE_MENTION_CLASS" : "SPC"
    },
    "type" : "Feature",
    "begin" : 74,
    "end" : 78,
    "inCoref" : false
  }, {
    "id" : "s0-m8",
    "properties" : {
      "SIRE_MENTION_ROLE" : "Descriptor",
      "SIRE_ENTITY_SUBTYPE" : "NONE",
      "SIRE_MENTION_TYPE" : "NONE",
      "SIRE_MENTION_CLASS" : "SPC"
    },
    "type" : "Descriptor",
    "begin" : 83,
    "end" : 85,
    "inCoref" : false
  }, {
    "id" : "s0-m9",
    "properties" : {
      "SIRE_MENTION_ROLE" : "Feature",
      "SIRE_ENTITY_SUBTYPE" : "NONE",
      "SIRE_MENTION_TYPE" : "NONE",
      "SIRE_MENTION_CLASS" : "SPC"
    },
    "type" : "Feature",
    "begin" : 90,
    "end" : 98,
    "inCoref" : false
  }, {
    "id" : "s0-m10",
    "properties" : {
      "SIRE_MENTION_ROLE" : "Descriptor",
      "SIRE_ENTITY_SUBTYPE" : "NONE",
      "SIRE_MENTION_TYPE" : "NONE",
      "SIRE_MENTION_CLASS" : "NEG"
    },
    "type" : "Descriptor",
    "begin" : 109,
    "end" : 115,
    "inCoref" : false
  }, {
    "id" : "s1-m3",
    "properties" : {
      "SIRE_MENTION_ROLE" : "Company",
      "SIRE_ENTITY_SUBTYPE" : "NONE",
      "SIRE_MENTION_TYPE" : "NONE",
      "SIRE_MENTION_CLASS" : "SPC"
    },
    "type" : "Company",
    "begin" : 121,
    "end" : 130,
    "inCoref" : false
  }, {
    "id" : "s1-m4",
    "properties" : {
      "SIRE_MENTION_ROLE" : "Product",
      "SIRE_ENTITY_SUBTYPE" : "NONE",
      "SIRE_MENTION_TYPE" : "NONE",
      "SIRE_MENTION_CLASS" : "SPC"
    },
    "type" : "Product",
    "begin" : 131,
    "end" : 136,
    "inCoref" : false
  }, {
    "id" : "s1-m1",
    "properties" : {
      "SIRE_MENTION_ROLE" : "Price",
      "SIRE_ENTITY_SUBTYPE" : "NONE",
      "SIRE_MENTION_TYPE" : "NONE",
      "SIRE_MENTION_CLASS" : "SPC"
    },
    "type" : "Price",
    "begin" : 144,
    "end" : 164,
    "inCoref" : false
  }, {
    "id" : "s1-m2",
    "properties" : {
      "SIRE_MENTION_ROLE" : "Feature",
      "SIRE_ENTITY_SUBTYPE" : "NONE",
      "SIRE_MENTION_TYPE" : "NONE",
      "SIRE_MENTION_CLASS" : "SPC"
    },
    "type" : "Feature",
    "begin" : 174,
    "end" : 181,
    "inCoref" : false
  }, {
    "id" : "s2-m1",
    "properties" : {
      "SIRE_MENTION_ROLE" : "Feature",
      "SIRE_ENTITY_SUBTYPE" : "NONE",
      "SIRE_MENTION_TYPE" : "NONE",
      "SIRE_MENTION_CLASS" : "SPC"
    },
    "type" : "Feature",
    "begin" : 183,
    "end" : 186,
    "inCoref" : false
  }, {
    "id" : "s2-m2",
    "properties" : {
      "SIRE_MENTION_ROLE" : "Descriptor",
      "SIRE_ENTITY_SUBTYPE" : "NONE",
      "SIRE_MENTION_TYPE" : "NONE",
      "SIRE_MENTION_CLASS" : "SPC"
    },
    "type" : "Descriptor",
    "begin" : 190,
    "end" : 201,
    "inCoref" : false
  }, {
    "id" : "s2-m3",
    "properties" : {
      "SIRE_MENTION_ROLE" : "Feature",
      "SIRE_ENTITY_SUBTYPE" : "NONE",
      "SIRE_MENTION_TYPE" : "NONE",
      "SIRE_MENTION_CLASS" : "SPC"
    },
    "type" : "Feature",
    "begin" : 206,
    "end" : 215,
    "inCoref" : false
  }, {
    "id" : "s2-m4",
    "properties" : {
      "SIRE_MENTION_ROLE" : "Descriptor",
      "SIRE_ENTITY_SUBTYPE" : "NONE",
      "SIRE_MENTION_TYPE" : "NONE",
      "SIRE_MENTION_CLASS" : "SPC"
    },
    "type" : "Descriptor",
    "begin" : 216,
    "end" : 229,
    "inCoref" : false
  }, {
    "id" : "s3-m1",
    "properties" : {
      "SIRE_MENTION_ROLE" : "Feature",
      "SIRE_ENTITY_SUBTYPE" : "NONE",
      "SIRE_MENTION_TYPE" : "NONE",
      "SIRE_MENTION_CLASS" : "SPC"
    },
    "type" : "Feature",
    "begin" : 231,
    "end" : 246,
    "inCoref" : false
  }, {
    "id" : "s3-m2",
    "properties" : {
      "SIRE_MENTION_ROLE" : "Descriptor",
      "SIRE_ENTITY_SUBTYPE" : "NONE",
      "SIRE_MENTION_TYPE" : "NONE",
      "SIRE_MENTION_CLASS" : "SPC"
    },
    "type" : "Descriptor",
    "begin" : 251,
    "end" : 281,
    "inCoref" : false
  }, {
    "id" : "s4-m2",
    "properties" : {
      "SIRE_MENTION_ROLE" : "Feature",
      "SIRE_ENTITY_SUBTYPE" : "NONE",
      "SIRE_MENTION_TYPE" : "NONE",
      "SIRE_MENTION_CLASS" : "SPC"
    },
    "type" : "Feature",
    "begin" : 305,
    "end" : 312,
    "inCoref" : false
  }, {
    "id" : "s4-m3",
    "properties" : {
      "SIRE_MENTION_ROLE" : "Feature",
      "SIRE_ENTITY_SUBTYPE" : "NONE",
      "SIRE_MENTION_TYPE" : "NONE",
      "SIRE_MENTION_CLASS" : "SPC"
    },
    "type" : "Feature",
    "begin" : 320,
    "end" : 323,
    "inCoref" : false
  }, {
    "id" : "544787156806836__113200145-M2",
    "properties" : {
      "SIRE_MENTION_CLASS" : "SPC",
      "SIRE_ENTITY_CLASS" : "SPC",
      "SIRE_MENTION_ROLE" : "Consumer",
      "SIRE_MENTION_TYPE" : "NONE",
      "SIRE_ENTITY_LEVEL" : "NONE",
      "SIRE_ENTITY_SUBTYPE" : "NONE"
    },
    "type" : "Consumer",
    "begin" : 383,
    "end" : 384,
    "inCoref" : true
  }, {
    "id" : "s6-m3",
    "properties" : {
      "SIRE_MENTION_ROLE" : "Descriptor",
      "SIRE_ENTITY_SUBTYPE" : "NONE",
      "SIRE_MENTION_TYPE" : "NONE",
      "SIRE_MENTION_CLASS" : "SPC"
    },
    "type" : "Descriptor",
    "begin" : 480,
    "end" : 484,
    "inCoref" : false
  }, {
    "id" : "544787156806836__113200145-M3",
    "properties" : {
      "SIRE_MENTION_CLASS" : "SPC",
      "SIRE_ENTITY_CLASS" : "SPC",
      "SIRE_MENTION_ROLE" : "Product",
      "SIRE_MENTION_TYPE" : "NONE",
      "SIRE_ENTITY_LEVEL" : "NONE",
      "SIRE_ENTITY_SUBTYPE" : "NONE"
    },
    "type" : "Product",
    "begin" : 492,
    "end" : 502,
    "inCoref" : true
  }, {
    "id" : "s6-m2",
    "properties" : {
      "SIRE_MENTION_ROLE" : "Feature",
      "SIRE_ENTITY_SUBTYPE" : "NONE",
      "SIRE_MENTION_TYPE" : "NONE",
      "SIRE_MENTION_CLASS" : "SPC"
    },
    "type" : "Feature",
    "begin" : 508,
    "end" : 517,
    "inCoref" : false
  }, {
    "id" : "s6-m4",
    "properties" : {
      "SIRE_MENTION_ROLE" : "Feature",
      "SIRE_ENTITY_SUBTYPE" : "NONE",
      "SIRE_MENTION_TYPE" : "NONE",
      "SIRE_MENTION_CLASS" : "SPC"
    },
    "type" : "Feature",
    "begin" : 528,
    "end" : 545,
    "inCoref" : false
  }, {
    "id" : "s6-m5",
    "properties" : {
      "SIRE_MENTION_ROLE" : "Descriptor",
      "SIRE_ENTITY_SUBTYPE" : "NONE",
      "SIRE_MENTION_TYPE" : "NONE",
      "SIRE_MENTION_CLASS" : "SPC"
    },
    "type" : "Descriptor",
    "begin" : 550,
    "end" : 556,
    "inCoref" : false
  }, {
    "id" : "s6-m6",
    "properties" : {
      "SIRE_MENTION_ROLE" : "Descriptor",
      "SIRE_ENTITY_SUBTYPE" : "NONE",
      "SIRE_MENTION_TYPE" : "NONE",
      "SIRE_MENTION_CLASS" : "SPC"
    },
    "type" : "Descriptor",
    "begin" : 561,
    "end" : 568,
    "inCoref" : false
  }, {
    "id" : "s6-m7",
    "properties" : {
      "SIRE_MENTION_ROLE" : "Descriptor",
      "SIRE_ENTITY_SUBTYPE" : "NONE",
      "SIRE_MENTION_TYPE" : "NONE",
      "SIRE_MENTION_CLASS" : "SPC"
    },
    "type" : "Descriptor",
    "begin" : 573,
    "end" : 589,
    "inCoref" : false
  } ],
  "relations" : [ {
    "id" : "s0-r1",
    "properties" : { },
    "type" : "hasQuality",
    "args" : [ "s0-m2", "s0-m3" ]
  }, {
    "id" : "s0-r2",
    "properties" : { },
    "type" : "hasFeature",
    "args" : [ "544787156806836__113200145-M0", "s0-m2" ]
  }, {
    "id" : "s0-r3",
    "properties" : { },
    "type" : "hasFeature",
    "args" : [ "544787156806836__113200145-M0", "s0-m4" ]
  }, {
    "id" : "s0-r4",
    "properties" : { },
    "type" : "hasQuality",
    "args" : [ "s0-m5", "s0-m6" ]
  }, {
    "id" : "s0-r5",
    "properties" : { },
    "type" : "hasQuality",
    "args" : [ "s0-m7", "s0-m8" ]
  }, {
    "id" : "s0-r6",
    "properties" : { },
    "type" : "hasQuality",
    "args" : [ "s0-m9", "s0-m10" ]
  }, {
    "id" : "s0-r7",
    "properties" : { },
    "type" : "hasFeature",
    "args" : [ "544787156806836__113200145-M0", "s0-m5" ]
  }, {
    "id" : "s0-r8",
    "properties" : { },
    "type" : "hasFeature",
    "args" : [ "544787156806836__113200145-M0", "s0-m7" ]
  }, {
    "id" : "s0-r9",
    "properties" : { },
    "type" : "hasFeature",
    "args" : [ "544787156806836__113200145-M0", "s0-m9" ]
  }, {
    "id" : "s1-r1",
    "properties" : { },
    "type" : "madeBy",
    "args" : [ "s1-m4", "s1-m3" ]
  }, {
    "id" : "s2-r1",
    "properties" : { },
    "type" : "hasQuality",
    "args" : [ "s2-m1", "s2-m2" ]
  }, {
    "id" : "s2-r2",
    "properties" : { },
    "type" : "hasQuality",
    "args" : [ "s2-m3", "s2-m4" ]
  }, {
    "id" : "s3-r1",
    "properties" : { },
    "type" : "hasQuality",
    "args" : [ "s3-m1", "s3-m2" ]
  }, {
    "id" : "s6-r1",
    "properties" : { },
    "type" : "hasQuality",
    "args" : [ "544787156806836__113200145-M3", "s6-m3" ]
  }, {
    "id" : "s6-r2",
    "properties" : { },
    "type" : "hasFeature",
    "args" : [ "544787156806836__113200145-M3", "s6-m2" ]
  }, {
    "id" : "s6-r3",
    "properties" : { },
    "type" : "hasFeature",
    "args" : [ "544787156806836__113200145-M3", "s6-m4" ]
  }, {
    "id" : "s6-r4",
    "properties" : { },
    "type" : "hasQuality",
    "args" : [ "s6-m4", "s6-m5" ]
  }, {
    "id" : "s6-r5",
    "properties" : { },
    "type" : "hasQuality",
    "args" : [ "544787156806836__113200145-M3", "s6-m6" ]
  }, {
    "id" : "s6-r6",
    "properties" : { },
    "type" : "hasQuality",
    "args" : [ "544787156806836__113200145-M3", "s6-m7" ]
  } ],
  "corefs" : [ {
    "id" : "c1",
    "properties" : { },
    "mentions" : [ "544787156806836__113200145-M0", "544787156806836__113200145-M3" ]
  }, {
    "id" : "c2",
    "properties" : { },
    "mentions" : [ "544787156806836__113200145-M2" ]
  } ],
  "typeResolved" : true,
  "userResolved" : true
}