{
  "id" : "350668c0-2b4e-4b77-9dff-9f0ba3af12a4-12",
  "modifiedDate" : 1467858891845,
  "name" : "review86.txt",
  "version" : 2,
  "text" : "Just received those, and they are unexpectedly good. Very solid sound isolation compared to other similarly priced headphones. I'm no sound expert but music and podcasts sound great for the price. I will update this review in a year to comment on durability.\r\rEDIT: more than a month later, the right plastic part that holds the speaker part broke. I notified amazon and they immediately sent me a replacement with a one-day shipping. Be careful using these headphones as these seem to break easily. But Amazon's top-notch customer service more than made up for it.\r",
  "docLength" : 566,
  "language" : "EN",
  "status" : "SUBMITTED",
  "documentSet" : [ ],
  "sentences" : [ {
    "id" : "s0",
    "begin" : 0,
    "end" : 52,
    "text" : "Just received those, and they are unexpectedly good.",
    "tokens" : [ {
      "id" : "s0-t0",
      "begin" : 0,
      "end" : 4,
      "text" : "Just",
      "whiteSpace" : false
    }, {
      "id" : "s0-t1",
      "begin" : 5,
      "end" : 13,
      "text" : "received",
      "whiteSpace" : false
    }, {
      "id" : "s0-t2",
      "begin" : 14,
      "end" : 19,
      "text" : "those",
      "whiteSpace" : false
    }, {
      "id" : "s0-t3",
      "begin" : 19,
      "end" : 20,
      "text" : ",",
      "whiteSpace" : false
    }, {
      "id" : "s0-t4",
      "begin" : 21,
      "end" : 24,
      "text" : "and",
      "whiteSpace" : false
    }, {
      "id" : "s0-t5",
      "begin" : 25,
      "end" : 29,
      "text" : "they",
      "whiteSpace" : false
    }, {
      "id" : "s0-t6",
      "begin" : 30,
      "end" : 33,
      "text" : "are",
      "whiteSpace" : false
    }, {
      "id" : "s0-t7",
      "begin" : 34,
      "end" : 46,
      "text" : "unexpectedly",
      "whiteSpace" : false
    }, {
      "id" : "s0-t8",
      "begin" : 47,
      "end" : 51,
      "text" : "good",
      "whiteSpace" : false
    }, {
      "id" : "s0-t9",
      "begin" : 51,
      "end" : 52,
      "text" : ".",
      "whiteSpace" : false
    } ]
  }, {
    "id" : "s1",
    "begin" : 53,
    "end" : 126,
    "text" : "Very solid sound isolation compared to other similarly priced headphones.",
    "tokens" : [ {
      "id" : "s1-t0",
      "begin" : 53,
      "end" : 57,
      "text" : "Very",
      "whiteSpace" : false
    }, {
      "id" : "s1-t1",
      "begin" : 58,
      "end" : 63,
      "text" : "solid",
      "whiteSpace" : false
    }, {
      "id" : "s1-t2",
      "begin" : 64,
      "end" : 69,
      "text" : "sound",
      "whiteSpace" : false
    }, {
      "id" : "s1-t3",
      "begin" : 70,
      "end" : 79,
      "text" : "isolation",
      "whiteSpace" : false
    }, {
      "id" : "s1-t4",
      "begin" : 80,
      "end" : 88,
      "text" : "compared",
      "whiteSpace" : false
    }, {
      "id" : "s1-t5",
      "begin" : 89,
      "end" : 91,
      "text" : "to",
      "whiteSpace" : false
    }, {
      "id" : "s1-t6",
      "begin" : 92,
      "end" : 97,
      "text" : "other",
      "whiteSpace" : false
    }, {
      "id" : "s1-t7",
      "begin" : 98,
      "end" : 107,
      "text" : "similarly",
      "whiteSpace" : false
    }, {
      "id" : "s1-t8",
      "begin" : 108,
      "end" : 114,
      "text" : "priced",
      "whiteSpace" : false
    }, {
      "id" : "s1-t9",
      "begin" : 115,
      "end" : 125,
      "text" : "headphones",
      "whiteSpace" : false
    }, {
      "id" : "s1-t10",
      "begin" : 125,
      "end" : 126,
      "text" : ".",
      "whiteSpace" : false
    } ]
  }, {
    "id" : "s2",
    "begin" : 127,
    "end" : 196,
    "text" : "I'm no sound expert but music and podcasts sound great for the price.",
    "tokens" : [ {
      "id" : "s2-t0",
      "begin" : 127,
      "end" : 128,
      "text" : "I",
      "whiteSpace" : false
    }, {
      "id" : "s2-t1",
      "begin" : 128,
      "end" : 130,
      "text" : "'m",
      "whiteSpace" : false
    }, {
      "id" : "s2-t2",
      "begin" : 131,
      "end" : 133,
      "text" : "no",
      "whiteSpace" : false
    }, {
      "id" : "s2-t3",
      "begin" : 134,
      "end" : 139,
      "text" : "sound",
      "whiteSpace" : false
    }, {
      "id" : "s2-t4",
      "begin" : 140,
      "end" : 146,
      "text" : "expert",
      "whiteSpace" : false
    }, {
      "id" : "s2-t5",
      "begin" : 147,
      "end" : 150,
      "text" : "but",
      "whiteSpace" : false
    }, {
      "id" : "s2-t6",
      "begin" : 151,
      "end" : 156,
      "text" : "music",
      "whiteSpace" : false
    }, {
      "id" : "s2-t7",
      "begin" : 157,
      "end" : 160,
      "text" : "and",
      "whiteSpace" : false
    }, {
      "id" : "s2-t8",
      "begin" : 161,
      "end" : 169,
      "text" : "podcasts",
      "whiteSpace" : false
    }, {
      "id" : "s2-t9",
      "begin" : 170,
      "end" : 175,
      "text" : "sound",
      "whiteSpace" : false
    }, {
      "id" : "s2-t10",
      "begin" : 176,
      "end" : 181,
      "text" : "great",
      "whiteSpace" : false
    }, {
      "id" : "s2-t11",
      "begin" : 182,
      "end" : 185,
      "text" : "for",
      "whiteSpace" : false
    }, {
      "id" : "s2-t12",
      "begin" : 186,
      "end" : 189,
      "text" : "the",
      "whiteSpace" : false
    }, {
      "id" : "s2-t13",
      "begin" : 190,
      "end" : 195,
      "text" : "price",
      "whiteSpace" : false
    }, {
      "id" : "s2-t14",
      "begin" : 195,
      "end" : 196,
      "text" : ".",
      "whiteSpace" : false
    } ]
  }, {
    "id" : "s3",
    "begin" : 197,
    "end" : 258,
    "text" : "I will update this review in a year to comment on durability.",
    "tokens" : [ {
      "id" : "s3-t0",
      "begin" : 197,
      "end" : 198,
      "text" : "I",
      "whiteSpace" : false
    }, {
      "id" : "s3-t1",
      "begin" : 199,
      "end" : 203,
      "text" : "will",
      "whiteSpace" : false
    }, {
      "id" : "s3-t2",
      "begin" : 204,
      "end" : 210,
      "text" : "update",
      "whiteSpace" : false
    }, {
      "id" : "s3-t3",
      "begin" : 211,
      "end" : 215,
      "text" : "this",
      "whiteSpace" : false
    }, {
      "id" : "s3-t4",
      "begin" : 216,
      "end" : 222,
      "text" : "review",
      "whiteSpace" : false
    }, {
      "id" : "s3-t5",
      "begin" : 223,
      "end" : 225,
      "text" : "in",
      "whiteSpace" : false
    }, {
      "id" : "s3-t6",
      "begin" : 226,
      "end" : 227,
      "text" : "a",
      "whiteSpace" : false
    }, {
      "id" : "s3-t7",
      "begin" : 228,
      "end" : 232,
      "text" : "year",
      "whiteSpace" : false
    }, {
      "id" : "s3-t8",
      "begin" : 233,
      "end" : 235,
      "text" : "to",
      "whiteSpace" : false
    }, {
      "id" : "s3-t9",
      "begin" : 236,
      "end" : 243,
      "text" : "comment",
      "whiteSpace" : false
    }, {
      "id" : "s3-t10",
      "begin" : 244,
      "end" : 246,
      "text" : "on",
      "whiteSpace" : false
    }, {
      "id" : "s3-t11",
      "begin" : 247,
      "end" : 257,
      "text" : "durability",
      "whiteSpace" : false
    }, {
      "id" : "s3-t12",
      "begin" : 257,
      "end" : 258,
      "text" : ".",
      "whiteSpace" : false
    } ]
  }, {
    "id" : "s4",
    "begin" : 260,
    "end" : 348,
    "text" : "EDIT: more than a month later, the right plastic part that holds the speaker part broke.",
    "tokens" : [ {
      "id" : "s4-t0",
      "begin" : 260,
      "end" : 264,
      "text" : "EDIT",
      "whiteSpace" : false
    }, {
      "id" : "s4-t1",
      "begin" : 264,
      "end" : 265,
      "text" : ":",
      "whiteSpace" : false
    }, {
      "id" : "s4-t2",
      "begin" : 266,
      "end" : 270,
      "text" : "more",
      "whiteSpace" : false
    }, {
      "id" : "s4-t3",
      "begin" : 271,
      "end" : 275,
      "text" : "than",
      "whiteSpace" : false
    }, {
      "id" : "s4-t4",
      "begin" : 276,
      "end" : 277,
      "text" : "a",
      "whiteSpace" : false
    }, {
      "id" : "s4-t5",
      "begin" : 278,
      "end" : 283,
      "text" : "month",
      "whiteSpace" : false
    }, {
      "id" : "s4-t6",
      "begin" : 284,
      "end" : 289,
      "text" : "later",
      "whiteSpace" : false
    }, {
      "id" : "s4-t7",
      "begin" : 289,
      "end" : 290,
      "text" : ",",
      "whiteSpace" : false
    }, {
      "id" : "s4-t8",
      "begin" : 291,
      "end" : 294,
      "text" : "the",
      "whiteSpace" : false
    }, {
      "id" : "s4-t9",
      "begin" : 295,
      "end" : 300,
      "text" : "right",
      "whiteSpace" : false
    }, {
      "id" : "s4-t10",
      "begin" : 301,
      "end" : 308,
      "text" : "plastic",
      "whiteSpace" : false
    }, {
      "id" : "s4-t11",
      "begin" : 309,
      "end" : 313,
      "text" : "part",
      "whiteSpace" : false
    }, {
      "id" : "s4-t12",
      "begin" : 314,
      "end" : 318,
      "text" : "that",
      "whiteSpace" : false
    }, {
      "id" : "s4-t13",
      "begin" : 319,
      "end" : 324,
      "text" : "holds",
      "whiteSpace" : false
    }, {
      "id" : "s4-t14",
      "begin" : 325,
      "end" : 328,
      "text" : "the",
      "whiteSpace" : false
    }, {
      "id" : "s4-t15",
      "begin" : 329,
      "end" : 336,
      "text" : "speaker",
      "whiteSpace" : false
    }, {
      "id" : "s4-t16",
      "begin" : 337,
      "end" : 341,
      "text" : "part",
      "whiteSpace" : false
    }, {
      "id" : "s4-t17",
      "begin" : 342,
      "end" : 347,
      "text" : "broke",
      "whiteSpace" : false
    }, {
      "id" : "s4-t18",
      "begin" : 347,
      "end" : 348,
      "text" : ".",
      "whiteSpace" : false
    } ]
  }, {
    "id" : "s5",
    "begin" : 349,
    "end" : 434,
    "text" : "I notified amazon and they immediately sent me a replacement with a one-day shipping.",
    "tokens" : [ {
      "id" : "s5-t0",
      "begin" : 349,
      "end" : 350,
      "text" : "I",
      "whiteSpace" : false
    }, {
      "id" : "s5-t1",
      "begin" : 351,
      "end" : 359,
      "text" : "notified",
      "whiteSpace" : false
    }, {
      "id" : "s5-t2",
      "begin" : 360,
      "end" : 366,
      "text" : "amazon",
      "whiteSpace" : false
    }, {
      "id" : "s5-t3",
      "begin" : 367,
      "end" : 370,
      "text" : "and",
      "whiteSpace" : false
    }, {
      "id" : "s5-t4",
      "begin" : 371,
      "end" : 375,
      "text" : "they",
      "whiteSpace" : false
    }, {
      "id" : "s5-t5",
      "begin" : 376,
      "end" : 387,
      "text" : "immediately",
      "whiteSpace" : false
    }, {
      "id" : "s5-t6",
      "begin" : 388,
      "end" : 392,
      "text" : "sent",
      "whiteSpace" : false
    }, {
      "id" : "s5-t7",
      "begin" : 393,
      "end" : 395,
      "text" : "me",
      "whiteSpace" : false
    }, {
      "id" : "s5-t8",
      "begin" : 396,
      "end" : 397,
      "text" : "a",
      "whiteSpace" : false
    }, {
      "id" : "s5-t9",
      "begin" : 398,
      "end" : 409,
      "text" : "replacement",
      "whiteSpace" : false
    }, {
      "id" : "s5-t10",
      "begin" : 410,
      "end" : 414,
      "text" : "with",
      "whiteSpace" : false
    }, {
      "id" : "s5-t11",
      "begin" : 415,
      "end" : 416,
      "text" : "a",
      "whiteSpace" : false
    }, {
      "id" : "s5-t12",
      "begin" : 417,
      "end" : 424,
      "text" : "one-day",
      "whiteSpace" : false
    }, {
      "id" : "s5-t13",
      "begin" : 425,
      "end" : 433,
      "text" : "shipping",
      "whiteSpace" : false
    }, {
      "id" : "s5-t14",
      "begin" : 433,
      "end" : 434,
      "text" : ".",
      "whiteSpace" : false
    } ]
  }, {
    "id" : "s6",
    "begin" : 435,
    "end" : 499,
    "text" : "Be careful using these headphones as these seem to break easily.",
    "tokens" : [ {
      "id" : "s6-t0",
      "begin" : 435,
      "end" : 437,
      "text" : "Be",
      "whiteSpace" : false
    }, {
      "id" : "s6-t1",
      "begin" : 438,
      "end" : 445,
      "text" : "careful",
      "whiteSpace" : false
    }, {
      "id" : "s6-t2",
      "begin" : 446,
      "end" : 451,
      "text" : "using",
      "whiteSpace" : false
    }, {
      "id" : "s6-t3",
      "begin" : 452,
      "end" : 457,
      "text" : "these",
      "whiteSpace" : false
    }, {
      "id" : "s6-t4",
      "begin" : 458,
      "end" : 468,
      "text" : "headphones",
      "whiteSpace" : false
    }, {
      "id" : "s6-t5",
      "begin" : 469,
      "end" : 471,
      "text" : "as",
      "whiteSpace" : false
    }, {
      "id" : "s6-t6",
      "begin" : 472,
      "end" : 477,
      "text" : "these",
      "whiteSpace" : false
    }, {
      "id" : "s6-t7",
      "begin" : 478,
      "end" : 482,
      "text" : "seem",
      "whiteSpace" : false
    }, {
      "id" : "s6-t8",
      "begin" : 483,
      "end" : 485,
      "text" : "to",
      "whiteSpace" : false
    }, {
      "id" : "s6-t9",
      "begin" : 486,
      "end" : 491,
      "text" : "break",
      "whiteSpace" : false
    }, {
      "id" : "s6-t10",
      "begin" : 492,
      "end" : 498,
      "text" : "easily",
      "whiteSpace" : false
    }, {
      "id" : "s6-t11",
      "begin" : 498,
      "end" : 499,
      "text" : ".",
      "whiteSpace" : false
    } ]
  }, {
    "id" : "s7",
    "begin" : 500,
    "end" : 565,
    "text" : "But Amazon's top-notch customer service more than made up for it.",
    "tokens" : [ {
      "id" : "s7-t0",
      "begin" : 500,
      "end" : 503,
      "text" : "But",
      "whiteSpace" : false
    }, {
      "id" : "s7-t1",
      "begin" : 504,
      "end" : 510,
      "text" : "Amazon",
      "whiteSpace" : false
    }, {
      "id" : "s7-t2",
      "begin" : 510,
      "end" : 512,
      "text" : "'s",
      "whiteSpace" : false
    }, {
      "id" : "s7-t3",
      "begin" : 513,
      "end" : 522,
      "text" : "top-notch",
      "whiteSpace" : false
    }, {
      "id" : "s7-t4",
      "begin" : 523,
      "end" : 531,
      "text" : "customer",
      "whiteSpace" : false
    }, {
      "id" : "s7-t5",
      "begin" : 532,
      "end" : 539,
      "text" : "service",
      "whiteSpace" : false
    }, {
      "id" : "s7-t6",
      "begin" : 540,
      "end" : 544,
      "text" : "more",
      "whiteSpace" : false
    }, {
      "id" : "s7-t7",
      "begin" : 545,
      "end" : 549,
      "text" : "than",
      "whiteSpace" : false
    }, {
      "id" : "s7-t8",
      "begin" : 550,
      "end" : 554,
      "text" : "made",
      "whiteSpace" : false
    }, {
      "id" : "s7-t9",
      "begin" : 555,
      "end" : 557,
      "text" : "up",
      "whiteSpace" : false
    }, {
      "id" : "s7-t10",
      "begin" : 558,
      "end" : 561,
      "text" : "for",
      "whiteSpace" : false
    }, {
      "id" : "s7-t11",
      "begin" : 562,
      "end" : 564,
      "text" : "it",
      "whiteSpace" : false
    }, {
      "id" : "s7-t12",
      "begin" : 564,
      "end" : 565,
      "text" : ".",
      "whiteSpace" : false
    } ]
  } ],
  "mentions" : [ {
    "id" : "s0-m1",
    "properties" : {
      "SIRE_MENTION_ROLE" : "Product",
      "SIRE_ENTITY_SUBTYPE" : "NONE",
      "SIRE_MENTION_TYPE" : "NONE",
      "SIRE_MENTION_CLASS" : "SPC"
    },
    "type" : "Product",
    "begin" : 14,
    "end" : 19,
    "inCoref" : true
  }, {
    "id" : "s0-m2",
    "properties" : {
      "SIRE_MENTION_ROLE" : "Product",
      "SIRE_ENTITY_SUBTYPE" : "NONE",
      "SIRE_MENTION_TYPE" : "NONE",
      "SIRE_MENTION_CLASS" : "SPC"
    },
    "type" : "Product",
    "begin" : 25,
    "end" : 29,
    "inCoref" : true
  }, {
    "id" : "s0-m3",
    "properties" : {
      "SIRE_MENTION_ROLE" : "Descriptor",
      "SIRE_ENTITY_SUBTYPE" : "NONE",
      "SIRE_MENTION_TYPE" : "NONE",
      "SIRE_MENTION_CLASS" : "SPC"
    },
    "type" : "Descriptor",
    "begin" : 34,
    "end" : 51,
    "inCoref" : false
  }, {
    "id" : "s1-m3",
    "properties" : {
      "SIRE_MENTION_ROLE" : "Descriptor",
      "SIRE_ENTITY_SUBTYPE" : "NONE",
      "SIRE_MENTION_TYPE" : "NONE",
      "SIRE_MENTION_CLASS" : "SPC"
    },
    "type" : "Descriptor",
    "begin" : 53,
    "end" : 63,
    "inCoref" : false
  }, {
    "id" : "s1-m2",
    "properties" : {
      "SIRE_MENTION_ROLE" : "Feature",
      "SIRE_ENTITY_SUBTYPE" : "NONE",
      "SIRE_MENTION_TYPE" : "NONE",
      "SIRE_MENTION_CLASS" : "SPC"
    },
    "type" : "Feature",
    "begin" : 64,
    "end" : 79,
    "inCoref" : false
  }, {
    "id" : "s1-m4",
    "properties" : {
      "SIRE_MENTION_ROLE" : "Descriptor",
      "SIRE_ENTITY_SUBTYPE" : "NONE",
      "SIRE_MENTION_TYPE" : "NONE",
      "SIRE_MENTION_CLASS" : "SPC"
    },
    "type" : "Descriptor",
    "begin" : 98,
    "end" : 114,
    "inCoref" : false
  }, {
    "id" : "544801405004184__113200145-M0",
    "properties" : {
      "SIRE_MENTION_CLASS" : "SPC",
      "SIRE_ENTITY_CLASS" : "SPC",
      "SIRE_MENTION_ROLE" : "Product",
      "SIRE_MENTION_TYPE" : "NONE",
      "SIRE_ENTITY_LEVEL" : "NONE",
      "SIRE_ENTITY_SUBTYPE" : "NONE"
    },
    "type" : "Product",
    "begin" : 115,
    "end" : 125,
    "inCoref" : false
  }, {
    "id" : "544801405004184__113200145-M1",
    "properties" : {
      "SIRE_MENTION_CLASS" : "SPC",
      "SIRE_ENTITY_CLASS" : "SPC",
      "SIRE_MENTION_ROLE" : "Consumer",
      "SIRE_MENTION_TYPE" : "NONE",
      "SIRE_ENTITY_LEVEL" : "NONE",
      "SIRE_ENTITY_SUBTYPE" : "NONE"
    },
    "type" : "Consumer",
    "begin" : 127,
    "end" : 128,
    "inCoref" : true
  }, {
    "id" : "s2-m2",
    "properties" : {
      "SIRE_MENTION_ROLE" : "Feature",
      "SIRE_ENTITY_SUBTYPE" : "NONE",
      "SIRE_MENTION_TYPE" : "NONE",
      "SIRE_MENTION_CLASS" : "SPC"
    },
    "type" : "Feature",
    "begin" : 151,
    "end" : 156,
    "inCoref" : false
  }, {
    "id" : "s2-m3",
    "properties" : {
      "SIRE_MENTION_ROLE" : "Feature",
      "SIRE_ENTITY_SUBTYPE" : "NONE",
      "SIRE_MENTION_TYPE" : "NONE",
      "SIRE_MENTION_CLASS" : "SPC"
    },
    "type" : "Feature",
    "begin" : 161,
    "end" : 169,
    "inCoref" : false
  }, {
    "id" : "s2-m4",
    "properties" : {
      "SIRE_MENTION_ROLE" : "Descriptor",
      "SIRE_ENTITY_SUBTYPE" : "NONE",
      "SIRE_MENTION_TYPE" : "NONE",
      "SIRE_MENTION_CLASS" : "SPC"
    },
    "type" : "Descriptor",
    "begin" : 170,
    "end" : 195,
    "inCoref" : false
  }, {
    "id" : "544801405004184__113200145-M2",
    "properties" : {
      "SIRE_MENTION_CLASS" : "SPC",
      "SIRE_ENTITY_CLASS" : "SPC",
      "SIRE_MENTION_ROLE" : "Consumer",
      "SIRE_MENTION_TYPE" : "NONE",
      "SIRE_ENTITY_LEVEL" : "NONE",
      "SIRE_ENTITY_SUBTYPE" : "NONE"
    },
    "type" : "Consumer",
    "begin" : 197,
    "end" : 198,
    "inCoref" : true
  }, {
    "id" : "s3-m2",
    "properties" : {
      "SIRE_MENTION_ROLE" : "Feature",
      "SIRE_ENTITY_SUBTYPE" : "NONE",
      "SIRE_MENTION_TYPE" : "NONE",
      "SIRE_MENTION_CLASS" : "SPC"
    },
    "type" : "Feature",
    "begin" : 247,
    "end" : 257,
    "inCoref" : false
  }, {
    "id" : "s4-m1",
    "properties" : {
      "SIRE_MENTION_ROLE" : "Feature",
      "SIRE_ENTITY_SUBTYPE" : "NONE",
      "SIRE_MENTION_TYPE" : "NONE",
      "SIRE_MENTION_CLASS" : "SPC"
    },
    "type" : "Feature",
    "begin" : 295,
    "end" : 341,
    "inCoref" : false
  }, {
    "id" : "s4-m2",
    "properties" : {
      "SIRE_MENTION_ROLE" : "Descriptor",
      "SIRE_ENTITY_SUBTYPE" : "NONE",
      "SIRE_MENTION_TYPE" : "NONE",
      "SIRE_MENTION_CLASS" : "SPC"
    },
    "type" : "Descriptor",
    "begin" : 342,
    "end" : 347,
    "inCoref" : false
  }, {
    "id" : "544801405004184__113200145-M3",
    "properties" : {
      "SIRE_MENTION_CLASS" : "SPC",
      "SIRE_ENTITY_CLASS" : "SPC",
      "SIRE_MENTION_ROLE" : "Consumer",
      "SIRE_MENTION_TYPE" : "NONE",
      "SIRE_ENTITY_LEVEL" : "NONE",
      "SIRE_ENTITY_SUBTYPE" : "NONE"
    },
    "type" : "Consumer",
    "begin" : 349,
    "end" : 350,
    "inCoref" : true
  }, {
    "id" : "s5-m3",
    "properties" : {
      "SIRE_MENTION_ROLE" : "Company",
      "SIRE_ENTITY_SUBTYPE" : "a_3rd_Party_Company",
      "SIRE_MENTION_TYPE" : "NONE",
      "SIRE_MENTION_CLASS" : "SPC"
    },
    "type" : "Company",
    "begin" : 360,
    "end" : 366,
    "inCoref" : true
  }, {
    "id" : "s5-m4",
    "properties" : {
      "SIRE_MENTION_ROLE" : "Company",
      "SIRE_ENTITY_SUBTYPE" : "a_3rd_Party_Company",
      "SIRE_MENTION_TYPE" : "NONE",
      "SIRE_MENTION_CLASS" : "SPC"
    },
    "type" : "Company",
    "begin" : 371,
    "end" : 375,
    "inCoref" : true
  }, {
    "id" : "544801405004184__113200145-M4",
    "properties" : {
      "SIRE_MENTION_CLASS" : "SPC",
      "SIRE_ENTITY_CLASS" : "SPC",
      "SIRE_MENTION_ROLE" : "Consumer",
      "SIRE_MENTION_TYPE" : "NONE",
      "SIRE_ENTITY_LEVEL" : "NONE",
      "SIRE_ENTITY_SUBTYPE" : "NONE"
    },
    "type" : "Consumer",
    "begin" : 393,
    "end" : 395,
    "inCoref" : true
  }, {
    "id" : "544801405004184__113200145-M5",
    "properties" : {
      "SIRE_MENTION_CLASS" : "SPC",
      "SIRE_ENTITY_CLASS" : "SPC",
      "SIRE_MENTION_ROLE" : "Product",
      "SIRE_MENTION_TYPE" : "NONE",
      "SIRE_ENTITY_LEVEL" : "NONE",
      "SIRE_ENTITY_SUBTYPE" : "NONE"
    },
    "type" : "Product",
    "begin" : 458,
    "end" : 468,
    "inCoref" : true
  }, {
    "id" : "544801405004184__113200145-M6",
    "properties" : {
      "SIRE_MENTION_CLASS" : "SPC",
      "SIRE_ENTITY_CLASS" : "SPC",
      "SIRE_MENTION_ROLE" : "Company",
      "SIRE_MENTION_TYPE" : "NONE",
      "SIRE_ENTITY_LEVEL" : "NONE",
      "SIRE_ENTITY_SUBTYPE" : "a_3rd_Party_Company"
    },
    "type" : "Company",
    "begin" : 504,
    "end" : 510,
    "inCoref" : true
  } ],
  "relations" : [ {
    "id" : "s0-r1",
    "properties" : { },
    "type" : "hasQuality",
    "args" : [ "s0-m2", "s0-m3" ]
  }, {
    "id" : "s1-r1",
    "properties" : { },
    "type" : "hasQuality",
    "args" : [ "s1-m2", "s1-m3" ]
  }, {
    "id" : "s1-r2",
    "properties" : { },
    "type" : "hasQuality",
    "args" : [ "544801405004184__113200145-M0", "s1-m4" ]
  }, {
    "id" : "s2-r1",
    "properties" : { },
    "type" : "hasQuality",
    "args" : [ "s2-m2", "s2-m4" ]
  }, {
    "id" : "s2-r2",
    "properties" : { },
    "type" : "hasQuality",
    "args" : [ "s2-m3", "s2-m4" ]
  }, {
    "id" : "s4-r1",
    "properties" : { },
    "type" : "hasQuality",
    "args" : [ "s4-m1", "s4-m2" ]
  } ],
  "corefs" : [ {
    "id" : "c1",
    "properties" : { },
    "mentions" : [ "s0-m1", "s0-m2", "544801405004184__113200145-M5" ]
  }, {
    "id" : "c2",
    "properties" : { },
    "mentions" : [ "544801405004184__113200145-M1", "544801405004184__113200145-M2", "544801405004184__113200145-M3", "544801405004184__113200145-M4" ]
  }, {
    "id" : "c3",
    "properties" : { },
    "mentions" : [ "s5-m3", "s5-m4", "544801405004184__113200145-M6" ]
  } ],
  "typeResolved" : true,
  "userResolved" : true
}