{
  "id" : "350668c0-2b4e-4b77-9dff-9f0ba3af12a4-9",
  "modifiedDate" : 1467753490395,
  "name" : "review83.txt",
  "version" : 2,
  "text" : "In general, this appears to be a serviceable, well-designed case. However, the two Velcro dividers used to suspend the camera above the bottom of the case were missing in the order I received. I contacted Amazon Customer Service and requested that they send me the missing items, but apparently that is contrary to their policies: They can only send me a whole new case, and I have to return the one I received. This is an inconvenience, albeit not a major one. In my opinion, both Amazon's quality control and its replacement policies are less than optimal when it comes to this item.",
  "docLength" : 585,
  "language" : "EN",
  "status" : "SUBMITTED",
  "documentSet" : [ ],
  "sentences" : [ {
    "id" : "s0",
    "begin" : 0,
    "end" : 65,
    "text" : "In general, this appears to be a serviceable, well-designed case.",
    "tokens" : [ {
      "id" : "s0-t0",
      "begin" : 0,
      "end" : 2,
      "text" : "In",
      "tokenType" : "TitlecaseAlphabetic",
      "lemma" : "in",
      "partOfSpeech" : "IN",
      "whiteSpace" : false
    }, {
      "id" : "s0-t1",
      "begin" : 3,
      "end" : 10,
      "text" : "general",
      "tokenType" : "LowercaseAlphabetic",
      "lemma" : "general",
      "partOfSpeech" : "NN",
      "whiteSpace" : false
    }, {
      "id" : "s0-t2",
      "begin" : 10,
      "end" : 11,
      "text" : ",",
      "tokenType" : "ClauseEndingPunctuation",
      "partOfSpeech" : ",",
      "whiteSpace" : false
    }, {
      "id" : "s0-t3",
      "begin" : 12,
      "end" : 16,
      "text" : "this",
      "tokenType" : "LowercaseAlphabetic",
      "lemma" : "this",
      "partOfSpeech" : "DT",
      "whiteSpace" : false
    }, {
      "id" : "s0-t4",
      "begin" : 17,
      "end" : 24,
      "text" : "appears",
      "tokenType" : "LowercaseAlphabetic",
      "lemma" : "appear",
      "partOfSpeech" : "VBZ",
      "whiteSpace" : false
    }, {
      "id" : "s0-t5",
      "begin" : 25,
      "end" : 27,
      "text" : "to",
      "tokenType" : "LowercaseAlphabetic",
      "lemma" : "to",
      "partOfSpeech" : "TO",
      "whiteSpace" : false
    }, {
      "id" : "s0-t6",
      "begin" : 28,
      "end" : 30,
      "text" : "be",
      "tokenType" : "LowercaseAlphabetic",
      "lemma" : "be",
      "partOfSpeech" : "VB",
      "whiteSpace" : false
    }, {
      "id" : "s0-t7",
      "begin" : 31,
      "end" : 32,
      "text" : "a",
      "tokenType" : "LowercaseAlphabetic",
      "lemma" : "a",
      "partOfSpeech" : "DT",
      "whiteSpace" : false
    }, {
      "id" : "s0-t8",
      "begin" : 33,
      "end" : 44,
      "text" : "serviceable",
      "tokenType" : "LowercaseAlphabetic",
      "lemma" : "serviceable",
      "partOfSpeech" : "JJ",
      "whiteSpace" : false
    }, {
      "id" : "s0-t9",
      "begin" : 44,
      "end" : 45,
      "text" : ",",
      "tokenType" : "ClauseEndingPunctuation",
      "partOfSpeech" : ",",
      "whiteSpace" : false
    }, {
      "id" : "s0-t10",
      "begin" : 46,
      "end" : 50,
      "text" : "well",
      "tokenType" : "LowercaseAlphabetic",
      "lemma" : "well",
      "partOfSpeech" : "RB",
      "whiteSpace" : false
    }, {
      "id" : "s0-t11",
      "begin" : 50,
      "end" : 51,
      "text" : "-",
      "tokenType" : "Punctuation",
      "partOfSpeech" : ":",
      "whiteSpace" : false
    }, {
      "id" : "s0-t12",
      "begin" : 51,
      "end" : 59,
      "text" : "designed",
      "tokenType" : "LowercaseAlphabetic",
      "lemma" : "design",
      "partOfSpeech" : "JJ",
      "whiteSpace" : false
    }, {
      "id" : "s0-t13",
      "begin" : 60,
      "end" : 64,
      "text" : "case",
      "tokenType" : "LowercaseAlphabetic",
      "lemma" : "case",
      "partOfSpeech" : "NN",
      "whiteSpace" : false
    }, {
      "id" : "s0-t14",
      "begin" : 64,
      "end" : 65,
      "text" : ".",
      "tokenType" : "ClauseEndingPunctuation",
      "partOfSpeech" : ".",
      "whiteSpace" : false
    } ]
  }, {
    "id" : "s1",
    "begin" : 66,
    "end" : 192,
    "text" : "However, the two Velcro dividers used to suspend the camera above the bottom of the case were missing in the order I received.",
    "tokens" : [ {
      "id" : "s1-t0",
      "begin" : 66,
      "end" : 73,
      "text" : "However",
      "tokenType" : "TitlecaseAlphabetic",
      "lemma" : "however",
      "partOfSpeech" : "RB",
      "whiteSpace" : false
    }, {
      "id" : "s1-t1",
      "begin" : 73,
      "end" : 74,
      "text" : ",",
      "tokenType" : "ClauseEndingPunctuation",
      "partOfSpeech" : ",",
      "whiteSpace" : false
    }, {
      "id" : "s1-t2",
      "begin" : 75,
      "end" : 78,
      "text" : "the",
      "tokenType" : "LowercaseAlphabetic",
      "lemma" : "the",
      "partOfSpeech" : "DT",
      "whiteSpace" : false
    }, {
      "id" : "s1-t3",
      "begin" : 79,
      "end" : 82,
      "text" : "two",
      "tokenType" : "LowercaseAlphabetic",
      "lemma" : "two",
      "partOfSpeech" : "QT",
      "whiteSpace" : false
    }, {
      "id" : "s1-t4",
      "begin" : 83,
      "end" : 89,
      "text" : "Velcro",
      "tokenType" : "TitlecaseAlphabetic",
      "lemma" : "velcro",
      "partOfSpeech" : "JJ",
      "whiteSpace" : false
    }, {
      "id" : "s1-t5",
      "begin" : 90,
      "end" : 98,
      "text" : "dividers",
      "tokenType" : "LowercaseAlphabetic",
      "lemma" : "divider",
      "partOfSpeech" : "NNS",
      "whiteSpace" : false
    }, {
      "id" : "s1-t6",
      "begin" : 99,
      "end" : 103,
      "text" : "used",
      "tokenType" : "LowercaseAlphabetic",
      "lemma" : "use",
      "partOfSpeech" : "VBD",
      "whiteSpace" : false
    }, {
      "id" : "s1-t7",
      "begin" : 104,
      "end" : 106,
      "text" : "to",
      "tokenType" : "LowercaseAlphabetic",
      "lemma" : "to",
      "partOfSpeech" : "TO",
      "whiteSpace" : false
    }, {
      "id" : "s1-t8",
      "begin" : 107,
      "end" : 114,
      "text" : "suspend",
      "tokenType" : "LowercaseAlphabetic",
      "lemma" : "suspend",
      "partOfSpeech" : "VB",
      "whiteSpace" : false
    }, {
      "id" : "s1-t9",
      "begin" : 115,
      "end" : 118,
      "text" : "the",
      "tokenType" : "LowercaseAlphabetic",
      "lemma" : "the",
      "partOfSpeech" : "DT",
      "whiteSpace" : false
    }, {
      "id" : "s1-t10",
      "begin" : 119,
      "end" : 125,
      "text" : "camera",
      "tokenType" : "LowercaseAlphabetic",
      "lemma" : "camera",
      "partOfSpeech" : "NN",
      "whiteSpace" : false
    }, {
      "id" : "s1-t11",
      "begin" : 126,
      "end" : 131,
      "text" : "above",
      "tokenType" : "LowercaseAlphabetic",
      "lemma" : "above",
      "partOfSpeech" : "IN",
      "whiteSpace" : false
    }, {
      "id" : "s1-t12",
      "begin" : 132,
      "end" : 135,
      "text" : "the",
      "tokenType" : "LowercaseAlphabetic",
      "lemma" : "the",
      "partOfSpeech" : "DT",
      "whiteSpace" : false
    }, {
      "id" : "s1-t13",
      "begin" : 136,
      "end" : 142,
      "text" : "bottom",
      "tokenType" : "LowercaseAlphabetic",
      "lemma" : "bottom",
      "partOfSpeech" : "NN",
      "whiteSpace" : false
    }, {
      "id" : "s1-t14",
      "begin" : 143,
      "end" : 145,
      "text" : "of",
      "tokenType" : "LowercaseAlphabetic",
      "lemma" : "of",
      "partOfSpeech" : "IN",
      "whiteSpace" : false
    }, {
      "id" : "s1-t15",
      "begin" : 146,
      "end" : 149,
      "text" : "the",
      "tokenType" : "LowercaseAlphabetic",
      "lemma" : "the",
      "partOfSpeech" : "DT",
      "whiteSpace" : false
    }, {
      "id" : "s1-t16",
      "begin" : 150,
      "end" : 154,
      "text" : "case",
      "tokenType" : "LowercaseAlphabetic",
      "lemma" : "case",
      "partOfSpeech" : "NN",
      "whiteSpace" : false
    }, {
      "id" : "s1-t17",
      "begin" : 155,
      "end" : 159,
      "text" : "were",
      "tokenType" : "LowercaseAlphabetic",
      "lemma" : "be",
      "partOfSpeech" : "VBD",
      "whiteSpace" : false
    }, {
      "id" : "s1-t18",
      "begin" : 160,
      "end" : 167,
      "text" : "missing",
      "tokenType" : "LowercaseAlphabetic",
      "lemma" : "miss",
      "partOfSpeech" : "VBG",
      "whiteSpace" : false
    }, {
      "id" : "s1-t19",
      "begin" : 168,
      "end" : 170,
      "text" : "in",
      "tokenType" : "LowercaseAlphabetic",
      "lemma" : "in",
      "partOfSpeech" : "IN",
      "whiteSpace" : false
    }, {
      "id" : "s1-t20",
      "begin" : 171,
      "end" : 174,
      "text" : "the",
      "tokenType" : "LowercaseAlphabetic",
      "lemma" : "the",
      "partOfSpeech" : "DT",
      "whiteSpace" : false
    }, {
      "id" : "s1-t21",
      "begin" : 175,
      "end" : 180,
      "text" : "order",
      "tokenType" : "LowercaseAlphabetic",
      "lemma" : "order",
      "partOfSpeech" : "NN",
      "whiteSpace" : false
    }, {
      "id" : "s1-t22",
      "begin" : 181,
      "end" : 182,
      "text" : "I",
      "tokenType" : "UppercaseAlphabetic",
      "lemma" : "I",
      "partOfSpeech" : "PRP",
      "whiteSpace" : false
    }, {
      "id" : "s1-t23",
      "begin" : 183,
      "end" : 191,
      "text" : "received",
      "tokenType" : "LowercaseAlphabetic",
      "lemma" : "receive",
      "partOfSpeech" : "VBD",
      "whiteSpace" : false
    }, {
      "id" : "s1-t24",
      "begin" : 191,
      "end" : 192,
      "text" : ".",
      "tokenType" : "ClauseEndingPunctuation",
      "partOfSpeech" : ".",
      "whiteSpace" : false
    } ]
  }, {
    "id" : "s2",
    "begin" : 193,
    "end" : 411,
    "text" : "I contacted Amazon Customer Service and requested that they send me the missing items, but apparently that is contrary to their policies: They can only send me a whole new case, and I have to return the one I received.",
    "tokens" : [ {
      "id" : "s2-t0",
      "begin" : 193,
      "end" : 194,
      "text" : "I",
      "tokenType" : "UppercaseAlphabetic",
      "lemma" : "I",
      "partOfSpeech" : "PRP",
      "whiteSpace" : false
    }, {
      "id" : "s2-t1",
      "begin" : 195,
      "end" : 204,
      "text" : "contacted",
      "tokenType" : "LowercaseAlphabetic",
      "lemma" : "contact",
      "partOfSpeech" : "VBD",
      "whiteSpace" : false
    }, {
      "id" : "s2-t2",
      "begin" : 205,
      "end" : 211,
      "text" : "Amazon",
      "tokenType" : "TitlecaseAlphabetic",
      "lemma" : "Amazon",
      "partOfSpeech" : "NN",
      "whiteSpace" : false
    }, {
      "id" : "s2-t3",
      "begin" : 212,
      "end" : 220,
      "text" : "Customer",
      "tokenType" : "TitlecaseAlphabetic",
      "lemma" : "customer",
      "partOfSpeech" : "NN",
      "whiteSpace" : false
    }, {
      "id" : "s2-t4",
      "begin" : 221,
      "end" : 228,
      "text" : "Service",
      "tokenType" : "TitlecaseAlphabetic",
      "lemma" : "service",
      "partOfSpeech" : "NN",
      "whiteSpace" : false
    }, {
      "id" : "s2-t5",
      "begin" : 229,
      "end" : 232,
      "text" : "and",
      "tokenType" : "LowercaseAlphabetic",
      "lemma" : "and",
      "partOfSpeech" : "CC",
      "whiteSpace" : false
    }, {
      "id" : "s2-t6",
      "begin" : 233,
      "end" : 242,
      "text" : "requested",
      "tokenType" : "LowercaseAlphabetic",
      "lemma" : "request",
      "partOfSpeech" : "VBD",
      "whiteSpace" : false
    }, {
      "id" : "s2-t7",
      "begin" : 243,
      "end" : 247,
      "text" : "that",
      "tokenType" : "LowercaseAlphabetic",
      "lemma" : "that",
      "partOfSpeech" : "IN",
      "whiteSpace" : false
    }, {
      "id" : "s2-t8",
      "begin" : 248,
      "end" : 252,
      "text" : "they",
      "tokenType" : "LowercaseAlphabetic",
      "lemma" : "they",
      "partOfSpeech" : "PRP",
      "whiteSpace" : false
    }, {
      "id" : "s2-t9",
      "begin" : 253,
      "end" : 257,
      "text" : "send",
      "tokenType" : "LowercaseAlphabetic",
      "lemma" : "send",
      "partOfSpeech" : "VBP",
      "whiteSpace" : false
    }, {
      "id" : "s2-t10",
      "begin" : 258,
      "end" : 260,
      "text" : "me",
      "tokenType" : "LowercaseAlphabetic",
      "lemma" : "I",
      "partOfSpeech" : "PRP",
      "whiteSpace" : false
    }, {
      "id" : "s2-t11",
      "begin" : 261,
      "end" : 264,
      "text" : "the",
      "tokenType" : "LowercaseAlphabetic",
      "lemma" : "the",
      "partOfSpeech" : "DT",
      "whiteSpace" : false
    }, {
      "id" : "s2-t12",
      "begin" : 265,
      "end" : 272,
      "text" : "missing",
      "tokenType" : "LowercaseAlphabetic",
      "lemma" : "miss",
      "partOfSpeech" : "VBG",
      "whiteSpace" : false
    }, {
      "id" : "s2-t13",
      "begin" : 273,
      "end" : 278,
      "text" : "items",
      "tokenType" : "LowercaseAlphabetic",
      "lemma" : "item",
      "partOfSpeech" : "NNS",
      "whiteSpace" : false
    }, {
      "id" : "s2-t14",
      "begin" : 278,
      "end" : 279,
      "text" : ",",
      "tokenType" : "ClauseEndingPunctuation",
      "partOfSpeech" : ",",
      "whiteSpace" : false
    }, {
      "id" : "s2-t15",
      "begin" : 280,
      "end" : 283,
      "text" : "but",
      "tokenType" : "LowercaseAlphabetic",
      "lemma" : "but",
      "partOfSpeech" : "CC",
      "whiteSpace" : false
    }, {
      "id" : "s2-t16",
      "begin" : 284,
      "end" : 294,
      "text" : "apparently",
      "tokenType" : "LowercaseAlphabetic",
      "lemma" : "apparently",
      "partOfSpeech" : "RB",
      "whiteSpace" : false
    }, {
      "id" : "s2-t17",
      "begin" : 295,
      "end" : 299,
      "text" : "that",
      "tokenType" : "LowercaseAlphabetic",
      "lemma" : "that",
      "partOfSpeech" : "WDT",
      "whiteSpace" : false
    }, {
      "id" : "s2-t18",
      "begin" : 300,
      "end" : 302,
      "text" : "is",
      "tokenType" : "LowercaseAlphabetic",
      "lemma" : "be",
      "partOfSpeech" : "VBZ",
      "whiteSpace" : false
    }, {
      "id" : "s2-t19",
      "begin" : 303,
      "end" : 311,
      "text" : "contrary",
      "tokenType" : "LowercaseAlphabetic",
      "lemma" : "contrary",
      "partOfSpeech" : "RB",
      "whiteSpace" : false
    }, {
      "id" : "s2-t20",
      "begin" : 312,
      "end" : 314,
      "text" : "to",
      "tokenType" : "LowercaseAlphabetic",
      "lemma" : "to",
      "partOfSpeech" : "IN",
      "whiteSpace" : false
    }, {
      "id" : "s2-t21",
      "begin" : 315,
      "end" : 320,
      "text" : "their",
      "tokenType" : "LowercaseAlphabetic",
      "lemma" : "their",
      "partOfSpeech" : "PRP$",
      "whiteSpace" : false
    }, {
      "id" : "s2-t22",
      "begin" : 321,
      "end" : 329,
      "text" : "policies",
      "tokenType" : "LowercaseAlphabetic",
      "lemma" : "policy",
      "partOfSpeech" : "NNS",
      "whiteSpace" : false
    }, {
      "id" : "s2-t23",
      "begin" : 329,
      "end" : 330,
      "text" : ":",
      "tokenType" : "ClauseEndingPunctuation",
      "partOfSpeech" : ":",
      "whiteSpace" : false
    }, {
      "id" : "s2-t24",
      "begin" : 331,
      "end" : 335,
      "text" : "They",
      "tokenType" : "TitlecaseAlphabetic",
      "lemma" : "they",
      "partOfSpeech" : "PRP",
      "whiteSpace" : false
    }, {
      "id" : "s2-t25",
      "begin" : 336,
      "end" : 339,
      "text" : "can",
      "tokenType" : "LowercaseAlphabetic",
      "lemma" : "can",
      "partOfSpeech" : "MD",
      "whiteSpace" : false
    }, {
      "id" : "s2-t26",
      "begin" : 340,
      "end" : 344,
      "text" : "only",
      "tokenType" : "LowercaseAlphabetic",
      "lemma" : "only",
      "partOfSpeech" : "RB",
      "whiteSpace" : false
    }, {
      "id" : "s2-t27",
      "begin" : 345,
      "end" : 349,
      "text" : "send",
      "tokenType" : "LowercaseAlphabetic",
      "lemma" : "send",
      "partOfSpeech" : "VB",
      "whiteSpace" : false
    }, {
      "id" : "s2-t28",
      "begin" : 350,
      "end" : 352,
      "text" : "me",
      "tokenType" : "LowercaseAlphabetic",
      "lemma" : "I",
      "partOfSpeech" : "PRP",
      "whiteSpace" : false
    }, {
      "id" : "s2-t29",
      "begin" : 353,
      "end" : 354,
      "text" : "a",
      "tokenType" : "LowercaseAlphabetic",
      "lemma" : "a",
      "partOfSpeech" : "DT",
      "whiteSpace" : false
    }, {
      "id" : "s2-t30",
      "begin" : 355,
      "end" : 360,
      "text" : "whole",
      "tokenType" : "LowercaseAlphabetic",
      "lemma" : "whole",
      "partOfSpeech" : "JJ",
      "whiteSpace" : false
    }, {
      "id" : "s2-t31",
      "begin" : 361,
      "end" : 364,
      "text" : "new",
      "tokenType" : "LowercaseAlphabetic",
      "lemma" : "new",
      "partOfSpeech" : "JJ",
      "whiteSpace" : false
    }, {
      "id" : "s2-t32",
      "begin" : 365,
      "end" : 369,
      "text" : "case",
      "tokenType" : "LowercaseAlphabetic",
      "lemma" : "case",
      "partOfSpeech" : "NN",
      "whiteSpace" : false
    }, {
      "id" : "s2-t33",
      "begin" : 369,
      "end" : 370,
      "text" : ",",
      "tokenType" : "ClauseEndingPunctuation",
      "partOfSpeech" : ",",
      "whiteSpace" : false
    }, {
      "id" : "s2-t34",
      "begin" : 371,
      "end" : 374,
      "text" : "and",
      "tokenType" : "LowercaseAlphabetic",
      "lemma" : "and",
      "partOfSpeech" : "CC",
      "whiteSpace" : false
    }, {
      "id" : "s2-t35",
      "begin" : 375,
      "end" : 376,
      "text" : "I",
      "tokenType" : "UppercaseAlphabetic",
      "lemma" : "I",
      "partOfSpeech" : "PRP",
      "whiteSpace" : false
    }, {
      "id" : "s2-t36",
      "begin" : 377,
      "end" : 381,
      "text" : "have",
      "tokenType" : "LowercaseAlphabetic",
      "lemma" : "have",
      "partOfSpeech" : "VBP",
      "whiteSpace" : false
    }, {
      "id" : "s2-t37",
      "begin" : 382,
      "end" : 384,
      "text" : "to",
      "tokenType" : "LowercaseAlphabetic",
      "lemma" : "to",
      "partOfSpeech" : "TO",
      "whiteSpace" : false
    }, {
      "id" : "s2-t38",
      "begin" : 385,
      "end" : 391,
      "text" : "return",
      "tokenType" : "LowercaseAlphabetic",
      "lemma" : "return",
      "partOfSpeech" : "VB",
      "whiteSpace" : false
    }, {
      "id" : "s2-t39",
      "begin" : 392,
      "end" : 395,
      "text" : "the",
      "tokenType" : "LowercaseAlphabetic",
      "lemma" : "the",
      "partOfSpeech" : "DT",
      "whiteSpace" : false
    }, {
      "id" : "s2-t40",
      "begin" : 396,
      "end" : 399,
      "text" : "one",
      "tokenType" : "LowercaseAlphabetic",
      "lemma" : "one",
      "partOfSpeech" : "QT",
      "whiteSpace" : false
    }, {
      "id" : "s2-t41",
      "begin" : 400,
      "end" : 401,
      "text" : "I",
      "tokenType" : "UppercaseAlphabetic",
      "lemma" : "I",
      "partOfSpeech" : "PRP",
      "whiteSpace" : false
    }, {
      "id" : "s2-t42",
      "begin" : 402,
      "end" : 410,
      "text" : "received",
      "tokenType" : "LowercaseAlphabetic",
      "lemma" : "receive",
      "partOfSpeech" : "VBD",
      "whiteSpace" : false
    }, {
      "id" : "s2-t43",
      "begin" : 410,
      "end" : 411,
      "text" : ".",
      "tokenType" : "ClauseEndingPunctuation",
      "partOfSpeech" : ".",
      "whiteSpace" : false
    } ]
  }, {
    "id" : "s3",
    "begin" : 412,
    "end" : 461,
    "text" : "This is an inconvenience, albeit not a major one.",
    "tokens" : [ {
      "id" : "s3-t0",
      "begin" : 412,
      "end" : 416,
      "text" : "This",
      "tokenType" : "TitlecaseAlphabetic",
      "lemma" : "this",
      "partOfSpeech" : "DT",
      "whiteSpace" : false
    }, {
      "id" : "s3-t1",
      "begin" : 417,
      "end" : 419,
      "text" : "is",
      "tokenType" : "LowercaseAlphabetic",
      "lemma" : "be",
      "partOfSpeech" : "VBZ",
      "whiteSpace" : false
    }, {
      "id" : "s3-t2",
      "begin" : 420,
      "end" : 422,
      "text" : "an",
      "tokenType" : "LowercaseAlphabetic",
      "lemma" : "an",
      "partOfSpeech" : "DT",
      "whiteSpace" : false
    }, {
      "id" : "s3-t3",
      "begin" : 423,
      "end" : 436,
      "text" : "inconvenience",
      "tokenType" : "LowercaseAlphabetic",
      "lemma" : "inconvenience",
      "partOfSpeech" : "NN",
      "whiteSpace" : false
    }, {
      "id" : "s3-t4",
      "begin" : 436,
      "end" : 437,
      "text" : ",",
      "tokenType" : "ClauseEndingPunctuation",
      "partOfSpeech" : ",",
      "whiteSpace" : false
    }, {
      "id" : "s3-t5",
      "begin" : 438,
      "end" : 444,
      "text" : "albeit",
      "tokenType" : "LowercaseAlphabetic",
      "lemma" : "albeit",
      "partOfSpeech" : "CC",
      "whiteSpace" : false
    }, {
      "id" : "s3-t6",
      "begin" : 445,
      "end" : 448,
      "text" : "not",
      "tokenType" : "LowercaseAlphabetic",
      "lemma" : "not",
      "partOfSpeech" : "RB",
      "whiteSpace" : false
    }, {
      "id" : "s3-t7",
      "begin" : 449,
      "end" : 450,
      "text" : "a",
      "tokenType" : "LowercaseAlphabetic",
      "lemma" : "a",
      "partOfSpeech" : "DT",
      "whiteSpace" : false
    }, {
      "id" : "s3-t8",
      "begin" : 451,
      "end" : 456,
      "text" : "major",
      "tokenType" : "LowercaseAlphabetic",
      "lemma" : "major",
      "partOfSpeech" : "JJ",
      "whiteSpace" : false
    }, {
      "id" : "s3-t9",
      "begin" : 457,
      "end" : 460,
      "text" : "one",
      "tokenType" : "LowercaseAlphabetic",
      "lemma" : "one",
      "partOfSpeech" : "NN",
      "whiteSpace" : false
    }, {
      "id" : "s3-t10",
      "begin" : 460,
      "end" : 461,
      "text" : ".",
      "tokenType" : "ClauseEndingPunctuation",
      "partOfSpeech" : ".",
      "whiteSpace" : false
    } ]
  }, {
    "id" : "s4",
    "begin" : 462,
    "end" : 585,
    "text" : "In my opinion, both Amazon's quality control and its replacement policies are less than optimal when it comes to this item.",
    "tokens" : [ {
      "id" : "s4-t0",
      "begin" : 462,
      "end" : 464,
      "text" : "In",
      "tokenType" : "TitlecaseAlphabetic",
      "lemma" : "in",
      "partOfSpeech" : "IN",
      "whiteSpace" : false
    }, {
      "id" : "s4-t1",
      "begin" : 465,
      "end" : 467,
      "text" : "my",
      "tokenType" : "LowercaseAlphabetic",
      "lemma" : "my",
      "partOfSpeech" : "PRP$",
      "whiteSpace" : false
    }, {
      "id" : "s4-t2",
      "begin" : 468,
      "end" : 475,
      "text" : "opinion",
      "tokenType" : "LowercaseAlphabetic",
      "lemma" : "opinion",
      "partOfSpeech" : "NN",
      "whiteSpace" : false
    }, {
      "id" : "s4-t3",
      "begin" : 475,
      "end" : 476,
      "text" : ",",
      "tokenType" : "ClauseEndingPunctuation",
      "partOfSpeech" : ",",
      "whiteSpace" : false
    }, {
      "id" : "s4-t4",
      "begin" : 477,
      "end" : 481,
      "text" : "both",
      "tokenType" : "LowercaseAlphabetic",
      "lemma" : "both",
      "partOfSpeech" : "DT",
      "whiteSpace" : false
    }, {
      "id" : "s4-t5",
      "begin" : 482,
      "end" : 488,
      "text" : "Amazon",
      "tokenType" : "TitlecaseAlphabetic",
      "lemma" : "Amazon",
      "partOfSpeech" : "NN",
      "whiteSpace" : false
    }, {
      "id" : "s4-t6",
      "begin" : 488,
      "end" : 490,
      "text" : "'s",
      "tokenType" : "TokenAnnotation",
      "lemma" : "'s",
      "partOfSpeech" : "POS",
      "whiteSpace" : false
    }, {
      "id" : "s4-t7",
      "begin" : 491,
      "end" : 498,
      "text" : "quality",
      "tokenType" : "LowercaseAlphabetic",
      "lemma" : "quality",
      "partOfSpeech" : "NN",
      "whiteSpace" : false
    }, {
      "id" : "s4-t8",
      "begin" : 499,
      "end" : 506,
      "text" : "control",
      "tokenType" : "LowercaseAlphabetic",
      "lemma" : "control",
      "partOfSpeech" : "NN",
      "whiteSpace" : false
    }, {
      "id" : "s4-t9",
      "begin" : 507,
      "end" : 510,
      "text" : "and",
      "tokenType" : "LowercaseAlphabetic",
      "lemma" : "and",
      "partOfSpeech" : "CC",
      "whiteSpace" : false
    }, {
      "id" : "s4-t10",
      "begin" : 511,
      "end" : 514,
      "text" : "its",
      "tokenType" : "LowercaseAlphabetic",
      "lemma" : "it",
      "partOfSpeech" : "PRP$",
      "whiteSpace" : false
    }, {
      "id" : "s4-t11",
      "begin" : 515,
      "end" : 526,
      "text" : "replacement",
      "tokenType" : "LowercaseAlphabetic",
      "lemma" : "replacement",
      "partOfSpeech" : "NN",
      "whiteSpace" : false
    }, {
      "id" : "s4-t12",
      "begin" : 527,
      "end" : 535,
      "text" : "policies",
      "tokenType" : "LowercaseAlphabetic",
      "lemma" : "policy",
      "partOfSpeech" : "NNS",
      "whiteSpace" : false
    }, {
      "id" : "s4-t13",
      "begin" : 536,
      "end" : 539,
      "text" : "are",
      "tokenType" : "LowercaseAlphabetic",
      "lemma" : "be",
      "partOfSpeech" : "VBP",
      "whiteSpace" : false
    }, {
      "id" : "s4-t14",
      "begin" : 540,
      "end" : 544,
      "text" : "less",
      "tokenType" : "LowercaseAlphabetic",
      "lemma" : "little",
      "partOfSpeech" : "JJR",
      "whiteSpace" : false
    }, {
      "id" : "s4-t15",
      "begin" : 545,
      "end" : 549,
      "text" : "than",
      "tokenType" : "LowercaseAlphabetic",
      "lemma" : "than",
      "partOfSpeech" : "IN",
      "whiteSpace" : false
    }, {
      "id" : "s4-t16",
      "begin" : 550,
      "end" : 557,
      "text" : "optimal",
      "tokenType" : "LowercaseAlphabetic",
      "lemma" : "optimal",
      "partOfSpeech" : "JJ",
      "whiteSpace" : false
    }, {
      "id" : "s4-t17",
      "begin" : 558,
      "end" : 562,
      "text" : "when",
      "tokenType" : "LowercaseAlphabetic",
      "lemma" : "when",
      "partOfSpeech" : "WRB",
      "whiteSpace" : false
    }, {
      "id" : "s4-t18",
      "begin" : 563,
      "end" : 565,
      "text" : "it",
      "tokenType" : "LowercaseAlphabetic",
      "lemma" : "it",
      "partOfSpeech" : "PRP",
      "whiteSpace" : false
    }, {
      "id" : "s4-t19",
      "begin" : 566,
      "end" : 571,
      "text" : "comes",
      "tokenType" : "LowercaseAlphabetic",
      "lemma" : "come",
      "partOfSpeech" : "VBZ",
      "whiteSpace" : false
    }, {
      "id" : "s4-t20",
      "begin" : 572,
      "end" : 574,
      "text" : "to",
      "tokenType" : "LowercaseAlphabetic",
      "lemma" : "to",
      "partOfSpeech" : "IN",
      "whiteSpace" : false
    }, {
      "id" : "s4-t21",
      "begin" : 575,
      "end" : 579,
      "text" : "this",
      "tokenType" : "LowercaseAlphabetic",
      "lemma" : "this",
      "partOfSpeech" : "DT",
      "whiteSpace" : false
    }, {
      "id" : "s4-t22",
      "begin" : 580,
      "end" : 584,
      "text" : "item",
      "tokenType" : "LowercaseAlphabetic",
      "lemma" : "item",
      "partOfSpeech" : "NN",
      "whiteSpace" : false
    }, {
      "id" : "s4-t23",
      "begin" : 584,
      "end" : 585,
      "text" : ".",
      "tokenType" : "ClauseEndingPunctuation",
      "partOfSpeech" : ".",
      "whiteSpace" : false
    } ]
  } ],
  "mentions" : [ {
    "id" : "s0-m1",
    "properties" : {
      "SIRE_MENTION_ROLE" : "Product",
      "SIRE_ENTITY_SUBTYPE" : "NONE",
      "SIRE_MENTION_TYPE" : "NONE",
      "SIRE_MENTION_CLASS" : "SPC"
    },
    "type" : "Product",
    "begin" : 12,
    "end" : 16,
    "inCoref" : true
  }, {
    "id" : "s0-m2",
    "properties" : {
      "SIRE_MENTION_ROLE" : "Descriptor",
      "SIRE_ENTITY_SUBTYPE" : "NONE",
      "SIRE_MENTION_TYPE" : "NONE",
      "SIRE_MENTION_CLASS" : "SPC"
    },
    "type" : "Descriptor",
    "begin" : 33,
    "end" : 44,
    "inCoref" : false
  }, {
    "id" : "s0-m3",
    "properties" : {
      "SIRE_MENTION_ROLE" : "Descriptor",
      "SIRE_ENTITY_SUBTYPE" : "NONE",
      "SIRE_MENTION_TYPE" : "NONE",
      "SIRE_MENTION_CLASS" : "SPC"
    },
    "type" : "Descriptor",
    "begin" : 46,
    "end" : 59,
    "inCoref" : false
  }, {
    "id" : "s0-m4",
    "properties" : {
      "SIRE_MENTION_ROLE" : "Product",
      "SIRE_ENTITY_SUBTYPE" : "NONE",
      "SIRE_MENTION_TYPE" : "NONE",
      "SIRE_MENTION_CLASS" : "SPC"
    },
    "type" : "Product",
    "begin" : 60,
    "end" : 64,
    "inCoref" : true
  }, {
    "id" : "s1-m2",
    "properties" : {
      "SIRE_MENTION_ROLE" : "Feature",
      "SIRE_ENTITY_SUBTYPE" : "NONE",
      "SIRE_MENTION_TYPE" : "NONE",
      "SIRE_MENTION_CLASS" : "SPC"
    },
    "type" : "Feature",
    "begin" : 79,
    "end" : 98,
    "inCoref" : true
  }, {
    "id" : "s1-m3",
    "properties" : {
      "SIRE_MENTION_ROLE" : "Descriptor",
      "SIRE_ENTITY_SUBTYPE" : "NONE",
      "SIRE_MENTION_TYPE" : "NONE",
      "SIRE_MENTION_CLASS" : "SPC"
    },
    "type" : "Descriptor",
    "begin" : 160,
    "end" : 167,
    "inCoref" : false
  }, {
    "id" : "s1-m0",
    "properties" : {
      "SIRE_MENTION_CLASS" : "SPC",
      "SIRE_ENTITY_SUBTYPE" : "NONE",
      "SIRE_MENTION_TYPE" : "NONE",
      "SIRE_MENTION_ROLE" : "Consumer"
    },
    "type" : "Consumer",
    "begin" : 181,
    "end" : 182,
    "inCoref" : true
  }, {
    "id" : "s2-m0",
    "properties" : {
      "SIRE_MENTION_CLASS" : "SPC",
      "SIRE_ENTITY_SUBTYPE" : "NONE",
      "SIRE_MENTION_TYPE" : "NONE",
      "SIRE_MENTION_ROLE" : "Consumer"
    },
    "type" : "Consumer",
    "begin" : 193,
    "end" : 194,
    "inCoref" : true
  }, {
    "id" : "s2-m1",
    "properties" : {
      "SIRE_MENTION_CLASS" : "SPC",
      "SIRE_ENTITY_SUBTYPE" : "NONE",
      "SIRE_MENTION_TYPE" : "NONE",
      "SIRE_MENTION_ROLE" : "Company"
    },
    "type" : "Company",
    "begin" : 205,
    "end" : 211,
    "inCoref" : true
  }, {
    "id" : "s2-m2",
    "properties" : {
      "SIRE_MENTION_CLASS" : "SPC",
      "SIRE_ENTITY_SUBTYPE" : "NONE",
      "SIRE_MENTION_TYPE" : "NONE",
      "SIRE_MENTION_ROLE" : "Customer_Service"
    },
    "type" : "Customer_Service",
    "begin" : 212,
    "end" : 228,
    "inCoref" : false
  }, {
    "id" : "s2-m3",
    "properties" : {
      "SIRE_MENTION_CLASS" : "SPC",
      "SIRE_ENTITY_SUBTYPE" : "NONE",
      "SIRE_MENTION_TYPE" : "NONE",
      "SIRE_MENTION_ROLE" : "Consumer"
    },
    "type" : "Consumer",
    "begin" : 258,
    "end" : 260,
    "inCoref" : true
  }, {
    "id" : "s2-m8",
    "properties" : {
      "SIRE_MENTION_ROLE" : "Descriptor",
      "SIRE_ENTITY_SUBTYPE" : "NONE",
      "SIRE_MENTION_TYPE" : "NONE",
      "SIRE_MENTION_CLASS" : "SPC"
    },
    "type" : "Descriptor",
    "begin" : 265,
    "end" : 272,
    "inCoref" : false
  }, {
    "id" : "s2-m9",
    "properties" : {
      "SIRE_MENTION_ROLE" : "Feature",
      "SIRE_ENTITY_SUBTYPE" : "NONE",
      "SIRE_MENTION_TYPE" : "NONE",
      "SIRE_MENTION_CLASS" : "SPC"
    },
    "type" : "Feature",
    "begin" : 273,
    "end" : 278,
    "inCoref" : true
  }, {
    "id" : "s2-m4",
    "properties" : {
      "SIRE_MENTION_CLASS" : "SPC",
      "SIRE_ENTITY_SUBTYPE" : "NONE",
      "SIRE_MENTION_TYPE" : "NONE",
      "SIRE_MENTION_ROLE" : "Consumer"
    },
    "type" : "Consumer",
    "begin" : 350,
    "end" : 352,
    "inCoref" : true
  }, {
    "id" : "s2-m10",
    "properties" : {
      "SIRE_MENTION_ROLE" : "Product",
      "SIRE_ENTITY_SUBTYPE" : "NONE",
      "SIRE_MENTION_TYPE" : "NONE",
      "SIRE_MENTION_CLASS" : "SPC"
    },
    "type" : "Product",
    "begin" : 365,
    "end" : 369,
    "inCoref" : true
  }, {
    "id" : "s2-m5",
    "properties" : {
      "SIRE_MENTION_CLASS" : "SPC",
      "SIRE_ENTITY_SUBTYPE" : "NONE",
      "SIRE_MENTION_TYPE" : "NONE",
      "SIRE_MENTION_ROLE" : "Consumer"
    },
    "type" : "Consumer",
    "begin" : 375,
    "end" : 376,
    "inCoref" : true
  }, {
    "id" : "s2-m6",
    "properties" : {
      "SIRE_MENTION_CLASS" : "SPC",
      "SIRE_ENTITY_SUBTYPE" : "NONE",
      "SIRE_MENTION_TYPE" : "NONE",
      "SIRE_MENTION_ROLE" : "Consumer"
    },
    "type" : "Consumer",
    "begin" : 400,
    "end" : 401,
    "inCoref" : true
  }, {
    "id" : "s4-m0",
    "properties" : {
      "SIRE_MENTION_CLASS" : "SPC",
      "SIRE_ENTITY_SUBTYPE" : "NONE",
      "SIRE_MENTION_TYPE" : "NONE",
      "SIRE_MENTION_ROLE" : "Company"
    },
    "type" : "Company",
    "begin" : 482,
    "end" : 488,
    "inCoref" : true
  }, {
    "id" : "s4-m2",
    "properties" : {
      "SIRE_MENTION_ROLE" : "Feature",
      "SIRE_ENTITY_SUBTYPE" : "NONE",
      "SIRE_MENTION_TYPE" : "NONE",
      "SIRE_MENTION_CLASS" : "SPC"
    },
    "type" : "Feature",
    "begin" : 491,
    "end" : 506,
    "inCoref" : false
  }, {
    "id" : "s4-m3",
    "properties" : {
      "SIRE_MENTION_ROLE" : "Feature",
      "SIRE_ENTITY_SUBTYPE" : "NONE",
      "SIRE_MENTION_TYPE" : "NONE",
      "SIRE_MENTION_CLASS" : "SPC"
    },
    "type" : "Feature",
    "begin" : 515,
    "end" : 535,
    "inCoref" : false
  }, {
    "id" : "s4-m4",
    "properties" : {
      "SIRE_MENTION_ROLE" : "Descriptor",
      "SIRE_ENTITY_SUBTYPE" : "NONE",
      "SIRE_MENTION_TYPE" : "NONE",
      "SIRE_MENTION_CLASS" : "SPC"
    },
    "type" : "Descriptor",
    "begin" : 540,
    "end" : 557,
    "inCoref" : false
  } ],
  "relations" : [ {
    "id" : "s0-r1",
    "properties" : { },
    "type" : "hasQuality",
    "args" : [ "s0-m1", "s0-m2" ]
  }, {
    "id" : "s0-r2",
    "properties" : { },
    "type" : "hasQuality",
    "args" : [ "s0-m1", "s0-m3" ]
  }, {
    "id" : "s0-r3",
    "properties" : { },
    "type" : "hasQuality",
    "args" : [ "s0-m4", "s0-m2" ]
  }, {
    "id" : "s0-r4",
    "properties" : { },
    "type" : "hasQuality",
    "args" : [ "s0-m4", "s0-m3" ]
  }, {
    "id" : "s1-r1",
    "properties" : { },
    "type" : "hasQuality",
    "args" : [ "s1-m2", "s1-m3" ]
  }, {
    "id" : "s2-r1",
    "properties" : { },
    "type" : "isAPartOf",
    "args" : [ "s2-m2", "s2-m1" ]
  }, {
    "id" : "s2-r2",
    "properties" : { },
    "type" : "hasQuality",
    "args" : [ "s2-m9", "s2-m8" ]
  }, {
    "id" : "s4-r1",
    "properties" : { },
    "type" : "hasQuality",
    "args" : [ "s4-m3", "s4-m4" ]
  }, {
    "id" : "s4-r2",
    "properties" : { },
    "type" : "hasQuality",
    "args" : [ "s4-m2", "s4-m4" ]
  } ],
  "corefs" : [ {
    "id" : "c1",
    "properties" : { },
    "mentions" : [ "s1-m0", "s2-m0", "s2-m4", "s2-m3", "s2-m5", "s2-m6" ]
  }, {
    "id" : "c2",
    "properties" : { },
    "mentions" : [ "s4-m0", "s2-m1" ]
  }, {
    "id" : "c3",
    "properties" : { },
    "mentions" : [ "s0-m1", "s0-m4", "s2-m10" ]
  }, {
    "id" : "c4",
    "properties" : { },
    "mentions" : [ "s1-m2", "s2-m9" ]
  } ],
  "typeResolved" : true,
  "userResolved" : true
}