{
  "id" : "350668c0-2b4e-4b77-9dff-9f0ba3af12a4-11",
  "modifiedDate" : 1467860051453,
  "name" : "review85.txt",
  "version" : 2,
  "text" : "Excellent TV with excellent picture quality. Customer service was excellent as always from Amazon. Very pleased with this purchase.\r",
  "docLength" : 132,
  "language" : "EN",
  "status" : "SUBMITTED",
  "documentSet" : [ ],
  "sentences" : [ {
    "id" : "s0",
    "begin" : 0,
    "end" : 44,
    "text" : "Excellent TV with excellent picture quality.",
    "tokens" : [ {
      "id" : "s0-t0",
      "begin" : 0,
      "end" : 9,
      "text" : "Excellent",
      "whiteSpace" : false
    }, {
      "id" : "s0-t1",
      "begin" : 10,
      "end" : 12,
      "text" : "TV",
      "whiteSpace" : false
    }, {
      "id" : "s0-t2",
      "begin" : 13,
      "end" : 17,
      "text" : "with",
      "whiteSpace" : false
    }, {
      "id" : "s0-t3",
      "begin" : 18,
      "end" : 27,
      "text" : "excellent",
      "whiteSpace" : false
    }, {
      "id" : "s0-t4",
      "begin" : 28,
      "end" : 35,
      "text" : "picture",
      "whiteSpace" : false
    }, {
      "id" : "s0-t5",
      "begin" : 36,
      "end" : 43,
      "text" : "quality",
      "whiteSpace" : false
    }, {
      "id" : "s0-t6",
      "begin" : 43,
      "end" : 44,
      "text" : ".",
      "whiteSpace" : false
    } ]
  }, {
    "id" : "s1",
    "begin" : 45,
    "end" : 98,
    "text" : "Customer service was excellent as always from Amazon.",
    "tokens" : [ {
      "id" : "s1-t0",
      "begin" : 45,
      "end" : 53,
      "text" : "Customer",
      "whiteSpace" : false
    }, {
      "id" : "s1-t1",
      "begin" : 54,
      "end" : 61,
      "text" : "service",
      "whiteSpace" : false
    }, {
      "id" : "s1-t2",
      "begin" : 62,
      "end" : 65,
      "text" : "was",
      "whiteSpace" : false
    }, {
      "id" : "s1-t3",
      "begin" : 66,
      "end" : 75,
      "text" : "excellent",
      "whiteSpace" : false
    }, {
      "id" : "s1-t4",
      "begin" : 76,
      "end" : 78,
      "text" : "as",
      "whiteSpace" : false
    }, {
      "id" : "s1-t5",
      "begin" : 79,
      "end" : 85,
      "text" : "always",
      "whiteSpace" : false
    }, {
      "id" : "s1-t6",
      "begin" : 86,
      "end" : 90,
      "text" : "from",
      "whiteSpace" : false
    }, {
      "id" : "s1-t7",
      "begin" : 91,
      "end" : 97,
      "text" : "Amazon",
      "whiteSpace" : false
    }, {
      "id" : "s1-t8",
      "begin" : 97,
      "end" : 98,
      "text" : ".",
      "whiteSpace" : false
    } ]
  }, {
    "id" : "s2",
    "begin" : 99,
    "end" : 131,
    "text" : "Very pleased with this purchase.",
    "tokens" : [ {
      "id" : "s2-t0",
      "begin" : 99,
      "end" : 103,
      "text" : "Very",
      "whiteSpace" : false
    }, {
      "id" : "s2-t1",
      "begin" : 104,
      "end" : 111,
      "text" : "pleased",
      "whiteSpace" : false
    }, {
      "id" : "s2-t2",
      "begin" : 112,
      "end" : 116,
      "text" : "with",
      "whiteSpace" : false
    }, {
      "id" : "s2-t3",
      "begin" : 117,
      "end" : 121,
      "text" : "this",
      "whiteSpace" : false
    }, {
      "id" : "s2-t4",
      "begin" : 122,
      "end" : 130,
      "text" : "purchase",
      "whiteSpace" : false
    }, {
      "id" : "s2-t5",
      "begin" : 130,
      "end" : 131,
      "text" : ".",
      "whiteSpace" : false
    } ]
  } ],
  "mentions" : [ {
    "id" : "s0-m2",
    "properties" : {
      "SIRE_MENTION_ROLE" : "Descriptor",
      "SIRE_ENTITY_SUBTYPE" : "NONE",
      "SIRE_MENTION_TYPE" : "NONE",
      "SIRE_MENTION_CLASS" : "SPC"
    },
    "type" : "Descriptor",
    "begin" : 0,
    "end" : 9,
    "inCoref" : false
  }, {
    "id" : "544801319746838__113200145-M0",
    "properties" : {
      "SIRE_MENTION_CLASS" : "SPC",
      "SIRE_ENTITY_CLASS" : "SPC",
      "SIRE_MENTION_ROLE" : "Product",
      "SIRE_MENTION_TYPE" : "NONE",
      "SIRE_ENTITY_LEVEL" : "NONE",
      "SIRE_ENTITY_SUBTYPE" : "NONE"
    },
    "type" : "Product",
    "begin" : 10,
    "end" : 12,
    "inCoref" : true
  }, {
    "id" : "s0-m4",
    "properties" : {
      "SIRE_MENTION_ROLE" : "Descriptor",
      "SIRE_ENTITY_SUBTYPE" : "NONE",
      "SIRE_MENTION_TYPE" : "NONE",
      "SIRE_MENTION_CLASS" : "SPC"
    },
    "type" : "Descriptor",
    "begin" : 18,
    "end" : 27,
    "inCoref" : false
  }, {
    "id" : "s0-m3",
    "properties" : {
      "SIRE_MENTION_ROLE" : "Feature",
      "SIRE_ENTITY_SUBTYPE" : "NONE",
      "SIRE_MENTION_TYPE" : "NONE",
      "SIRE_MENTION_CLASS" : "SPC"
    },
    "type" : "Feature",
    "begin" : 28,
    "end" : 43,
    "inCoref" : false
  }, {
    "id" : "s1-m2",
    "properties" : {
      "SIRE_MENTION_ROLE" : "Customer_Service",
      "SIRE_ENTITY_SUBTYPE" : "NONE",
      "SIRE_MENTION_TYPE" : "NONE",
      "SIRE_MENTION_CLASS" : "SPC"
    },
    "type" : "Customer_Service",
    "begin" : 45,
    "end" : 61,
    "inCoref" : false
  }, {
    "id" : "s1-m3",
    "properties" : {
      "SIRE_MENTION_ROLE" : "Descriptor",
      "SIRE_ENTITY_SUBTYPE" : "NONE",
      "SIRE_MENTION_TYPE" : "NONE",
      "SIRE_MENTION_CLASS" : "SPC"
    },
    "type" : "Descriptor",
    "begin" : 66,
    "end" : 75,
    "inCoref" : false
  }, {
    "id" : "544801319746838__113200145-M1",
    "properties" : {
      "SIRE_MENTION_CLASS" : "SPC",
      "SIRE_ENTITY_CLASS" : "SPC",
      "SIRE_MENTION_ROLE" : "Company",
      "SIRE_MENTION_TYPE" : "NONE",
      "SIRE_ENTITY_LEVEL" : "NONE",
      "SIRE_ENTITY_SUBTYPE" : "a_3rd_Party_Company"
    },
    "type" : "Company",
    "begin" : 91,
    "end" : 97,
    "inCoref" : false
  }, {
    "id" : "s2-m2",
    "properties" : {
      "SIRE_MENTION_ROLE" : "Descriptor",
      "SIRE_ENTITY_SUBTYPE" : "NONE",
      "SIRE_MENTION_TYPE" : "NONE",
      "SIRE_MENTION_CLASS" : "SPC"
    },
    "type" : "Descriptor",
    "begin" : 99,
    "end" : 111,
    "inCoref" : false
  }, {
    "id" : "s2-m1",
    "properties" : {
      "SIRE_MENTION_ROLE" : "Product",
      "SIRE_ENTITY_SUBTYPE" : "NONE",
      "SIRE_MENTION_TYPE" : "NONE",
      "SIRE_MENTION_CLASS" : "SPC"
    },
    "type" : "Product",
    "begin" : 117,
    "end" : 121,
    "inCoref" : true
  } ],
  "relations" : [ {
    "id" : "s0-r1",
    "properties" : { },
    "type" : "hasQuality",
    "args" : [ "544801319746838__113200145-M0", "s0-m2" ]
  }, {
    "id" : "s0-r2",
    "properties" : { },
    "type" : "hasFeature",
    "args" : [ "544801319746838__113200145-M0", "s0-m3" ]
  }, {
    "id" : "s0-r3",
    "properties" : { },
    "type" : "hasQuality",
    "args" : [ "s0-m3", "s0-m4" ]
  }, {
    "id" : "s1-r1",
    "properties" : { },
    "type" : "hasQuality",
    "args" : [ "s1-m2", "s1-m3" ]
  }, {
    "id" : "s1-r2",
    "properties" : { },
    "type" : "isAPartOf",
    "args" : [ "s1-m2", "544801319746838__113200145-M1" ]
  }, {
    "id" : "s2-r1",
    "properties" : { },
    "type" : "hasQuality",
    "args" : [ "s2-m1", "s2-m2" ]
  } ],
  "corefs" : [ {
    "id" : "c1",
    "properties" : { },
    "mentions" : [ "544801319746838__113200145-M0", "s2-m1" ]
  } ],
  "typeResolved" : true,
  "userResolved" : true
}