{
  "id" : "350668c0-2b4e-4b77-9dff-9f0ba3af12a4-14",
  "modifiedDate" : 1467858725180,
  "name" : "review47.txt",
  "version" : 2,
  "text" : "For starters, don't buy this from warehousedeals or any 3rd party seller.\n\nIf you do, you will not be eligible for the 2 yr warranty. A repair would cost $75 -- more than the cost of the unit.\n\nI finally got it to work, although when I initially tried to get the label spool around it, it sucked it in and clogged. Took a call to support to figure out how to fix. In the meanwhile, there's a black plastic tab that is supposed to move down the roller on the bottom. Well, the tab is very weak and er, was damaged. With the tab damaged, you can't actually fit the faceplate on, so for a while it was operating without the faceplate.\n\nFinally got it sorted out by forcing it back into position. Shoddy engineering though to make that lever so weak.\n\nAs for the value proposition, it's lousy.\n\nI got it basically after trying out stamps.com. Stamps.com charges $16/mo to print USPS postage, and so I figured that a one-time investment of $60 would be a winner b/c I could just print out USPS postage from it for no monthly fee.\n\nI can sorta do that. I can print out USPS postage for packages up to 13 oz. To do so I need to use special stamp rolls which cost additional, plus I have to pay the full cost of the stamp. So it doesn't really save money. A pack of 200 stamps costs $16, which is pretty high.\n\nBut I want it to print out package shipping labels for larger packages. To gain this ability, you are charged $9.99 a month. In other words, ZERO savings over Stamps.com\n\nAnd the large labels aren't included in the beginner package. The larger 4x2.5 labels cost $15 for one roll of 300. That's fairly expensive for what is basically a roll of stickers. Shouldn't be more than $5.\n\nI thought I had found a way to save time and money for shipping packages. I didn't. I would recommend either stamps.com (which can print postage on the standard printer that you already own) or using paypal's USPS service which has the same prices, only 1) no monthly fee and 2) no \"money left on the table\" because with paypal you don't have to buy postage in $10 chunks.\n\n1/5 stars. Avoid.\n",
  "docLength" : 2076,
  "language" : "EN",
  "status" : "SUBMITTED",
  "documentSet" : [ ],
  "sentences" : [ {
    "id" : "s0",
    "begin" : 0,
    "end" : 73,
    "text" : "For starters, don't buy this from warehousedeals or any 3rd party seller.",
    "tokens" : [ {
      "id" : "s0-t0",
      "begin" : 0,
      "end" : 3,
      "text" : "For",
      "whiteSpace" : false
    }, {
      "id" : "s0-t1",
      "begin" : 4,
      "end" : 12,
      "text" : "starters",
      "whiteSpace" : false
    }, {
      "id" : "s0-t2",
      "begin" : 12,
      "end" : 13,
      "text" : ",",
      "whiteSpace" : false
    }, {
      "id" : "s0-t3",
      "begin" : 14,
      "end" : 16,
      "text" : "do",
      "whiteSpace" : false
    }, {
      "id" : "s0-t4",
      "begin" : 16,
      "end" : 19,
      "text" : "n't",
      "whiteSpace" : false
    }, {
      "id" : "s0-t5",
      "begin" : 20,
      "end" : 23,
      "text" : "buy",
      "whiteSpace" : false
    }, {
      "id" : "s0-t6",
      "begin" : 24,
      "end" : 28,
      "text" : "this",
      "whiteSpace" : false
    }, {
      "id" : "s0-t7",
      "begin" : 29,
      "end" : 33,
      "text" : "from",
      "whiteSpace" : false
    }, {
      "id" : "s0-t8",
      "begin" : 34,
      "end" : 48,
      "text" : "warehousedeals",
      "whiteSpace" : false
    }, {
      "id" : "s0-t9",
      "begin" : 49,
      "end" : 51,
      "text" : "or",
      "whiteSpace" : false
    }, {
      "id" : "s0-t10",
      "begin" : 52,
      "end" : 55,
      "text" : "any",
      "whiteSpace" : false
    }, {
      "id" : "s0-t11",
      "begin" : 56,
      "end" : 59,
      "text" : "3rd",
      "whiteSpace" : false
    }, {
      "id" : "s0-t12",
      "begin" : 60,
      "end" : 65,
      "text" : "party",
      "whiteSpace" : false
    }, {
      "id" : "s0-t13",
      "begin" : 66,
      "end" : 72,
      "text" : "seller",
      "whiteSpace" : false
    }, {
      "id" : "s0-t14",
      "begin" : 72,
      "end" : 73,
      "text" : ".",
      "whiteSpace" : false
    } ]
  }, {
    "id" : "s1",
    "begin" : 75,
    "end" : 133,
    "text" : "If you do, you will not be eligible for the 2 yr warranty.",
    "tokens" : [ {
      "id" : "s1-t0",
      "begin" : 75,
      "end" : 77,
      "text" : "If",
      "whiteSpace" : false
    }, {
      "id" : "s1-t1",
      "begin" : 78,
      "end" : 81,
      "text" : "you",
      "whiteSpace" : false
    }, {
      "id" : "s1-t2",
      "begin" : 82,
      "end" : 84,
      "text" : "do",
      "whiteSpace" : false
    }, {
      "id" : "s1-t3",
      "begin" : 84,
      "end" : 85,
      "text" : ",",
      "whiteSpace" : false
    }, {
      "id" : "s1-t4",
      "begin" : 86,
      "end" : 89,
      "text" : "you",
      "whiteSpace" : false
    }, {
      "id" : "s1-t5",
      "begin" : 90,
      "end" : 94,
      "text" : "will",
      "whiteSpace" : false
    }, {
      "id" : "s1-t6",
      "begin" : 95,
      "end" : 98,
      "text" : "not",
      "whiteSpace" : false
    }, {
      "id" : "s1-t7",
      "begin" : 99,
      "end" : 101,
      "text" : "be",
      "whiteSpace" : false
    }, {
      "id" : "s1-t8",
      "begin" : 102,
      "end" : 110,
      "text" : "eligible",
      "whiteSpace" : false
    }, {
      "id" : "s1-t9",
      "begin" : 111,
      "end" : 114,
      "text" : "for",
      "whiteSpace" : false
    }, {
      "id" : "s1-t10",
      "begin" : 115,
      "end" : 118,
      "text" : "the",
      "whiteSpace" : false
    }, {
      "id" : "s1-t11",
      "begin" : 119,
      "end" : 120,
      "text" : "2",
      "whiteSpace" : false
    }, {
      "id" : "s1-t12",
      "begin" : 121,
      "end" : 123,
      "text" : "yr",
      "whiteSpace" : false
    }, {
      "id" : "s1-t13",
      "begin" : 124,
      "end" : 132,
      "text" : "warranty",
      "whiteSpace" : false
    }, {
      "id" : "s1-t14",
      "begin" : 132,
      "end" : 133,
      "text" : ".",
      "whiteSpace" : false
    } ]
  }, {
    "id" : "s2",
    "begin" : 134,
    "end" : 192,
    "text" : "A repair would cost $75 -- more than the cost of the unit.",
    "tokens" : [ {
      "id" : "s2-t0",
      "begin" : 134,
      "end" : 135,
      "text" : "A",
      "whiteSpace" : false
    }, {
      "id" : "s2-t1",
      "begin" : 136,
      "end" : 142,
      "text" : "repair",
      "whiteSpace" : false
    }, {
      "id" : "s2-t2",
      "begin" : 143,
      "end" : 148,
      "text" : "would",
      "whiteSpace" : false
    }, {
      "id" : "s2-t3",
      "begin" : 149,
      "end" : 153,
      "text" : "cost",
      "whiteSpace" : false
    }, {
      "id" : "s2-t4",
      "begin" : 154,
      "end" : 155,
      "text" : "$",
      "whiteSpace" : false
    }, {
      "id" : "s2-t5",
      "begin" : 155,
      "end" : 157,
      "text" : "75",
      "whiteSpace" : false
    }, {
      "id" : "s2-t6",
      "begin" : 158,
      "end" : 160,
      "text" : "--",
      "whiteSpace" : false
    }, {
      "id" : "s2-t7",
      "begin" : 161,
      "end" : 165,
      "text" : "more",
      "whiteSpace" : false
    }, {
      "id" : "s2-t8",
      "begin" : 166,
      "end" : 170,
      "text" : "than",
      "whiteSpace" : false
    }, {
      "id" : "s2-t9",
      "begin" : 171,
      "end" : 174,
      "text" : "the",
      "whiteSpace" : false
    }, {
      "id" : "s2-t10",
      "begin" : 175,
      "end" : 179,
      "text" : "cost",
      "whiteSpace" : false
    }, {
      "id" : "s2-t11",
      "begin" : 180,
      "end" : 182,
      "text" : "of",
      "whiteSpace" : false
    }, {
      "id" : "s2-t12",
      "begin" : 183,
      "end" : 186,
      "text" : "the",
      "whiteSpace" : false
    }, {
      "id" : "s2-t13",
      "begin" : 187,
      "end" : 191,
      "text" : "unit",
      "whiteSpace" : false
    }, {
      "id" : "s2-t14",
      "begin" : 191,
      "end" : 192,
      "text" : ".",
      "whiteSpace" : false
    } ]
  }, {
    "id" : "s3",
    "begin" : 194,
    "end" : 314,
    "text" : "I finally got it to work, although when I initially tried to get the label spool around it, it sucked it in and clogged.",
    "tokens" : [ {
      "id" : "s3-t0",
      "begin" : 194,
      "end" : 195,
      "text" : "I",
      "whiteSpace" : false
    }, {
      "id" : "s3-t1",
      "begin" : 196,
      "end" : 203,
      "text" : "finally",
      "whiteSpace" : false
    }, {
      "id" : "s3-t2",
      "begin" : 204,
      "end" : 207,
      "text" : "got",
      "whiteSpace" : false
    }, {
      "id" : "s3-t3",
      "begin" : 208,
      "end" : 210,
      "text" : "it",
      "whiteSpace" : false
    }, {
      "id" : "s3-t4",
      "begin" : 211,
      "end" : 213,
      "text" : "to",
      "whiteSpace" : false
    }, {
      "id" : "s3-t5",
      "begin" : 214,
      "end" : 218,
      "text" : "work",
      "whiteSpace" : false
    }, {
      "id" : "s3-t6",
      "begin" : 218,
      "end" : 219,
      "text" : ",",
      "whiteSpace" : false
    }, {
      "id" : "s3-t7",
      "begin" : 220,
      "end" : 228,
      "text" : "although",
      "whiteSpace" : false
    }, {
      "id" : "s3-t8",
      "begin" : 229,
      "end" : 233,
      "text" : "when",
      "whiteSpace" : false
    }, {
      "id" : "s3-t9",
      "begin" : 234,
      "end" : 235,
      "text" : "I",
      "whiteSpace" : false
    }, {
      "id" : "s3-t10",
      "begin" : 236,
      "end" : 245,
      "text" : "initially",
      "whiteSpace" : false
    }, {
      "id" : "s3-t11",
      "begin" : 246,
      "end" : 251,
      "text" : "tried",
      "whiteSpace" : false
    }, {
      "id" : "s3-t12",
      "begin" : 252,
      "end" : 254,
      "text" : "to",
      "whiteSpace" : false
    }, {
      "id" : "s3-t13",
      "begin" : 255,
      "end" : 258,
      "text" : "get",
      "whiteSpace" : false
    }, {
      "id" : "s3-t14",
      "begin" : 259,
      "end" : 262,
      "text" : "the",
      "whiteSpace" : false
    }, {
      "id" : "s3-t15",
      "begin" : 263,
      "end" : 268,
      "text" : "label",
      "whiteSpace" : false
    }, {
      "id" : "s3-t16",
      "begin" : 269,
      "end" : 274,
      "text" : "spool",
      "whiteSpace" : false
    }, {
      "id" : "s3-t17",
      "begin" : 275,
      "end" : 281,
      "text" : "around",
      "whiteSpace" : false
    }, {
      "id" : "s3-t18",
      "begin" : 282,
      "end" : 284,
      "text" : "it",
      "whiteSpace" : false
    }, {
      "id" : "s3-t19",
      "begin" : 284,
      "end" : 285,
      "text" : ",",
      "whiteSpace" : false
    }, {
      "id" : "s3-t20",
      "begin" : 286,
      "end" : 288,
      "text" : "it",
      "whiteSpace" : false
    }, {
      "id" : "s3-t21",
      "begin" : 289,
      "end" : 295,
      "text" : "sucked",
      "whiteSpace" : false
    }, {
      "id" : "s3-t22",
      "begin" : 296,
      "end" : 298,
      "text" : "it",
      "whiteSpace" : false
    }, {
      "id" : "s3-t23",
      "begin" : 299,
      "end" : 301,
      "text" : "in",
      "whiteSpace" : false
    }, {
      "id" : "s3-t24",
      "begin" : 302,
      "end" : 305,
      "text" : "and",
      "whiteSpace" : false
    }, {
      "id" : "s3-t25",
      "begin" : 306,
      "end" : 313,
      "text" : "clogged",
      "whiteSpace" : false
    }, {
      "id" : "s3-t26",
      "begin" : 313,
      "end" : 314,
      "text" : ".",
      "whiteSpace" : false
    } ]
  }, {
    "id" : "s4",
    "begin" : 315,
    "end" : 363,
    "text" : "Took a call to support to figure out how to fix.",
    "tokens" : [ {
      "id" : "s4-t0",
      "begin" : 315,
      "end" : 319,
      "text" : "Took",
      "whiteSpace" : false
    }, {
      "id" : "s4-t1",
      "begin" : 320,
      "end" : 321,
      "text" : "a",
      "whiteSpace" : false
    }, {
      "id" : "s4-t2",
      "begin" : 322,
      "end" : 326,
      "text" : "call",
      "whiteSpace" : false
    }, {
      "id" : "s4-t3",
      "begin" : 327,
      "end" : 329,
      "text" : "to",
      "whiteSpace" : false
    }, {
      "id" : "s4-t4",
      "begin" : 330,
      "end" : 337,
      "text" : "support",
      "whiteSpace" : false
    }, {
      "id" : "s4-t5",
      "begin" : 338,
      "end" : 340,
      "text" : "to",
      "whiteSpace" : false
    }, {
      "id" : "s4-t6",
      "begin" : 341,
      "end" : 347,
      "text" : "figure",
      "whiteSpace" : false
    }, {
      "id" : "s4-t7",
      "begin" : 348,
      "end" : 351,
      "text" : "out",
      "whiteSpace" : false
    }, {
      "id" : "s4-t8",
      "begin" : 352,
      "end" : 355,
      "text" : "how",
      "whiteSpace" : false
    }, {
      "id" : "s4-t9",
      "begin" : 356,
      "end" : 358,
      "text" : "to",
      "whiteSpace" : false
    }, {
      "id" : "s4-t10",
      "begin" : 359,
      "end" : 362,
      "text" : "fix",
      "whiteSpace" : false
    }, {
      "id" : "s4-t11",
      "begin" : 362,
      "end" : 363,
      "text" : ".",
      "whiteSpace" : false
    } ]
  }, {
    "id" : "s5",
    "begin" : 364,
    "end" : 465,
    "text" : "In the meanwhile, there's a black plastic tab that is supposed to move down the roller on the bottom.",
    "tokens" : [ {
      "id" : "s5-t0",
      "begin" : 364,
      "end" : 366,
      "text" : "In",
      "whiteSpace" : false
    }, {
      "id" : "s5-t1",
      "begin" : 367,
      "end" : 370,
      "text" : "the",
      "whiteSpace" : false
    }, {
      "id" : "s5-t2",
      "begin" : 371,
      "end" : 380,
      "text" : "meanwhile",
      "whiteSpace" : false
    }, {
      "id" : "s5-t3",
      "begin" : 380,
      "end" : 381,
      "text" : ",",
      "whiteSpace" : false
    }, {
      "id" : "s5-t4",
      "begin" : 382,
      "end" : 387,
      "text" : "there",
      "whiteSpace" : false
    }, {
      "id" : "s5-t5",
      "begin" : 387,
      "end" : 389,
      "text" : "'s",
      "whiteSpace" : false
    }, {
      "id" : "s5-t6",
      "begin" : 390,
      "end" : 391,
      "text" : "a",
      "whiteSpace" : false
    }, {
      "id" : "s5-t7",
      "begin" : 392,
      "end" : 397,
      "text" : "black",
      "whiteSpace" : false
    }, {
      "id" : "s5-t8",
      "begin" : 398,
      "end" : 405,
      "text" : "plastic",
      "whiteSpace" : false
    }, {
      "id" : "s5-t9",
      "begin" : 406,
      "end" : 409,
      "text" : "tab",
      "whiteSpace" : false
    }, {
      "id" : "s5-t10",
      "begin" : 410,
      "end" : 414,
      "text" : "that",
      "whiteSpace" : false
    }, {
      "id" : "s5-t11",
      "begin" : 415,
      "end" : 417,
      "text" : "is",
      "whiteSpace" : false
    }, {
      "id" : "s5-t12",
      "begin" : 418,
      "end" : 426,
      "text" : "supposed",
      "whiteSpace" : false
    }, {
      "id" : "s5-t13",
      "begin" : 427,
      "end" : 429,
      "text" : "to",
      "whiteSpace" : false
    }, {
      "id" : "s5-t14",
      "begin" : 430,
      "end" : 434,
      "text" : "move",
      "whiteSpace" : false
    }, {
      "id" : "s5-t15",
      "begin" : 435,
      "end" : 439,
      "text" : "down",
      "whiteSpace" : false
    }, {
      "id" : "s5-t16",
      "begin" : 440,
      "end" : 443,
      "text" : "the",
      "whiteSpace" : false
    }, {
      "id" : "s5-t17",
      "begin" : 444,
      "end" : 450,
      "text" : "roller",
      "whiteSpace" : false
    }, {
      "id" : "s5-t18",
      "begin" : 451,
      "end" : 453,
      "text" : "on",
      "whiteSpace" : false
    }, {
      "id" : "s5-t19",
      "begin" : 454,
      "end" : 457,
      "text" : "the",
      "whiteSpace" : false
    }, {
      "id" : "s5-t20",
      "begin" : 458,
      "end" : 464,
      "text" : "bottom",
      "whiteSpace" : false
    }, {
      "id" : "s5-t21",
      "begin" : 464,
      "end" : 465,
      "text" : ".",
      "whiteSpace" : false
    } ]
  }, {
    "id" : "s6",
    "begin" : 466,
    "end" : 513,
    "text" : "Well, the tab is very weak and er, was damaged.",
    "tokens" : [ {
      "id" : "s6-t0",
      "begin" : 466,
      "end" : 470,
      "text" : "Well",
      "whiteSpace" : false
    }, {
      "id" : "s6-t1",
      "begin" : 470,
      "end" : 471,
      "text" : ",",
      "whiteSpace" : false
    }, {
      "id" : "s6-t2",
      "begin" : 472,
      "end" : 475,
      "text" : "the",
      "whiteSpace" : false
    }, {
      "id" : "s6-t3",
      "begin" : 476,
      "end" : 479,
      "text" : "tab",
      "whiteSpace" : false
    }, {
      "id" : "s6-t4",
      "begin" : 480,
      "end" : 482,
      "text" : "is",
      "whiteSpace" : false
    }, {
      "id" : "s6-t5",
      "begin" : 483,
      "end" : 487,
      "text" : "very",
      "whiteSpace" : false
    }, {
      "id" : "s6-t6",
      "begin" : 488,
      "end" : 492,
      "text" : "weak",
      "whiteSpace" : false
    }, {
      "id" : "s6-t7",
      "begin" : 493,
      "end" : 496,
      "text" : "and",
      "whiteSpace" : false
    }, {
      "id" : "s6-t8",
      "begin" : 497,
      "end" : 499,
      "text" : "er",
      "whiteSpace" : false
    }, {
      "id" : "s6-t9",
      "begin" : 499,
      "end" : 500,
      "text" : ",",
      "whiteSpace" : false
    }, {
      "id" : "s6-t10",
      "begin" : 501,
      "end" : 504,
      "text" : "was",
      "whiteSpace" : false
    }, {
      "id" : "s6-t11",
      "begin" : 505,
      "end" : 512,
      "text" : "damaged",
      "whiteSpace" : false
    }, {
      "id" : "s6-t12",
      "begin" : 512,
      "end" : 513,
      "text" : ".",
      "whiteSpace" : false
    } ]
  }, {
    "id" : "s7",
    "begin" : 514,
    "end" : 631,
    "text" : "With the tab damaged, you can't actually fit the faceplate on, so for a while it was operating without the faceplate.",
    "tokens" : [ {
      "id" : "s7-t0",
      "begin" : 514,
      "end" : 518,
      "text" : "With",
      "whiteSpace" : false
    }, {
      "id" : "s7-t1",
      "begin" : 519,
      "end" : 522,
      "text" : "the",
      "whiteSpace" : false
    }, {
      "id" : "s7-t2",
      "begin" : 523,
      "end" : 526,
      "text" : "tab",
      "whiteSpace" : false
    }, {
      "id" : "s7-t3",
      "begin" : 527,
      "end" : 534,
      "text" : "damaged",
      "whiteSpace" : false
    }, {
      "id" : "s7-t4",
      "begin" : 534,
      "end" : 535,
      "text" : ",",
      "whiteSpace" : false
    }, {
      "id" : "s7-t5",
      "begin" : 536,
      "end" : 539,
      "text" : "you",
      "whiteSpace" : false
    }, {
      "id" : "s7-t6",
      "begin" : 540,
      "end" : 542,
      "text" : "ca",
      "whiteSpace" : false
    }, {
      "id" : "s7-t7",
      "begin" : 542,
      "end" : 545,
      "text" : "n't",
      "whiteSpace" : false
    }, {
      "id" : "s7-t8",
      "begin" : 546,
      "end" : 554,
      "text" : "actually",
      "whiteSpace" : false
    }, {
      "id" : "s7-t9",
      "begin" : 555,
      "end" : 558,
      "text" : "fit",
      "whiteSpace" : false
    }, {
      "id" : "s7-t10",
      "begin" : 559,
      "end" : 562,
      "text" : "the",
      "whiteSpace" : false
    }, {
      "id" : "s7-t11",
      "begin" : 563,
      "end" : 572,
      "text" : "faceplate",
      "whiteSpace" : false
    }, {
      "id" : "s7-t12",
      "begin" : 573,
      "end" : 575,
      "text" : "on",
      "whiteSpace" : false
    }, {
      "id" : "s7-t13",
      "begin" : 575,
      "end" : 576,
      "text" : ",",
      "whiteSpace" : false
    }, {
      "id" : "s7-t14",
      "begin" : 577,
      "end" : 579,
      "text" : "so",
      "whiteSpace" : false
    }, {
      "id" : "s7-t15",
      "begin" : 580,
      "end" : 583,
      "text" : "for",
      "whiteSpace" : false
    }, {
      "id" : "s7-t16",
      "begin" : 584,
      "end" : 585,
      "text" : "a",
      "whiteSpace" : false
    }, {
      "id" : "s7-t17",
      "begin" : 586,
      "end" : 591,
      "text" : "while",
      "whiteSpace" : false
    }, {
      "id" : "s7-t18",
      "begin" : 592,
      "end" : 594,
      "text" : "it",
      "whiteSpace" : false
    }, {
      "id" : "s7-t19",
      "begin" : 595,
      "end" : 598,
      "text" : "was",
      "whiteSpace" : false
    }, {
      "id" : "s7-t20",
      "begin" : 599,
      "end" : 608,
      "text" : "operating",
      "whiteSpace" : false
    }, {
      "id" : "s7-t21",
      "begin" : 609,
      "end" : 616,
      "text" : "without",
      "whiteSpace" : false
    }, {
      "id" : "s7-t22",
      "begin" : 617,
      "end" : 620,
      "text" : "the",
      "whiteSpace" : false
    }, {
      "id" : "s7-t23",
      "begin" : 621,
      "end" : 630,
      "text" : "faceplate",
      "whiteSpace" : false
    }, {
      "id" : "s7-t24",
      "begin" : 630,
      "end" : 631,
      "text" : ".",
      "whiteSpace" : false
    } ]
  }, {
    "id" : "s8",
    "begin" : 633,
    "end" : 692,
    "text" : "Finally got it sorted out by forcing it back into position.",
    "tokens" : [ {
      "id" : "s8-t0",
      "begin" : 633,
      "end" : 640,
      "text" : "Finally",
      "whiteSpace" : false
    }, {
      "id" : "s8-t1",
      "begin" : 641,
      "end" : 644,
      "text" : "got",
      "whiteSpace" : false
    }, {
      "id" : "s8-t2",
      "begin" : 645,
      "end" : 647,
      "text" : "it",
      "whiteSpace" : false
    }, {
      "id" : "s8-t3",
      "begin" : 648,
      "end" : 654,
      "text" : "sorted",
      "whiteSpace" : false
    }, {
      "id" : "s8-t4",
      "begin" : 655,
      "end" : 658,
      "text" : "out",
      "whiteSpace" : false
    }, {
      "id" : "s8-t5",
      "begin" : 659,
      "end" : 661,
      "text" : "by",
      "whiteSpace" : false
    }, {
      "id" : "s8-t6",
      "begin" : 662,
      "end" : 669,
      "text" : "forcing",
      "whiteSpace" : false
    }, {
      "id" : "s8-t7",
      "begin" : 670,
      "end" : 672,
      "text" : "it",
      "whiteSpace" : false
    }, {
      "id" : "s8-t8",
      "begin" : 673,
      "end" : 677,
      "text" : "back",
      "whiteSpace" : false
    }, {
      "id" : "s8-t9",
      "begin" : 678,
      "end" : 682,
      "text" : "into",
      "whiteSpace" : false
    }, {
      "id" : "s8-t10",
      "begin" : 683,
      "end" : 691,
      "text" : "position",
      "whiteSpace" : false
    }, {
      "id" : "s8-t11",
      "begin" : 691,
      "end" : 692,
      "text" : ".",
      "whiteSpace" : false
    } ]
  }, {
    "id" : "s9",
    "begin" : 693,
    "end" : 746,
    "text" : "Shoddy engineering though to make that lever so weak.",
    "tokens" : [ {
      "id" : "s9-t0",
      "begin" : 693,
      "end" : 699,
      "text" : "Shoddy",
      "whiteSpace" : false
    }, {
      "id" : "s9-t1",
      "begin" : 700,
      "end" : 711,
      "text" : "engineering",
      "whiteSpace" : false
    }, {
      "id" : "s9-t2",
      "begin" : 712,
      "end" : 718,
      "text" : "though",
      "whiteSpace" : false
    }, {
      "id" : "s9-t3",
      "begin" : 719,
      "end" : 721,
      "text" : "to",
      "whiteSpace" : false
    }, {
      "id" : "s9-t4",
      "begin" : 722,
      "end" : 726,
      "text" : "make",
      "whiteSpace" : false
    }, {
      "id" : "s9-t5",
      "begin" : 727,
      "end" : 731,
      "text" : "that",
      "whiteSpace" : false
    }, {
      "id" : "s9-t6",
      "begin" : 732,
      "end" : 737,
      "text" : "lever",
      "whiteSpace" : false
    }, {
      "id" : "s9-t7",
      "begin" : 738,
      "end" : 740,
      "text" : "so",
      "whiteSpace" : false
    }, {
      "id" : "s9-t8",
      "begin" : 741,
      "end" : 745,
      "text" : "weak",
      "whiteSpace" : false
    }, {
      "id" : "s9-t9",
      "begin" : 745,
      "end" : 746,
      "text" : ".",
      "whiteSpace" : false
    } ]
  }, {
    "id" : "s10",
    "begin" : 748,
    "end" : 789,
    "text" : "As for the value proposition, it's lousy.",
    "tokens" : [ {
      "id" : "s10-t0",
      "begin" : 748,
      "end" : 750,
      "text" : "As",
      "whiteSpace" : false
    }, {
      "id" : "s10-t1",
      "begin" : 751,
      "end" : 754,
      "text" : "for",
      "whiteSpace" : false
    }, {
      "id" : "s10-t2",
      "begin" : 755,
      "end" : 758,
      "text" : "the",
      "whiteSpace" : false
    }, {
      "id" : "s10-t3",
      "begin" : 759,
      "end" : 764,
      "text" : "value",
      "whiteSpace" : false
    }, {
      "id" : "s10-t4",
      "begin" : 765,
      "end" : 776,
      "text" : "proposition",
      "whiteSpace" : false
    }, {
      "id" : "s10-t5",
      "begin" : 776,
      "end" : 777,
      "text" : ",",
      "whiteSpace" : false
    }, {
      "id" : "s10-t6",
      "begin" : 778,
      "end" : 780,
      "text" : "it",
      "whiteSpace" : false
    }, {
      "id" : "s10-t7",
      "begin" : 780,
      "end" : 782,
      "text" : "'s",
      "whiteSpace" : false
    }, {
      "id" : "s10-t8",
      "begin" : 783,
      "end" : 788,
      "text" : "lousy",
      "whiteSpace" : false
    }, {
      "id" : "s10-t9",
      "begin" : 788,
      "end" : 789,
      "text" : ".",
      "whiteSpace" : false
    } ]
  }, {
    "id" : "s11",
    "begin" : 791,
    "end" : 838,
    "text" : "I got it basically after trying out stamps.com.",
    "tokens" : [ {
      "id" : "s11-t0",
      "begin" : 791,
      "end" : 792,
      "text" : "I",
      "whiteSpace" : false
    }, {
      "id" : "s11-t1",
      "begin" : 793,
      "end" : 796,
      "text" : "got",
      "whiteSpace" : false
    }, {
      "id" : "s11-t2",
      "begin" : 797,
      "end" : 799,
      "text" : "it",
      "whiteSpace" : false
    }, {
      "id" : "s11-t3",
      "begin" : 800,
      "end" : 809,
      "text" : "basically",
      "whiteSpace" : false
    }, {
      "id" : "s11-t4",
      "begin" : 810,
      "end" : 815,
      "text" : "after",
      "whiteSpace" : false
    }, {
      "id" : "s11-t5",
      "begin" : 816,
      "end" : 822,
      "text" : "trying",
      "whiteSpace" : false
    }, {
      "id" : "s11-t6",
      "begin" : 823,
      "end" : 826,
      "text" : "out",
      "whiteSpace" : false
    }, {
      "id" : "s11-t7",
      "begin" : 827,
      "end" : 837,
      "text" : "stamps.com",
      "whiteSpace" : false
    }, {
      "id" : "s11-t8",
      "begin" : 837,
      "end" : 838,
      "text" : ".",
      "whiteSpace" : false
    } ]
  }, {
    "id" : "s12",
    "begin" : 839,
    "end" : 1024,
    "text" : "Stamps.com charges $16/mo to print USPS postage, and so I figured that a one-time investment of $60 would be a winner b/c I could just print out USPS postage from it for no monthly fee.",
    "tokens" : [ {
      "id" : "s12-t0",
      "begin" : 839,
      "end" : 849,
      "text" : "Stamps.com",
      "whiteSpace" : false
    }, {
      "id" : "s12-t1",
      "begin" : 850,
      "end" : 857,
      "text" : "charges",
      "whiteSpace" : false
    }, {
      "id" : "s12-t2",
      "begin" : 858,
      "end" : 859,
      "text" : "$",
      "whiteSpace" : false
    }, {
      "id" : "s12-t3",
      "begin" : 859,
      "end" : 864,
      "text" : "16/mo",
      "whiteSpace" : false
    }, {
      "id" : "s12-t4",
      "begin" : 865,
      "end" : 867,
      "text" : "to",
      "whiteSpace" : false
    }, {
      "id" : "s12-t5",
      "begin" : 868,
      "end" : 873,
      "text" : "print",
      "whiteSpace" : false
    }, {
      "id" : "s12-t6",
      "begin" : 874,
      "end" : 878,
      "text" : "USPS",
      "whiteSpace" : false
    }, {
      "id" : "s12-t7",
      "begin" : 879,
      "end" : 886,
      "text" : "postage",
      "whiteSpace" : false
    }, {
      "id" : "s12-t8",
      "begin" : 886,
      "end" : 887,
      "text" : ",",
      "whiteSpace" : false
    }, {
      "id" : "s12-t9",
      "begin" : 888,
      "end" : 891,
      "text" : "and",
      "whiteSpace" : false
    }, {
      "id" : "s12-t10",
      "begin" : 892,
      "end" : 894,
      "text" : "so",
      "whiteSpace" : false
    }, {
      "id" : "s12-t11",
      "begin" : 895,
      "end" : 896,
      "text" : "I",
      "whiteSpace" : false
    }, {
      "id" : "s12-t12",
      "begin" : 897,
      "end" : 904,
      "text" : "figured",
      "whiteSpace" : false
    }, {
      "id" : "s12-t13",
      "begin" : 905,
      "end" : 909,
      "text" : "that",
      "whiteSpace" : false
    }, {
      "id" : "s12-t14",
      "begin" : 910,
      "end" : 911,
      "text" : "a",
      "whiteSpace" : false
    }, {
      "id" : "s12-t15",
      "begin" : 912,
      "end" : 920,
      "text" : "one-time",
      "whiteSpace" : false
    }, {
      "id" : "s12-t16",
      "begin" : 921,
      "end" : 931,
      "text" : "investment",
      "whiteSpace" : false
    }, {
      "id" : "s12-t17",
      "begin" : 932,
      "end" : 934,
      "text" : "of",
      "whiteSpace" : false
    }, {
      "id" : "s12-t18",
      "begin" : 935,
      "end" : 936,
      "text" : "$",
      "whiteSpace" : false
    }, {
      "id" : "s12-t19",
      "begin" : 936,
      "end" : 938,
      "text" : "60",
      "whiteSpace" : false
    }, {
      "id" : "s12-t20",
      "begin" : 939,
      "end" : 944,
      "text" : "would",
      "whiteSpace" : false
    }, {
      "id" : "s12-t21",
      "begin" : 945,
      "end" : 947,
      "text" : "be",
      "whiteSpace" : false
    }, {
      "id" : "s12-t22",
      "begin" : 948,
      "end" : 949,
      "text" : "a",
      "whiteSpace" : false
    }, {
      "id" : "s12-t23",
      "begin" : 950,
      "end" : 956,
      "text" : "winner",
      "whiteSpace" : false
    }, {
      "id" : "s12-t24",
      "begin" : 957,
      "end" : 960,
      "text" : "b/c",
      "whiteSpace" : false
    }, {
      "id" : "s12-t25",
      "begin" : 961,
      "end" : 962,
      "text" : "I",
      "whiteSpace" : false
    }, {
      "id" : "s12-t26",
      "begin" : 963,
      "end" : 968,
      "text" : "could",
      "whiteSpace" : false
    }, {
      "id" : "s12-t27",
      "begin" : 969,
      "end" : 973,
      "text" : "just",
      "whiteSpace" : false
    }, {
      "id" : "s12-t28",
      "begin" : 974,
      "end" : 979,
      "text" : "print",
      "whiteSpace" : false
    }, {
      "id" : "s12-t29",
      "begin" : 980,
      "end" : 983,
      "text" : "out",
      "whiteSpace" : false
    }, {
      "id" : "s12-t30",
      "begin" : 984,
      "end" : 988,
      "text" : "USPS",
      "whiteSpace" : false
    }, {
      "id" : "s12-t31",
      "begin" : 989,
      "end" : 996,
      "text" : "postage",
      "whiteSpace" : false
    }, {
      "id" : "s12-t32",
      "begin" : 997,
      "end" : 1001,
      "text" : "from",
      "whiteSpace" : false
    }, {
      "id" : "s12-t33",
      "begin" : 1002,
      "end" : 1004,
      "text" : "it",
      "whiteSpace" : false
    }, {
      "id" : "s12-t34",
      "begin" : 1005,
      "end" : 1008,
      "text" : "for",
      "whiteSpace" : false
    }, {
      "id" : "s12-t35",
      "begin" : 1009,
      "end" : 1011,
      "text" : "no",
      "whiteSpace" : false
    }, {
      "id" : "s12-t36",
      "begin" : 1012,
      "end" : 1019,
      "text" : "monthly",
      "whiteSpace" : false
    }, {
      "id" : "s12-t37",
      "begin" : 1020,
      "end" : 1023,
      "text" : "fee",
      "whiteSpace" : false
    }, {
      "id" : "s12-t38",
      "begin" : 1023,
      "end" : 1024,
      "text" : ".",
      "whiteSpace" : false
    } ]
  }, {
    "id" : "s13",
    "begin" : 1026,
    "end" : 1046,
    "text" : "I can sorta do that.",
    "tokens" : [ {
      "id" : "s13-t0",
      "begin" : 1026,
      "end" : 1027,
      "text" : "I",
      "whiteSpace" : false
    }, {
      "id" : "s13-t1",
      "begin" : 1028,
      "end" : 1031,
      "text" : "can",
      "whiteSpace" : false
    }, {
      "id" : "s13-t2",
      "begin" : 1032,
      "end" : 1037,
      "text" : "sorta",
      "whiteSpace" : false
    }, {
      "id" : "s13-t3",
      "begin" : 1038,
      "end" : 1040,
      "text" : "do",
      "whiteSpace" : false
    }, {
      "id" : "s13-t4",
      "begin" : 1041,
      "end" : 1045,
      "text" : "that",
      "whiteSpace" : false
    }, {
      "id" : "s13-t5",
      "begin" : 1045,
      "end" : 1046,
      "text" : ".",
      "whiteSpace" : false
    } ]
  }, {
    "id" : "s14",
    "begin" : 1047,
    "end" : 1214,
    "text" : "I can print out USPS postage for packages up to 13 oz. To do so I need to use special stamp rolls which cost additional, plus I have to pay the full cost of the stamp.",
    "tokens" : [ {
      "id" : "s14-t0",
      "begin" : 1047,
      "end" : 1048,
      "text" : "I",
      "whiteSpace" : false
    }, {
      "id" : "s14-t1",
      "begin" : 1049,
      "end" : 1052,
      "text" : "can",
      "whiteSpace" : false
    }, {
      "id" : "s14-t2",
      "begin" : 1053,
      "end" : 1058,
      "text" : "print",
      "whiteSpace" : false
    }, {
      "id" : "s14-t3",
      "begin" : 1059,
      "end" : 1062,
      "text" : "out",
      "whiteSpace" : false
    }, {
      "id" : "s14-t4",
      "begin" : 1063,
      "end" : 1067,
      "text" : "USPS",
      "whiteSpace" : false
    }, {
      "id" : "s14-t5",
      "begin" : 1068,
      "end" : 1075,
      "text" : "postage",
      "whiteSpace" : false
    }, {
      "id" : "s14-t6",
      "begin" : 1076,
      "end" : 1079,
      "text" : "for",
      "whiteSpace" : false
    }, {
      "id" : "s14-t7",
      "begin" : 1080,
      "end" : 1088,
      "text" : "packages",
      "whiteSpace" : false
    }, {
      "id" : "s14-t8",
      "begin" : 1089,
      "end" : 1091,
      "text" : "up",
      "whiteSpace" : false
    }, {
      "id" : "s14-t9",
      "begin" : 1092,
      "end" : 1094,
      "text" : "to",
      "whiteSpace" : false
    }, {
      "id" : "s14-t10",
      "begin" : 1095,
      "end" : 1097,
      "text" : "13",
      "whiteSpace" : false
    }, {
      "id" : "s14-t11",
      "begin" : 1098,
      "end" : 1101,
      "text" : "oz.",
      "whiteSpace" : false
    }, {
      "id" : "s14-t12",
      "begin" : 1102,
      "end" : 1104,
      "text" : "To",
      "whiteSpace" : false
    }, {
      "id" : "s14-t13",
      "begin" : 1105,
      "end" : 1107,
      "text" : "do",
      "whiteSpace" : false
    }, {
      "id" : "s14-t14",
      "begin" : 1108,
      "end" : 1110,
      "text" : "so",
      "whiteSpace" : false
    }, {
      "id" : "s14-t15",
      "begin" : 1111,
      "end" : 1112,
      "text" : "I",
      "whiteSpace" : false
    }, {
      "id" : "s14-t16",
      "begin" : 1113,
      "end" : 1117,
      "text" : "need",
      "whiteSpace" : false
    }, {
      "id" : "s14-t17",
      "begin" : 1118,
      "end" : 1120,
      "text" : "to",
      "whiteSpace" : false
    }, {
      "id" : "s14-t18",
      "begin" : 1121,
      "end" : 1124,
      "text" : "use",
      "whiteSpace" : false
    }, {
      "id" : "s14-t19",
      "begin" : 1125,
      "end" : 1132,
      "text" : "special",
      "whiteSpace" : false
    }, {
      "id" : "s14-t20",
      "begin" : 1133,
      "end" : 1138,
      "text" : "stamp",
      "whiteSpace" : false
    }, {
      "id" : "s14-t21",
      "begin" : 1139,
      "end" : 1144,
      "text" : "rolls",
      "whiteSpace" : false
    }, {
      "id" : "s14-t22",
      "begin" : 1145,
      "end" : 1150,
      "text" : "which",
      "whiteSpace" : false
    }, {
      "id" : "s14-t23",
      "begin" : 1151,
      "end" : 1155,
      "text" : "cost",
      "whiteSpace" : false
    }, {
      "id" : "s14-t24",
      "begin" : 1156,
      "end" : 1166,
      "text" : "additional",
      "whiteSpace" : false
    }, {
      "id" : "s14-t25",
      "begin" : 1166,
      "end" : 1167,
      "text" : ",",
      "whiteSpace" : false
    }, {
      "id" : "s14-t26",
      "begin" : 1168,
      "end" : 1172,
      "text" : "plus",
      "whiteSpace" : false
    }, {
      "id" : "s14-t27",
      "begin" : 1173,
      "end" : 1174,
      "text" : "I",
      "whiteSpace" : false
    }, {
      "id" : "s14-t28",
      "begin" : 1175,
      "end" : 1179,
      "text" : "have",
      "whiteSpace" : false
    }, {
      "id" : "s14-t29",
      "begin" : 1180,
      "end" : 1182,
      "text" : "to",
      "whiteSpace" : false
    }, {
      "id" : "s14-t30",
      "begin" : 1183,
      "end" : 1186,
      "text" : "pay",
      "whiteSpace" : false
    }, {
      "id" : "s14-t31",
      "begin" : 1187,
      "end" : 1190,
      "text" : "the",
      "whiteSpace" : false
    }, {
      "id" : "s14-t32",
      "begin" : 1191,
      "end" : 1195,
      "text" : "full",
      "whiteSpace" : false
    }, {
      "id" : "s14-t33",
      "begin" : 1196,
      "end" : 1200,
      "text" : "cost",
      "whiteSpace" : false
    }, {
      "id" : "s14-t34",
      "begin" : 1201,
      "end" : 1203,
      "text" : "of",
      "whiteSpace" : false
    }, {
      "id" : "s14-t35",
      "begin" : 1204,
      "end" : 1207,
      "text" : "the",
      "whiteSpace" : false
    }, {
      "id" : "s14-t36",
      "begin" : 1208,
      "end" : 1213,
      "text" : "stamp",
      "whiteSpace" : false
    }, {
      "id" : "s14-t37",
      "begin" : 1213,
      "end" : 1214,
      "text" : ".",
      "whiteSpace" : false
    } ]
  }, {
    "id" : "s15",
    "begin" : 1215,
    "end" : 1247,
    "text" : "So it doesn't really save money.",
    "tokens" : [ {
      "id" : "s15-t0",
      "begin" : 1215,
      "end" : 1217,
      "text" : "So",
      "whiteSpace" : false
    }, {
      "id" : "s15-t1",
      "begin" : 1218,
      "end" : 1220,
      "text" : "it",
      "whiteSpace" : false
    }, {
      "id" : "s15-t2",
      "begin" : 1221,
      "end" : 1225,
      "text" : "does",
      "whiteSpace" : false
    }, {
      "id" : "s15-t3",
      "begin" : 1225,
      "end" : 1228,
      "text" : "n't",
      "whiteSpace" : false
    }, {
      "id" : "s15-t4",
      "begin" : 1229,
      "end" : 1235,
      "text" : "really",
      "whiteSpace" : false
    }, {
      "id" : "s15-t5",
      "begin" : 1236,
      "end" : 1240,
      "text" : "save",
      "whiteSpace" : false
    }, {
      "id" : "s15-t6",
      "begin" : 1241,
      "end" : 1246,
      "text" : "money",
      "whiteSpace" : false
    }, {
      "id" : "s15-t7",
      "begin" : 1246,
      "end" : 1247,
      "text" : ".",
      "whiteSpace" : false
    } ]
  }, {
    "id" : "s16",
    "begin" : 1248,
    "end" : 1301,
    "text" : "A pack of 200 stamps costs $16, which is pretty high.",
    "tokens" : [ {
      "id" : "s16-t0",
      "begin" : 1248,
      "end" : 1249,
      "text" : "A",
      "whiteSpace" : false
    }, {
      "id" : "s16-t1",
      "begin" : 1250,
      "end" : 1254,
      "text" : "pack",
      "whiteSpace" : false
    }, {
      "id" : "s16-t2",
      "begin" : 1255,
      "end" : 1257,
      "text" : "of",
      "whiteSpace" : false
    }, {
      "id" : "s16-t3",
      "begin" : 1258,
      "end" : 1261,
      "text" : "200",
      "whiteSpace" : false
    }, {
      "id" : "s16-t4",
      "begin" : 1262,
      "end" : 1268,
      "text" : "stamps",
      "whiteSpace" : false
    }, {
      "id" : "s16-t5",
      "begin" : 1269,
      "end" : 1274,
      "text" : "costs",
      "whiteSpace" : false
    }, {
      "id" : "s16-t6",
      "begin" : 1275,
      "end" : 1276,
      "text" : "$",
      "whiteSpace" : false
    }, {
      "id" : "s16-t7",
      "begin" : 1276,
      "end" : 1278,
      "text" : "16",
      "whiteSpace" : false
    }, {
      "id" : "s16-t8",
      "begin" : 1278,
      "end" : 1279,
      "text" : ",",
      "whiteSpace" : false
    }, {
      "id" : "s16-t9",
      "begin" : 1280,
      "end" : 1285,
      "text" : "which",
      "whiteSpace" : false
    }, {
      "id" : "s16-t10",
      "begin" : 1286,
      "end" : 1288,
      "text" : "is",
      "whiteSpace" : false
    }, {
      "id" : "s16-t11",
      "begin" : 1289,
      "end" : 1295,
      "text" : "pretty",
      "whiteSpace" : false
    }, {
      "id" : "s16-t12",
      "begin" : 1296,
      "end" : 1300,
      "text" : "high",
      "whiteSpace" : false
    }, {
      "id" : "s16-t13",
      "begin" : 1300,
      "end" : 1301,
      "text" : ".",
      "whiteSpace" : false
    } ]
  }, {
    "id" : "s17",
    "begin" : 1303,
    "end" : 1374,
    "text" : "But I want it to print out package shipping labels for larger packages.",
    "tokens" : [ {
      "id" : "s17-t0",
      "begin" : 1303,
      "end" : 1306,
      "text" : "But",
      "whiteSpace" : false
    }, {
      "id" : "s17-t1",
      "begin" : 1307,
      "end" : 1308,
      "text" : "I",
      "whiteSpace" : false
    }, {
      "id" : "s17-t2",
      "begin" : 1309,
      "end" : 1313,
      "text" : "want",
      "whiteSpace" : false
    }, {
      "id" : "s17-t3",
      "begin" : 1314,
      "end" : 1316,
      "text" : "it",
      "whiteSpace" : false
    }, {
      "id" : "s17-t4",
      "begin" : 1317,
      "end" : 1319,
      "text" : "to",
      "whiteSpace" : false
    }, {
      "id" : "s17-t5",
      "begin" : 1320,
      "end" : 1325,
      "text" : "print",
      "whiteSpace" : false
    }, {
      "id" : "s17-t6",
      "begin" : 1326,
      "end" : 1329,
      "text" : "out",
      "whiteSpace" : false
    }, {
      "id" : "s17-t7",
      "begin" : 1330,
      "end" : 1337,
      "text" : "package",
      "whiteSpace" : false
    }, {
      "id" : "s17-t8",
      "begin" : 1338,
      "end" : 1346,
      "text" : "shipping",
      "whiteSpace" : false
    }, {
      "id" : "s17-t9",
      "begin" : 1347,
      "end" : 1353,
      "text" : "labels",
      "whiteSpace" : false
    }, {
      "id" : "s17-t10",
      "begin" : 1354,
      "end" : 1357,
      "text" : "for",
      "whiteSpace" : false
    }, {
      "id" : "s17-t11",
      "begin" : 1358,
      "end" : 1364,
      "text" : "larger",
      "whiteSpace" : false
    }, {
      "id" : "s17-t12",
      "begin" : 1365,
      "end" : 1373,
      "text" : "packages",
      "whiteSpace" : false
    }, {
      "id" : "s17-t13",
      "begin" : 1373,
      "end" : 1374,
      "text" : ".",
      "whiteSpace" : false
    } ]
  }, {
    "id" : "s18",
    "begin" : 1375,
    "end" : 1427,
    "text" : "To gain this ability, you are charged $9.99 a month.",
    "tokens" : [ {
      "id" : "s18-t0",
      "begin" : 1375,
      "end" : 1377,
      "text" : "To",
      "whiteSpace" : false
    }, {
      "id" : "s18-t1",
      "begin" : 1378,
      "end" : 1382,
      "text" : "gain",
      "whiteSpace" : false
    }, {
      "id" : "s18-t2",
      "begin" : 1383,
      "end" : 1387,
      "text" : "this",
      "whiteSpace" : false
    }, {
      "id" : "s18-t3",
      "begin" : 1388,
      "end" : 1395,
      "text" : "ability",
      "whiteSpace" : false
    }, {
      "id" : "s18-t4",
      "begin" : 1395,
      "end" : 1396,
      "text" : ",",
      "whiteSpace" : false
    }, {
      "id" : "s18-t5",
      "begin" : 1397,
      "end" : 1400,
      "text" : "you",
      "whiteSpace" : false
    }, {
      "id" : "s18-t6",
      "begin" : 1401,
      "end" : 1404,
      "text" : "are",
      "whiteSpace" : false
    }, {
      "id" : "s18-t7",
      "begin" : 1405,
      "end" : 1412,
      "text" : "charged",
      "whiteSpace" : false
    }, {
      "id" : "s18-t8",
      "begin" : 1413,
      "end" : 1414,
      "text" : "$",
      "whiteSpace" : false
    }, {
      "id" : "s18-t9",
      "begin" : 1414,
      "end" : 1418,
      "text" : "9.99",
      "whiteSpace" : false
    }, {
      "id" : "s18-t10",
      "begin" : 1419,
      "end" : 1420,
      "text" : "a",
      "whiteSpace" : false
    }, {
      "id" : "s18-t11",
      "begin" : 1421,
      "end" : 1426,
      "text" : "month",
      "whiteSpace" : false
    }, {
      "id" : "s18-t12",
      "begin" : 1426,
      "end" : 1427,
      "text" : ".",
      "whiteSpace" : false
    } ]
  }, {
    "id" : "s19",
    "begin" : 1428,
    "end" : 1472,
    "text" : "In other words, ZERO savings over Stamps.com",
    "tokens" : [ {
      "id" : "s19-t0",
      "begin" : 1428,
      "end" : 1430,
      "text" : "In",
      "whiteSpace" : false
    }, {
      "id" : "s19-t1",
      "begin" : 1431,
      "end" : 1436,
      "text" : "other",
      "whiteSpace" : false
    }, {
      "id" : "s19-t2",
      "begin" : 1437,
      "end" : 1442,
      "text" : "words",
      "whiteSpace" : false
    }, {
      "id" : "s19-t3",
      "begin" : 1442,
      "end" : 1443,
      "text" : ",",
      "whiteSpace" : false
    }, {
      "id" : "s19-t4",
      "begin" : 1444,
      "end" : 1448,
      "text" : "ZERO",
      "whiteSpace" : false
    }, {
      "id" : "s19-t5",
      "begin" : 1449,
      "end" : 1456,
      "text" : "savings",
      "whiteSpace" : false
    }, {
      "id" : "s19-t6",
      "begin" : 1457,
      "end" : 1461,
      "text" : "over",
      "whiteSpace" : false
    }, {
      "id" : "s19-t7",
      "begin" : 1462,
      "end" : 1472,
      "text" : "Stamps.com",
      "whiteSpace" : false
    } ]
  }, {
    "id" : "s20",
    "begin" : 1474,
    "end" : 1535,
    "text" : "And the large labels aren't included in the beginner package.",
    "tokens" : [ {
      "id" : "s20-t0",
      "begin" : 1474,
      "end" : 1477,
      "text" : "And",
      "whiteSpace" : false
    }, {
      "id" : "s20-t1",
      "begin" : 1478,
      "end" : 1481,
      "text" : "the",
      "whiteSpace" : false
    }, {
      "id" : "s20-t2",
      "begin" : 1482,
      "end" : 1487,
      "text" : "large",
      "whiteSpace" : false
    }, {
      "id" : "s20-t3",
      "begin" : 1488,
      "end" : 1494,
      "text" : "labels",
      "whiteSpace" : false
    }, {
      "id" : "s20-t4",
      "begin" : 1495,
      "end" : 1498,
      "text" : "are",
      "whiteSpace" : false
    }, {
      "id" : "s20-t5",
      "begin" : 1498,
      "end" : 1501,
      "text" : "n't",
      "whiteSpace" : false
    }, {
      "id" : "s20-t6",
      "begin" : 1502,
      "end" : 1510,
      "text" : "included",
      "whiteSpace" : false
    }, {
      "id" : "s20-t7",
      "begin" : 1511,
      "end" : 1513,
      "text" : "in",
      "whiteSpace" : false
    }, {
      "id" : "s20-t8",
      "begin" : 1514,
      "end" : 1517,
      "text" : "the",
      "whiteSpace" : false
    }, {
      "id" : "s20-t9",
      "begin" : 1518,
      "end" : 1526,
      "text" : "beginner",
      "whiteSpace" : false
    }, {
      "id" : "s20-t10",
      "begin" : 1527,
      "end" : 1534,
      "text" : "package",
      "whiteSpace" : false
    }, {
      "id" : "s20-t11",
      "begin" : 1534,
      "end" : 1535,
      "text" : ".",
      "whiteSpace" : false
    } ]
  }, {
    "id" : "s21",
    "begin" : 1536,
    "end" : 1589,
    "text" : "The larger 4x2.5 labels cost $15 for one roll of 300.",
    "tokens" : [ {
      "id" : "s21-t0",
      "begin" : 1536,
      "end" : 1539,
      "text" : "The",
      "whiteSpace" : false
    }, {
      "id" : "s21-t1",
      "begin" : 1540,
      "end" : 1546,
      "text" : "larger",
      "whiteSpace" : false
    }, {
      "id" : "s21-t2",
      "begin" : 1547,
      "end" : 1552,
      "text" : "4x2.5",
      "whiteSpace" : false
    }, {
      "id" : "s21-t3",
      "begin" : 1553,
      "end" : 1559,
      "text" : "labels",
      "whiteSpace" : false
    }, {
      "id" : "s21-t4",
      "begin" : 1560,
      "end" : 1564,
      "text" : "cost",
      "whiteSpace" : false
    }, {
      "id" : "s21-t5",
      "begin" : 1565,
      "end" : 1566,
      "text" : "$",
      "whiteSpace" : false
    }, {
      "id" : "s21-t6",
      "begin" : 1566,
      "end" : 1568,
      "text" : "15",
      "whiteSpace" : false
    }, {
      "id" : "s21-t7",
      "begin" : 1569,
      "end" : 1572,
      "text" : "for",
      "whiteSpace" : false
    }, {
      "id" : "s21-t8",
      "begin" : 1573,
      "end" : 1576,
      "text" : "one",
      "whiteSpace" : false
    }, {
      "id" : "s21-t9",
      "begin" : 1577,
      "end" : 1581,
      "text" : "roll",
      "whiteSpace" : false
    }, {
      "id" : "s21-t10",
      "begin" : 1582,
      "end" : 1584,
      "text" : "of",
      "whiteSpace" : false
    }, {
      "id" : "s21-t11",
      "begin" : 1585,
      "end" : 1588,
      "text" : "300",
      "whiteSpace" : false
    }, {
      "id" : "s21-t12",
      "begin" : 1588,
      "end" : 1589,
      "text" : ".",
      "whiteSpace" : false
    } ]
  }, {
    "id" : "s22",
    "begin" : 1590,
    "end" : 1655,
    "text" : "That's fairly expensive for what is basically a roll of stickers.",
    "tokens" : [ {
      "id" : "s22-t0",
      "begin" : 1590,
      "end" : 1594,
      "text" : "That",
      "whiteSpace" : false
    }, {
      "id" : "s22-t1",
      "begin" : 1594,
      "end" : 1596,
      "text" : "'s",
      "whiteSpace" : false
    }, {
      "id" : "s22-t2",
      "begin" : 1597,
      "end" : 1603,
      "text" : "fairly",
      "whiteSpace" : false
    }, {
      "id" : "s22-t3",
      "begin" : 1604,
      "end" : 1613,
      "text" : "expensive",
      "whiteSpace" : false
    }, {
      "id" : "s22-t4",
      "begin" : 1614,
      "end" : 1617,
      "text" : "for",
      "whiteSpace" : false
    }, {
      "id" : "s22-t5",
      "begin" : 1618,
      "end" : 1622,
      "text" : "what",
      "whiteSpace" : false
    }, {
      "id" : "s22-t6",
      "begin" : 1623,
      "end" : 1625,
      "text" : "is",
      "whiteSpace" : false
    }, {
      "id" : "s22-t7",
      "begin" : 1626,
      "end" : 1635,
      "text" : "basically",
      "whiteSpace" : false
    }, {
      "id" : "s22-t8",
      "begin" : 1636,
      "end" : 1637,
      "text" : "a",
      "whiteSpace" : false
    }, {
      "id" : "s22-t9",
      "begin" : 1638,
      "end" : 1642,
      "text" : "roll",
      "whiteSpace" : false
    }, {
      "id" : "s22-t10",
      "begin" : 1643,
      "end" : 1645,
      "text" : "of",
      "whiteSpace" : false
    }, {
      "id" : "s22-t11",
      "begin" : 1646,
      "end" : 1654,
      "text" : "stickers",
      "whiteSpace" : false
    }, {
      "id" : "s22-t12",
      "begin" : 1654,
      "end" : 1655,
      "text" : ".",
      "whiteSpace" : false
    } ]
  }, {
    "id" : "s23",
    "begin" : 1656,
    "end" : 1682,
    "text" : "Shouldn't be more than $5.",
    "tokens" : [ {
      "id" : "s23-t0",
      "begin" : 1656,
      "end" : 1662,
      "text" : "Should",
      "whiteSpace" : false
    }, {
      "id" : "s23-t1",
      "begin" : 1662,
      "end" : 1665,
      "text" : "n't",
      "whiteSpace" : false
    }, {
      "id" : "s23-t2",
      "begin" : 1666,
      "end" : 1668,
      "text" : "be",
      "whiteSpace" : false
    }, {
      "id" : "s23-t3",
      "begin" : 1669,
      "end" : 1673,
      "text" : "more",
      "whiteSpace" : false
    }, {
      "id" : "s23-t4",
      "begin" : 1674,
      "end" : 1678,
      "text" : "than",
      "whiteSpace" : false
    }, {
      "id" : "s23-t5",
      "begin" : 1679,
      "end" : 1680,
      "text" : "$",
      "whiteSpace" : false
    }, {
      "id" : "s23-t6",
      "begin" : 1680,
      "end" : 1681,
      "text" : "5",
      "whiteSpace" : false
    }, {
      "id" : "s23-t7",
      "begin" : 1681,
      "end" : 1682,
      "text" : ".",
      "whiteSpace" : false
    } ]
  }, {
    "id" : "s24",
    "begin" : 1684,
    "end" : 1757,
    "text" : "I thought I had found a way to save time and money for shipping packages.",
    "tokens" : [ {
      "id" : "s24-t0",
      "begin" : 1684,
      "end" : 1685,
      "text" : "I",
      "whiteSpace" : false
    }, {
      "id" : "s24-t1",
      "begin" : 1686,
      "end" : 1693,
      "text" : "thought",
      "whiteSpace" : false
    }, {
      "id" : "s24-t2",
      "begin" : 1694,
      "end" : 1695,
      "text" : "I",
      "whiteSpace" : false
    }, {
      "id" : "s24-t3",
      "begin" : 1696,
      "end" : 1699,
      "text" : "had",
      "whiteSpace" : false
    }, {
      "id" : "s24-t4",
      "begin" : 1700,
      "end" : 1705,
      "text" : "found",
      "whiteSpace" : false
    }, {
      "id" : "s24-t5",
      "begin" : 1706,
      "end" : 1707,
      "text" : "a",
      "whiteSpace" : false
    }, {
      "id" : "s24-t6",
      "begin" : 1708,
      "end" : 1711,
      "text" : "way",
      "whiteSpace" : false
    }, {
      "id" : "s24-t7",
      "begin" : 1712,
      "end" : 1714,
      "text" : "to",
      "whiteSpace" : false
    }, {
      "id" : "s24-t8",
      "begin" : 1715,
      "end" : 1719,
      "text" : "save",
      "whiteSpace" : false
    }, {
      "id" : "s24-t9",
      "begin" : 1720,
      "end" : 1724,
      "text" : "time",
      "whiteSpace" : false
    }, {
      "id" : "s24-t10",
      "begin" : 1725,
      "end" : 1728,
      "text" : "and",
      "whiteSpace" : false
    }, {
      "id" : "s24-t11",
      "begin" : 1729,
      "end" : 1734,
      "text" : "money",
      "whiteSpace" : false
    }, {
      "id" : "s24-t12",
      "begin" : 1735,
      "end" : 1738,
      "text" : "for",
      "whiteSpace" : false
    }, {
      "id" : "s24-t13",
      "begin" : 1739,
      "end" : 1747,
      "text" : "shipping",
      "whiteSpace" : false
    }, {
      "id" : "s24-t14",
      "begin" : 1748,
      "end" : 1756,
      "text" : "packages",
      "whiteSpace" : false
    }, {
      "id" : "s24-t15",
      "begin" : 1756,
      "end" : 1757,
      "text" : ".",
      "whiteSpace" : false
    } ]
  }, {
    "id" : "s25",
    "begin" : 1758,
    "end" : 1767,
    "text" : "I didn't.",
    "tokens" : [ {
      "id" : "s25-t0",
      "begin" : 1758,
      "end" : 1759,
      "text" : "I",
      "whiteSpace" : false
    }, {
      "id" : "s25-t1",
      "begin" : 1760,
      "end" : 1763,
      "text" : "did",
      "whiteSpace" : false
    }, {
      "id" : "s25-t2",
      "begin" : 1763,
      "end" : 1766,
      "text" : "n't",
      "whiteSpace" : false
    }, {
      "id" : "s25-t3",
      "begin" : 1766,
      "end" : 1767,
      "text" : ".",
      "whiteSpace" : false
    } ]
  }, {
    "id" : "s26",
    "begin" : 1768,
    "end" : 2056,
    "text" : "I would recommend either stamps.com (which can print postage on the standard printer that you already own) or using paypal's USPS service which has the same prices, only 1) no monthly fee and 2) no \"money left on the table\" because with paypal you don't have to buy postage in $10 chunks.",
    "tokens" : [ {
      "id" : "s26-t0",
      "begin" : 1768,
      "end" : 1769,
      "text" : "I",
      "whiteSpace" : false
    }, {
      "id" : "s26-t1",
      "begin" : 1770,
      "end" : 1775,
      "text" : "would",
      "whiteSpace" : false
    }, {
      "id" : "s26-t2",
      "begin" : 1776,
      "end" : 1785,
      "text" : "recommend",
      "whiteSpace" : false
    }, {
      "id" : "s26-t3",
      "begin" : 1786,
      "end" : 1792,
      "text" : "either",
      "whiteSpace" : false
    }, {
      "id" : "s26-t4",
      "begin" : 1793,
      "end" : 1803,
      "text" : "stamps.com",
      "whiteSpace" : false
    }, {
      "id" : "s26-t5",
      "begin" : 1804,
      "end" : 1805,
      "text" : "(",
      "whiteSpace" : false
    }, {
      "id" : "s26-t6",
      "begin" : 1805,
      "end" : 1810,
      "text" : "which",
      "whiteSpace" : false
    }, {
      "id" : "s26-t7",
      "begin" : 1811,
      "end" : 1814,
      "text" : "can",
      "whiteSpace" : false
    }, {
      "id" : "s26-t8",
      "begin" : 1815,
      "end" : 1820,
      "text" : "print",
      "whiteSpace" : false
    }, {
      "id" : "s26-t9",
      "begin" : 1821,
      "end" : 1828,
      "text" : "postage",
      "whiteSpace" : false
    }, {
      "id" : "s26-t10",
      "begin" : 1829,
      "end" : 1831,
      "text" : "on",
      "whiteSpace" : false
    }, {
      "id" : "s26-t11",
      "begin" : 1832,
      "end" : 1835,
      "text" : "the",
      "whiteSpace" : false
    }, {
      "id" : "s26-t12",
      "begin" : 1836,
      "end" : 1844,
      "text" : "standard",
      "whiteSpace" : false
    }, {
      "id" : "s26-t13",
      "begin" : 1845,
      "end" : 1852,
      "text" : "printer",
      "whiteSpace" : false
    }, {
      "id" : "s26-t14",
      "begin" : 1853,
      "end" : 1857,
      "text" : "that",
      "whiteSpace" : false
    }, {
      "id" : "s26-t15",
      "begin" : 1858,
      "end" : 1861,
      "text" : "you",
      "whiteSpace" : false
    }, {
      "id" : "s26-t16",
      "begin" : 1862,
      "end" : 1869,
      "text" : "already",
      "whiteSpace" : false
    }, {
      "id" : "s26-t17",
      "begin" : 1870,
      "end" : 1873,
      "text" : "own",
      "whiteSpace" : false
    }, {
      "id" : "s26-t18",
      "begin" : 1873,
      "end" : 1874,
      "text" : ")",
      "whiteSpace" : false
    }, {
      "id" : "s26-t19",
      "begin" : 1875,
      "end" : 1877,
      "text" : "or",
      "whiteSpace" : false
    }, {
      "id" : "s26-t20",
      "begin" : 1878,
      "end" : 1883,
      "text" : "using",
      "whiteSpace" : false
    }, {
      "id" : "s26-t21",
      "begin" : 1884,
      "end" : 1890,
      "text" : "paypal",
      "whiteSpace" : false
    }, {
      "id" : "s26-t22",
      "begin" : 1890,
      "end" : 1892,
      "text" : "'s",
      "whiteSpace" : false
    }, {
      "id" : "s26-t23",
      "begin" : 1893,
      "end" : 1897,
      "text" : "USPS",
      "whiteSpace" : false
    }, {
      "id" : "s26-t24",
      "begin" : 1898,
      "end" : 1905,
      "text" : "service",
      "whiteSpace" : false
    }, {
      "id" : "s26-t25",
      "begin" : 1906,
      "end" : 1911,
      "text" : "which",
      "whiteSpace" : false
    }, {
      "id" : "s26-t26",
      "begin" : 1912,
      "end" : 1915,
      "text" : "has",
      "whiteSpace" : false
    }, {
      "id" : "s26-t27",
      "begin" : 1916,
      "end" : 1919,
      "text" : "the",
      "whiteSpace" : false
    }, {
      "id" : "s26-t28",
      "begin" : 1920,
      "end" : 1924,
      "text" : "same",
      "whiteSpace" : false
    }, {
      "id" : "s26-t29",
      "begin" : 1925,
      "end" : 1931,
      "text" : "prices",
      "whiteSpace" : false
    }, {
      "id" : "s26-t30",
      "begin" : 1931,
      "end" : 1932,
      "text" : ",",
      "whiteSpace" : false
    }, {
      "id" : "s26-t31",
      "begin" : 1933,
      "end" : 1937,
      "text" : "only",
      "whiteSpace" : false
    }, {
      "id" : "s26-t32",
      "begin" : 1938,
      "end" : 1939,
      "text" : "1",
      "whiteSpace" : false
    }, {
      "id" : "s26-t33",
      "begin" : 1939,
      "end" : 1940,
      "text" : ")",
      "whiteSpace" : false
    }, {
      "id" : "s26-t34",
      "begin" : 1941,
      "end" : 1943,
      "text" : "no",
      "whiteSpace" : false
    }, {
      "id" : "s26-t35",
      "begin" : 1944,
      "end" : 1951,
      "text" : "monthly",
      "whiteSpace" : false
    }, {
      "id" : "s26-t36",
      "begin" : 1952,
      "end" : 1955,
      "text" : "fee",
      "whiteSpace" : false
    }, {
      "id" : "s26-t37",
      "begin" : 1956,
      "end" : 1959,
      "text" : "and",
      "whiteSpace" : false
    }, {
      "id" : "s26-t38",
      "begin" : 1960,
      "end" : 1961,
      "text" : "2",
      "whiteSpace" : false
    }, {
      "id" : "s26-t39",
      "begin" : 1961,
      "end" : 1962,
      "text" : ")",
      "whiteSpace" : false
    }, {
      "id" : "s26-t40",
      "begin" : 1963,
      "end" : 1965,
      "text" : "no",
      "whiteSpace" : false
    }, {
      "id" : "s26-t41",
      "begin" : 1966,
      "end" : 1967,
      "text" : "\"",
      "whiteSpace" : false
    }, {
      "id" : "s26-t42",
      "begin" : 1967,
      "end" : 1972,
      "text" : "money",
      "whiteSpace" : false
    }, {
      "id" : "s26-t43",
      "begin" : 1973,
      "end" : 1977,
      "text" : "left",
      "whiteSpace" : false
    }, {
      "id" : "s26-t44",
      "begin" : 1978,
      "end" : 1980,
      "text" : "on",
      "whiteSpace" : false
    }, {
      "id" : "s26-t45",
      "begin" : 1981,
      "end" : 1984,
      "text" : "the",
      "whiteSpace" : false
    }, {
      "id" : "s26-t46",
      "begin" : 1985,
      "end" : 1990,
      "text" : "table",
      "whiteSpace" : false
    }, {
      "id" : "s26-t47",
      "begin" : 1990,
      "end" : 1991,
      "text" : "\"",
      "whiteSpace" : false
    }, {
      "id" : "s26-t48",
      "begin" : 1992,
      "end" : 1999,
      "text" : "because",
      "whiteSpace" : false
    }, {
      "id" : "s26-t49",
      "begin" : 2000,
      "end" : 2004,
      "text" : "with",
      "whiteSpace" : false
    }, {
      "id" : "s26-t50",
      "begin" : 2005,
      "end" : 2011,
      "text" : "paypal",
      "whiteSpace" : false
    }, {
      "id" : "s26-t51",
      "begin" : 2012,
      "end" : 2015,
      "text" : "you",
      "whiteSpace" : false
    }, {
      "id" : "s26-t52",
      "begin" : 2016,
      "end" : 2018,
      "text" : "do",
      "whiteSpace" : false
    }, {
      "id" : "s26-t53",
      "begin" : 2018,
      "end" : 2021,
      "text" : "n't",
      "whiteSpace" : false
    }, {
      "id" : "s26-t54",
      "begin" : 2022,
      "end" : 2026,
      "text" : "have",
      "whiteSpace" : false
    }, {
      "id" : "s26-t55",
      "begin" : 2027,
      "end" : 2029,
      "text" : "to",
      "whiteSpace" : false
    }, {
      "id" : "s26-t56",
      "begin" : 2030,
      "end" : 2033,
      "text" : "buy",
      "whiteSpace" : false
    }, {
      "id" : "s26-t57",
      "begin" : 2034,
      "end" : 2041,
      "text" : "postage",
      "whiteSpace" : false
    }, {
      "id" : "s26-t58",
      "begin" : 2042,
      "end" : 2044,
      "text" : "in",
      "whiteSpace" : false
    }, {
      "id" : "s26-t59",
      "begin" : 2045,
      "end" : 2046,
      "text" : "$",
      "whiteSpace" : false
    }, {
      "id" : "s26-t60",
      "begin" : 2046,
      "end" : 2048,
      "text" : "10",
      "whiteSpace" : false
    }, {
      "id" : "s26-t61",
      "begin" : 2049,
      "end" : 2055,
      "text" : "chunks",
      "whiteSpace" : false
    }, {
      "id" : "s26-t62",
      "begin" : 2055,
      "end" : 2056,
      "text" : ".",
      "whiteSpace" : false
    } ]
  }, {
    "id" : "s27",
    "begin" : 2058,
    "end" : 2068,
    "text" : "1/5 stars.",
    "tokens" : [ {
      "id" : "s27-t0",
      "begin" : 2058,
      "end" : 2061,
      "text" : "1/5",
      "whiteSpace" : false
    }, {
      "id" : "s27-t1",
      "begin" : 2062,
      "end" : 2067,
      "text" : "stars",
      "whiteSpace" : false
    }, {
      "id" : "s27-t2",
      "begin" : 2067,
      "end" : 2068,
      "text" : ".",
      "whiteSpace" : false
    } ]
  }, {
    "id" : "s28",
    "begin" : 2069,
    "end" : 2075,
    "text" : "Avoid.",
    "tokens" : [ {
      "id" : "s28-t0",
      "begin" : 2069,
      "end" : 2074,
      "text" : "Avoid",
      "whiteSpace" : false
    }, {
      "id" : "s28-t1",
      "begin" : 2074,
      "end" : 2075,
      "text" : ".",
      "whiteSpace" : false
    } ]
  } ],
  "mentions" : [ {
    "id" : "s0-m1",
    "properties" : {
      "SIRE_MENTION_ROLE" : "Product",
      "SIRE_ENTITY_SUBTYPE" : "NONE",
      "SIRE_MENTION_TYPE" : "NONE",
      "SIRE_MENTION_CLASS" : "SPC"
    },
    "type" : "Product",
    "begin" : 24,
    "end" : 28,
    "inCoref" : false
  }, {
    "id" : "s1-m1",
    "properties" : {
      "SIRE_MENTION_ROLE" : "Feature",
      "SIRE_ENTITY_SUBTYPE" : "NONE",
      "SIRE_MENTION_TYPE" : "NONE",
      "SIRE_MENTION_CLASS" : "SPC"
    },
    "type" : "Feature",
    "begin" : 119,
    "end" : 132,
    "inCoref" : false
  }, {
    "id" : "s2-m1",
    "properties" : {
      "SIRE_MENTION_ROLE" : "Price",
      "SIRE_ENTITY_SUBTYPE" : "NONE",
      "SIRE_MENTION_TYPE" : "NONE",
      "SIRE_MENTION_CLASS" : "SPC"
    },
    "type" : "Price",
    "begin" : 154,
    "end" : 157,
    "inCoref" : false
  }, {
    "id" : "544803237973652__113200145-M0",
    "properties" : {
      "SIRE_MENTION_CLASS" : "SPC",
      "SIRE_ENTITY_CLASS" : "SPC",
      "SIRE_MENTION_ROLE" : "Consumer",
      "SIRE_MENTION_TYPE" : "NONE",
      "SIRE_ENTITY_LEVEL" : "NONE",
      "SIRE_ENTITY_SUBTYPE" : "NONE"
    },
    "type" : "Consumer",
    "begin" : 194,
    "end" : 195,
    "inCoref" : false
  }, {
    "id" : "544803237973652__113200145-M1",
    "properties" : {
      "SIRE_MENTION_CLASS" : "SPC",
      "SIRE_ENTITY_CLASS" : "SPC",
      "SIRE_MENTION_ROLE" : "Consumer",
      "SIRE_MENTION_TYPE" : "NONE",
      "SIRE_ENTITY_LEVEL" : "NONE",
      "SIRE_ENTITY_SUBTYPE" : "NONE"
    },
    "type" : "Consumer",
    "begin" : 234,
    "end" : 235,
    "inCoref" : false
  }, {
    "id" : "544803237973652__113200145-M2",
    "properties" : {
      "SIRE_MENTION_CLASS" : "SPC",
      "SIRE_ENTITY_CLASS" : "SPC",
      "SIRE_MENTION_ROLE" : "Consumer",
      "SIRE_MENTION_TYPE" : "NONE",
      "SIRE_ENTITY_LEVEL" : "NONE",
      "SIRE_ENTITY_SUBTYPE" : "NONE"
    },
    "type" : "Consumer",
    "begin" : 791,
    "end" : 792,
    "inCoref" : false
  }, {
    "id" : "544803237973652__113200145-M3",
    "properties" : {
      "SIRE_MENTION_CLASS" : "SPC",
      "SIRE_ENTITY_CLASS" : "SPC",
      "SIRE_MENTION_ROLE" : "Consumer",
      "SIRE_MENTION_TYPE" : "NONE",
      "SIRE_ENTITY_LEVEL" : "NONE",
      "SIRE_ENTITY_SUBTYPE" : "NONE"
    },
    "type" : "Consumer",
    "begin" : 895,
    "end" : 896,
    "inCoref" : false
  }, {
    "id" : "544803237973652__113200145-M4",
    "properties" : {
      "SIRE_MENTION_CLASS" : "SPC",
      "SIRE_ENTITY_CLASS" : "SPC",
      "SIRE_MENTION_ROLE" : "Consumer",
      "SIRE_MENTION_TYPE" : "NONE",
      "SIRE_ENTITY_LEVEL" : "NONE",
      "SIRE_ENTITY_SUBTYPE" : "NONE"
    },
    "type" : "Consumer",
    "begin" : 961,
    "end" : 962,
    "inCoref" : false
  }, {
    "id" : "544803237973652__113200145-M5",
    "properties" : {
      "SIRE_MENTION_CLASS" : "SPC",
      "SIRE_ENTITY_CLASS" : "SPC",
      "SIRE_MENTION_ROLE" : "Consumer",
      "SIRE_MENTION_TYPE" : "NONE",
      "SIRE_ENTITY_LEVEL" : "NONE",
      "SIRE_ENTITY_SUBTYPE" : "NONE"
    },
    "type" : "Consumer",
    "begin" : 1026,
    "end" : 1027,
    "inCoref" : false
  }, {
    "id" : "544803237973652__113200145-M6",
    "properties" : {
      "SIRE_MENTION_CLASS" : "SPC",
      "SIRE_ENTITY_CLASS" : "SPC",
      "SIRE_MENTION_ROLE" : "Consumer",
      "SIRE_MENTION_TYPE" : "NONE",
      "SIRE_ENTITY_LEVEL" : "NONE",
      "SIRE_ENTITY_SUBTYPE" : "NONE"
    },
    "type" : "Consumer",
    "begin" : 1047,
    "end" : 1048,
    "inCoref" : false
  }, {
    "id" : "544803237973652__113200145-M7",
    "properties" : {
      "SIRE_MENTION_CLASS" : "SPC",
      "SIRE_ENTITY_CLASS" : "SPC",
      "SIRE_MENTION_ROLE" : "Consumer",
      "SIRE_MENTION_TYPE" : "NONE",
      "SIRE_ENTITY_LEVEL" : "NONE",
      "SIRE_ENTITY_SUBTYPE" : "NONE"
    },
    "type" : "Consumer",
    "begin" : 1111,
    "end" : 1112,
    "inCoref" : false
  }, {
    "id" : "544803237973652__113200145-M8",
    "properties" : {
      "SIRE_MENTION_CLASS" : "SPC",
      "SIRE_ENTITY_CLASS" : "SPC",
      "SIRE_MENTION_ROLE" : "Consumer",
      "SIRE_MENTION_TYPE" : "NONE",
      "SIRE_ENTITY_LEVEL" : "NONE",
      "SIRE_ENTITY_SUBTYPE" : "NONE"
    },
    "type" : "Consumer",
    "begin" : 1173,
    "end" : 1174,
    "inCoref" : false
  }, {
    "id" : "544803237973652__113200145-M9",
    "properties" : {
      "SIRE_MENTION_CLASS" : "SPC",
      "SIRE_ENTITY_CLASS" : "SPC",
      "SIRE_MENTION_ROLE" : "Consumer",
      "SIRE_MENTION_TYPE" : "NONE",
      "SIRE_ENTITY_LEVEL" : "NONE",
      "SIRE_ENTITY_SUBTYPE" : "NONE"
    },
    "type" : "Consumer",
    "begin" : 1307,
    "end" : 1308,
    "inCoref" : false
  }, {
    "id" : "544803237973652__113200145-M10",
    "properties" : {
      "SIRE_MENTION_CLASS" : "SPC",
      "SIRE_ENTITY_CLASS" : "SPC",
      "SIRE_MENTION_ROLE" : "Consumer",
      "SIRE_MENTION_TYPE" : "NONE",
      "SIRE_ENTITY_LEVEL" : "NONE",
      "SIRE_ENTITY_SUBTYPE" : "NONE"
    },
    "type" : "Consumer",
    "begin" : 1684,
    "end" : 1685,
    "inCoref" : false
  }, {
    "id" : "544803237973652__113200145-M11",
    "properties" : {
      "SIRE_MENTION_CLASS" : "SPC",
      "SIRE_ENTITY_CLASS" : "SPC",
      "SIRE_MENTION_ROLE" : "Consumer",
      "SIRE_MENTION_TYPE" : "NONE",
      "SIRE_ENTITY_LEVEL" : "NONE",
      "SIRE_ENTITY_SUBTYPE" : "NONE"
    },
    "type" : "Consumer",
    "begin" : 1694,
    "end" : 1695,
    "inCoref" : false
  }, {
    "id" : "544803237973652__113200145-M12",
    "properties" : {
      "SIRE_MENTION_CLASS" : "SPC",
      "SIRE_ENTITY_CLASS" : "SPC",
      "SIRE_MENTION_ROLE" : "Consumer",
      "SIRE_MENTION_TYPE" : "NONE",
      "SIRE_ENTITY_LEVEL" : "NONE",
      "SIRE_ENTITY_SUBTYPE" : "NONE"
    },
    "type" : "Consumer",
    "begin" : 1758,
    "end" : 1759,
    "inCoref" : false
  }, {
    "id" : "544803237973652__113200145-M13",
    "properties" : {
      "SIRE_MENTION_CLASS" : "SPC",
      "SIRE_ENTITY_CLASS" : "SPC",
      "SIRE_MENTION_ROLE" : "Consumer",
      "SIRE_MENTION_TYPE" : "NONE",
      "SIRE_ENTITY_LEVEL" : "NONE",
      "SIRE_ENTITY_SUBTYPE" : "NONE"
    },
    "type" : "Consumer",
    "begin" : 1768,
    "end" : 1769,
    "inCoref" : false
  } ],
  "relations" : [ ],
  "corefs" : [ ],
  "typeResolved" : true,
  "userResolved" : true
}