{
  "id" : "350668c0-2b4e-4b77-9dff-9f0ba3af12a4-20",
  "modifiedDate" : 1467746985912,
  "name" : "review60.txt",
  "version" : 2,
  "text" : "Awesome Product ! works so well and looks really clean. I actually installed two of the light switches in a 2 gang outlet I attached a pic. To do this you kinda need to be handy and have a good idea on how electrical works. I am no electrician and was able to figure it out. I have used Belkin Products for years they have great quality control and the product shows !! I wish that they allowed dimming but you cant have it all I guess\n",
  "docLength" : 436,
  "language" : "EN",
  "status" : "SUBMITTED",
  "documentSet" : [ ],
  "sentences" : [ {
    "id" : "s0",
    "begin" : 0,
    "end" : 17,
    "text" : "Awesome Product !",
    "tokens" : [ {
      "id" : "s0-t0",
      "begin" : 0,
      "end" : 7,
      "text" : "Awesome",
      "whiteSpace" : false
    }, {
      "id" : "s0-t1",
      "begin" : 8,
      "end" : 15,
      "text" : "Product",
      "whiteSpace" : false
    }, {
      "id" : "s0-t2",
      "begin" : 16,
      "end" : 17,
      "text" : "!",
      "whiteSpace" : false
    } ]
  }, {
    "id" : "s1",
    "begin" : 18,
    "end" : 55,
    "text" : "works so well and looks really clean.",
    "tokens" : [ {
      "id" : "s1-t0",
      "begin" : 18,
      "end" : 23,
      "text" : "works",
      "whiteSpace" : false
    }, {
      "id" : "s1-t1",
      "begin" : 24,
      "end" : 26,
      "text" : "so",
      "whiteSpace" : false
    }, {
      "id" : "s1-t2",
      "begin" : 27,
      "end" : 31,
      "text" : "well",
      "whiteSpace" : false
    }, {
      "id" : "s1-t3",
      "begin" : 32,
      "end" : 35,
      "text" : "and",
      "whiteSpace" : false
    }, {
      "id" : "s1-t4",
      "begin" : 36,
      "end" : 41,
      "text" : "looks",
      "whiteSpace" : false
    }, {
      "id" : "s1-t5",
      "begin" : 42,
      "end" : 48,
      "text" : "really",
      "whiteSpace" : false
    }, {
      "id" : "s1-t6",
      "begin" : 49,
      "end" : 54,
      "text" : "clean",
      "whiteSpace" : false
    }, {
      "id" : "s1-t7",
      "begin" : 54,
      "end" : 55,
      "text" : ".",
      "whiteSpace" : false
    } ]
  }, {
    "id" : "s2",
    "begin" : 56,
    "end" : 139,
    "text" : "I actually installed two of the light switches in a 2 gang outlet I attached a pic.",
    "tokens" : [ {
      "id" : "s2-t0",
      "begin" : 56,
      "end" : 57,
      "text" : "I",
      "whiteSpace" : false
    }, {
      "id" : "s2-t1",
      "begin" : 58,
      "end" : 66,
      "text" : "actually",
      "whiteSpace" : false
    }, {
      "id" : "s2-t2",
      "begin" : 67,
      "end" : 76,
      "text" : "installed",
      "whiteSpace" : false
    }, {
      "id" : "s2-t3",
      "begin" : 77,
      "end" : 80,
      "text" : "two",
      "whiteSpace" : false
    }, {
      "id" : "s2-t4",
      "begin" : 81,
      "end" : 83,
      "text" : "of",
      "whiteSpace" : false
    }, {
      "id" : "s2-t5",
      "begin" : 84,
      "end" : 87,
      "text" : "the",
      "whiteSpace" : false
    }, {
      "id" : "s2-t6",
      "begin" : 88,
      "end" : 93,
      "text" : "light",
      "whiteSpace" : false
    }, {
      "id" : "s2-t7",
      "begin" : 94,
      "end" : 102,
      "text" : "switches",
      "whiteSpace" : false
    }, {
      "id" : "s2-t8",
      "begin" : 103,
      "end" : 105,
      "text" : "in",
      "whiteSpace" : false
    }, {
      "id" : "s2-t9",
      "begin" : 106,
      "end" : 107,
      "text" : "a",
      "whiteSpace" : false
    }, {
      "id" : "s2-t10",
      "begin" : 108,
      "end" : 109,
      "text" : "2",
      "whiteSpace" : false
    }, {
      "id" : "s2-t11",
      "begin" : 110,
      "end" : 114,
      "text" : "gang",
      "whiteSpace" : false
    }, {
      "id" : "s2-t12",
      "begin" : 115,
      "end" : 121,
      "text" : "outlet",
      "whiteSpace" : false
    }, {
      "id" : "s2-t13",
      "begin" : 122,
      "end" : 123,
      "text" : "I",
      "whiteSpace" : false
    }, {
      "id" : "s2-t14",
      "begin" : 124,
      "end" : 132,
      "text" : "attached",
      "whiteSpace" : false
    }, {
      "id" : "s2-t15",
      "begin" : 133,
      "end" : 134,
      "text" : "a",
      "whiteSpace" : false
    }, {
      "id" : "s2-t16",
      "begin" : 135,
      "end" : 138,
      "text" : "pic",
      "whiteSpace" : false
    }, {
      "id" : "s2-t17",
      "begin" : 138,
      "end" : 139,
      "text" : ".",
      "whiteSpace" : false
    } ]
  }, {
    "id" : "s3",
    "begin" : 140,
    "end" : 223,
    "text" : "To do this you kinda need to be handy and have a good idea on how electrical works.",
    "tokens" : [ {
      "id" : "s3-t0",
      "begin" : 140,
      "end" : 142,
      "text" : "To",
      "whiteSpace" : false
    }, {
      "id" : "s3-t1",
      "begin" : 143,
      "end" : 145,
      "text" : "do",
      "whiteSpace" : false
    }, {
      "id" : "s3-t2",
      "begin" : 146,
      "end" : 150,
      "text" : "this",
      "whiteSpace" : false
    }, {
      "id" : "s3-t3",
      "begin" : 151,
      "end" : 154,
      "text" : "you",
      "whiteSpace" : false
    }, {
      "id" : "s3-t4",
      "begin" : 155,
      "end" : 160,
      "text" : "kinda",
      "whiteSpace" : false
    }, {
      "id" : "s3-t5",
      "begin" : 161,
      "end" : 165,
      "text" : "need",
      "whiteSpace" : false
    }, {
      "id" : "s3-t6",
      "begin" : 166,
      "end" : 168,
      "text" : "to",
      "whiteSpace" : false
    }, {
      "id" : "s3-t7",
      "begin" : 169,
      "end" : 171,
      "text" : "be",
      "whiteSpace" : false
    }, {
      "id" : "s3-t8",
      "begin" : 172,
      "end" : 177,
      "text" : "handy",
      "whiteSpace" : false
    }, {
      "id" : "s3-t9",
      "begin" : 178,
      "end" : 181,
      "text" : "and",
      "whiteSpace" : false
    }, {
      "id" : "s3-t10",
      "begin" : 182,
      "end" : 186,
      "text" : "have",
      "whiteSpace" : false
    }, {
      "id" : "s3-t11",
      "begin" : 187,
      "end" : 188,
      "text" : "a",
      "whiteSpace" : false
    }, {
      "id" : "s3-t12",
      "begin" : 189,
      "end" : 193,
      "text" : "good",
      "whiteSpace" : false
    }, {
      "id" : "s3-t13",
      "begin" : 194,
      "end" : 198,
      "text" : "idea",
      "whiteSpace" : false
    }, {
      "id" : "s3-t14",
      "begin" : 199,
      "end" : 201,
      "text" : "on",
      "whiteSpace" : false
    }, {
      "id" : "s3-t15",
      "begin" : 202,
      "end" : 205,
      "text" : "how",
      "whiteSpace" : false
    }, {
      "id" : "s3-t16",
      "begin" : 206,
      "end" : 216,
      "text" : "electrical",
      "whiteSpace" : false
    }, {
      "id" : "s3-t17",
      "begin" : 217,
      "end" : 222,
      "text" : "works",
      "whiteSpace" : false
    }, {
      "id" : "s3-t18",
      "begin" : 222,
      "end" : 223,
      "text" : ".",
      "whiteSpace" : false
    } ]
  }, {
    "id" : "s4",
    "begin" : 224,
    "end" : 274,
    "text" : "I am no electrician and was able to figure it out.",
    "tokens" : [ {
      "id" : "s4-t0",
      "begin" : 224,
      "end" : 225,
      "text" : "I",
      "whiteSpace" : false
    }, {
      "id" : "s4-t1",
      "begin" : 226,
      "end" : 228,
      "text" : "am",
      "whiteSpace" : false
    }, {
      "id" : "s4-t2",
      "begin" : 229,
      "end" : 231,
      "text" : "no",
      "whiteSpace" : false
    }, {
      "id" : "s4-t3",
      "begin" : 232,
      "end" : 243,
      "text" : "electrician",
      "whiteSpace" : false
    }, {
      "id" : "s4-t4",
      "begin" : 244,
      "end" : 247,
      "text" : "and",
      "whiteSpace" : false
    }, {
      "id" : "s4-t5",
      "begin" : 248,
      "end" : 251,
      "text" : "was",
      "whiteSpace" : false
    }, {
      "id" : "s4-t6",
      "begin" : 252,
      "end" : 256,
      "text" : "able",
      "whiteSpace" : false
    }, {
      "id" : "s4-t7",
      "begin" : 257,
      "end" : 259,
      "text" : "to",
      "whiteSpace" : false
    }, {
      "id" : "s4-t8",
      "begin" : 260,
      "end" : 266,
      "text" : "figure",
      "whiteSpace" : false
    }, {
      "id" : "s4-t9",
      "begin" : 267,
      "end" : 269,
      "text" : "it",
      "whiteSpace" : false
    }, {
      "id" : "s4-t10",
      "begin" : 270,
      "end" : 273,
      "text" : "out",
      "whiteSpace" : false
    }, {
      "id" : "s4-t11",
      "begin" : 273,
      "end" : 274,
      "text" : ".",
      "whiteSpace" : false
    } ]
  }, {
    "id" : "s5",
    "begin" : 275,
    "end" : 368,
    "text" : "I have used Belkin Products for years they have great quality control and the product shows !",
    "tokens" : [ {
      "id" : "s5-t0",
      "begin" : 275,
      "end" : 276,
      "text" : "I",
      "whiteSpace" : false
    }, {
      "id" : "s5-t1",
      "begin" : 277,
      "end" : 281,
      "text" : "have",
      "whiteSpace" : false
    }, {
      "id" : "s5-t2",
      "begin" : 282,
      "end" : 286,
      "text" : "used",
      "whiteSpace" : false
    }, {
      "id" : "s5-t3",
      "begin" : 287,
      "end" : 293,
      "text" : "Belkin",
      "whiteSpace" : false
    }, {
      "id" : "s5-t4",
      "begin" : 294,
      "end" : 302,
      "text" : "Products",
      "whiteSpace" : false
    }, {
      "id" : "s5-t5",
      "begin" : 303,
      "end" : 306,
      "text" : "for",
      "whiteSpace" : false
    }, {
      "id" : "s5-t6",
      "begin" : 307,
      "end" : 312,
      "text" : "years",
      "whiteSpace" : false
    }, {
      "id" : "s5-t7",
      "begin" : 313,
      "end" : 317,
      "text" : "they",
      "whiteSpace" : false
    }, {
      "id" : "s5-t8",
      "begin" : 318,
      "end" : 322,
      "text" : "have",
      "whiteSpace" : false
    }, {
      "id" : "s5-t9",
      "begin" : 323,
      "end" : 328,
      "text" : "great",
      "whiteSpace" : false
    }, {
      "id" : "s5-t10",
      "begin" : 329,
      "end" : 336,
      "text" : "quality",
      "whiteSpace" : false
    }, {
      "id" : "s5-t11",
      "begin" : 337,
      "end" : 344,
      "text" : "control",
      "whiteSpace" : false
    }, {
      "id" : "s5-t12",
      "begin" : 345,
      "end" : 348,
      "text" : "and",
      "whiteSpace" : false
    }, {
      "id" : "s5-t13",
      "begin" : 349,
      "end" : 352,
      "text" : "the",
      "whiteSpace" : false
    }, {
      "id" : "s5-t14",
      "begin" : 353,
      "end" : 360,
      "text" : "product",
      "whiteSpace" : false
    }, {
      "id" : "s5-t15",
      "begin" : 361,
      "end" : 366,
      "text" : "shows",
      "whiteSpace" : false
    }, {
      "id" : "s5-t16",
      "begin" : 367,
      "end" : 368,
      "text" : "!",
      "whiteSpace" : false
    } ]
  }, {
    "id" : "s6",
    "begin" : 368,
    "end" : 435,
    "text" : "! I wish that they allowed dimming but you cant have it all I guess",
    "tokens" : [ {
      "id" : "s6-t0",
      "begin" : 368,
      "end" : 369,
      "text" : "!",
      "whiteSpace" : false
    }, {
      "id" : "s6-t1",
      "begin" : 370,
      "end" : 371,
      "text" : "I",
      "whiteSpace" : false
    }, {
      "id" : "s6-t2",
      "begin" : 372,
      "end" : 376,
      "text" : "wish",
      "whiteSpace" : false
    }, {
      "id" : "s6-t3",
      "begin" : 377,
      "end" : 381,
      "text" : "that",
      "whiteSpace" : false
    }, {
      "id" : "s6-t4",
      "begin" : 382,
      "end" : 386,
      "text" : "they",
      "whiteSpace" : false
    }, {
      "id" : "s6-t5",
      "begin" : 387,
      "end" : 394,
      "text" : "allowed",
      "whiteSpace" : false
    }, {
      "id" : "s6-t6",
      "begin" : 395,
      "end" : 402,
      "text" : "dimming",
      "whiteSpace" : false
    }, {
      "id" : "s6-t7",
      "begin" : 403,
      "end" : 406,
      "text" : "but",
      "whiteSpace" : false
    }, {
      "id" : "s6-t8",
      "begin" : 407,
      "end" : 410,
      "text" : "you",
      "whiteSpace" : false
    }, {
      "id" : "s6-t9",
      "begin" : 411,
      "end" : 415,
      "text" : "cant",
      "whiteSpace" : false
    }, {
      "id" : "s6-t10",
      "begin" : 416,
      "end" : 420,
      "text" : "have",
      "whiteSpace" : false
    }, {
      "id" : "s6-t11",
      "begin" : 421,
      "end" : 423,
      "text" : "it",
      "whiteSpace" : false
    }, {
      "id" : "s6-t12",
      "begin" : 424,
      "end" : 427,
      "text" : "all",
      "whiteSpace" : false
    }, {
      "id" : "s6-t13",
      "begin" : 428,
      "end" : 429,
      "text" : "I",
      "whiteSpace" : false
    }, {
      "id" : "s6-t14",
      "begin" : 430,
      "end" : 435,
      "text" : "guess",
      "whiteSpace" : false
    } ]
  } ],
  "mentions" : [ {
    "id" : "s0-m1",
    "properties" : {
      "SIRE_MENTION_ROLE" : "Descriptor",
      "SIRE_ENTITY_SUBTYPE" : "NONE",
      "SIRE_MENTION_TYPE" : "NONE",
      "SIRE_MENTION_CLASS" : "SPC"
    },
    "type" : "Descriptor",
    "begin" : 0,
    "end" : 7,
    "inCoref" : false
  }, {
    "id" : "s0-m2",
    "properties" : {
      "SIRE_MENTION_ROLE" : "Product",
      "SIRE_ENTITY_SUBTYPE" : "NONE",
      "SIRE_MENTION_TYPE" : "NONE",
      "SIRE_MENTION_CLASS" : "SPC"
    },
    "type" : "Product",
    "begin" : 8,
    "end" : 15,
    "inCoref" : true
  }, {
    "id" : "s1-m3",
    "properties" : {
      "SIRE_MENTION_ROLE" : "Descriptor",
      "SIRE_ENTITY_SUBTYPE" : "NONE",
      "SIRE_MENTION_TYPE" : "NONE",
      "SIRE_MENTION_CLASS" : "SPC"
    },
    "type" : "Descriptor",
    "begin" : 18,
    "end" : 31,
    "inCoref" : false
  }, {
    "id" : "s1-m2",
    "properties" : {
      "SIRE_MENTION_ROLE" : "Descriptor",
      "SIRE_ENTITY_SUBTYPE" : "NONE",
      "SIRE_MENTION_TYPE" : "NONE",
      "SIRE_MENTION_CLASS" : "SPC"
    },
    "type" : "Descriptor",
    "begin" : 36,
    "end" : 54,
    "inCoref" : false
  }, {
    "id" : "544787016524198__113200145-M0",
    "properties" : {
      "SIRE_MENTION_CLASS" : "SPC",
      "SIRE_ENTITY_CLASS" : "SPC",
      "SIRE_MENTION_ROLE" : "Consumer",
      "SIRE_MENTION_TYPE" : "NONE",
      "SIRE_ENTITY_LEVEL" : "NONE",
      "SIRE_ENTITY_SUBTYPE" : "NONE"
    },
    "type" : "Consumer",
    "begin" : 56,
    "end" : 57,
    "inCoref" : true
  }, {
    "id" : "s2-m3",
    "properties" : {
      "SIRE_MENTION_ROLE" : "Product",
      "SIRE_ENTITY_SUBTYPE" : "NONE",
      "SIRE_MENTION_TYPE" : "NONE",
      "SIRE_MENTION_CLASS" : "SPC"
    },
    "type" : "Product",
    "begin" : 88,
    "end" : 102,
    "inCoref" : true
  }, {
    "id" : "544787016524198__113200145-M1",
    "properties" : {
      "SIRE_MENTION_CLASS" : "SPC",
      "SIRE_ENTITY_CLASS" : "SPC",
      "SIRE_MENTION_ROLE" : "Consumer",
      "SIRE_MENTION_TYPE" : "NONE",
      "SIRE_ENTITY_LEVEL" : "NONE",
      "SIRE_ENTITY_SUBTYPE" : "NONE"
    },
    "type" : "Consumer",
    "begin" : 122,
    "end" : 123,
    "inCoref" : true
  }, {
    "id" : "544787016524198__113200145-M2",
    "properties" : {
      "SIRE_MENTION_CLASS" : "SPC",
      "SIRE_ENTITY_CLASS" : "SPC",
      "SIRE_MENTION_ROLE" : "Consumer",
      "SIRE_MENTION_TYPE" : "NONE",
      "SIRE_ENTITY_LEVEL" : "NONE",
      "SIRE_ENTITY_SUBTYPE" : "NONE"
    },
    "type" : "Consumer",
    "begin" : 224,
    "end" : 225,
    "inCoref" : true
  }, {
    "id" : "544787016524198__113200145-M3",
    "properties" : {
      "SIRE_MENTION_CLASS" : "SPC",
      "SIRE_ENTITY_CLASS" : "SPC",
      "SIRE_MENTION_ROLE" : "Consumer",
      "SIRE_MENTION_TYPE" : "NONE",
      "SIRE_ENTITY_LEVEL" : "NONE",
      "SIRE_ENTITY_SUBTYPE" : "NONE"
    },
    "type" : "Consumer",
    "begin" : 275,
    "end" : 276,
    "inCoref" : true
  }, {
    "id" : "s5-m2",
    "properties" : {
      "SIRE_MENTION_ROLE" : "Company",
      "SIRE_ENTITY_SUBTYPE" : "NONE",
      "SIRE_MENTION_TYPE" : "NONE",
      "SIRE_MENTION_CLASS" : "SPC"
    },
    "type" : "Company",
    "begin" : 287,
    "end" : 293,
    "inCoref" : true
  }, {
    "id" : "s5-m5",
    "properties" : {
      "SIRE_MENTION_ROLE" : "Descriptor",
      "SIRE_ENTITY_SUBTYPE" : "NONE",
      "SIRE_MENTION_TYPE" : "NONE",
      "SIRE_MENTION_CLASS" : "SPC"
    },
    "type" : "Descriptor",
    "begin" : 323,
    "end" : 328,
    "inCoref" : false
  }, {
    "id" : "s5-m4",
    "properties" : {
      "SIRE_MENTION_ROLE" : "Feature",
      "SIRE_ENTITY_SUBTYPE" : "NONE",
      "SIRE_MENTION_TYPE" : "NONE",
      "SIRE_MENTION_CLASS" : "SPC"
    },
    "type" : "Feature",
    "begin" : 329,
    "end" : 344,
    "inCoref" : false
  }, {
    "id" : "s5-m6",
    "properties" : {
      "SIRE_MENTION_ROLE" : "Product",
      "SIRE_ENTITY_SUBTYPE" : "NONE",
      "SIRE_MENTION_TYPE" : "NONE",
      "SIRE_MENTION_CLASS" : "SPC"
    },
    "type" : "Product",
    "begin" : 353,
    "end" : 360,
    "inCoref" : true
  }, {
    "id" : "544787016524198__113200145-M4",
    "properties" : {
      "SIRE_MENTION_CLASS" : "SPC",
      "SIRE_ENTITY_CLASS" : "SPC",
      "SIRE_MENTION_ROLE" : "Consumer",
      "SIRE_MENTION_TYPE" : "NONE",
      "SIRE_ENTITY_LEVEL" : "NONE",
      "SIRE_ENTITY_SUBTYPE" : "NONE"
    },
    "type" : "Consumer",
    "begin" : 370,
    "end" : 371,
    "inCoref" : true
  }, {
    "id" : "s6-m4",
    "properties" : {
      "SIRE_MENTION_ROLE" : "Company",
      "SIRE_ENTITY_SUBTYPE" : "NONE",
      "SIRE_MENTION_TYPE" : "NONE",
      "SIRE_MENTION_CLASS" : "SPC"
    },
    "type" : "Company",
    "begin" : 382,
    "end" : 386,
    "inCoref" : true
  }, {
    "id" : "s6-m3",
    "properties" : {
      "SIRE_MENTION_ROLE" : "Feature",
      "SIRE_ENTITY_SUBTYPE" : "NONE",
      "SIRE_MENTION_TYPE" : "NONE",
      "SIRE_MENTION_CLASS" : "SPC"
    },
    "type" : "Feature",
    "begin" : 395,
    "end" : 402,
    "inCoref" : false
  }, {
    "id" : "544787016524198__113200145-M5",
    "properties" : {
      "SIRE_MENTION_CLASS" : "SPC",
      "SIRE_ENTITY_CLASS" : "SPC",
      "SIRE_MENTION_ROLE" : "Consumer",
      "SIRE_MENTION_TYPE" : "NONE",
      "SIRE_ENTITY_LEVEL" : "NONE",
      "SIRE_ENTITY_SUBTYPE" : "NONE"
    },
    "type" : "Consumer",
    "begin" : 428,
    "end" : 429,
    "inCoref" : true
  } ],
  "relations" : [ {
    "id" : "s0-r1",
    "properties" : { },
    "type" : "hasQuality",
    "args" : [ "s0-m2", "s0-m1" ]
  }, {
    "id" : "s5-r2",
    "properties" : { },
    "type" : "madeBy",
    "args" : [ "s5-m6", "s5-m2" ]
  }, {
    "id" : "s5-r3",
    "properties" : { },
    "type" : "hasFeature",
    "args" : [ "s5-m6", "s5-m4" ]
  }, {
    "id" : "s5-r4",
    "properties" : { },
    "type" : "hasQuality",
    "args" : [ "s5-m4", "s5-m5" ]
  } ],
  "corefs" : [ {
    "id" : "c1",
    "properties" : { },
    "mentions" : [ "s0-m2", "s2-m3", "s5-m6" ]
  }, {
    "id" : "c2",
    "properties" : { },
    "mentions" : [ "s5-m2", "s6-m4" ]
  }, {
    "id" : "c4",
    "properties" : { },
    "mentions" : [ "544787016524198__113200145-M2", "544787016524198__113200145-M0", "544787016524198__113200145-M1", "544787016524198__113200145-M5", "544787016524198__113200145-M4", "544787016524198__113200145-M3" ]
  } ],
  "typeResolved" : true,
  "userResolved" : true
}