{
  "id" : "a4d67795-6a55-4af2-8249-ff84f7863130-12",
  "modifiedDate" : 1467904197556,
  "name" : "review81.txt",
  "version" : 2,
  "text" : "I have a wireless UE Boom speaker so I grabbed the opportunity for a wireless UE Boom 2 speaker. I've posted a photo to show the differences. The UE Boom 2 is the one on the right. While the speakers are the same size, the cases are different. The amazing 360 sound quality is the same but the wireless range is DOUBLE from the original. I didn't break out a measuring tape but the claims of 100 ft is about right. They kept the large + and - volume buttons (just tap to use) which is super convenient and they added the function of tapping the top of the speaker (use two fingers or it won't work) once to pause/play and twice to skip a song. This feature is very cool but did not work consistently. They also changed up the recharging and jack features. They are on the bottom of the Boom speaker and on top under rubber flaps on Boom 2. I prefer the open ports (more convenient) over the covered but I'm assuming it keeps it cleaner and helps prevent loss of function. They have also improved the playing time. I get around 9-12 hours on the original and 10-13 on the Boom 2; granted, a slight improvement but I'll take it. I cannot find a way to double up a Boom and Boom 2 speaker but I have a call into Logitech to see if this can be configured. Overall, I LOVE the sound quality, convenience, and mobility these speakers provide and at the same cost as the Boom, I would recommend these for double the wireless range. I might even spring for the Mega Boom speaker.",
  "docLength" : 1471,
  "language" : "EN",
  "status" : "SUBMITTED",
  "documentSet" : [ ],
  "sentences" : [ {
    "id" : "s0",
    "begin" : 0,
    "end" : 96,
    "text" : "I have a wireless UE Boom speaker so I grabbed the opportunity for a wireless UE Boom 2 speaker.",
    "tokens" : [ {
      "id" : "s0-t0",
      "begin" : 0,
      "end" : 1,
      "text" : "I",
      "tokenType" : "UppercaseAlphabetic",
      "lemma" : "I",
      "partOfSpeech" : "PRP",
      "whiteSpace" : false
    }, {
      "id" : "s0-t1",
      "begin" : 2,
      "end" : 6,
      "text" : "have",
      "tokenType" : "LowercaseAlphabetic",
      "lemma" : "have",
      "partOfSpeech" : "VBP",
      "whiteSpace" : false
    }, {
      "id" : "s0-t2",
      "begin" : 7,
      "end" : 8,
      "text" : "a",
      "tokenType" : "LowercaseAlphabetic",
      "lemma" : "a",
      "partOfSpeech" : "DT",
      "whiteSpace" : false
    }, {
      "id" : "s0-t3",
      "begin" : 9,
      "end" : 17,
      "text" : "wireless",
      "tokenType" : "LowercaseAlphabetic",
      "lemma" : "wireless",
      "partOfSpeech" : "JJ",
      "whiteSpace" : false
    }, {
      "id" : "s0-t4",
      "begin" : 18,
      "end" : 20,
      "text" : "UE",
      "tokenType" : "UppercaseAlphabetic",
      "partOfSpeech" : "NNP",
      "whiteSpace" : false
    }, {
      "id" : "s0-t5",
      "begin" : 21,
      "end" : 25,
      "text" : "Boom",
      "tokenType" : "TitlecaseAlphabetic",
      "lemma" : "boom",
      "partOfSpeech" : "NN",
      "whiteSpace" : false
    }, {
      "id" : "s0-t6",
      "begin" : 26,
      "end" : 33,
      "text" : "speaker",
      "tokenType" : "LowercaseAlphabetic",
      "lemma" : "speaker",
      "partOfSpeech" : "NN",
      "whiteSpace" : false
    }, {
      "id" : "s0-t7",
      "begin" : 34,
      "end" : 36,
      "text" : "so",
      "tokenType" : "LowercaseAlphabetic",
      "lemma" : "so",
      "partOfSpeech" : "IN",
      "whiteSpace" : false
    }, {
      "id" : "s0-t8",
      "begin" : 37,
      "end" : 38,
      "text" : "I",
      "tokenType" : "UppercaseAlphabetic",
      "lemma" : "I",
      "partOfSpeech" : "PRP",
      "whiteSpace" : false
    }, {
      "id" : "s0-t9",
      "begin" : 39,
      "end" : 46,
      "text" : "grabbed",
      "tokenType" : "LowercaseAlphabetic",
      "lemma" : "grab",
      "partOfSpeech" : "VBD",
      "whiteSpace" : false
    }, {
      "id" : "s0-t10",
      "begin" : 47,
      "end" : 50,
      "text" : "the",
      "tokenType" : "LowercaseAlphabetic",
      "lemma" : "the",
      "partOfSpeech" : "DT",
      "whiteSpace" : false
    }, {
      "id" : "s0-t11",
      "begin" : 51,
      "end" : 62,
      "text" : "opportunity",
      "tokenType" : "LowercaseAlphabetic",
      "lemma" : "opportunity",
      "partOfSpeech" : "NN",
      "whiteSpace" : false
    }, {
      "id" : "s0-t12",
      "begin" : 63,
      "end" : 66,
      "text" : "for",
      "tokenType" : "LowercaseAlphabetic",
      "lemma" : "for",
      "partOfSpeech" : "IN",
      "whiteSpace" : false
    }, {
      "id" : "s0-t13",
      "begin" : 67,
      "end" : 68,
      "text" : "a",
      "tokenType" : "LowercaseAlphabetic",
      "lemma" : "a",
      "partOfSpeech" : "DT",
      "whiteSpace" : false
    }, {
      "id" : "s0-t14",
      "begin" : 69,
      "end" : 77,
      "text" : "wireless",
      "tokenType" : "LowercaseAlphabetic",
      "lemma" : "wireless",
      "partOfSpeech" : "JJ",
      "whiteSpace" : false
    }, {
      "id" : "s0-t15",
      "begin" : 78,
      "end" : 80,
      "text" : "UE",
      "tokenType" : "UppercaseAlphabetic",
      "partOfSpeech" : "NNP",
      "whiteSpace" : false
    }, {
      "id" : "s0-t16",
      "begin" : 81,
      "end" : 85,
      "text" : "Boom",
      "tokenType" : "TitlecaseAlphabetic",
      "lemma" : "boom",
      "partOfSpeech" : "NN",
      "whiteSpace" : false
    }, {
      "id" : "s0-t17",
      "begin" : 86,
      "end" : 87,
      "text" : "2",
      "tokenType" : "Numeric",
      "partOfSpeech" : "CD",
      "whiteSpace" : false
    }, {
      "id" : "s0-t18",
      "begin" : 88,
      "end" : 95,
      "text" : "speaker",
      "tokenType" : "LowercaseAlphabetic",
      "lemma" : "speaker",
      "partOfSpeech" : "NN",
      "whiteSpace" : false
    }, {
      "id" : "s0-t19",
      "begin" : 95,
      "end" : 96,
      "text" : ".",
      "tokenType" : "ClauseEndingPunctuation",
      "partOfSpeech" : ".",
      "whiteSpace" : false
    } ]
  }, {
    "id" : "s1",
    "begin" : 97,
    "end" : 141,
    "text" : "I've posted a photo to show the differences.",
    "tokens" : [ {
      "id" : "s1-t0",
      "begin" : 97,
      "end" : 98,
      "text" : "I",
      "tokenType" : "UppercaseAlphabetic",
      "lemma" : "I",
      "partOfSpeech" : "PRP",
      "whiteSpace" : false
    }, {
      "id" : "s1-t1",
      "begin" : 98,
      "end" : 101,
      "text" : "'ve",
      "tokenType" : "TokenAnnotation",
      "lemma" : "have",
      "partOfSpeech" : "VBP",
      "whiteSpace" : false
    }, {
      "id" : "s1-t2",
      "begin" : 102,
      "end" : 108,
      "text" : "posted",
      "tokenType" : "LowercaseAlphabetic",
      "lemma" : "post",
      "partOfSpeech" : "VBN",
      "whiteSpace" : false
    }, {
      "id" : "s1-t3",
      "begin" : 109,
      "end" : 110,
      "text" : "a",
      "tokenType" : "LowercaseAlphabetic",
      "lemma" : "a",
      "partOfSpeech" : "DT",
      "whiteSpace" : false
    }, {
      "id" : "s1-t4",
      "begin" : 111,
      "end" : 116,
      "text" : "photo",
      "tokenType" : "LowercaseAlphabetic",
      "lemma" : "photo",
      "partOfSpeech" : "NN",
      "whiteSpace" : false
    }, {
      "id" : "s1-t5",
      "begin" : 117,
      "end" : 119,
      "text" : "to",
      "tokenType" : "LowercaseAlphabetic",
      "lemma" : "to",
      "partOfSpeech" : "TO",
      "whiteSpace" : false
    }, {
      "id" : "s1-t6",
      "begin" : 120,
      "end" : 124,
      "text" : "show",
      "tokenType" : "LowercaseAlphabetic",
      "lemma" : "show",
      "partOfSpeech" : "VB",
      "whiteSpace" : false
    }, {
      "id" : "s1-t7",
      "begin" : 125,
      "end" : 128,
      "text" : "the",
      "tokenType" : "LowercaseAlphabetic",
      "lemma" : "the",
      "partOfSpeech" : "DT",
      "whiteSpace" : false
    }, {
      "id" : "s1-t8",
      "begin" : 129,
      "end" : 140,
      "text" : "differences",
      "tokenType" : "LowercaseAlphabetic",
      "lemma" : "difference",
      "partOfSpeech" : "NNS",
      "whiteSpace" : false
    }, {
      "id" : "s1-t9",
      "begin" : 140,
      "end" : 141,
      "text" : ".",
      "tokenType" : "ClauseEndingPunctuation",
      "partOfSpeech" : ".",
      "whiteSpace" : false
    } ]
  }, {
    "id" : "s2",
    "begin" : 142,
    "end" : 180,
    "text" : "The UE Boom 2 is the one on the right.",
    "tokens" : [ {
      "id" : "s2-t0",
      "begin" : 142,
      "end" : 145,
      "text" : "The",
      "tokenType" : "TitlecaseAlphabetic",
      "lemma" : "the",
      "partOfSpeech" : "DT",
      "whiteSpace" : false
    }, {
      "id" : "s2-t1",
      "begin" : 146,
      "end" : 148,
      "text" : "UE",
      "tokenType" : "UppercaseAlphabetic",
      "partOfSpeech" : "NNP",
      "whiteSpace" : false
    }, {
      "id" : "s2-t2",
      "begin" : 149,
      "end" : 153,
      "text" : "Boom",
      "tokenType" : "TitlecaseAlphabetic",
      "lemma" : "boom",
      "partOfSpeech" : "NN",
      "whiteSpace" : false
    }, {
      "id" : "s2-t3",
      "begin" : 154,
      "end" : 155,
      "text" : "2",
      "tokenType" : "Numeric",
      "partOfSpeech" : "CD",
      "whiteSpace" : false
    }, {
      "id" : "s2-t4",
      "begin" : 156,
      "end" : 158,
      "text" : "is",
      "tokenType" : "LowercaseAlphabetic",
      "lemma" : "be",
      "partOfSpeech" : "VBZ",
      "whiteSpace" : false
    }, {
      "id" : "s2-t5",
      "begin" : 159,
      "end" : 162,
      "text" : "the",
      "tokenType" : "LowercaseAlphabetic",
      "lemma" : "the",
      "partOfSpeech" : "DT",
      "whiteSpace" : false
    }, {
      "id" : "s2-t6",
      "begin" : 163,
      "end" : 166,
      "text" : "one",
      "tokenType" : "LowercaseAlphabetic",
      "lemma" : "one",
      "partOfSpeech" : "NN",
      "whiteSpace" : false
    }, {
      "id" : "s2-t7",
      "begin" : 167,
      "end" : 169,
      "text" : "on",
      "tokenType" : "LowercaseAlphabetic",
      "lemma" : "on",
      "partOfSpeech" : "IN",
      "whiteSpace" : false
    }, {
      "id" : "s2-t8",
      "begin" : 170,
      "end" : 173,
      "text" : "the",
      "tokenType" : "LowercaseAlphabetic",
      "lemma" : "the",
      "partOfSpeech" : "DT",
      "whiteSpace" : false
    }, {
      "id" : "s2-t9",
      "begin" : 174,
      "end" : 179,
      "text" : "right",
      "tokenType" : "LowercaseAlphabetic",
      "lemma" : "right",
      "partOfSpeech" : "JJ",
      "whiteSpace" : false
    }, {
      "id" : "s2-t10",
      "begin" : 179,
      "end" : 180,
      "text" : ".",
      "tokenType" : "ClauseEndingPunctuation",
      "partOfSpeech" : ".",
      "whiteSpace" : false
    } ]
  }, {
    "id" : "s3",
    "begin" : 181,
    "end" : 243,
    "text" : "While the speakers are the same size, the cases are different.",
    "tokens" : [ {
      "id" : "s3-t0",
      "begin" : 181,
      "end" : 186,
      "text" : "While",
      "tokenType" : "TitlecaseAlphabetic",
      "lemma" : "while",
      "partOfSpeech" : "IN",
      "whiteSpace" : false
    }, {
      "id" : "s3-t1",
      "begin" : 187,
      "end" : 190,
      "text" : "the",
      "tokenType" : "LowercaseAlphabetic",
      "lemma" : "the",
      "partOfSpeech" : "DT",
      "whiteSpace" : false
    }, {
      "id" : "s3-t2",
      "begin" : 191,
      "end" : 199,
      "text" : "speakers",
      "tokenType" : "LowercaseAlphabetic",
      "lemma" : "speaker",
      "partOfSpeech" : "NNS",
      "whiteSpace" : false
    }, {
      "id" : "s3-t3",
      "begin" : 200,
      "end" : 203,
      "text" : "are",
      "tokenType" : "LowercaseAlphabetic",
      "lemma" : "be",
      "partOfSpeech" : "VBP",
      "whiteSpace" : false
    }, {
      "id" : "s3-t4",
      "begin" : 204,
      "end" : 207,
      "text" : "the",
      "tokenType" : "LowercaseAlphabetic",
      "lemma" : "the",
      "partOfSpeech" : "DT",
      "whiteSpace" : false
    }, {
      "id" : "s3-t5",
      "begin" : 208,
      "end" : 212,
      "text" : "same",
      "tokenType" : "LowercaseAlphabetic",
      "lemma" : "same",
      "partOfSpeech" : "JJ",
      "whiteSpace" : false
    }, {
      "id" : "s3-t6",
      "begin" : 213,
      "end" : 217,
      "text" : "size",
      "tokenType" : "LowercaseAlphabetic",
      "lemma" : "size",
      "partOfSpeech" : "NN",
      "whiteSpace" : false
    }, {
      "id" : "s3-t7",
      "begin" : 217,
      "end" : 218,
      "text" : ",",
      "tokenType" : "ClauseEndingPunctuation",
      "partOfSpeech" : ",",
      "whiteSpace" : false
    }, {
      "id" : "s3-t8",
      "begin" : 219,
      "end" : 222,
      "text" : "the",
      "tokenType" : "LowercaseAlphabetic",
      "lemma" : "the",
      "partOfSpeech" : "DT",
      "whiteSpace" : false
    }, {
      "id" : "s3-t9",
      "begin" : 223,
      "end" : 228,
      "text" : "cases",
      "tokenType" : "LowercaseAlphabetic",
      "lemma" : "case",
      "partOfSpeech" : "NNS",
      "whiteSpace" : false
    }, {
      "id" : "s3-t10",
      "begin" : 229,
      "end" : 232,
      "text" : "are",
      "tokenType" : "LowercaseAlphabetic",
      "lemma" : "be",
      "partOfSpeech" : "VBP",
      "whiteSpace" : false
    }, {
      "id" : "s3-t11",
      "begin" : 233,
      "end" : 242,
      "text" : "different",
      "tokenType" : "LowercaseAlphabetic",
      "lemma" : "different",
      "partOfSpeech" : "JJ",
      "whiteSpace" : false
    }, {
      "id" : "s3-t12",
      "begin" : 242,
      "end" : 243,
      "text" : ".",
      "tokenType" : "ClauseEndingPunctuation",
      "partOfSpeech" : ".",
      "whiteSpace" : false
    } ]
  }, {
    "id" : "s4",
    "begin" : 244,
    "end" : 337,
    "text" : "The amazing 360 sound quality is the same but the wireless range is DOUBLE from the original.",
    "tokens" : [ {
      "id" : "s4-t0",
      "begin" : 244,
      "end" : 247,
      "text" : "The",
      "tokenType" : "TitlecaseAlphabetic",
      "lemma" : "the",
      "partOfSpeech" : "DT",
      "whiteSpace" : false
    }, {
      "id" : "s4-t1",
      "begin" : 248,
      "end" : 255,
      "text" : "amazing",
      "tokenType" : "LowercaseAlphabetic",
      "lemma" : "amaze",
      "partOfSpeech" : "VBG",
      "whiteSpace" : false
    }, {
      "id" : "s4-t2",
      "begin" : 256,
      "end" : 259,
      "text" : "360",
      "tokenType" : "Numeric",
      "partOfSpeech" : "CD",
      "whiteSpace" : false
    }, {
      "id" : "s4-t3",
      "begin" : 260,
      "end" : 265,
      "text" : "sound",
      "tokenType" : "LowercaseAlphabetic",
      "lemma" : "sound",
      "partOfSpeech" : "JJ",
      "whiteSpace" : false
    }, {
      "id" : "s4-t4",
      "begin" : 266,
      "end" : 273,
      "text" : "quality",
      "tokenType" : "LowercaseAlphabetic",
      "lemma" : "quality",
      "partOfSpeech" : "NN",
      "whiteSpace" : false
    }, {
      "id" : "s4-t5",
      "begin" : 274,
      "end" : 276,
      "text" : "is",
      "tokenType" : "LowercaseAlphabetic",
      "lemma" : "be",
      "partOfSpeech" : "VBZ",
      "whiteSpace" : false
    }, {
      "id" : "s4-t6",
      "begin" : 277,
      "end" : 280,
      "text" : "the",
      "tokenType" : "LowercaseAlphabetic",
      "lemma" : "the",
      "partOfSpeech" : "DT",
      "whiteSpace" : false
    }, {
      "id" : "s4-t7",
      "begin" : 281,
      "end" : 285,
      "text" : "same",
      "tokenType" : "LowercaseAlphabetic",
      "lemma" : "same",
      "partOfSpeech" : "JJ",
      "whiteSpace" : false
    }, {
      "id" : "s4-t8",
      "begin" : 286,
      "end" : 289,
      "text" : "but",
      "tokenType" : "LowercaseAlphabetic",
      "lemma" : "but",
      "partOfSpeech" : "CC",
      "whiteSpace" : false
    }, {
      "id" : "s4-t9",
      "begin" : 290,
      "end" : 293,
      "text" : "the",
      "tokenType" : "LowercaseAlphabetic",
      "lemma" : "the",
      "partOfSpeech" : "DT",
      "whiteSpace" : false
    }, {
      "id" : "s4-t10",
      "begin" : 294,
      "end" : 302,
      "text" : "wireless",
      "tokenType" : "LowercaseAlphabetic",
      "lemma" : "wireless",
      "partOfSpeech" : "JJ",
      "whiteSpace" : false
    }, {
      "id" : "s4-t11",
      "begin" : 303,
      "end" : 308,
      "text" : "range",
      "tokenType" : "LowercaseAlphabetic",
      "lemma" : "range",
      "partOfSpeech" : "NN",
      "whiteSpace" : false
    }, {
      "id" : "s4-t12",
      "begin" : 309,
      "end" : 311,
      "text" : "is",
      "tokenType" : "LowercaseAlphabetic",
      "lemma" : "be",
      "partOfSpeech" : "VBZ",
      "whiteSpace" : false
    }, {
      "id" : "s4-t13",
      "begin" : 312,
      "end" : 318,
      "text" : "DOUBLE",
      "tokenType" : "UppercaseAlphabetic",
      "lemma" : "double",
      "partOfSpeech" : "RB",
      "whiteSpace" : false
    }, {
      "id" : "s4-t14",
      "begin" : 319,
      "end" : 323,
      "text" : "from",
      "tokenType" : "LowercaseAlphabetic",
      "lemma" : "from",
      "partOfSpeech" : "IN",
      "whiteSpace" : false
    }, {
      "id" : "s4-t15",
      "begin" : 324,
      "end" : 327,
      "text" : "the",
      "tokenType" : "LowercaseAlphabetic",
      "lemma" : "the",
      "partOfSpeech" : "DT",
      "whiteSpace" : false
    }, {
      "id" : "s4-t16",
      "begin" : 328,
      "end" : 336,
      "text" : "original",
      "tokenType" : "LowercaseAlphabetic",
      "lemma" : "original",
      "partOfSpeech" : "JJ",
      "whiteSpace" : false
    }, {
      "id" : "s4-t17",
      "begin" : 336,
      "end" : 337,
      "text" : ".",
      "tokenType" : "ClauseEndingPunctuation",
      "partOfSpeech" : ".",
      "whiteSpace" : false
    } ]
  }, {
    "id" : "s5",
    "begin" : 338,
    "end" : 414,
    "text" : "I didn't break out a measuring tape but the claims of 100 ft is about right.",
    "tokens" : [ {
      "id" : "s5-t0",
      "begin" : 338,
      "end" : 339,
      "text" : "I",
      "tokenType" : "UppercaseAlphabetic",
      "lemma" : "I",
      "partOfSpeech" : "PRP",
      "whiteSpace" : false
    }, {
      "id" : "s5-t1",
      "begin" : 340,
      "end" : 343,
      "text" : "did",
      "tokenType" : "LowercaseAlphabetic",
      "lemma" : "do",
      "partOfSpeech" : "VBD",
      "whiteSpace" : false
    }, {
      "id" : "s5-t2",
      "begin" : 343,
      "end" : 346,
      "text" : "n't",
      "tokenType" : "TokenAnnotation",
      "lemma" : "not",
      "partOfSpeech" : "RB",
      "whiteSpace" : false
    }, {
      "id" : "s5-t3",
      "begin" : 347,
      "end" : 352,
      "text" : "break",
      "tokenType" : "LowercaseAlphabetic",
      "lemma" : "break",
      "partOfSpeech" : "VB",
      "whiteSpace" : false
    }, {
      "id" : "s5-t4",
      "begin" : 353,
      "end" : 356,
      "text" : "out",
      "tokenType" : "LowercaseAlphabetic",
      "lemma" : "out",
      "partOfSpeech" : "IN",
      "whiteSpace" : false
    }, {
      "id" : "s5-t5",
      "begin" : 357,
      "end" : 358,
      "text" : "a",
      "tokenType" : "LowercaseAlphabetic",
      "lemma" : "a",
      "partOfSpeech" : "DT",
      "whiteSpace" : false
    }, {
      "id" : "s5-t6",
      "begin" : 359,
      "end" : 368,
      "text" : "measuring",
      "tokenType" : "LowercaseAlphabetic",
      "lemma" : "measure",
      "partOfSpeech" : "VBG",
      "whiteSpace" : false
    }, {
      "id" : "s5-t7",
      "begin" : 369,
      "end" : 373,
      "text" : "tape",
      "tokenType" : "LowercaseAlphabetic",
      "lemma" : "tape",
      "partOfSpeech" : "NN",
      "whiteSpace" : false
    }, {
      "id" : "s5-t8",
      "begin" : 374,
      "end" : 377,
      "text" : "but",
      "tokenType" : "LowercaseAlphabetic",
      "lemma" : "but",
      "partOfSpeech" : "CC",
      "whiteSpace" : false
    }, {
      "id" : "s5-t9",
      "begin" : 378,
      "end" : 381,
      "text" : "the",
      "tokenType" : "LowercaseAlphabetic",
      "lemma" : "the",
      "partOfSpeech" : "DT",
      "whiteSpace" : false
    }, {
      "id" : "s5-t10",
      "begin" : 382,
      "end" : 388,
      "text" : "claims",
      "tokenType" : "LowercaseAlphabetic",
      "lemma" : "claim",
      "partOfSpeech" : "NNS",
      "whiteSpace" : false
    }, {
      "id" : "s5-t11",
      "begin" : 389,
      "end" : 391,
      "text" : "of",
      "tokenType" : "LowercaseAlphabetic",
      "lemma" : "of",
      "partOfSpeech" : "IN",
      "whiteSpace" : false
    }, {
      "id" : "s5-t12",
      "begin" : 392,
      "end" : 395,
      "text" : "100",
      "tokenType" : "Numeric",
      "partOfSpeech" : "CD",
      "whiteSpace" : false
    }, {
      "id" : "s5-t13",
      "begin" : 396,
      "end" : 398,
      "text" : "ft",
      "tokenType" : "LowercaseAlphabetic",
      "lemma" : "ft",
      "partOfSpeech" : "NN",
      "whiteSpace" : false
    }, {
      "id" : "s5-t14",
      "begin" : 399,
      "end" : 401,
      "text" : "is",
      "tokenType" : "LowercaseAlphabetic",
      "lemma" : "be",
      "partOfSpeech" : "VBZ",
      "whiteSpace" : false
    }, {
      "id" : "s5-t15",
      "begin" : 402,
      "end" : 407,
      "text" : "about",
      "tokenType" : "LowercaseAlphabetic",
      "lemma" : "about",
      "partOfSpeech" : "IN",
      "whiteSpace" : false
    }, {
      "id" : "s5-t16",
      "begin" : 408,
      "end" : 413,
      "text" : "right",
      "tokenType" : "LowercaseAlphabetic",
      "lemma" : "right",
      "partOfSpeech" : "JJ",
      "whiteSpace" : false
    }, {
      "id" : "s5-t17",
      "begin" : 413,
      "end" : 414,
      "text" : ".",
      "tokenType" : "ClauseEndingPunctuation",
      "partOfSpeech" : ".",
      "whiteSpace" : false
    } ]
  }, {
    "id" : "s6",
    "begin" : 415,
    "end" : 643,
    "text" : "They kept the large + and - volume buttons (just tap to use) which is super convenient and they added the function of tapping the top of the speaker (use two fingers or it won't work) once to pause/play and twice to skip a song.",
    "tokens" : [ {
      "id" : "s6-t0",
      "begin" : 415,
      "end" : 419,
      "text" : "They",
      "tokenType" : "TitlecaseAlphabetic",
      "lemma" : "they",
      "partOfSpeech" : "PRP",
      "whiteSpace" : false
    }, {
      "id" : "s6-t1",
      "begin" : 420,
      "end" : 424,
      "text" : "kept",
      "tokenType" : "LowercaseAlphabetic",
      "lemma" : "keep",
      "partOfSpeech" : "VBD",
      "whiteSpace" : false
    }, {
      "id" : "s6-t2",
      "begin" : 425,
      "end" : 428,
      "text" : "the",
      "tokenType" : "LowercaseAlphabetic",
      "lemma" : "the",
      "partOfSpeech" : "DT",
      "whiteSpace" : false
    }, {
      "id" : "s6-t3",
      "begin" : 429,
      "end" : 434,
      "text" : "large",
      "tokenType" : "LowercaseAlphabetic",
      "lemma" : "large",
      "partOfSpeech" : "JJ",
      "whiteSpace" : false
    }, {
      "id" : "s6-t4",
      "begin" : 435,
      "end" : 436,
      "text" : "+",
      "tokenType" : "TokenAnnotation",
      "partOfSpeech" : "NN",
      "whiteSpace" : false
    }, {
      "id" : "s6-t5",
      "begin" : 437,
      "end" : 440,
      "text" : "and",
      "tokenType" : "LowercaseAlphabetic",
      "lemma" : "and",
      "partOfSpeech" : "CC",
      "whiteSpace" : false
    }, {
      "id" : "s6-t6",
      "begin" : 441,
      "end" : 442,
      "text" : "-",
      "tokenType" : "Punctuation",
      "partOfSpeech" : ":",
      "whiteSpace" : false
    }, {
      "id" : "s6-t7",
      "begin" : 443,
      "end" : 449,
      "text" : "volume",
      "tokenType" : "LowercaseAlphabetic",
      "lemma" : "volume",
      "partOfSpeech" : "NN",
      "whiteSpace" : false
    }, {
      "id" : "s6-t8",
      "begin" : 450,
      "end" : 457,
      "text" : "buttons",
      "tokenType" : "LowercaseAlphabetic",
      "lemma" : "button",
      "partOfSpeech" : "NNS",
      "whiteSpace" : false
    }, {
      "id" : "s6-t9",
      "begin" : 458,
      "end" : 459,
      "text" : "(",
      "tokenType" : "Punctuation",
      "partOfSpeech" : "(",
      "whiteSpace" : false
    }, {
      "id" : "s6-t10",
      "begin" : 459,
      "end" : 463,
      "text" : "just",
      "tokenType" : "LowercaseAlphabetic",
      "lemma" : "just",
      "partOfSpeech" : "RB",
      "whiteSpace" : false
    }, {
      "id" : "s6-t11",
      "begin" : 464,
      "end" : 467,
      "text" : "tap",
      "tokenType" : "LowercaseAlphabetic",
      "lemma" : "tap",
      "partOfSpeech" : "VB",
      "whiteSpace" : false
    }, {
      "id" : "s6-t12",
      "begin" : 468,
      "end" : 470,
      "text" : "to",
      "tokenType" : "LowercaseAlphabetic",
      "lemma" : "to",
      "partOfSpeech" : "TO",
      "whiteSpace" : false
    }, {
      "id" : "s6-t13",
      "begin" : 471,
      "end" : 474,
      "text" : "use",
      "tokenType" : "LowercaseAlphabetic",
      "lemma" : "use",
      "partOfSpeech" : "VB",
      "whiteSpace" : false
    }, {
      "id" : "s6-t14",
      "begin" : 474,
      "end" : 475,
      "text" : ")",
      "tokenType" : "Punctuation",
      "partOfSpeech" : ")",
      "whiteSpace" : false
    }, {
      "id" : "s6-t15",
      "begin" : 476,
      "end" : 481,
      "text" : "which",
      "tokenType" : "LowercaseAlphabetic",
      "lemma" : "which",
      "partOfSpeech" : "WDT",
      "whiteSpace" : false
    }, {
      "id" : "s6-t16",
      "begin" : 482,
      "end" : 484,
      "text" : "is",
      "tokenType" : "LowercaseAlphabetic",
      "lemma" : "be",
      "partOfSpeech" : "VBZ",
      "whiteSpace" : false
    }, {
      "id" : "s6-t17",
      "begin" : 485,
      "end" : 490,
      "text" : "super",
      "tokenType" : "LowercaseAlphabetic",
      "lemma" : "super",
      "partOfSpeech" : "RBR",
      "whiteSpace" : false
    }, {
      "id" : "s6-t18",
      "begin" : 491,
      "end" : 501,
      "text" : "convenient",
      "tokenType" : "LowercaseAlphabetic",
      "lemma" : "convenient",
      "partOfSpeech" : "JJ",
      "whiteSpace" : false
    }, {
      "id" : "s6-t19",
      "begin" : 502,
      "end" : 505,
      "text" : "and",
      "tokenType" : "LowercaseAlphabetic",
      "lemma" : "and",
      "partOfSpeech" : "CC",
      "whiteSpace" : false
    }, {
      "id" : "s6-t20",
      "begin" : 506,
      "end" : 510,
      "text" : "they",
      "tokenType" : "LowercaseAlphabetic",
      "lemma" : "they",
      "partOfSpeech" : "PRP",
      "whiteSpace" : false
    }, {
      "id" : "s6-t21",
      "begin" : 511,
      "end" : 516,
      "text" : "added",
      "tokenType" : "LowercaseAlphabetic",
      "lemma" : "add",
      "partOfSpeech" : "VBD",
      "whiteSpace" : false
    }, {
      "id" : "s6-t22",
      "begin" : 517,
      "end" : 520,
      "text" : "the",
      "tokenType" : "LowercaseAlphabetic",
      "lemma" : "the",
      "partOfSpeech" : "DT",
      "whiteSpace" : false
    }, {
      "id" : "s6-t23",
      "begin" : 521,
      "end" : 529,
      "text" : "function",
      "tokenType" : "LowercaseAlphabetic",
      "lemma" : "function",
      "partOfSpeech" : "NN",
      "whiteSpace" : false
    }, {
      "id" : "s6-t24",
      "begin" : 530,
      "end" : 532,
      "text" : "of",
      "tokenType" : "LowercaseAlphabetic",
      "lemma" : "of",
      "partOfSpeech" : "IN",
      "whiteSpace" : false
    }, {
      "id" : "s6-t25",
      "begin" : 533,
      "end" : 540,
      "text" : "tapping",
      "tokenType" : "LowercaseAlphabetic",
      "lemma" : "tap",
      "partOfSpeech" : "VBG",
      "whiteSpace" : false
    }, {
      "id" : "s6-t26",
      "begin" : 541,
      "end" : 544,
      "text" : "the",
      "tokenType" : "LowercaseAlphabetic",
      "lemma" : "the",
      "partOfSpeech" : "DT",
      "whiteSpace" : false
    }, {
      "id" : "s6-t27",
      "begin" : 545,
      "end" : 548,
      "text" : "top",
      "tokenType" : "LowercaseAlphabetic",
      "lemma" : "top",
      "partOfSpeech" : "NN",
      "whiteSpace" : false
    }, {
      "id" : "s6-t28",
      "begin" : 549,
      "end" : 551,
      "text" : "of",
      "tokenType" : "LowercaseAlphabetic",
      "lemma" : "of",
      "partOfSpeech" : "IN",
      "whiteSpace" : false
    }, {
      "id" : "s6-t29",
      "begin" : 552,
      "end" : 555,
      "text" : "the",
      "tokenType" : "LowercaseAlphabetic",
      "lemma" : "the",
      "partOfSpeech" : "DT",
      "whiteSpace" : false
    }, {
      "id" : "s6-t30",
      "begin" : 556,
      "end" : 563,
      "text" : "speaker",
      "tokenType" : "LowercaseAlphabetic",
      "lemma" : "speaker",
      "partOfSpeech" : "NN",
      "whiteSpace" : false
    }, {
      "id" : "s6-t31",
      "begin" : 564,
      "end" : 565,
      "text" : "(",
      "tokenType" : "Punctuation",
      "partOfSpeech" : "(",
      "whiteSpace" : false
    }, {
      "id" : "s6-t32",
      "begin" : 565,
      "end" : 568,
      "text" : "use",
      "tokenType" : "LowercaseAlphabetic",
      "lemma" : "use",
      "partOfSpeech" : "NN",
      "whiteSpace" : false
    }, {
      "id" : "s6-t33",
      "begin" : 569,
      "end" : 572,
      "text" : "two",
      "tokenType" : "LowercaseAlphabetic",
      "lemma" : "two",
      "partOfSpeech" : "QT",
      "whiteSpace" : false
    }, {
      "id" : "s6-t34",
      "begin" : 573,
      "end" : 580,
      "text" : "fingers",
      "tokenType" : "LowercaseAlphabetic",
      "lemma" : "finger",
      "partOfSpeech" : "NNS",
      "whiteSpace" : false
    }, {
      "id" : "s6-t35",
      "begin" : 581,
      "end" : 583,
      "text" : "or",
      "tokenType" : "LowercaseAlphabetic",
      "lemma" : "or",
      "partOfSpeech" : "CC",
      "whiteSpace" : false
    }, {
      "id" : "s6-t36",
      "begin" : 584,
      "end" : 586,
      "text" : "it",
      "tokenType" : "LowercaseAlphabetic",
      "lemma" : "it",
      "partOfSpeech" : "PRP",
      "whiteSpace" : false
    }, {
      "id" : "s6-t37",
      "begin" : 587,
      "end" : 589,
      "text" : "wo",
      "tokenType" : "LowercaseAlphabetic",
      "lemma" : "will",
      "partOfSpeech" : "MD",
      "whiteSpace" : false
    }, {
      "id" : "s6-t38",
      "begin" : 589,
      "end" : 592,
      "text" : "n't",
      "tokenType" : "TokenAnnotation",
      "lemma" : "not",
      "partOfSpeech" : "RB",
      "whiteSpace" : false
    }, {
      "id" : "s6-t39",
      "begin" : 593,
      "end" : 597,
      "text" : "work",
      "tokenType" : "LowercaseAlphabetic",
      "lemma" : "work",
      "partOfSpeech" : "VB",
      "whiteSpace" : false
    }, {
      "id" : "s6-t40",
      "begin" : 597,
      "end" : 598,
      "text" : ")",
      "tokenType" : "Punctuation",
      "partOfSpeech" : ")",
      "whiteSpace" : false
    }, {
      "id" : "s6-t41",
      "begin" : 599,
      "end" : 603,
      "text" : "once",
      "tokenType" : "LowercaseAlphabetic",
      "lemma" : "once",
      "partOfSpeech" : "RB",
      "whiteSpace" : false
    }, {
      "id" : "s6-t42",
      "begin" : 604,
      "end" : 606,
      "text" : "to",
      "tokenType" : "LowercaseAlphabetic",
      "lemma" : "to",
      "partOfSpeech" : "IN",
      "whiteSpace" : false
    }, {
      "id" : "s6-t43",
      "begin" : 607,
      "end" : 612,
      "text" : "pause",
      "tokenType" : "LowercaseAlphabetic",
      "lemma" : "pause",
      "partOfSpeech" : "NN",
      "whiteSpace" : false
    }, {
      "id" : "s6-t44",
      "begin" : 612,
      "end" : 613,
      "text" : "/",
      "tokenType" : "Punctuation",
      "partOfSpeech" : ":",
      "whiteSpace" : false
    }, {
      "id" : "s6-t45",
      "begin" : 613,
      "end" : 617,
      "text" : "play",
      "tokenType" : "LowercaseAlphabetic",
      "lemma" : "play",
      "partOfSpeech" : "NN",
      "whiteSpace" : false
    }, {
      "id" : "s6-t46",
      "begin" : 618,
      "end" : 621,
      "text" : "and",
      "tokenType" : "LowercaseAlphabetic",
      "lemma" : "and",
      "partOfSpeech" : "CC",
      "whiteSpace" : false
    }, {
      "id" : "s6-t47",
      "begin" : 622,
      "end" : 627,
      "text" : "twice",
      "tokenType" : "LowercaseAlphabetic",
      "lemma" : "twice",
      "partOfSpeech" : "RB",
      "whiteSpace" : false
    }, {
      "id" : "s6-t48",
      "begin" : 628,
      "end" : 630,
      "text" : "to",
      "tokenType" : "LowercaseAlphabetic",
      "lemma" : "to",
      "partOfSpeech" : "TO",
      "whiteSpace" : false
    }, {
      "id" : "s6-t49",
      "begin" : 631,
      "end" : 635,
      "text" : "skip",
      "tokenType" : "LowercaseAlphabetic",
      "lemma" : "skip",
      "partOfSpeech" : "VB",
      "whiteSpace" : false
    }, {
      "id" : "s6-t50",
      "begin" : 636,
      "end" : 637,
      "text" : "a",
      "tokenType" : "LowercaseAlphabetic",
      "lemma" : "a",
      "partOfSpeech" : "DT",
      "whiteSpace" : false
    }, {
      "id" : "s6-t51",
      "begin" : 638,
      "end" : 642,
      "text" : "song",
      "tokenType" : "LowercaseAlphabetic",
      "lemma" : "song",
      "partOfSpeech" : "NN",
      "whiteSpace" : false
    }, {
      "id" : "s6-t52",
      "begin" : 642,
      "end" : 643,
      "text" : ".",
      "tokenType" : "ClauseEndingPunctuation",
      "partOfSpeech" : ".",
      "whiteSpace" : false
    } ]
  }, {
    "id" : "s7",
    "begin" : 644,
    "end" : 700,
    "text" : "This feature is very cool but did not work consistently.",
    "tokens" : [ {
      "id" : "s7-t0",
      "begin" : 644,
      "end" : 648,
      "text" : "This",
      "tokenType" : "TitlecaseAlphabetic",
      "lemma" : "this",
      "partOfSpeech" : "DT",
      "whiteSpace" : false
    }, {
      "id" : "s7-t1",
      "begin" : 649,
      "end" : 656,
      "text" : "feature",
      "tokenType" : "LowercaseAlphabetic",
      "lemma" : "feature",
      "partOfSpeech" : "NN",
      "whiteSpace" : false
    }, {
      "id" : "s7-t2",
      "begin" : 657,
      "end" : 659,
      "text" : "is",
      "tokenType" : "LowercaseAlphabetic",
      "lemma" : "be",
      "partOfSpeech" : "VBZ",
      "whiteSpace" : false
    }, {
      "id" : "s7-t3",
      "begin" : 660,
      "end" : 664,
      "text" : "very",
      "tokenType" : "LowercaseAlphabetic",
      "lemma" : "very",
      "partOfSpeech" : "RB",
      "whiteSpace" : false
    }, {
      "id" : "s7-t4",
      "begin" : 665,
      "end" : 669,
      "text" : "cool",
      "tokenType" : "LowercaseAlphabetic",
      "lemma" : "cool",
      "partOfSpeech" : "JJ",
      "whiteSpace" : false
    }, {
      "id" : "s7-t5",
      "begin" : 670,
      "end" : 673,
      "text" : "but",
      "tokenType" : "LowercaseAlphabetic",
      "lemma" : "but",
      "partOfSpeech" : "CC",
      "whiteSpace" : false
    }, {
      "id" : "s7-t6",
      "begin" : 674,
      "end" : 677,
      "text" : "did",
      "tokenType" : "LowercaseAlphabetic",
      "lemma" : "do",
      "partOfSpeech" : "VBD",
      "whiteSpace" : false
    }, {
      "id" : "s7-t7",
      "begin" : 678,
      "end" : 681,
      "text" : "not",
      "tokenType" : "LowercaseAlphabetic",
      "lemma" : "not",
      "partOfSpeech" : "RB",
      "whiteSpace" : false
    }, {
      "id" : "s7-t8",
      "begin" : 682,
      "end" : 686,
      "text" : "work",
      "tokenType" : "LowercaseAlphabetic",
      "lemma" : "work",
      "partOfSpeech" : "VB",
      "whiteSpace" : false
    }, {
      "id" : "s7-t9",
      "begin" : 687,
      "end" : 699,
      "text" : "consistently",
      "tokenType" : "LowercaseAlphabetic",
      "lemma" : "consistently",
      "partOfSpeech" : "RB",
      "whiteSpace" : false
    }, {
      "id" : "s7-t10",
      "begin" : 699,
      "end" : 700,
      "text" : ".",
      "tokenType" : "ClauseEndingPunctuation",
      "partOfSpeech" : ".",
      "whiteSpace" : false
    } ]
  }, {
    "id" : "s8",
    "begin" : 701,
    "end" : 755,
    "text" : "They also changed up the recharging and jack features.",
    "tokens" : [ {
      "id" : "s8-t0",
      "begin" : 701,
      "end" : 705,
      "text" : "They",
      "tokenType" : "TitlecaseAlphabetic",
      "lemma" : "they",
      "partOfSpeech" : "PRP",
      "whiteSpace" : false
    }, {
      "id" : "s8-t1",
      "begin" : 706,
      "end" : 710,
      "text" : "also",
      "tokenType" : "LowercaseAlphabetic",
      "lemma" : "also",
      "partOfSpeech" : "RB",
      "whiteSpace" : false
    }, {
      "id" : "s8-t2",
      "begin" : 711,
      "end" : 718,
      "text" : "changed",
      "tokenType" : "LowercaseAlphabetic",
      "lemma" : "change",
      "partOfSpeech" : "VBN",
      "whiteSpace" : false
    }, {
      "id" : "s8-t3",
      "begin" : 719,
      "end" : 721,
      "text" : "up",
      "tokenType" : "LowercaseAlphabetic",
      "lemma" : "up",
      "partOfSpeech" : "IN",
      "whiteSpace" : false
    }, {
      "id" : "s8-t4",
      "begin" : 722,
      "end" : 725,
      "text" : "the",
      "tokenType" : "LowercaseAlphabetic",
      "lemma" : "the",
      "partOfSpeech" : "DT",
      "whiteSpace" : false
    }, {
      "id" : "s8-t5",
      "begin" : 726,
      "end" : 736,
      "text" : "recharging",
      "tokenType" : "LowercaseAlphabetic",
      "lemma" : "recharge",
      "partOfSpeech" : "NN",
      "whiteSpace" : false
    }, {
      "id" : "s8-t6",
      "begin" : 737,
      "end" : 740,
      "text" : "and",
      "tokenType" : "LowercaseAlphabetic",
      "lemma" : "and",
      "partOfSpeech" : "CC",
      "whiteSpace" : false
    }, {
      "id" : "s8-t7",
      "begin" : 741,
      "end" : 745,
      "text" : "jack",
      "tokenType" : "LowercaseAlphabetic",
      "lemma" : "jack",
      "partOfSpeech" : "NN",
      "whiteSpace" : false
    }, {
      "id" : "s8-t8",
      "begin" : 746,
      "end" : 754,
      "text" : "features",
      "tokenType" : "LowercaseAlphabetic",
      "lemma" : "feature",
      "partOfSpeech" : "NNS",
      "whiteSpace" : false
    }, {
      "id" : "s8-t9",
      "begin" : 754,
      "end" : 755,
      "text" : ".",
      "tokenType" : "ClauseEndingPunctuation",
      "partOfSpeech" : ".",
      "whiteSpace" : false
    } ]
  }, {
    "id" : "s9",
    "begin" : 756,
    "end" : 839,
    "text" : "They are on the bottom of the Boom speaker and on top under rubber flaps on Boom 2.",
    "tokens" : [ {
      "id" : "s9-t0",
      "begin" : 756,
      "end" : 760,
      "text" : "They",
      "tokenType" : "TitlecaseAlphabetic",
      "lemma" : "they",
      "partOfSpeech" : "PRP",
      "whiteSpace" : false
    }, {
      "id" : "s9-t1",
      "begin" : 761,
      "end" : 764,
      "text" : "are",
      "tokenType" : "LowercaseAlphabetic",
      "lemma" : "be",
      "partOfSpeech" : "VBP",
      "whiteSpace" : false
    }, {
      "id" : "s9-t2",
      "begin" : 765,
      "end" : 767,
      "text" : "on",
      "tokenType" : "LowercaseAlphabetic",
      "lemma" : "on",
      "partOfSpeech" : "IN",
      "whiteSpace" : false
    }, {
      "id" : "s9-t3",
      "begin" : 768,
      "end" : 771,
      "text" : "the",
      "tokenType" : "LowercaseAlphabetic",
      "lemma" : "the",
      "partOfSpeech" : "DT",
      "whiteSpace" : false
    }, {
      "id" : "s9-t4",
      "begin" : 772,
      "end" : 778,
      "text" : "bottom",
      "tokenType" : "LowercaseAlphabetic",
      "lemma" : "bottom",
      "partOfSpeech" : "NN",
      "whiteSpace" : false
    }, {
      "id" : "s9-t5",
      "begin" : 779,
      "end" : 781,
      "text" : "of",
      "tokenType" : "LowercaseAlphabetic",
      "lemma" : "of",
      "partOfSpeech" : "IN",
      "whiteSpace" : false
    }, {
      "id" : "s9-t6",
      "begin" : 782,
      "end" : 785,
      "text" : "the",
      "tokenType" : "LowercaseAlphabetic",
      "lemma" : "the",
      "partOfSpeech" : "DT",
      "whiteSpace" : false
    }, {
      "id" : "s9-t7",
      "begin" : 786,
      "end" : 790,
      "text" : "Boom",
      "tokenType" : "TitlecaseAlphabetic",
      "lemma" : "boom",
      "partOfSpeech" : "NN",
      "whiteSpace" : false
    }, {
      "id" : "s9-t8",
      "begin" : 791,
      "end" : 798,
      "text" : "speaker",
      "tokenType" : "LowercaseAlphabetic",
      "lemma" : "speaker",
      "partOfSpeech" : "NN",
      "whiteSpace" : false
    }, {
      "id" : "s9-t9",
      "begin" : 799,
      "end" : 802,
      "text" : "and",
      "tokenType" : "LowercaseAlphabetic",
      "lemma" : "and",
      "partOfSpeech" : "CC",
      "whiteSpace" : false
    }, {
      "id" : "s9-t10",
      "begin" : 803,
      "end" : 805,
      "text" : "on",
      "tokenType" : "LowercaseAlphabetic",
      "lemma" : "on",
      "partOfSpeech" : "IN",
      "whiteSpace" : false
    }, {
      "id" : "s9-t11",
      "begin" : 806,
      "end" : 809,
      "text" : "top",
      "tokenType" : "LowercaseAlphabetic",
      "lemma" : "top",
      "partOfSpeech" : "JJ",
      "whiteSpace" : false
    }, {
      "id" : "s9-t12",
      "begin" : 810,
      "end" : 815,
      "text" : "under",
      "tokenType" : "LowercaseAlphabetic",
      "lemma" : "under",
      "partOfSpeech" : "IN",
      "whiteSpace" : false
    }, {
      "id" : "s9-t13",
      "begin" : 816,
      "end" : 822,
      "text" : "rubber",
      "tokenType" : "LowercaseAlphabetic",
      "lemma" : "rubber",
      "partOfSpeech" : "NN",
      "whiteSpace" : false
    }, {
      "id" : "s9-t14",
      "begin" : 823,
      "end" : 828,
      "text" : "flaps",
      "tokenType" : "LowercaseAlphabetic",
      "lemma" : "flap",
      "partOfSpeech" : "NNS",
      "whiteSpace" : false
    }, {
      "id" : "s9-t15",
      "begin" : 829,
      "end" : 831,
      "text" : "on",
      "tokenType" : "LowercaseAlphabetic",
      "lemma" : "on",
      "partOfSpeech" : "IN",
      "whiteSpace" : false
    }, {
      "id" : "s9-t16",
      "begin" : 832,
      "end" : 836,
      "text" : "Boom",
      "tokenType" : "TitlecaseAlphabetic",
      "lemma" : "boom",
      "partOfSpeech" : "NN",
      "whiteSpace" : false
    }, {
      "id" : "s9-t17",
      "begin" : 837,
      "end" : 838,
      "text" : "2",
      "tokenType" : "Numeric",
      "partOfSpeech" : "CD",
      "whiteSpace" : false
    }, {
      "id" : "s9-t18",
      "begin" : 838,
      "end" : 839,
      "text" : ".",
      "tokenType" : "ClauseEndingPunctuation",
      "partOfSpeech" : ".",
      "whiteSpace" : false
    } ]
  }, {
    "id" : "s10",
    "begin" : 840,
    "end" : 971,
    "text" : "I prefer the open ports (more convenient) over the covered but I'm assuming it keeps it cleaner and helps prevent loss of function.",
    "tokens" : [ {
      "id" : "s10-t0",
      "begin" : 840,
      "end" : 841,
      "text" : "I",
      "tokenType" : "UppercaseAlphabetic",
      "lemma" : "I",
      "partOfSpeech" : "PRP",
      "whiteSpace" : false
    }, {
      "id" : "s10-t1",
      "begin" : 842,
      "end" : 848,
      "text" : "prefer",
      "tokenType" : "LowercaseAlphabetic",
      "lemma" : "prefer",
      "partOfSpeech" : "VBP",
      "whiteSpace" : false
    }, {
      "id" : "s10-t2",
      "begin" : 849,
      "end" : 852,
      "text" : "the",
      "tokenType" : "LowercaseAlphabetic",
      "lemma" : "the",
      "partOfSpeech" : "DT",
      "whiteSpace" : false
    }, {
      "id" : "s10-t3",
      "begin" : 853,
      "end" : 857,
      "text" : "open",
      "tokenType" : "LowercaseAlphabetic",
      "lemma" : "open",
      "partOfSpeech" : "JJ",
      "whiteSpace" : false
    }, {
      "id" : "s10-t4",
      "begin" : 858,
      "end" : 863,
      "text" : "ports",
      "tokenType" : "LowercaseAlphabetic",
      "lemma" : "port",
      "partOfSpeech" : "NNS",
      "whiteSpace" : false
    }, {
      "id" : "s10-t5",
      "begin" : 864,
      "end" : 865,
      "text" : "(",
      "tokenType" : "Punctuation",
      "partOfSpeech" : "(",
      "whiteSpace" : false
    }, {
      "id" : "s10-t6",
      "begin" : 865,
      "end" : 869,
      "text" : "more",
      "tokenType" : "LowercaseAlphabetic",
      "lemma" : "much",
      "partOfSpeech" : "RBR",
      "whiteSpace" : false
    }, {
      "id" : "s10-t7",
      "begin" : 870,
      "end" : 880,
      "text" : "convenient",
      "tokenType" : "LowercaseAlphabetic",
      "lemma" : "convenient",
      "partOfSpeech" : "JJ",
      "whiteSpace" : false
    }, {
      "id" : "s10-t8",
      "begin" : 880,
      "end" : 881,
      "text" : ")",
      "tokenType" : "Punctuation",
      "partOfSpeech" : ")",
      "whiteSpace" : false
    }, {
      "id" : "s10-t9",
      "begin" : 882,
      "end" : 886,
      "text" : "over",
      "tokenType" : "LowercaseAlphabetic",
      "lemma" : "over",
      "partOfSpeech" : "IN",
      "whiteSpace" : false
    }, {
      "id" : "s10-t10",
      "begin" : 887,
      "end" : 890,
      "text" : "the",
      "tokenType" : "LowercaseAlphabetic",
      "lemma" : "the",
      "partOfSpeech" : "DT",
      "whiteSpace" : false
    }, {
      "id" : "s10-t11",
      "begin" : 891,
      "end" : 898,
      "text" : "covered",
      "tokenType" : "LowercaseAlphabetic",
      "lemma" : "cover",
      "partOfSpeech" : "VBN",
      "whiteSpace" : false
    }, {
      "id" : "s10-t12",
      "begin" : 899,
      "end" : 902,
      "text" : "but",
      "tokenType" : "LowercaseAlphabetic",
      "lemma" : "but",
      "partOfSpeech" : "CC",
      "whiteSpace" : false
    }, {
      "id" : "s10-t13",
      "begin" : 903,
      "end" : 904,
      "text" : "I",
      "tokenType" : "UppercaseAlphabetic",
      "lemma" : "I",
      "partOfSpeech" : "PRP",
      "whiteSpace" : false
    }, {
      "id" : "s10-t14",
      "begin" : 904,
      "end" : 906,
      "text" : "'m",
      "tokenType" : "TokenAnnotation",
      "lemma" : "be",
      "partOfSpeech" : "VBP",
      "whiteSpace" : false
    }, {
      "id" : "s10-t15",
      "begin" : 907,
      "end" : 915,
      "text" : "assuming",
      "tokenType" : "LowercaseAlphabetic",
      "lemma" : "assume",
      "partOfSpeech" : "VBG",
      "whiteSpace" : false
    }, {
      "id" : "s10-t16",
      "begin" : 916,
      "end" : 918,
      "text" : "it",
      "tokenType" : "LowercaseAlphabetic",
      "lemma" : "it",
      "partOfSpeech" : "PRP",
      "whiteSpace" : false
    }, {
      "id" : "s10-t17",
      "begin" : 919,
      "end" : 924,
      "text" : "keeps",
      "tokenType" : "LowercaseAlphabetic",
      "lemma" : "keep",
      "partOfSpeech" : "VBZ",
      "whiteSpace" : false
    }, {
      "id" : "s10-t18",
      "begin" : 925,
      "end" : 927,
      "text" : "it",
      "tokenType" : "LowercaseAlphabetic",
      "lemma" : "it",
      "partOfSpeech" : "PRP",
      "whiteSpace" : false
    }, {
      "id" : "s10-t19",
      "begin" : 928,
      "end" : 935,
      "text" : "cleaner",
      "tokenType" : "LowercaseAlphabetic",
      "lemma" : "clean",
      "partOfSpeech" : "JJ",
      "whiteSpace" : false
    }, {
      "id" : "s10-t20",
      "begin" : 936,
      "end" : 939,
      "text" : "and",
      "tokenType" : "LowercaseAlphabetic",
      "lemma" : "and",
      "partOfSpeech" : "CC",
      "whiteSpace" : false
    }, {
      "id" : "s10-t21",
      "begin" : 940,
      "end" : 945,
      "text" : "helps",
      "tokenType" : "LowercaseAlphabetic",
      "lemma" : "help",
      "partOfSpeech" : "VBZ",
      "whiteSpace" : false
    }, {
      "id" : "s10-t22",
      "begin" : 946,
      "end" : 953,
      "text" : "prevent",
      "tokenType" : "LowercaseAlphabetic",
      "lemma" : "prevent",
      "partOfSpeech" : "VB",
      "whiteSpace" : false
    }, {
      "id" : "s10-t23",
      "begin" : 954,
      "end" : 958,
      "text" : "loss",
      "tokenType" : "LowercaseAlphabetic",
      "lemma" : "loss",
      "partOfSpeech" : "NN",
      "whiteSpace" : false
    }, {
      "id" : "s10-t24",
      "begin" : 959,
      "end" : 961,
      "text" : "of",
      "tokenType" : "LowercaseAlphabetic",
      "lemma" : "of",
      "partOfSpeech" : "IN",
      "whiteSpace" : false
    }, {
      "id" : "s10-t25",
      "begin" : 962,
      "end" : 970,
      "text" : "function",
      "tokenType" : "LowercaseAlphabetic",
      "lemma" : "function",
      "partOfSpeech" : "NN",
      "whiteSpace" : false
    }, {
      "id" : "s10-t26",
      "begin" : 970,
      "end" : 971,
      "text" : ".",
      "tokenType" : "ClauseEndingPunctuation",
      "partOfSpeech" : ".",
      "whiteSpace" : false
    } ]
  }, {
    "id" : "s11",
    "begin" : 972,
    "end" : 1013,
    "text" : "They have also improved the playing time.",
    "tokens" : [ {
      "id" : "s11-t0",
      "begin" : 972,
      "end" : 976,
      "text" : "They",
      "tokenType" : "TitlecaseAlphabetic",
      "lemma" : "they",
      "partOfSpeech" : "PRP",
      "whiteSpace" : false
    }, {
      "id" : "s11-t1",
      "begin" : 977,
      "end" : 981,
      "text" : "have",
      "tokenType" : "LowercaseAlphabetic",
      "lemma" : "have",
      "partOfSpeech" : "VBP",
      "whiteSpace" : false
    }, {
      "id" : "s11-t2",
      "begin" : 982,
      "end" : 986,
      "text" : "also",
      "tokenType" : "LowercaseAlphabetic",
      "lemma" : "also",
      "partOfSpeech" : "RB",
      "whiteSpace" : false
    }, {
      "id" : "s11-t3",
      "begin" : 987,
      "end" : 995,
      "text" : "improved",
      "tokenType" : "LowercaseAlphabetic",
      "lemma" : "improve",
      "partOfSpeech" : "VBN",
      "whiteSpace" : false
    }, {
      "id" : "s11-t4",
      "begin" : 996,
      "end" : 999,
      "text" : "the",
      "tokenType" : "LowercaseAlphabetic",
      "lemma" : "the",
      "partOfSpeech" : "DT",
      "whiteSpace" : false
    }, {
      "id" : "s11-t5",
      "begin" : 1000,
      "end" : 1007,
      "text" : "playing",
      "tokenType" : "LowercaseAlphabetic",
      "lemma" : "play",
      "partOfSpeech" : "VBG",
      "whiteSpace" : false
    }, {
      "id" : "s11-t6",
      "begin" : 1008,
      "end" : 1012,
      "text" : "time",
      "tokenType" : "LowercaseAlphabetic",
      "lemma" : "time",
      "partOfSpeech" : "NN",
      "whiteSpace" : false
    }, {
      "id" : "s11-t7",
      "begin" : 1012,
      "end" : 1013,
      "text" : ".",
      "tokenType" : "ClauseEndingPunctuation",
      "partOfSpeech" : ".",
      "whiteSpace" : false
    } ]
  }, {
    "id" : "s12",
    "begin" : 1014,
    "end" : 1126,
    "text" : "I get around 9-12 hours on the original and 10-13 on the Boom 2; granted, a slight improvement but I'll take it.",
    "tokens" : [ {
      "id" : "s12-t0",
      "begin" : 1014,
      "end" : 1015,
      "text" : "I",
      "tokenType" : "UppercaseAlphabetic",
      "lemma" : "I",
      "partOfSpeech" : "PRP",
      "whiteSpace" : false
    }, {
      "id" : "s12-t1",
      "begin" : 1016,
      "end" : 1019,
      "text" : "get",
      "tokenType" : "LowercaseAlphabetic",
      "lemma" : "get",
      "partOfSpeech" : "VBP",
      "whiteSpace" : false
    }, {
      "id" : "s12-t2",
      "begin" : 1020,
      "end" : 1026,
      "text" : "around",
      "tokenType" : "LowercaseAlphabetic",
      "lemma" : "around",
      "partOfSpeech" : "IN",
      "whiteSpace" : false
    }, {
      "id" : "s12-t3",
      "begin" : 1027,
      "end" : 1028,
      "text" : "9",
      "tokenType" : "Numeric",
      "partOfSpeech" : "CD",
      "whiteSpace" : false
    }, {
      "id" : "s12-t4",
      "begin" : 1028,
      "end" : 1029,
      "text" : "-",
      "tokenType" : "Punctuation",
      "partOfSpeech" : ":",
      "whiteSpace" : false
    }, {
      "id" : "s12-t5",
      "begin" : 1029,
      "end" : 1031,
      "text" : "12",
      "tokenType" : "Numeric",
      "partOfSpeech" : "CD",
      "whiteSpace" : false
    }, {
      "id" : "s12-t6",
      "begin" : 1032,
      "end" : 1037,
      "text" : "hours",
      "tokenType" : "LowercaseAlphabetic",
      "lemma" : "hour",
      "partOfSpeech" : "NNS",
      "whiteSpace" : false
    }, {
      "id" : "s12-t7",
      "begin" : 1038,
      "end" : 1040,
      "text" : "on",
      "tokenType" : "LowercaseAlphabetic",
      "lemma" : "on",
      "partOfSpeech" : "IN",
      "whiteSpace" : false
    }, {
      "id" : "s12-t8",
      "begin" : 1041,
      "end" : 1044,
      "text" : "the",
      "tokenType" : "LowercaseAlphabetic",
      "lemma" : "the",
      "partOfSpeech" : "DT",
      "whiteSpace" : false
    }, {
      "id" : "s12-t9",
      "begin" : 1045,
      "end" : 1053,
      "text" : "original",
      "tokenType" : "LowercaseAlphabetic",
      "lemma" : "original",
      "partOfSpeech" : "JJ",
      "whiteSpace" : false
    }, {
      "id" : "s12-t10",
      "begin" : 1054,
      "end" : 1057,
      "text" : "and",
      "tokenType" : "LowercaseAlphabetic",
      "lemma" : "and",
      "partOfSpeech" : "CC",
      "whiteSpace" : false
    }, {
      "id" : "s12-t11",
      "begin" : 1058,
      "end" : 1060,
      "text" : "10",
      "tokenType" : "Numeric",
      "partOfSpeech" : "CD",
      "whiteSpace" : false
    }, {
      "id" : "s12-t12",
      "begin" : 1060,
      "end" : 1061,
      "text" : "-",
      "tokenType" : "Punctuation",
      "partOfSpeech" : ":",
      "whiteSpace" : false
    }, {
      "id" : "s12-t13",
      "begin" : 1061,
      "end" : 1063,
      "text" : "13",
      "tokenType" : "Numeric",
      "partOfSpeech" : "CD",
      "whiteSpace" : false
    }, {
      "id" : "s12-t14",
      "begin" : 1064,
      "end" : 1066,
      "text" : "on",
      "tokenType" : "LowercaseAlphabetic",
      "lemma" : "on",
      "partOfSpeech" : "IN",
      "whiteSpace" : false
    }, {
      "id" : "s12-t15",
      "begin" : 1067,
      "end" : 1070,
      "text" : "the",
      "tokenType" : "LowercaseAlphabetic",
      "lemma" : "the",
      "partOfSpeech" : "DT",
      "whiteSpace" : false
    }, {
      "id" : "s12-t16",
      "begin" : 1071,
      "end" : 1075,
      "text" : "Boom",
      "tokenType" : "TitlecaseAlphabetic",
      "lemma" : "boom",
      "partOfSpeech" : "NN",
      "whiteSpace" : false
    }, {
      "id" : "s12-t17",
      "begin" : 1076,
      "end" : 1077,
      "text" : "2",
      "tokenType" : "Numeric",
      "partOfSpeech" : "CD",
      "whiteSpace" : false
    }, {
      "id" : "s12-t18",
      "begin" : 1077,
      "end" : 1078,
      "text" : ";",
      "tokenType" : "ClauseEndingPunctuation",
      "partOfSpeech" : ":",
      "whiteSpace" : false
    }, {
      "id" : "s12-t19",
      "begin" : 1079,
      "end" : 1086,
      "text" : "granted",
      "tokenType" : "LowercaseAlphabetic",
      "lemma" : "grant",
      "partOfSpeech" : "VBN",
      "whiteSpace" : false
    }, {
      "id" : "s12-t20",
      "begin" : 1086,
      "end" : 1087,
      "text" : ",",
      "tokenType" : "ClauseEndingPunctuation",
      "partOfSpeech" : ",",
      "whiteSpace" : false
    }, {
      "id" : "s12-t21",
      "begin" : 1088,
      "end" : 1089,
      "text" : "a",
      "tokenType" : "LowercaseAlphabetic",
      "lemma" : "a",
      "partOfSpeech" : "DT",
      "whiteSpace" : false
    }, {
      "id" : "s12-t22",
      "begin" : 1090,
      "end" : 1096,
      "text" : "slight",
      "tokenType" : "LowercaseAlphabetic",
      "lemma" : "slight",
      "partOfSpeech" : "JJ",
      "whiteSpace" : false
    }, {
      "id" : "s12-t23",
      "begin" : 1097,
      "end" : 1108,
      "text" : "improvement",
      "tokenType" : "LowercaseAlphabetic",
      "lemma" : "improvement",
      "partOfSpeech" : "NN",
      "whiteSpace" : false
    }, {
      "id" : "s12-t24",
      "begin" : 1109,
      "end" : 1112,
      "text" : "but",
      "tokenType" : "LowercaseAlphabetic",
      "lemma" : "but",
      "partOfSpeech" : "CC",
      "whiteSpace" : false
    }, {
      "id" : "s12-t25",
      "begin" : 1113,
      "end" : 1114,
      "text" : "I",
      "tokenType" : "UppercaseAlphabetic",
      "lemma" : "I",
      "partOfSpeech" : "PRP",
      "whiteSpace" : false
    }, {
      "id" : "s12-t26",
      "begin" : 1114,
      "end" : 1117,
      "text" : "'ll",
      "tokenType" : "TokenAnnotation",
      "lemma" : "shall",
      "partOfSpeech" : "MD",
      "whiteSpace" : false
    }, {
      "id" : "s12-t27",
      "begin" : 1118,
      "end" : 1122,
      "text" : "take",
      "tokenType" : "LowercaseAlphabetic",
      "lemma" : "take",
      "partOfSpeech" : "VB",
      "whiteSpace" : false
    }, {
      "id" : "s12-t28",
      "begin" : 1123,
      "end" : 1125,
      "text" : "it",
      "tokenType" : "LowercaseAlphabetic",
      "lemma" : "it",
      "partOfSpeech" : "PRP",
      "whiteSpace" : false
    }, {
      "id" : "s12-t29",
      "begin" : 1125,
      "end" : 1126,
      "text" : ".",
      "tokenType" : "ClauseEndingPunctuation",
      "partOfSpeech" : ".",
      "whiteSpace" : false
    } ]
  }, {
    "id" : "s13",
    "begin" : 1127,
    "end" : 1251,
    "text" : "I cannot find a way to double up a Boom and Boom 2 speaker but I have a call into Logitech to see if this can be configured.",
    "tokens" : [ {
      "id" : "s13-t0",
      "begin" : 1127,
      "end" : 1128,
      "text" : "I",
      "tokenType" : "UppercaseAlphabetic",
      "lemma" : "I",
      "partOfSpeech" : "PRP",
      "whiteSpace" : false
    }, {
      "id" : "s13-t1",
      "begin" : 1129,
      "end" : 1132,
      "text" : "can",
      "tokenType" : "LowercaseAlphabetic",
      "lemma" : "can",
      "partOfSpeech" : "MD",
      "whiteSpace" : false
    }, {
      "id" : "s13-t2",
      "begin" : 1132,
      "end" : 1135,
      "text" : "not",
      "tokenType" : "LowercaseAlphabetic",
      "lemma" : "not",
      "partOfSpeech" : "RB",
      "whiteSpace" : false
    }, {
      "id" : "s13-t3",
      "begin" : 1136,
      "end" : 1140,
      "text" : "find",
      "tokenType" : "LowercaseAlphabetic",
      "lemma" : "find",
      "partOfSpeech" : "VB",
      "whiteSpace" : false
    }, {
      "id" : "s13-t4",
      "begin" : 1141,
      "end" : 1142,
      "text" : "a",
      "tokenType" : "LowercaseAlphabetic",
      "lemma" : "a",
      "partOfSpeech" : "DT",
      "whiteSpace" : false
    }, {
      "id" : "s13-t5",
      "begin" : 1143,
      "end" : 1146,
      "text" : "way",
      "tokenType" : "LowercaseAlphabetic",
      "lemma" : "way",
      "partOfSpeech" : "NN",
      "whiteSpace" : false
    }, {
      "id" : "s13-t6",
      "begin" : 1147,
      "end" : 1149,
      "text" : "to",
      "tokenType" : "LowercaseAlphabetic",
      "lemma" : "to",
      "partOfSpeech" : "IN",
      "whiteSpace" : false
    }, {
      "id" : "s13-t7",
      "begin" : 1150,
      "end" : 1156,
      "text" : "double",
      "tokenType" : "LowercaseAlphabetic",
      "lemma" : "double",
      "partOfSpeech" : "NN",
      "whiteSpace" : false
    }, {
      "id" : "s13-t8",
      "begin" : 1157,
      "end" : 1159,
      "text" : "up",
      "tokenType" : "LowercaseAlphabetic",
      "lemma" : "up",
      "partOfSpeech" : "IN",
      "whiteSpace" : false
    }, {
      "id" : "s13-t9",
      "begin" : 1160,
      "end" : 1161,
      "text" : "a",
      "tokenType" : "LowercaseAlphabetic",
      "lemma" : "a",
      "partOfSpeech" : "DT",
      "whiteSpace" : false
    }, {
      "id" : "s13-t10",
      "begin" : 1162,
      "end" : 1166,
      "text" : "Boom",
      "tokenType" : "TitlecaseAlphabetic",
      "lemma" : "boom",
      "partOfSpeech" : "NN",
      "whiteSpace" : false
    }, {
      "id" : "s13-t11",
      "begin" : 1167,
      "end" : 1170,
      "text" : "and",
      "tokenType" : "LowercaseAlphabetic",
      "lemma" : "and",
      "partOfSpeech" : "CC",
      "whiteSpace" : false
    }, {
      "id" : "s13-t12",
      "begin" : 1171,
      "end" : 1175,
      "text" : "Boom",
      "tokenType" : "TitlecaseAlphabetic",
      "lemma" : "boom",
      "partOfSpeech" : "NN",
      "whiteSpace" : false
    }, {
      "id" : "s13-t13",
      "begin" : 1176,
      "end" : 1177,
      "text" : "2",
      "tokenType" : "Numeric",
      "partOfSpeech" : "CD",
      "whiteSpace" : false
    }, {
      "id" : "s13-t14",
      "begin" : 1178,
      "end" : 1185,
      "text" : "speaker",
      "tokenType" : "LowercaseAlphabetic",
      "lemma" : "speaker",
      "partOfSpeech" : "NN",
      "whiteSpace" : false
    }, {
      "id" : "s13-t15",
      "begin" : 1186,
      "end" : 1189,
      "text" : "but",
      "tokenType" : "LowercaseAlphabetic",
      "lemma" : "but",
      "partOfSpeech" : "CC",
      "whiteSpace" : false
    }, {
      "id" : "s13-t16",
      "begin" : 1190,
      "end" : 1191,
      "text" : "I",
      "tokenType" : "UppercaseAlphabetic",
      "lemma" : "I",
      "partOfSpeech" : "PRP",
      "whiteSpace" : false
    }, {
      "id" : "s13-t17",
      "begin" : 1192,
      "end" : 1196,
      "text" : "have",
      "tokenType" : "LowercaseAlphabetic",
      "lemma" : "have",
      "partOfSpeech" : "VBP",
      "whiteSpace" : false
    }, {
      "id" : "s13-t18",
      "begin" : 1197,
      "end" : 1198,
      "text" : "a",
      "tokenType" : "LowercaseAlphabetic",
      "lemma" : "a",
      "partOfSpeech" : "DT",
      "whiteSpace" : false
    }, {
      "id" : "s13-t19",
      "begin" : 1199,
      "end" : 1203,
      "text" : "call",
      "tokenType" : "LowercaseAlphabetic",
      "lemma" : "call",
      "partOfSpeech" : "NN",
      "whiteSpace" : false
    }, {
      "id" : "s13-t20",
      "begin" : 1204,
      "end" : 1208,
      "text" : "into",
      "tokenType" : "LowercaseAlphabetic",
      "lemma" : "into",
      "partOfSpeech" : "IN",
      "whiteSpace" : false
    }, {
      "id" : "s13-t21",
      "begin" : 1209,
      "end" : 1217,
      "text" : "Logitech",
      "tokenType" : "TitlecaseAlphabetic",
      "lemma" : "logitech",
      "partOfSpeech" : "NNP",
      "whiteSpace" : false
    }, {
      "id" : "s13-t22",
      "begin" : 1218,
      "end" : 1220,
      "text" : "to",
      "tokenType" : "LowercaseAlphabetic",
      "lemma" : "to",
      "partOfSpeech" : "TO",
      "whiteSpace" : false
    }, {
      "id" : "s13-t23",
      "begin" : 1221,
      "end" : 1224,
      "text" : "see",
      "tokenType" : "LowercaseAlphabetic",
      "lemma" : "see",
      "partOfSpeech" : "VB",
      "whiteSpace" : false
    }, {
      "id" : "s13-t24",
      "begin" : 1225,
      "end" : 1227,
      "text" : "if",
      "tokenType" : "LowercaseAlphabetic",
      "lemma" : "if",
      "partOfSpeech" : "IN",
      "whiteSpace" : false
    }, {
      "id" : "s13-t25",
      "begin" : 1228,
      "end" : 1232,
      "text" : "this",
      "tokenType" : "LowercaseAlphabetic",
      "lemma" : "this",
      "partOfSpeech" : "DT",
      "whiteSpace" : false
    }, {
      "id" : "s13-t26",
      "begin" : 1233,
      "end" : 1236,
      "text" : "can",
      "tokenType" : "LowercaseAlphabetic",
      "lemma" : "can",
      "partOfSpeech" : "MD",
      "whiteSpace" : false
    }, {
      "id" : "s13-t27",
      "begin" : 1237,
      "end" : 1239,
      "text" : "be",
      "tokenType" : "LowercaseAlphabetic",
      "lemma" : "be",
      "partOfSpeech" : "VB",
      "whiteSpace" : false
    }, {
      "id" : "s13-t28",
      "begin" : 1240,
      "end" : 1250,
      "text" : "configured",
      "tokenType" : "LowercaseAlphabetic",
      "lemma" : "configure",
      "partOfSpeech" : "VBN",
      "whiteSpace" : false
    }, {
      "id" : "s13-t29",
      "begin" : 1250,
      "end" : 1251,
      "text" : ".",
      "tokenType" : "ClauseEndingPunctuation",
      "partOfSpeech" : ".",
      "whiteSpace" : false
    } ]
  }, {
    "id" : "s14",
    "begin" : 1252,
    "end" : 1424,
    "text" : "Overall, I LOVE the sound quality, convenience, and mobility these speakers provide and at the same cost as the Boom, I would recommend these for double the wireless range.",
    "tokens" : [ {
      "id" : "s14-t0",
      "begin" : 1252,
      "end" : 1259,
      "text" : "Overall",
      "tokenType" : "TitlecaseAlphabetic",
      "lemma" : "overall",
      "partOfSpeech" : "RB",
      "whiteSpace" : false
    }, {
      "id" : "s14-t1",
      "begin" : 1259,
      "end" : 1260,
      "text" : ",",
      "tokenType" : "ClauseEndingPunctuation",
      "partOfSpeech" : ",",
      "whiteSpace" : false
    }, {
      "id" : "s14-t2",
      "begin" : 1261,
      "end" : 1262,
      "text" : "I",
      "tokenType" : "UppercaseAlphabetic",
      "lemma" : "I",
      "partOfSpeech" : "PRP",
      "whiteSpace" : false
    }, {
      "id" : "s14-t3",
      "begin" : 1263,
      "end" : 1267,
      "text" : "LOVE",
      "tokenType" : "UppercaseAlphabetic",
      "lemma" : "love",
      "partOfSpeech" : "VBP",
      "whiteSpace" : false
    }, {
      "id" : "s14-t4",
      "begin" : 1268,
      "end" : 1271,
      "text" : "the",
      "tokenType" : "LowercaseAlphabetic",
      "lemma" : "the",
      "partOfSpeech" : "DT",
      "whiteSpace" : false
    }, {
      "id" : "s14-t5",
      "begin" : 1272,
      "end" : 1277,
      "text" : "sound",
      "tokenType" : "LowercaseAlphabetic",
      "lemma" : "sound",
      "partOfSpeech" : "JJ",
      "whiteSpace" : false
    }, {
      "id" : "s14-t6",
      "begin" : 1278,
      "end" : 1285,
      "text" : "quality",
      "tokenType" : "LowercaseAlphabetic",
      "lemma" : "quality",
      "partOfSpeech" : "NN",
      "whiteSpace" : false
    }, {
      "id" : "s14-t7",
      "begin" : 1285,
      "end" : 1286,
      "text" : ",",
      "tokenType" : "ClauseEndingPunctuation",
      "partOfSpeech" : ",",
      "whiteSpace" : false
    }, {
      "id" : "s14-t8",
      "begin" : 1287,
      "end" : 1298,
      "text" : "convenience",
      "tokenType" : "LowercaseAlphabetic",
      "lemma" : "convenience",
      "partOfSpeech" : "NN",
      "whiteSpace" : false
    }, {
      "id" : "s14-t9",
      "begin" : 1298,
      "end" : 1299,
      "text" : ",",
      "tokenType" : "ClauseEndingPunctuation",
      "partOfSpeech" : ",",
      "whiteSpace" : false
    }, {
      "id" : "s14-t10",
      "begin" : 1300,
      "end" : 1303,
      "text" : "and",
      "tokenType" : "LowercaseAlphabetic",
      "lemma" : "and",
      "partOfSpeech" : "CC",
      "whiteSpace" : false
    }, {
      "id" : "s14-t11",
      "begin" : 1304,
      "end" : 1312,
      "text" : "mobility",
      "tokenType" : "LowercaseAlphabetic",
      "lemma" : "mobility",
      "partOfSpeech" : "NN",
      "whiteSpace" : false
    }, {
      "id" : "s14-t12",
      "begin" : 1313,
      "end" : 1318,
      "text" : "these",
      "tokenType" : "LowercaseAlphabetic",
      "lemma" : "this",
      "partOfSpeech" : "DT",
      "whiteSpace" : false
    }, {
      "id" : "s14-t13",
      "begin" : 1319,
      "end" : 1327,
      "text" : "speakers",
      "tokenType" : "LowercaseAlphabetic",
      "lemma" : "speaker",
      "partOfSpeech" : "NNS",
      "whiteSpace" : false
    }, {
      "id" : "s14-t14",
      "begin" : 1328,
      "end" : 1335,
      "text" : "provide",
      "tokenType" : "LowercaseAlphabetic",
      "lemma" : "provide",
      "partOfSpeech" : "VBP",
      "whiteSpace" : false
    }, {
      "id" : "s14-t15",
      "begin" : 1336,
      "end" : 1339,
      "text" : "and",
      "tokenType" : "LowercaseAlphabetic",
      "lemma" : "and",
      "partOfSpeech" : "CC",
      "whiteSpace" : false
    }, {
      "id" : "s14-t16",
      "begin" : 1340,
      "end" : 1342,
      "text" : "at",
      "tokenType" : "LowercaseAlphabetic",
      "lemma" : "at",
      "partOfSpeech" : "IN",
      "whiteSpace" : false
    }, {
      "id" : "s14-t17",
      "begin" : 1343,
      "end" : 1346,
      "text" : "the",
      "tokenType" : "LowercaseAlphabetic",
      "lemma" : "the",
      "partOfSpeech" : "DT",
      "whiteSpace" : false
    }, {
      "id" : "s14-t18",
      "begin" : 1347,
      "end" : 1351,
      "text" : "same",
      "tokenType" : "LowercaseAlphabetic",
      "lemma" : "same",
      "partOfSpeech" : "JJ",
      "whiteSpace" : false
    }, {
      "id" : "s14-t19",
      "begin" : 1352,
      "end" : 1356,
      "text" : "cost",
      "tokenType" : "LowercaseAlphabetic",
      "lemma" : "cost",
      "partOfSpeech" : "NN",
      "whiteSpace" : false
    }, {
      "id" : "s14-t20",
      "begin" : 1357,
      "end" : 1359,
      "text" : "as",
      "tokenType" : "LowercaseAlphabetic",
      "lemma" : "as",
      "partOfSpeech" : "IN",
      "whiteSpace" : false
    }, {
      "id" : "s14-t21",
      "begin" : 1360,
      "end" : 1363,
      "text" : "the",
      "tokenType" : "LowercaseAlphabetic",
      "lemma" : "the",
      "partOfSpeech" : "DT",
      "whiteSpace" : false
    }, {
      "id" : "s14-t22",
      "begin" : 1364,
      "end" : 1368,
      "text" : "Boom",
      "tokenType" : "TitlecaseAlphabetic",
      "lemma" : "boom",
      "partOfSpeech" : "NN",
      "whiteSpace" : false
    }, {
      "id" : "s14-t23",
      "begin" : 1368,
      "end" : 1369,
      "text" : ",",
      "tokenType" : "ClauseEndingPunctuation",
      "partOfSpeech" : ",",
      "whiteSpace" : false
    }, {
      "id" : "s14-t24",
      "begin" : 1370,
      "end" : 1371,
      "text" : "I",
      "tokenType" : "UppercaseAlphabetic",
      "lemma" : "I",
      "partOfSpeech" : "PRP",
      "whiteSpace" : false
    }, {
      "id" : "s14-t25",
      "begin" : 1372,
      "end" : 1377,
      "text" : "would",
      "tokenType" : "LowercaseAlphabetic",
      "lemma" : "will",
      "partOfSpeech" : "MD",
      "whiteSpace" : false
    }, {
      "id" : "s14-t26",
      "begin" : 1378,
      "end" : 1387,
      "text" : "recommend",
      "tokenType" : "LowercaseAlphabetic",
      "lemma" : "recommend",
      "partOfSpeech" : "VB",
      "whiteSpace" : false
    }, {
      "id" : "s14-t27",
      "begin" : 1388,
      "end" : 1393,
      "text" : "these",
      "tokenType" : "LowercaseAlphabetic",
      "lemma" : "this",
      "partOfSpeech" : "DT",
      "whiteSpace" : false
    }, {
      "id" : "s14-t28",
      "begin" : 1394,
      "end" : 1397,
      "text" : "for",
      "tokenType" : "LowercaseAlphabetic",
      "lemma" : "for",
      "partOfSpeech" : "IN",
      "whiteSpace" : false
    }, {
      "id" : "s14-t29",
      "begin" : 1398,
      "end" : 1404,
      "text" : "double",
      "tokenType" : "LowercaseAlphabetic",
      "lemma" : "double",
      "partOfSpeech" : "VBG",
      "whiteSpace" : false
    }, {
      "id" : "s14-t30",
      "begin" : 1405,
      "end" : 1408,
      "text" : "the",
      "tokenType" : "LowercaseAlphabetic",
      "lemma" : "the",
      "partOfSpeech" : "DT",
      "whiteSpace" : false
    }, {
      "id" : "s14-t31",
      "begin" : 1409,
      "end" : 1417,
      "text" : "wireless",
      "tokenType" : "LowercaseAlphabetic",
      "lemma" : "wireless",
      "partOfSpeech" : "JJ",
      "whiteSpace" : false
    }, {
      "id" : "s14-t32",
      "begin" : 1418,
      "end" : 1423,
      "text" : "range",
      "tokenType" : "LowercaseAlphabetic",
      "lemma" : "range",
      "partOfSpeech" : "NN",
      "whiteSpace" : false
    }, {
      "id" : "s14-t33",
      "begin" : 1423,
      "end" : 1424,
      "text" : ".",
      "tokenType" : "ClauseEndingPunctuation",
      "partOfSpeech" : ".",
      "whiteSpace" : false
    } ]
  }, {
    "id" : "s15",
    "begin" : 1425,
    "end" : 1471,
    "text" : "I might even spring for the Mega Boom speaker.",
    "tokens" : [ {
      "id" : "s15-t0",
      "begin" : 1425,
      "end" : 1426,
      "text" : "I",
      "tokenType" : "UppercaseAlphabetic",
      "lemma" : "I",
      "partOfSpeech" : "PRP",
      "whiteSpace" : false
    }, {
      "id" : "s15-t1",
      "begin" : 1427,
      "end" : 1432,
      "text" : "might",
      "tokenType" : "LowercaseAlphabetic",
      "lemma" : "may",
      "partOfSpeech" : "MD",
      "whiteSpace" : false
    }, {
      "id" : "s15-t2",
      "begin" : 1433,
      "end" : 1437,
      "text" : "even",
      "tokenType" : "LowercaseAlphabetic",
      "lemma" : "even",
      "partOfSpeech" : "RB",
      "whiteSpace" : false
    }, {
      "id" : "s15-t3",
      "begin" : 1438,
      "end" : 1444,
      "text" : "spring",
      "tokenType" : "LowercaseAlphabetic",
      "lemma" : "spring",
      "partOfSpeech" : "NN",
      "whiteSpace" : false
    }, {
      "id" : "s15-t4",
      "begin" : 1445,
      "end" : 1448,
      "text" : "for",
      "tokenType" : "LowercaseAlphabetic",
      "lemma" : "for",
      "partOfSpeech" : "IN",
      "whiteSpace" : false
    }, {
      "id" : "s15-t5",
      "begin" : 1449,
      "end" : 1452,
      "text" : "the",
      "tokenType" : "LowercaseAlphabetic",
      "lemma" : "the",
      "partOfSpeech" : "DT",
      "whiteSpace" : false
    }, {
      "id" : "s15-t6",
      "begin" : 1453,
      "end" : 1457,
      "text" : "Mega",
      "tokenType" : "TitlecaseAlphabetic",
      "lemma" : "mega",
      "partOfSpeech" : "NN",
      "whiteSpace" : false
    }, {
      "id" : "s15-t7",
      "begin" : 1458,
      "end" : 1462,
      "text" : "Boom",
      "tokenType" : "TitlecaseAlphabetic",
      "lemma" : "boom",
      "partOfSpeech" : "NN",
      "whiteSpace" : false
    }, {
      "id" : "s15-t8",
      "begin" : 1463,
      "end" : 1470,
      "text" : "speaker",
      "tokenType" : "LowercaseAlphabetic",
      "lemma" : "speaker",
      "partOfSpeech" : "NN",
      "whiteSpace" : false
    }, {
      "id" : "s15-t9",
      "begin" : 1470,
      "end" : 1471,
      "text" : ".",
      "tokenType" : "ClauseEndingPunctuation",
      "partOfSpeech" : ".",
      "whiteSpace" : false
    } ]
  } ],
  "mentions" : [ {
    "id" : "s0-m0",
    "properties" : {
      "SIRE_MENTION_CLASS" : "SPC",
      "SIRE_ENTITY_SUBTYPE" : "NONE",
      "SIRE_MENTION_TYPE" : "NONE",
      "SIRE_MENTION_ROLE" : "Consumer"
    },
    "type" : "Consumer",
    "begin" : 0,
    "end" : 1,
    "inCoref" : true
  }, {
    "id" : "s0-m4",
    "properties" : {
      "SIRE_MENTION_ROLE" : "Descriptor",
      "SIRE_ENTITY_SUBTYPE" : "NONE",
      "SIRE_MENTION_TYPE" : "NONE",
      "SIRE_MENTION_CLASS" : "SPC"
    },
    "type" : "Descriptor",
    "begin" : 9,
    "end" : 17,
    "inCoref" : false
  }, {
    "id" : "s0-m3",
    "properties" : {
      "SIRE_MENTION_ROLE" : "Product",
      "SIRE_ENTITY_SUBTYPE" : "NONE",
      "SIRE_MENTION_TYPE" : "NONE",
      "SIRE_MENTION_CLASS" : "SPC"
    },
    "type" : "Product",
    "begin" : 18,
    "end" : 33,
    "inCoref" : true
  }, {
    "id" : "s0-m1",
    "properties" : {
      "SIRE_MENTION_CLASS" : "SPC",
      "SIRE_ENTITY_SUBTYPE" : "NONE",
      "SIRE_MENTION_TYPE" : "NONE",
      "SIRE_MENTION_ROLE" : "Consumer"
    },
    "type" : "Consumer",
    "begin" : 37,
    "end" : 38,
    "inCoref" : true
  }, {
    "id" : "s0-m5",
    "properties" : {
      "SIRE_MENTION_ROLE" : "Descriptor",
      "SIRE_ENTITY_SUBTYPE" : "NONE",
      "SIRE_MENTION_TYPE" : "NONE",
      "SIRE_MENTION_CLASS" : "SPC"
    },
    "type" : "Descriptor",
    "begin" : 69,
    "end" : 77,
    "inCoref" : false
  }, {
    "id" : "s0-m6",
    "properties" : {
      "SIRE_MENTION_ROLE" : "Product",
      "SIRE_ENTITY_SUBTYPE" : "NONE",
      "SIRE_MENTION_TYPE" : "NONE",
      "SIRE_MENTION_CLASS" : "SPC"
    },
    "type" : "Product",
    "begin" : 78,
    "end" : 95,
    "inCoref" : true
  }, {
    "id" : "s1-m0",
    "properties" : {
      "SIRE_MENTION_CLASS" : "SPC",
      "SIRE_ENTITY_SUBTYPE" : "NONE",
      "SIRE_MENTION_TYPE" : "NONE",
      "SIRE_MENTION_ROLE" : "Consumer"
    },
    "type" : "Consumer",
    "begin" : 97,
    "end" : 98,
    "inCoref" : true
  }, {
    "id" : "s2-m1",
    "properties" : {
      "SIRE_MENTION_ROLE" : "Product",
      "SIRE_ENTITY_SUBTYPE" : "NONE",
      "SIRE_MENTION_TYPE" : "NONE",
      "SIRE_MENTION_CLASS" : "SPC"
    },
    "type" : "Product",
    "begin" : 146,
    "end" : 155,
    "inCoref" : true
  }, {
    "id" : "s3-m1",
    "properties" : {
      "SIRE_MENTION_ROLE" : "Product",
      "SIRE_ENTITY_SUBTYPE" : "NONE",
      "SIRE_MENTION_TYPE" : "NONE",
      "SIRE_MENTION_CLASS" : "SPC"
    },
    "type" : "Product",
    "begin" : 191,
    "end" : 199,
    "inCoref" : false
  }, {
    "id" : "s3-m3",
    "properties" : {
      "SIRE_MENTION_ROLE" : "Descriptor",
      "SIRE_ENTITY_SUBTYPE" : "NONE",
      "SIRE_MENTION_TYPE" : "NONE",
      "SIRE_MENTION_CLASS" : "SPC"
    },
    "type" : "Descriptor",
    "begin" : 208,
    "end" : 217,
    "inCoref" : false
  }, {
    "id" : "s3-m2",
    "properties" : {
      "SIRE_MENTION_ROLE" : "Feature",
      "SIRE_ENTITY_SUBTYPE" : "NONE",
      "SIRE_MENTION_TYPE" : "NONE",
      "SIRE_MENTION_CLASS" : "SPC"
    },
    "type" : "Feature",
    "begin" : 223,
    "end" : 228,
    "inCoref" : false
  }, {
    "id" : "s3-m4",
    "properties" : {
      "SIRE_MENTION_ROLE" : "Descriptor",
      "SIRE_ENTITY_SUBTYPE" : "NONE",
      "SIRE_MENTION_TYPE" : "NONE",
      "SIRE_MENTION_CLASS" : "SPC"
    },
    "type" : "Descriptor",
    "begin" : 233,
    "end" : 242,
    "inCoref" : false
  }, {
    "id" : "s4-m2",
    "properties" : {
      "SIRE_MENTION_ROLE" : "Descriptor",
      "SIRE_ENTITY_SUBTYPE" : "NONE",
      "SIRE_MENTION_TYPE" : "NONE",
      "SIRE_MENTION_CLASS" : "SPC"
    },
    "type" : "Descriptor",
    "begin" : 248,
    "end" : 255,
    "inCoref" : false
  }, {
    "id" : "s4-m1",
    "properties" : {
      "SIRE_MENTION_ROLE" : "Feature",
      "SIRE_ENTITY_SUBTYPE" : "NONE",
      "SIRE_MENTION_TYPE" : "NONE",
      "SIRE_MENTION_CLASS" : "SPC"
    },
    "type" : "Feature",
    "begin" : 256,
    "end" : 273,
    "inCoref" : false
  }, {
    "id" : "s4-m3",
    "properties" : {
      "SIRE_MENTION_ROLE" : "Descriptor",
      "SIRE_ENTITY_SUBTYPE" : "NONE",
      "SIRE_MENTION_TYPE" : "NONE",
      "SIRE_MENTION_CLASS" : "SPC"
    },
    "type" : "Descriptor",
    "begin" : 281,
    "end" : 285,
    "inCoref" : false
  }, {
    "id" : "s4-m4",
    "properties" : {
      "SIRE_MENTION_ROLE" : "Feature",
      "SIRE_ENTITY_SUBTYPE" : "NONE",
      "SIRE_MENTION_TYPE" : "NONE",
      "SIRE_MENTION_CLASS" : "SPC"
    },
    "type" : "Feature",
    "begin" : 294,
    "end" : 308,
    "inCoref" : false
  }, {
    "id" : "s4-m5",
    "properties" : {
      "SIRE_MENTION_ROLE" : "Descriptor",
      "SIRE_ENTITY_SUBTYPE" : "NONE",
      "SIRE_MENTION_TYPE" : "NONE",
      "SIRE_MENTION_CLASS" : "SPC"
    },
    "type" : "Descriptor",
    "begin" : 312,
    "end" : 336,
    "inCoref" : false
  }, {
    "id" : "s5-m0",
    "properties" : {
      "SIRE_MENTION_CLASS" : "SPC",
      "SIRE_ENTITY_SUBTYPE" : "NONE",
      "SIRE_MENTION_TYPE" : "NONE",
      "SIRE_MENTION_ROLE" : "Consumer"
    },
    "type" : "Consumer",
    "begin" : 338,
    "end" : 339,
    "inCoref" : true
  }, {
    "id" : "s5-m2",
    "properties" : {
      "SIRE_MENTION_ROLE" : "Feature",
      "SIRE_ENTITY_SUBTYPE" : "NONE",
      "SIRE_MENTION_TYPE" : "NONE",
      "SIRE_MENTION_CLASS" : "SPC"
    },
    "type" : "Feature",
    "begin" : 392,
    "end" : 398,
    "inCoref" : false
  }, {
    "id" : "s5-m3",
    "properties" : {
      "SIRE_MENTION_ROLE" : "Descriptor",
      "SIRE_ENTITY_SUBTYPE" : "NONE",
      "SIRE_MENTION_TYPE" : "NONE",
      "SIRE_MENTION_CLASS" : "SPC"
    },
    "type" : "Descriptor",
    "begin" : 399,
    "end" : 413,
    "inCoref" : false
  }, {
    "id" : "s6-m2",
    "properties" : {
      "SIRE_MENTION_ROLE" : "Descriptor",
      "SIRE_ENTITY_SUBTYPE" : "NONE",
      "SIRE_MENTION_TYPE" : "NONE",
      "SIRE_MENTION_CLASS" : "SPC"
    },
    "type" : "Descriptor",
    "begin" : 429,
    "end" : 434,
    "inCoref" : false
  }, {
    "id" : "s6-m1",
    "properties" : {
      "SIRE_MENTION_ROLE" : "Feature",
      "SIRE_ENTITY_SUBTYPE" : "NONE",
      "SIRE_MENTION_TYPE" : "NONE",
      "SIRE_MENTION_CLASS" : "SPC"
    },
    "type" : "Feature",
    "begin" : 435,
    "end" : 457,
    "inCoref" : false
  }, {
    "id" : "s6-m3",
    "properties" : {
      "SIRE_MENTION_ROLE" : "Descriptor",
      "SIRE_ENTITY_SUBTYPE" : "NONE",
      "SIRE_MENTION_TYPE" : "NONE",
      "SIRE_MENTION_CLASS" : "SPC"
    },
    "type" : "Descriptor",
    "begin" : 485,
    "end" : 501,
    "inCoref" : false
  }, {
    "id" : "s6-m4",
    "properties" : {
      "SIRE_MENTION_ROLE" : "Feature",
      "SIRE_ENTITY_SUBTYPE" : "NONE",
      "SIRE_MENTION_TYPE" : "NONE",
      "SIRE_MENTION_CLASS" : "SPC"
    },
    "type" : "Feature",
    "begin" : 533,
    "end" : 642,
    "inCoref" : false
  }, {
    "id" : "s7-m1",
    "properties" : {
      "SIRE_MENTION_ROLE" : "Feature",
      "SIRE_ENTITY_SUBTYPE" : "NONE",
      "SIRE_MENTION_TYPE" : "NONE",
      "SIRE_MENTION_CLASS" : "SPC"
    },
    "type" : "Feature",
    "begin" : 649,
    "end" : 656,
    "inCoref" : false
  }, {
    "id" : "s7-m2",
    "properties" : {
      "SIRE_MENTION_ROLE" : "Descriptor",
      "SIRE_ENTITY_SUBTYPE" : "NONE",
      "SIRE_MENTION_TYPE" : "NONE",
      "SIRE_MENTION_CLASS" : "SPC"
    },
    "type" : "Descriptor",
    "begin" : 660,
    "end" : 669,
    "inCoref" : false
  }, {
    "id" : "s7-m3",
    "properties" : {
      "SIRE_MENTION_ROLE" : "Descriptor",
      "SIRE_ENTITY_SUBTYPE" : "NONE",
      "SIRE_MENTION_TYPE" : "NONE",
      "SIRE_MENTION_CLASS" : "SPC"
    },
    "type" : "Descriptor",
    "begin" : 674,
    "end" : 699,
    "inCoref" : false
  }, {
    "id" : "s8-m1",
    "properties" : {
      "SIRE_MENTION_ROLE" : "Feature",
      "SIRE_ENTITY_SUBTYPE" : "NONE",
      "SIRE_MENTION_TYPE" : "NONE",
      "SIRE_MENTION_CLASS" : "SPC"
    },
    "type" : "Feature",
    "begin" : 726,
    "end" : 754,
    "inCoref" : true
  }, {
    "id" : "s9-m3",
    "properties" : {
      "SIRE_MENTION_ROLE" : "Feature",
      "SIRE_ENTITY_SUBTYPE" : "NONE",
      "SIRE_MENTION_TYPE" : "NONE",
      "SIRE_MENTION_CLASS" : "SPC"
    },
    "type" : "Feature",
    "begin" : 756,
    "end" : 760,
    "inCoref" : true
  }, {
    "id" : "s9-m4",
    "properties" : {
      "SIRE_MENTION_ROLE" : "Descriptor",
      "SIRE_ENTITY_SUBTYPE" : "NONE",
      "SIRE_MENTION_TYPE" : "NONE",
      "SIRE_MENTION_CLASS" : "SPC"
    },
    "type" : "Descriptor",
    "begin" : 765,
    "end" : 778,
    "inCoref" : false
  }, {
    "id" : "s9-m1",
    "properties" : {
      "SIRE_MENTION_ROLE" : "Product",
      "SIRE_ENTITY_SUBTYPE" : "NONE",
      "SIRE_MENTION_TYPE" : "NONE",
      "SIRE_MENTION_CLASS" : "SPC"
    },
    "type" : "Product",
    "begin" : 786,
    "end" : 798,
    "inCoref" : true
  }, {
    "id" : "s9-m5",
    "properties" : {
      "SIRE_MENTION_ROLE" : "Descriptor",
      "SIRE_ENTITY_SUBTYPE" : "NONE",
      "SIRE_MENTION_TYPE" : "NONE",
      "SIRE_MENTION_CLASS" : "SPC"
    },
    "type" : "Descriptor",
    "begin" : 803,
    "end" : 828,
    "inCoref" : false
  }, {
    "id" : "s9-m2",
    "properties" : {
      "SIRE_MENTION_ROLE" : "Product",
      "SIRE_ENTITY_SUBTYPE" : "NONE",
      "SIRE_MENTION_TYPE" : "NONE",
      "SIRE_MENTION_CLASS" : "SPC"
    },
    "type" : "Product",
    "begin" : 832,
    "end" : 838,
    "inCoref" : true
  }, {
    "id" : "s10-m0",
    "properties" : {
      "SIRE_MENTION_CLASS" : "SPC",
      "SIRE_ENTITY_SUBTYPE" : "NONE",
      "SIRE_MENTION_TYPE" : "NONE",
      "SIRE_MENTION_ROLE" : "Consumer"
    },
    "type" : "Consumer",
    "begin" : 840,
    "end" : 841,
    "inCoref" : true
  }, {
    "id" : "s10-m3",
    "properties" : {
      "SIRE_MENTION_ROLE" : "Feature",
      "SIRE_ENTITY_SUBTYPE" : "NONE",
      "SIRE_MENTION_TYPE" : "NONE",
      "SIRE_MENTION_CLASS" : "SPC"
    },
    "type" : "Feature",
    "begin" : 853,
    "end" : 863,
    "inCoref" : false
  }, {
    "id" : "s10-m4",
    "properties" : {
      "SIRE_MENTION_ROLE" : "Descriptor",
      "SIRE_ENTITY_SUBTYPE" : "NONE",
      "SIRE_MENTION_TYPE" : "NONE",
      "SIRE_MENTION_CLASS" : "SPC"
    },
    "type" : "Descriptor",
    "begin" : 865,
    "end" : 880,
    "inCoref" : false
  }, {
    "id" : "s10-m5",
    "properties" : {
      "SIRE_MENTION_ROLE" : "Feature",
      "SIRE_ENTITY_SUBTYPE" : "NONE",
      "SIRE_MENTION_TYPE" : "NONE",
      "SIRE_MENTION_CLASS" : "SPC"
    },
    "type" : "Feature",
    "begin" : 891,
    "end" : 898,
    "inCoref" : false
  }, {
    "id" : "s10-m1",
    "properties" : {
      "SIRE_MENTION_CLASS" : "SPC",
      "SIRE_ENTITY_SUBTYPE" : "NONE",
      "SIRE_MENTION_TYPE" : "NONE",
      "SIRE_MENTION_ROLE" : "Consumer"
    },
    "type" : "Consumer",
    "begin" : 903,
    "end" : 904,
    "inCoref" : true
  }, {
    "id" : "s10-m6",
    "properties" : {
      "SIRE_MENTION_ROLE" : "Product",
      "SIRE_ENTITY_SUBTYPE" : "NONE",
      "SIRE_MENTION_TYPE" : "NONE",
      "SIRE_MENTION_CLASS" : "SPC"
    },
    "type" : "Product",
    "begin" : 925,
    "end" : 927,
    "inCoref" : true
  }, {
    "id" : "s10-m7",
    "properties" : {
      "SIRE_MENTION_ROLE" : "Descriptor",
      "SIRE_ENTITY_SUBTYPE" : "NONE",
      "SIRE_MENTION_TYPE" : "NONE",
      "SIRE_MENTION_CLASS" : "SPC"
    },
    "type" : "Descriptor",
    "begin" : 928,
    "end" : 935,
    "inCoref" : false
  }, {
    "id" : "s10-m8",
    "properties" : {
      "SIRE_MENTION_ROLE" : "Descriptor",
      "SIRE_ENTITY_SUBTYPE" : "NONE",
      "SIRE_MENTION_TYPE" : "NONE",
      "SIRE_MENTION_CLASS" : "SPC"
    },
    "type" : "Feature",
    "begin" : 940,
    "end" : 970,
    "inCoref" : false
  }, {
    "id" : "s11-m1",
    "properties" : {
      "SIRE_MENTION_ROLE" : "Feature",
      "SIRE_ENTITY_SUBTYPE" : "NONE",
      "SIRE_MENTION_TYPE" : "NONE",
      "SIRE_MENTION_CLASS" : "SPC"
    },
    "type" : "Feature",
    "begin" : 1000,
    "end" : 1013,
    "inCoref" : false
  }, {
    "id" : "s12-m0",
    "properties" : {
      "SIRE_MENTION_CLASS" : "SPC",
      "SIRE_ENTITY_SUBTYPE" : "NONE",
      "SIRE_MENTION_TYPE" : "NONE",
      "SIRE_MENTION_ROLE" : "Consumer"
    },
    "type" : "Consumer",
    "begin" : 1014,
    "end" : 1015,
    "inCoref" : true
  }, {
    "id" : "s12-m3",
    "properties" : {
      "SIRE_MENTION_ROLE" : "Feature",
      "SIRE_ENTITY_SUBTYPE" : "NONE",
      "SIRE_MENTION_TYPE" : "NONE",
      "SIRE_MENTION_CLASS" : "SPC"
    },
    "type" : "Feature",
    "begin" : 1027,
    "end" : 1037,
    "inCoref" : false
  }, {
    "id" : "s12-m4",
    "properties" : {
      "SIRE_MENTION_ROLE" : "Product",
      "SIRE_ENTITY_SUBTYPE" : "NONE",
      "SIRE_MENTION_TYPE" : "NONE",
      "SIRE_MENTION_CLASS" : "SPC"
    },
    "type" : "Product",
    "begin" : 1045,
    "end" : 1053,
    "inCoref" : false
  }, {
    "id" : "s12-m5",
    "properties" : {
      "SIRE_MENTION_ROLE" : "Feature",
      "SIRE_ENTITY_SUBTYPE" : "NONE",
      "SIRE_MENTION_TYPE" : "NONE",
      "SIRE_MENTION_CLASS" : "SPC"
    },
    "type" : "Feature",
    "begin" : 1058,
    "end" : 1063,
    "inCoref" : false
  }, {
    "id" : "s12-m6",
    "properties" : {
      "SIRE_MENTION_ROLE" : "Product",
      "SIRE_ENTITY_SUBTYPE" : "NONE",
      "SIRE_MENTION_TYPE" : "NONE",
      "SIRE_MENTION_CLASS" : "SPC"
    },
    "type" : "Product",
    "begin" : 1071,
    "end" : 1077,
    "inCoref" : true
  }, {
    "id" : "s12-m7",
    "properties" : {
      "SIRE_MENTION_ROLE" : "Descriptor",
      "SIRE_ENTITY_SUBTYPE" : "NONE",
      "SIRE_MENTION_TYPE" : "NONE",
      "SIRE_MENTION_CLASS" : "SPC"
    },
    "type" : "Descriptor",
    "begin" : 1088,
    "end" : 1108,
    "inCoref" : false
  }, {
    "id" : "s12-m1",
    "properties" : {
      "SIRE_MENTION_CLASS" : "SPC",
      "SIRE_ENTITY_SUBTYPE" : "NONE",
      "SIRE_MENTION_TYPE" : "NONE",
      "SIRE_MENTION_ROLE" : "Consumer"
    },
    "type" : "Consumer",
    "begin" : 1113,
    "end" : 1114,
    "inCoref" : true
  }, {
    "id" : "s13-m0",
    "properties" : {
      "SIRE_MENTION_CLASS" : "SPC",
      "SIRE_ENTITY_SUBTYPE" : "NONE",
      "SIRE_MENTION_TYPE" : "NONE",
      "SIRE_MENTION_ROLE" : "Consumer"
    },
    "type" : "Consumer",
    "begin" : 1127,
    "end" : 1128,
    "inCoref" : true
  }, {
    "id" : "s13-m6",
    "properties" : {
      "SIRE_MENTION_ROLE" : "Feature",
      "SIRE_ENTITY_SUBTYPE" : "NONE",
      "SIRE_MENTION_TYPE" : "NONE",
      "SIRE_MENTION_CLASS" : "SPC"
    },
    "type" : "Feature",
    "begin" : 1150,
    "end" : 1159,
    "inCoref" : false
  }, {
    "id" : "s13-m3",
    "properties" : {
      "SIRE_MENTION_ROLE" : "Product",
      "SIRE_ENTITY_SUBTYPE" : "NONE",
      "SIRE_MENTION_TYPE" : "NONE",
      "SIRE_MENTION_CLASS" : "SPC"
    },
    "type" : "Product",
    "begin" : 1162,
    "end" : 1166,
    "inCoref" : true
  }, {
    "id" : "s13-m4",
    "properties" : {
      "SIRE_MENTION_ROLE" : "Product",
      "SIRE_ENTITY_SUBTYPE" : "NONE",
      "SIRE_MENTION_TYPE" : "NONE",
      "SIRE_MENTION_CLASS" : "SPC"
    },
    "type" : "Product",
    "begin" : 1171,
    "end" : 1185,
    "inCoref" : true
  }, {
    "id" : "s13-m1",
    "properties" : {
      "SIRE_MENTION_CLASS" : "SPC",
      "SIRE_ENTITY_SUBTYPE" : "NONE",
      "SIRE_MENTION_TYPE" : "NONE",
      "SIRE_MENTION_ROLE" : "Consumer"
    },
    "type" : "Consumer",
    "begin" : 1190,
    "end" : 1191,
    "inCoref" : true
  }, {
    "id" : "s13-m5",
    "properties" : {
      "SIRE_MENTION_ROLE" : "Company",
      "SIRE_ENTITY_SUBTYPE" : "NONE",
      "SIRE_MENTION_TYPE" : "NONE",
      "SIRE_MENTION_CLASS" : "SPC"
    },
    "type" : "Company",
    "begin" : 1209,
    "end" : 1217,
    "inCoref" : false
  }, {
    "id" : "s13-m7",
    "properties" : {
      "SIRE_MENTION_ROLE" : "Feature",
      "SIRE_ENTITY_SUBTYPE" : "NONE",
      "SIRE_MENTION_TYPE" : "NONE",
      "SIRE_MENTION_CLASS" : "SPC"
    },
    "type" : "Feature",
    "begin" : 1240,
    "end" : 1250,
    "inCoref" : false
  }, {
    "id" : "s14-m0",
    "properties" : {
      "SIRE_MENTION_CLASS" : "SPC",
      "SIRE_ENTITY_SUBTYPE" : "NONE",
      "SIRE_MENTION_TYPE" : "NONE",
      "SIRE_MENTION_ROLE" : "Consumer"
    },
    "type" : "Consumer",
    "begin" : 1261,
    "end" : 1262,
    "inCoref" : true
  }, {
    "id" : "s14-m3",
    "properties" : {
      "SIRE_MENTION_ROLE" : "Feature",
      "SIRE_ENTITY_SUBTYPE" : "NONE",
      "SIRE_MENTION_TYPE" : "NONE",
      "SIRE_MENTION_CLASS" : "SPC"
    },
    "type" : "Feature",
    "begin" : 1272,
    "end" : 1285,
    "inCoref" : false
  }, {
    "id" : "s14-m4",
    "properties" : {
      "SIRE_MENTION_ROLE" : "Feature",
      "SIRE_ENTITY_SUBTYPE" : "NONE",
      "SIRE_MENTION_TYPE" : "NONE",
      "SIRE_MENTION_CLASS" : "SPC"
    },
    "type" : "Feature",
    "begin" : 1287,
    "end" : 1298,
    "inCoref" : false
  }, {
    "id" : "s14-m5",
    "properties" : {
      "SIRE_MENTION_ROLE" : "Feature",
      "SIRE_ENTITY_SUBTYPE" : "NONE",
      "SIRE_MENTION_TYPE" : "NONE",
      "SIRE_MENTION_CLASS" : "SPC"
    },
    "type" : "Feature",
    "begin" : 1304,
    "end" : 1312,
    "inCoref" : false
  }, {
    "id" : "s14-m6",
    "properties" : {
      "SIRE_MENTION_ROLE" : "Product",
      "SIRE_ENTITY_SUBTYPE" : "NONE",
      "SIRE_MENTION_TYPE" : "NONE",
      "SIRE_MENTION_CLASS" : "SPC"
    },
    "type" : "Product",
    "begin" : 1319,
    "end" : 1327,
    "inCoref" : false
  }, {
    "id" : "s14-m7",
    "properties" : {
      "SIRE_MENTION_ROLE" : "Product",
      "SIRE_ENTITY_SUBTYPE" : "NONE",
      "SIRE_MENTION_TYPE" : "NONE",
      "SIRE_MENTION_CLASS" : "SPC"
    },
    "type" : "Product",
    "begin" : 1364,
    "end" : 1368,
    "inCoref" : true
  }, {
    "id" : "s14-m1",
    "properties" : {
      "SIRE_MENTION_CLASS" : "SPC",
      "SIRE_ENTITY_SUBTYPE" : "NONE",
      "SIRE_MENTION_TYPE" : "NONE",
      "SIRE_MENTION_ROLE" : "Consumer"
    },
    "type" : "Consumer",
    "begin" : 1370,
    "end" : 1371,
    "inCoref" : true
  }, {
    "id" : "s14-m8",
    "properties" : {
      "SIRE_MENTION_ROLE" : "Product",
      "SIRE_ENTITY_SUBTYPE" : "NONE",
      "SIRE_MENTION_TYPE" : "NONE",
      "SIRE_MENTION_CLASS" : "SPC"
    },
    "type" : "Product",
    "begin" : 1388,
    "end" : 1393,
    "inCoref" : false
  }, {
    "id" : "s14-m9",
    "properties" : {
      "SIRE_MENTION_ROLE" : "Feature",
      "SIRE_ENTITY_SUBTYPE" : "NONE",
      "SIRE_MENTION_TYPE" : "NONE",
      "SIRE_MENTION_CLASS" : "SPC"
    },
    "type" : "Feature",
    "begin" : 1398,
    "end" : 1423,
    "inCoref" : false
  }, {
    "id" : "s15-m0",
    "properties" : {
      "SIRE_MENTION_CLASS" : "SPC",
      "SIRE_ENTITY_SUBTYPE" : "NONE",
      "SIRE_MENTION_TYPE" : "NONE",
      "SIRE_MENTION_ROLE" : "Consumer"
    },
    "type" : "Consumer",
    "begin" : 1425,
    "end" : 1426,
    "inCoref" : true
  }, {
    "id" : "s15-m2",
    "properties" : {
      "SIRE_MENTION_ROLE" : "Product",
      "SIRE_ENTITY_SUBTYPE" : "NONE",
      "SIRE_MENTION_TYPE" : "NONE",
      "SIRE_MENTION_CLASS" : "SPC"
    },
    "type" : "Product",
    "begin" : 1453,
    "end" : 1470,
    "inCoref" : false
  } ],
  "relations" : [ {
    "id" : "s0-r1",
    "properties" : { },
    "type" : "hasQuality",
    "args" : [ "s0-m3", "s0-m4" ]
  }, {
    "id" : "s0-r2",
    "properties" : { },
    "type" : "hasQuality",
    "args" : [ "s0-m6", "s0-m5" ]
  }, {
    "id" : "s3-r1",
    "properties" : { },
    "type" : "hasQuality",
    "args" : [ "s3-m1", "s3-m3" ]
  }, {
    "id" : "s3-r2",
    "properties" : { },
    "type" : "hasQuality",
    "args" : [ "s3-m2", "s3-m4" ]
  }, {
    "id" : "s4-r1",
    "properties" : { },
    "type" : "hasQuality",
    "args" : [ "s4-m1", "s4-m2" ]
  }, {
    "id" : "s4-r2",
    "properties" : { },
    "type" : "hasQuality",
    "args" : [ "s4-m1", "s4-m3" ]
  }, {
    "id" : "s4-r3",
    "properties" : { },
    "type" : "hasQuality",
    "args" : [ "s4-m4", "s4-m5" ]
  }, {
    "id" : "s5-r1",
    "properties" : { },
    "type" : "hasQuality",
    "args" : [ "s5-m2", "s5-m3" ]
  }, {
    "id" : "s6-r1",
    "properties" : { },
    "type" : "hasQuality",
    "args" : [ "s6-m1", "s6-m2" ]
  }, {
    "id" : "s6-r2",
    "properties" : { },
    "type" : "hasQuality",
    "args" : [ "s6-m4", "s6-m3" ]
  }, {
    "id" : "s7-r1",
    "properties" : { },
    "type" : "hasQuality",
    "args" : [ "s7-m1", "s7-m2" ]
  }, {
    "id" : "s7-r2",
    "properties" : { },
    "type" : "hasQuality",
    "args" : [ "s7-m1", "s7-m3" ]
  }, {
    "id" : "s9-r1",
    "properties" : { },
    "type" : "hasQuality",
    "args" : [ "s9-m3", "s9-m4" ]
  }, {
    "id" : "s9-r2",
    "properties" : { },
    "type" : "hasFeature",
    "args" : [ "s9-m1", "s9-m3" ]
  }, {
    "id" : "s9-r3",
    "properties" : { },
    "type" : "hasFeature",
    "args" : [ "s9-m2", "s9-m3" ]
  }, {
    "id" : "s9-r4",
    "properties" : { },
    "type" : "hasQuality",
    "args" : [ "s9-m3", "s9-m5" ]
  }, {
    "id" : "s10-r1",
    "properties" : { },
    "type" : "hasQuality",
    "args" : [ "s10-m3", "s10-m4" ]
  }, {
    "id" : "s10-r2",
    "properties" : { },
    "type" : "hasFeature",
    "args" : [ "s10-m6", "s10-m5" ]
  }, {
    "id" : "s10-r3",
    "properties" : { },
    "type" : "hasQuality",
    "args" : [ "s10-m5", "s10-m7" ]
  }, {
    "id" : "s10-r4",
    "properties" : { },
    "type" : "hasQuality",
    "args" : [ "s10-m5", "s10-m8" ]
  }, {
    "id" : "s12-r1",
    "properties" : { },
    "type" : "hasFeature",
    "args" : [ "s12-m4", "s12-m3" ]
  }, {
    "id" : "s12-r3",
    "properties" : { },
    "type" : "hasFeature",
    "args" : [ "s12-m6", "s12-m5" ]
  }, {
    "id" : "s12-r4",
    "properties" : { },
    "type" : "hasQuality",
    "args" : [ "s12-m5", "s12-m7" ]
  }, {
    "id" : "s13-r1",
    "properties" : { },
    "type" : "hasFeature",
    "args" : [ "s13-m3", "s13-m6" ]
  }, {
    "id" : "s13-r2",
    "properties" : { },
    "type" : "hasFeature",
    "args" : [ "s13-m4", "s13-m6" ]
  }, {
    "id" : "s14-r1",
    "properties" : { },
    "type" : "hasFeature",
    "args" : [ "s14-m6", "s14-m5" ]
  }, {
    "id" : "s14-r2",
    "properties" : { },
    "type" : "hasFeature",
    "args" : [ "s14-m6", "s14-m3" ]
  }, {
    "id" : "s14-r3",
    "properties" : { },
    "type" : "hasFeature",
    "args" : [ "s14-m6", "s14-m4" ]
  }, {
    "id" : "s14-r4",
    "properties" : { },
    "type" : "hasFeature",
    "args" : [ "s14-m8", "s14-m9" ]
  } ],
  "corefs" : [ {
    "id" : "c1",
    "properties" : { },
    "mentions" : [ "s0-m6", "s2-m1", "s9-m2", "s10-m6", "s12-m6", "s13-m4" ]
  }, {
    "id" : "c2",
    "properties" : { },
    "mentions" : [ "s13-m3", "s14-m7", "s0-m3", "s9-m1" ]
  }, {
    "id" : "c3",
    "properties" : { },
    "mentions" : [ "s12-m0", "s13-m0", "s13-m1", "s14-m0", "s14-m1", "s15-m0", "s12-m1", "s10-m1", "s10-m0", "s5-m0", "s1-m0", "s0-m0", "s0-m1" ]
  }, {
    "id" : "c4",
    "properties" : { },
    "mentions" : [ "s8-m1", "s9-m3" ]
  } ],
  "typeResolved" : true,
  "userResolved" : true
}