{
  "id" : "a4d67795-6a55-4af2-8249-ff84f7863130-5",
  "modifiedDate" : 1467749114843,
  "name" : "review71.txt",
  "version" : 2,
  "text" : "This is a great product and has potential to get much better. Pros - technology works great, camera, great, motion sensor great (once tweaked properly). All in all Ring does what it's supposed to do. I have a long list of cons but please understand that the pros by far outweigh the cons. Actually, let's call the cons, \"my wishlist.\"\nWishlist - use any chime sound you like, c'mon, is it that difficult?\nAllow communication between phone and doorbell even when on a call\nLess of a delay between the actual ring and getting notification on the phone/app\nWhen recharging battery, have the doorbell retain information (currently it has to be removed and then set up again.)\nI had one negative experience that needs to be mentioned. Doorbell button fell off and I contacted customer support online. They told me they would send me a replacement the next day. 10 days later, after receiving nothing, I contacted customer support again. Same thing happened. Ten days later (or so) I requested to be escalated and received the replacement within a few days. So third time was a charm and I would still highly recommend the product!",
  "docLength" : 1125,
  "language" : "EN",
  "status" : "SUBMITTED",
  "documentSet" : [ ],
  "sentences" : [ {
    "id" : "s0",
    "begin" : 0,
    "end" : 61,
    "text" : "This is a great product and has potential to get much better.",
    "tokens" : [ {
      "id" : "s0-t0",
      "begin" : 0,
      "end" : 4,
      "text" : "This",
      "tokenType" : "TitlecaseAlphabetic",
      "lemma" : "this",
      "partOfSpeech" : "DT",
      "whiteSpace" : false
    }, {
      "id" : "s0-t1",
      "begin" : 5,
      "end" : 7,
      "text" : "is",
      "tokenType" : "LowercaseAlphabetic",
      "lemma" : "be",
      "partOfSpeech" : "VBZ",
      "whiteSpace" : false
    }, {
      "id" : "s0-t2",
      "begin" : 8,
      "end" : 9,
      "text" : "a",
      "tokenType" : "LowercaseAlphabetic",
      "lemma" : "a",
      "partOfSpeech" : "DT",
      "whiteSpace" : false
    }, {
      "id" : "s0-t3",
      "begin" : 10,
      "end" : 15,
      "text" : "great",
      "tokenType" : "LowercaseAlphabetic",
      "lemma" : "great",
      "partOfSpeech" : "JJ",
      "whiteSpace" : false
    }, {
      "id" : "s0-t4",
      "begin" : 16,
      "end" : 23,
      "text" : "product",
      "tokenType" : "LowercaseAlphabetic",
      "lemma" : "product",
      "partOfSpeech" : "NN",
      "whiteSpace" : false
    }, {
      "id" : "s0-t5",
      "begin" : 24,
      "end" : 27,
      "text" : "and",
      "tokenType" : "LowercaseAlphabetic",
      "lemma" : "and",
      "partOfSpeech" : "CC",
      "whiteSpace" : false
    }, {
      "id" : "s0-t6",
      "begin" : 28,
      "end" : 31,
      "text" : "has",
      "tokenType" : "LowercaseAlphabetic",
      "lemma" : "have",
      "partOfSpeech" : "VBZ",
      "whiteSpace" : false
    }, {
      "id" : "s0-t7",
      "begin" : 32,
      "end" : 41,
      "text" : "potential",
      "tokenType" : "LowercaseAlphabetic",
      "lemma" : "potential",
      "partOfSpeech" : "JJ",
      "whiteSpace" : false
    }, {
      "id" : "s0-t8",
      "begin" : 42,
      "end" : 44,
      "text" : "to",
      "tokenType" : "LowercaseAlphabetic",
      "lemma" : "to",
      "partOfSpeech" : "TO",
      "whiteSpace" : false
    }, {
      "id" : "s0-t9",
      "begin" : 45,
      "end" : 48,
      "text" : "get",
      "tokenType" : "LowercaseAlphabetic",
      "lemma" : "get",
      "partOfSpeech" : "VB",
      "whiteSpace" : false
    }, {
      "id" : "s0-t10",
      "begin" : 49,
      "end" : 53,
      "text" : "much",
      "tokenType" : "LowercaseAlphabetic",
      "lemma" : "much",
      "partOfSpeech" : "RB",
      "whiteSpace" : false
    }, {
      "id" : "s0-t11",
      "begin" : 54,
      "end" : 60,
      "text" : "better",
      "tokenType" : "LowercaseAlphabetic",
      "lemma" : "good",
      "partOfSpeech" : "JJR",
      "whiteSpace" : false
    }, {
      "id" : "s0-t12",
      "begin" : 60,
      "end" : 61,
      "text" : ".",
      "tokenType" : "ClauseEndingPunctuation",
      "partOfSpeech" : ".",
      "whiteSpace" : false
    } ]
  }, {
    "id" : "s1",
    "begin" : 62,
    "end" : 152,
    "text" : "Pros - technology works great, camera, great, motion sensor great (once tweaked properly).",
    "tokens" : [ {
      "id" : "s1-t0",
      "begin" : 62,
      "end" : 66,
      "text" : "Pros",
      "tokenType" : "TitlecaseAlphabetic",
      "lemma" : "pro",
      "partOfSpeech" : "NNS",
      "whiteSpace" : false
    }, {
      "id" : "s1-t1",
      "begin" : 67,
      "end" : 68,
      "text" : "-",
      "tokenType" : "Punctuation",
      "partOfSpeech" : ":",
      "whiteSpace" : false
    }, {
      "id" : "s1-t2",
      "begin" : 69,
      "end" : 79,
      "text" : "technology",
      "tokenType" : "LowercaseAlphabetic",
      "lemma" : "technology",
      "partOfSpeech" : "NN",
      "whiteSpace" : false
    }, {
      "id" : "s1-t3",
      "begin" : 80,
      "end" : 85,
      "text" : "works",
      "tokenType" : "LowercaseAlphabetic",
      "lemma" : "work",
      "partOfSpeech" : "VBZ",
      "whiteSpace" : false
    }, {
      "id" : "s1-t4",
      "begin" : 86,
      "end" : 91,
      "text" : "great",
      "tokenType" : "LowercaseAlphabetic",
      "lemma" : "great",
      "partOfSpeech" : "JJ",
      "whiteSpace" : false
    }, {
      "id" : "s1-t5",
      "begin" : 91,
      "end" : 92,
      "text" : ",",
      "tokenType" : "ClauseEndingPunctuation",
      "partOfSpeech" : ",",
      "whiteSpace" : false
    }, {
      "id" : "s1-t6",
      "begin" : 93,
      "end" : 99,
      "text" : "camera",
      "tokenType" : "LowercaseAlphabetic",
      "lemma" : "camera",
      "partOfSpeech" : "NN",
      "whiteSpace" : false
    }, {
      "id" : "s1-t7",
      "begin" : 99,
      "end" : 100,
      "text" : ",",
      "tokenType" : "ClauseEndingPunctuation",
      "partOfSpeech" : ",",
      "whiteSpace" : false
    }, {
      "id" : "s1-t8",
      "begin" : 101,
      "end" : 106,
      "text" : "great",
      "tokenType" : "LowercaseAlphabetic",
      "lemma" : "great",
      "partOfSpeech" : "JJ",
      "whiteSpace" : false
    }, {
      "id" : "s1-t9",
      "begin" : 106,
      "end" : 107,
      "text" : ",",
      "tokenType" : "ClauseEndingPunctuation",
      "partOfSpeech" : ",",
      "whiteSpace" : false
    }, {
      "id" : "s1-t10",
      "begin" : 108,
      "end" : 114,
      "text" : "motion",
      "tokenType" : "LowercaseAlphabetic",
      "lemma" : "motion",
      "partOfSpeech" : "NN",
      "whiteSpace" : false
    }, {
      "id" : "s1-t11",
      "begin" : 115,
      "end" : 121,
      "text" : "sensor",
      "tokenType" : "LowercaseAlphabetic",
      "lemma" : "sensor",
      "partOfSpeech" : "NN",
      "whiteSpace" : false
    }, {
      "id" : "s1-t12",
      "begin" : 122,
      "end" : 127,
      "text" : "great",
      "tokenType" : "LowercaseAlphabetic",
      "lemma" : "great",
      "partOfSpeech" : "JJ",
      "whiteSpace" : false
    }, {
      "id" : "s1-t13",
      "begin" : 128,
      "end" : 129,
      "text" : "(",
      "tokenType" : "Punctuation",
      "partOfSpeech" : "(",
      "whiteSpace" : false
    }, {
      "id" : "s1-t14",
      "begin" : 129,
      "end" : 133,
      "text" : "once",
      "tokenType" : "LowercaseAlphabetic",
      "lemma" : "once",
      "partOfSpeech" : "RB",
      "whiteSpace" : false
    }, {
      "id" : "s1-t15",
      "begin" : 134,
      "end" : 141,
      "text" : "tweaked",
      "tokenType" : "LowercaseAlphabetic",
      "lemma" : "tweak",
      "partOfSpeech" : "VBN",
      "whiteSpace" : false
    }, {
      "id" : "s1-t16",
      "begin" : 142,
      "end" : 150,
      "text" : "properly",
      "tokenType" : "LowercaseAlphabetic",
      "lemma" : "properly",
      "partOfSpeech" : "RB",
      "whiteSpace" : false
    }, {
      "id" : "s1-t17",
      "begin" : 150,
      "end" : 151,
      "text" : ")",
      "tokenType" : "Punctuation",
      "partOfSpeech" : ")",
      "whiteSpace" : false
    }, {
      "id" : "s1-t18",
      "begin" : 151,
      "end" : 152,
      "text" : ".",
      "tokenType" : "ClauseEndingPunctuation",
      "partOfSpeech" : ".",
      "whiteSpace" : false
    } ]
  }, {
    "id" : "s2",
    "begin" : 153,
    "end" : 199,
    "text" : "All in all Ring does what it's supposed to do.",
    "tokens" : [ {
      "id" : "s2-t0",
      "begin" : 153,
      "end" : 156,
      "text" : "All",
      "tokenType" : "TitlecaseAlphabetic",
      "lemma" : "all",
      "partOfSpeech" : "QT",
      "whiteSpace" : false
    }, {
      "id" : "s2-t1",
      "begin" : 157,
      "end" : 159,
      "text" : "in",
      "tokenType" : "LowercaseAlphabetic",
      "lemma" : "in",
      "partOfSpeech" : "IN",
      "whiteSpace" : false
    }, {
      "id" : "s2-t2",
      "begin" : 160,
      "end" : 163,
      "text" : "all",
      "tokenType" : "LowercaseAlphabetic",
      "lemma" : "all",
      "partOfSpeech" : "QT",
      "whiteSpace" : false
    }, {
      "id" : "s2-t3",
      "begin" : 164,
      "end" : 168,
      "text" : "Ring",
      "tokenType" : "TitlecaseAlphabetic",
      "lemma" : "ring",
      "partOfSpeech" : "NN",
      "whiteSpace" : false
    }, {
      "id" : "s2-t4",
      "begin" : 169,
      "end" : 173,
      "text" : "does",
      "tokenType" : "LowercaseAlphabetic",
      "lemma" : "do",
      "partOfSpeech" : "VBZ",
      "whiteSpace" : false
    }, {
      "id" : "s2-t5",
      "begin" : 174,
      "end" : 178,
      "text" : "what",
      "tokenType" : "LowercaseAlphabetic",
      "lemma" : "what",
      "partOfSpeech" : "WP",
      "whiteSpace" : false
    }, {
      "id" : "s2-t6",
      "begin" : 179,
      "end" : 181,
      "text" : "it",
      "tokenType" : "LowercaseAlphabetic",
      "lemma" : "it",
      "partOfSpeech" : "PRP",
      "whiteSpace" : false
    }, {
      "id" : "s2-t7",
      "begin" : 181,
      "end" : 183,
      "text" : "'s",
      "tokenType" : "TokenAnnotation",
      "lemma" : "be",
      "partOfSpeech" : "VBZ",
      "whiteSpace" : false
    }, {
      "id" : "s2-t8",
      "begin" : 184,
      "end" : 192,
      "text" : "supposed",
      "tokenType" : "LowercaseAlphabetic",
      "lemma" : "suppose",
      "partOfSpeech" : "VBN",
      "whiteSpace" : false
    }, {
      "id" : "s2-t9",
      "begin" : 193,
      "end" : 195,
      "text" : "to",
      "tokenType" : "LowercaseAlphabetic",
      "lemma" : "to",
      "partOfSpeech" : "TO",
      "whiteSpace" : false
    }, {
      "id" : "s2-t10",
      "begin" : 196,
      "end" : 198,
      "text" : "do",
      "tokenType" : "LowercaseAlphabetic",
      "lemma" : "do",
      "partOfSpeech" : "VB",
      "whiteSpace" : false
    }, {
      "id" : "s2-t11",
      "begin" : 198,
      "end" : 199,
      "text" : ".",
      "tokenType" : "ClauseEndingPunctuation",
      "partOfSpeech" : ".",
      "whiteSpace" : false
    } ]
  }, {
    "id" : "s3",
    "begin" : 200,
    "end" : 288,
    "text" : "I have a long list of cons but please understand that the pros by far outweigh the cons.",
    "tokens" : [ {
      "id" : "s3-t0",
      "begin" : 200,
      "end" : 201,
      "text" : "I",
      "tokenType" : "UppercaseAlphabetic",
      "lemma" : "I",
      "partOfSpeech" : "PRP",
      "whiteSpace" : false
    }, {
      "id" : "s3-t1",
      "begin" : 202,
      "end" : 206,
      "text" : "have",
      "tokenType" : "LowercaseAlphabetic",
      "lemma" : "have",
      "partOfSpeech" : "VBP",
      "whiteSpace" : false
    }, {
      "id" : "s3-t2",
      "begin" : 207,
      "end" : 208,
      "text" : "a",
      "tokenType" : "LowercaseAlphabetic",
      "lemma" : "a",
      "partOfSpeech" : "DT",
      "whiteSpace" : false
    }, {
      "id" : "s3-t3",
      "begin" : 209,
      "end" : 213,
      "text" : "long",
      "tokenType" : "LowercaseAlphabetic",
      "lemma" : "long",
      "partOfSpeech" : "JJ",
      "whiteSpace" : false
    }, {
      "id" : "s3-t4",
      "begin" : 214,
      "end" : 218,
      "text" : "list",
      "tokenType" : "LowercaseAlphabetic",
      "lemma" : "list",
      "partOfSpeech" : "NN",
      "whiteSpace" : false
    }, {
      "id" : "s3-t5",
      "begin" : 219,
      "end" : 221,
      "text" : "of",
      "tokenType" : "LowercaseAlphabetic",
      "lemma" : "of",
      "partOfSpeech" : "IN",
      "whiteSpace" : false
    }, {
      "id" : "s3-t6",
      "begin" : 222,
      "end" : 226,
      "text" : "cons",
      "tokenType" : "LowercaseAlphabetic",
      "lemma" : "con",
      "partOfSpeech" : "NNS",
      "whiteSpace" : false
    }, {
      "id" : "s3-t7",
      "begin" : 227,
      "end" : 230,
      "text" : "but",
      "tokenType" : "LowercaseAlphabetic",
      "lemma" : "but",
      "partOfSpeech" : "CC",
      "whiteSpace" : false
    }, {
      "id" : "s3-t8",
      "begin" : 231,
      "end" : 237,
      "text" : "please",
      "tokenType" : "LowercaseAlphabetic",
      "lemma" : "please",
      "partOfSpeech" : "UH",
      "whiteSpace" : false
    }, {
      "id" : "s3-t9",
      "begin" : 238,
      "end" : 248,
      "text" : "understand",
      "tokenType" : "LowercaseAlphabetic",
      "lemma" : "understand",
      "partOfSpeech" : "VB",
      "whiteSpace" : false
    }, {
      "id" : "s3-t10",
      "begin" : 249,
      "end" : 253,
      "text" : "that",
      "tokenType" : "LowercaseAlphabetic",
      "lemma" : "that",
      "partOfSpeech" : "IN",
      "whiteSpace" : false
    }, {
      "id" : "s3-t11",
      "begin" : 254,
      "end" : 257,
      "text" : "the",
      "tokenType" : "LowercaseAlphabetic",
      "lemma" : "the",
      "partOfSpeech" : "DT",
      "whiteSpace" : false
    }, {
      "id" : "s3-t12",
      "begin" : 258,
      "end" : 262,
      "text" : "pros",
      "tokenType" : "LowercaseAlphabetic",
      "lemma" : "pro",
      "partOfSpeech" : "NNS",
      "whiteSpace" : false
    }, {
      "id" : "s3-t13",
      "begin" : 263,
      "end" : 265,
      "text" : "by",
      "tokenType" : "LowercaseAlphabetic",
      "lemma" : "by",
      "partOfSpeech" : "IN",
      "whiteSpace" : false
    }, {
      "id" : "s3-t14",
      "begin" : 266,
      "end" : 269,
      "text" : "far",
      "tokenType" : "LowercaseAlphabetic",
      "lemma" : "far",
      "partOfSpeech" : "RB",
      "whiteSpace" : false
    }, {
      "id" : "s3-t15",
      "begin" : 270,
      "end" : 278,
      "text" : "outweigh",
      "tokenType" : "LowercaseAlphabetic",
      "lemma" : "outweigh",
      "partOfSpeech" : "VB",
      "whiteSpace" : false
    }, {
      "id" : "s3-t16",
      "begin" : 279,
      "end" : 282,
      "text" : "the",
      "tokenType" : "LowercaseAlphabetic",
      "lemma" : "the",
      "partOfSpeech" : "DT",
      "whiteSpace" : false
    }, {
      "id" : "s3-t17",
      "begin" : 283,
      "end" : 287,
      "text" : "cons",
      "tokenType" : "LowercaseAlphabetic",
      "lemma" : "con",
      "partOfSpeech" : "NNS",
      "whiteSpace" : false
    }, {
      "id" : "s3-t18",
      "begin" : 287,
      "end" : 288,
      "text" : ".",
      "tokenType" : "ClauseEndingPunctuation",
      "partOfSpeech" : ".",
      "whiteSpace" : false
    } ]
  }, {
    "id" : "s4",
    "begin" : 289,
    "end" : 333,
    "text" : "Actually, let's call the cons, \"my wishlist.",
    "tokens" : [ {
      "id" : "s4-t0",
      "begin" : 289,
      "end" : 297,
      "text" : "Actually",
      "tokenType" : "TitlecaseAlphabetic",
      "lemma" : "actually",
      "partOfSpeech" : "RB",
      "whiteSpace" : false
    }, {
      "id" : "s4-t1",
      "begin" : 297,
      "end" : 298,
      "text" : ",",
      "tokenType" : "ClauseEndingPunctuation",
      "partOfSpeech" : ",",
      "whiteSpace" : false
    }, {
      "id" : "s4-t2",
      "begin" : 299,
      "end" : 302,
      "text" : "let",
      "tokenType" : "LowercaseAlphabetic",
      "lemma" : "let",
      "partOfSpeech" : "VB",
      "whiteSpace" : false
    }, {
      "id" : "s4-t3",
      "begin" : 302,
      "end" : 304,
      "text" : "'s",
      "tokenType" : "TokenAnnotation",
      "lemma" : "'s",
      "partOfSpeech" : "PRP",
      "whiteSpace" : false
    }, {
      "id" : "s4-t4",
      "begin" : 305,
      "end" : 309,
      "text" : "call",
      "tokenType" : "LowercaseAlphabetic",
      "lemma" : "call",
      "partOfSpeech" : "VB",
      "whiteSpace" : false
    }, {
      "id" : "s4-t5",
      "begin" : 310,
      "end" : 313,
      "text" : "the",
      "tokenType" : "LowercaseAlphabetic",
      "lemma" : "the",
      "partOfSpeech" : "DT",
      "whiteSpace" : false
    }, {
      "id" : "s4-t6",
      "begin" : 314,
      "end" : 318,
      "text" : "cons",
      "tokenType" : "LowercaseAlphabetic",
      "lemma" : "con",
      "partOfSpeech" : "NNS",
      "whiteSpace" : false
    }, {
      "id" : "s4-t7",
      "begin" : 318,
      "end" : 319,
      "text" : ",",
      "tokenType" : "ClauseEndingPunctuation",
      "partOfSpeech" : ",",
      "whiteSpace" : false
    }, {
      "id" : "s4-t8",
      "begin" : 320,
      "end" : 321,
      "text" : "\"",
      "tokenType" : "Punctuation",
      "partOfSpeech" : "''",
      "whiteSpace" : false
    }, {
      "id" : "s4-t9",
      "begin" : 321,
      "end" : 323,
      "text" : "my",
      "tokenType" : "LowercaseAlphabetic",
      "lemma" : "my",
      "partOfSpeech" : "PRP$",
      "whiteSpace" : false
    }, {
      "id" : "s4-t10",
      "begin" : 324,
      "end" : 332,
      "text" : "wishlist",
      "tokenType" : "LowercaseAlphabetic",
      "lemma" : "wishlist",
      "partOfSpeech" : "NN",
      "whiteSpace" : false
    }, {
      "id" : "s4-t11",
      "begin" : 332,
      "end" : 333,
      "text" : ".",
      "tokenType" : "ClauseEndingPunctuation",
      "partOfSpeech" : ".",
      "whiteSpace" : false
    } ]
  }, {
    "id" : "s5",
    "begin" : 333,
    "end" : 404,
    "text" : "\"\nWishlist - use any chime sound you like, c'mon, is it that difficult?",
    "tokens" : [ {
      "id" : "s5-t0",
      "begin" : 333,
      "end" : 334,
      "text" : "\"",
      "tokenType" : "Punctuation",
      "partOfSpeech" : "''",
      "whiteSpace" : false
    }, {
      "id" : "s5-t1",
      "begin" : 335,
      "end" : 343,
      "text" : "Wishlist",
      "tokenType" : "TitlecaseAlphabetic",
      "lemma" : "wishlist",
      "partOfSpeech" : "NNP",
      "whiteSpace" : false
    }, {
      "id" : "s5-t2",
      "begin" : 344,
      "end" : 345,
      "text" : "-",
      "tokenType" : "Punctuation",
      "partOfSpeech" : ":",
      "whiteSpace" : false
    }, {
      "id" : "s5-t3",
      "begin" : 346,
      "end" : 349,
      "text" : "use",
      "tokenType" : "LowercaseAlphabetic",
      "lemma" : "use",
      "partOfSpeech" : "VB",
      "whiteSpace" : false
    }, {
      "id" : "s5-t4",
      "begin" : 350,
      "end" : 353,
      "text" : "any",
      "tokenType" : "LowercaseAlphabetic",
      "lemma" : "any",
      "partOfSpeech" : "QT",
      "whiteSpace" : false
    }, {
      "id" : "s5-t5",
      "begin" : 354,
      "end" : 359,
      "text" : "chime",
      "tokenType" : "LowercaseAlphabetic",
      "lemma" : "chime",
      "partOfSpeech" : "NN",
      "whiteSpace" : false
    }, {
      "id" : "s5-t6",
      "begin" : 360,
      "end" : 365,
      "text" : "sound",
      "tokenType" : "LowercaseAlphabetic",
      "lemma" : "sound",
      "partOfSpeech" : "JJ",
      "whiteSpace" : false
    }, {
      "id" : "s5-t7",
      "begin" : 366,
      "end" : 369,
      "text" : "you",
      "tokenType" : "LowercaseAlphabetic",
      "lemma" : "you",
      "partOfSpeech" : "PRP",
      "whiteSpace" : false
    }, {
      "id" : "s5-t8",
      "begin" : 370,
      "end" : 374,
      "text" : "like",
      "tokenType" : "LowercaseAlphabetic",
      "lemma" : "like",
      "partOfSpeech" : "VBP",
      "whiteSpace" : false
    }, {
      "id" : "s5-t9",
      "begin" : 374,
      "end" : 375,
      "text" : ",",
      "tokenType" : "ClauseEndingPunctuation",
      "partOfSpeech" : ",",
      "whiteSpace" : false
    }, {
      "id" : "s5-t10",
      "begin" : 376,
      "end" : 377,
      "text" : "c",
      "tokenType" : "LowercaseAlphabetic",
      "partOfSpeech" : "NN",
      "whiteSpace" : false
    }, {
      "id" : "s5-t11",
      "begin" : 377,
      "end" : 378,
      "text" : "'",
      "tokenType" : "Punctuation",
      "partOfSpeech" : "POS",
      "whiteSpace" : false
    }, {
      "id" : "s5-t12",
      "begin" : 378,
      "end" : 381,
      "text" : "mon",
      "tokenType" : "LowercaseAlphabetic",
      "lemma" : "mon",
      "partOfSpeech" : "NN",
      "whiteSpace" : false
    }, {
      "id" : "s5-t13",
      "begin" : 381,
      "end" : 382,
      "text" : ",",
      "tokenType" : "ClauseEndingPunctuation",
      "partOfSpeech" : ",",
      "whiteSpace" : false
    }, {
      "id" : "s5-t14",
      "begin" : 383,
      "end" : 385,
      "text" : "is",
      "tokenType" : "LowercaseAlphabetic",
      "lemma" : "be",
      "partOfSpeech" : "VBZ",
      "whiteSpace" : false
    }, {
      "id" : "s5-t15",
      "begin" : 386,
      "end" : 388,
      "text" : "it",
      "tokenType" : "LowercaseAlphabetic",
      "lemma" : "it",
      "partOfSpeech" : "PRP",
      "whiteSpace" : false
    }, {
      "id" : "s5-t16",
      "begin" : 389,
      "end" : 393,
      "text" : "that",
      "tokenType" : "LowercaseAlphabetic",
      "lemma" : "that",
      "partOfSpeech" : "DT",
      "whiteSpace" : false
    }, {
      "id" : "s5-t17",
      "begin" : 394,
      "end" : 403,
      "text" : "difficult",
      "tokenType" : "LowercaseAlphabetic",
      "lemma" : "difficult",
      "partOfSpeech" : "JJ",
      "whiteSpace" : false
    }, {
      "id" : "s5-t18",
      "begin" : 403,
      "end" : 404,
      "text" : "?",
      "tokenType" : "ClauseEndingPunctuation",
      "partOfSpeech" : ".",
      "whiteSpace" : false
    } ]
  }, {
    "id" : "s6",
    "begin" : 405,
    "end" : 472,
    "text" : "Allow communication between phone and doorbell even when on a call\n",
    "tokens" : [ {
      "id" : "s6-t0",
      "begin" : 405,
      "end" : 410,
      "text" : "Allow",
      "tokenType" : "TitlecaseAlphabetic",
      "lemma" : "allow",
      "partOfSpeech" : "VB",
      "whiteSpace" : false
    }, {
      "id" : "s6-t1",
      "begin" : 411,
      "end" : 424,
      "text" : "communication",
      "tokenType" : "LowercaseAlphabetic",
      "lemma" : "communication",
      "partOfSpeech" : "NN",
      "whiteSpace" : false
    }, {
      "id" : "s6-t2",
      "begin" : 425,
      "end" : 432,
      "text" : "between",
      "tokenType" : "LowercaseAlphabetic",
      "lemma" : "between",
      "partOfSpeech" : "IN",
      "whiteSpace" : false
    }, {
      "id" : "s6-t3",
      "begin" : 433,
      "end" : 438,
      "text" : "phone",
      "tokenType" : "LowercaseAlphabetic",
      "lemma" : "telephone",
      "partOfSpeech" : "NN",
      "whiteSpace" : false
    }, {
      "id" : "s6-t4",
      "begin" : 439,
      "end" : 442,
      "text" : "and",
      "tokenType" : "LowercaseAlphabetic",
      "lemma" : "and",
      "partOfSpeech" : "CC",
      "whiteSpace" : false
    }, {
      "id" : "s6-t5",
      "begin" : 443,
      "end" : 451,
      "text" : "doorbell",
      "tokenType" : "LowercaseAlphabetic",
      "lemma" : "doorbell",
      "partOfSpeech" : "NN",
      "whiteSpace" : false
    }, {
      "id" : "s6-t6",
      "begin" : 452,
      "end" : 456,
      "text" : "even",
      "tokenType" : "LowercaseAlphabetic",
      "lemma" : "even",
      "partOfSpeech" : "RB",
      "whiteSpace" : false
    }, {
      "id" : "s6-t7",
      "begin" : 457,
      "end" : 461,
      "text" : "when",
      "tokenType" : "LowercaseAlphabetic",
      "lemma" : "when",
      "partOfSpeech" : "WRB",
      "whiteSpace" : false
    }, {
      "id" : "s6-t8",
      "begin" : 462,
      "end" : 464,
      "text" : "on",
      "tokenType" : "LowercaseAlphabetic",
      "lemma" : "on",
      "partOfSpeech" : "IN",
      "whiteSpace" : false
    }, {
      "id" : "s6-t9",
      "begin" : 465,
      "end" : 466,
      "text" : "a",
      "tokenType" : "LowercaseAlphabetic",
      "lemma" : "a",
      "partOfSpeech" : "DT",
      "whiteSpace" : false
    }, {
      "id" : "s6-t10",
      "begin" : 467,
      "end" : 471,
      "text" : "call",
      "tokenType" : "LowercaseAlphabetic",
      "lemma" : "call",
      "partOfSpeech" : "NN",
      "whiteSpace" : false
    } ]
  }, {
    "id" : "s7",
    "begin" : 472,
    "end" : 554,
    "text" : "Less of a delay between the actual ring and getting notification on the phone/app\n",
    "tokens" : [ {
      "id" : "s7-t0",
      "begin" : 472,
      "end" : 476,
      "text" : "Less",
      "tokenType" : "TitlecaseAlphabetic",
      "lemma" : "little",
      "partOfSpeech" : "JJR",
      "whiteSpace" : false
    }, {
      "id" : "s7-t1",
      "begin" : 477,
      "end" : 479,
      "text" : "of",
      "tokenType" : "LowercaseAlphabetic",
      "lemma" : "of",
      "partOfSpeech" : "IN",
      "whiteSpace" : false
    }, {
      "id" : "s7-t2",
      "begin" : 480,
      "end" : 481,
      "text" : "a",
      "tokenType" : "LowercaseAlphabetic",
      "lemma" : "a",
      "partOfSpeech" : "DT",
      "whiteSpace" : false
    }, {
      "id" : "s7-t3",
      "begin" : 482,
      "end" : 487,
      "text" : "delay",
      "tokenType" : "LowercaseAlphabetic",
      "lemma" : "delay",
      "partOfSpeech" : "NN",
      "whiteSpace" : false
    }, {
      "id" : "s7-t4",
      "begin" : 488,
      "end" : 495,
      "text" : "between",
      "tokenType" : "LowercaseAlphabetic",
      "lemma" : "between",
      "partOfSpeech" : "IN",
      "whiteSpace" : false
    }, {
      "id" : "s7-t5",
      "begin" : 496,
      "end" : 499,
      "text" : "the",
      "tokenType" : "LowercaseAlphabetic",
      "lemma" : "the",
      "partOfSpeech" : "DT",
      "whiteSpace" : false
    }, {
      "id" : "s7-t6",
      "begin" : 500,
      "end" : 506,
      "text" : "actual",
      "tokenType" : "LowercaseAlphabetic",
      "lemma" : "actual",
      "partOfSpeech" : "JJ",
      "whiteSpace" : false
    }, {
      "id" : "s7-t7",
      "begin" : 507,
      "end" : 511,
      "text" : "ring",
      "tokenType" : "LowercaseAlphabetic",
      "lemma" : "ring",
      "partOfSpeech" : "NN",
      "whiteSpace" : false
    }, {
      "id" : "s7-t8",
      "begin" : 512,
      "end" : 515,
      "text" : "and",
      "tokenType" : "LowercaseAlphabetic",
      "lemma" : "and",
      "partOfSpeech" : "CC",
      "whiteSpace" : false
    }, {
      "id" : "s7-t9",
      "begin" : 516,
      "end" : 523,
      "text" : "getting",
      "tokenType" : "LowercaseAlphabetic",
      "lemma" : "get",
      "partOfSpeech" : "VBG",
      "whiteSpace" : false
    }, {
      "id" : "s7-t10",
      "begin" : 524,
      "end" : 536,
      "text" : "notification",
      "tokenType" : "LowercaseAlphabetic",
      "lemma" : "notification",
      "partOfSpeech" : "NN",
      "whiteSpace" : false
    }, {
      "id" : "s7-t11",
      "begin" : 537,
      "end" : 539,
      "text" : "on",
      "tokenType" : "LowercaseAlphabetic",
      "lemma" : "on",
      "partOfSpeech" : "IN",
      "whiteSpace" : false
    }, {
      "id" : "s7-t12",
      "begin" : 540,
      "end" : 543,
      "text" : "the",
      "tokenType" : "LowercaseAlphabetic",
      "lemma" : "the",
      "partOfSpeech" : "DT",
      "whiteSpace" : false
    }, {
      "id" : "s7-t13",
      "begin" : 544,
      "end" : 549,
      "text" : "phone",
      "tokenType" : "LowercaseAlphabetic",
      "lemma" : "telephone",
      "partOfSpeech" : "NN",
      "whiteSpace" : false
    }, {
      "id" : "s7-t14",
      "begin" : 549,
      "end" : 550,
      "text" : "/",
      "tokenType" : "Punctuation",
      "partOfSpeech" : ":",
      "whiteSpace" : false
    }, {
      "id" : "s7-t15",
      "begin" : 550,
      "end" : 553,
      "text" : "app",
      "tokenType" : "LowercaseAlphabetic",
      "partOfSpeech" : "NN",
      "whiteSpace" : false
    } ]
  }, {
    "id" : "s8",
    "begin" : 554,
    "end" : 670,
    "text" : "When recharging battery, have the doorbell retain information (currently it has to be removed and then set up again.",
    "tokens" : [ {
      "id" : "s8-t0",
      "begin" : 554,
      "end" : 558,
      "text" : "When",
      "tokenType" : "TitlecaseAlphabetic",
      "lemma" : "when",
      "partOfSpeech" : "WRB",
      "whiteSpace" : false
    }, {
      "id" : "s8-t1",
      "begin" : 559,
      "end" : 569,
      "text" : "recharging",
      "tokenType" : "LowercaseAlphabetic",
      "lemma" : "recharge",
      "partOfSpeech" : "VBG",
      "whiteSpace" : false
    }, {
      "id" : "s8-t2",
      "begin" : 570,
      "end" : 577,
      "text" : "battery",
      "tokenType" : "LowercaseAlphabetic",
      "lemma" : "battery",
      "partOfSpeech" : "NN",
      "whiteSpace" : false
    }, {
      "id" : "s8-t3",
      "begin" : 577,
      "end" : 578,
      "text" : ",",
      "tokenType" : "ClauseEndingPunctuation",
      "partOfSpeech" : ",",
      "whiteSpace" : false
    }, {
      "id" : "s8-t4",
      "begin" : 579,
      "end" : 583,
      "text" : "have",
      "tokenType" : "LowercaseAlphabetic",
      "lemma" : "have",
      "partOfSpeech" : "VB",
      "whiteSpace" : false
    }, {
      "id" : "s8-t5",
      "begin" : 584,
      "end" : 587,
      "text" : "the",
      "tokenType" : "LowercaseAlphabetic",
      "lemma" : "the",
      "partOfSpeech" : "DT",
      "whiteSpace" : false
    }, {
      "id" : "s8-t6",
      "begin" : 588,
      "end" : 596,
      "text" : "doorbell",
      "tokenType" : "LowercaseAlphabetic",
      "lemma" : "doorbell",
      "partOfSpeech" : "NN",
      "whiteSpace" : false
    }, {
      "id" : "s8-t7",
      "begin" : 597,
      "end" : 603,
      "text" : "retain",
      "tokenType" : "LowercaseAlphabetic",
      "lemma" : "retain",
      "partOfSpeech" : "VB",
      "whiteSpace" : false
    }, {
      "id" : "s8-t8",
      "begin" : 604,
      "end" : 615,
      "text" : "information",
      "tokenType" : "LowercaseAlphabetic",
      "lemma" : "information",
      "partOfSpeech" : "NN",
      "whiteSpace" : false
    }, {
      "id" : "s8-t9",
      "begin" : 616,
      "end" : 617,
      "text" : "(",
      "tokenType" : "Punctuation",
      "partOfSpeech" : "(",
      "whiteSpace" : false
    }, {
      "id" : "s8-t10",
      "begin" : 617,
      "end" : 626,
      "text" : "currently",
      "tokenType" : "LowercaseAlphabetic",
      "lemma" : "currently",
      "partOfSpeech" : "RB",
      "whiteSpace" : false
    }, {
      "id" : "s8-t11",
      "begin" : 627,
      "end" : 629,
      "text" : "it",
      "tokenType" : "LowercaseAlphabetic",
      "lemma" : "it",
      "partOfSpeech" : "PRP",
      "whiteSpace" : false
    }, {
      "id" : "s8-t12",
      "begin" : 630,
      "end" : 633,
      "text" : "has",
      "tokenType" : "LowercaseAlphabetic",
      "lemma" : "have",
      "partOfSpeech" : "VBZ",
      "whiteSpace" : false
    }, {
      "id" : "s8-t13",
      "begin" : 634,
      "end" : 636,
      "text" : "to",
      "tokenType" : "LowercaseAlphabetic",
      "lemma" : "to",
      "partOfSpeech" : "TO",
      "whiteSpace" : false
    }, {
      "id" : "s8-t14",
      "begin" : 637,
      "end" : 639,
      "text" : "be",
      "tokenType" : "LowercaseAlphabetic",
      "lemma" : "be",
      "partOfSpeech" : "VB",
      "whiteSpace" : false
    }, {
      "id" : "s8-t15",
      "begin" : 640,
      "end" : 647,
      "text" : "removed",
      "tokenType" : "LowercaseAlphabetic",
      "lemma" : "remove",
      "partOfSpeech" : "VBN",
      "whiteSpace" : false
    }, {
      "id" : "s8-t16",
      "begin" : 648,
      "end" : 651,
      "text" : "and",
      "tokenType" : "LowercaseAlphabetic",
      "lemma" : "and",
      "partOfSpeech" : "CC",
      "whiteSpace" : false
    }, {
      "id" : "s8-t17",
      "begin" : 652,
      "end" : 656,
      "text" : "then",
      "tokenType" : "LowercaseAlphabetic",
      "lemma" : "then",
      "partOfSpeech" : "RB",
      "whiteSpace" : false
    }, {
      "id" : "s8-t18",
      "begin" : 657,
      "end" : 660,
      "text" : "set",
      "tokenType" : "LowercaseAlphabetic",
      "lemma" : "set",
      "partOfSpeech" : "VBP",
      "whiteSpace" : false
    }, {
      "id" : "s8-t19",
      "begin" : 661,
      "end" : 663,
      "text" : "up",
      "tokenType" : "LowercaseAlphabetic",
      "lemma" : "up",
      "partOfSpeech" : "RB",
      "whiteSpace" : false
    }, {
      "id" : "s8-t20",
      "begin" : 664,
      "end" : 669,
      "text" : "again",
      "tokenType" : "LowercaseAlphabetic",
      "lemma" : "again",
      "partOfSpeech" : "RB",
      "whiteSpace" : false
    }, {
      "id" : "s8-t21",
      "begin" : 669,
      "end" : 670,
      "text" : ".",
      "tokenType" : "ClauseEndingPunctuation",
      "partOfSpeech" : ".",
      "whiteSpace" : false
    } ]
  }, {
    "id" : "s9",
    "begin" : 670,
    "end" : 729,
    "text" : ")\nI had one negative experience that needs to be mentioned.",
    "tokens" : [ {
      "id" : "s9-t0",
      "begin" : 670,
      "end" : 671,
      "text" : ")",
      "tokenType" : "Punctuation",
      "partOfSpeech" : ")",
      "whiteSpace" : false
    }, {
      "id" : "s9-t1",
      "begin" : 672,
      "end" : 673,
      "text" : "I",
      "tokenType" : "UppercaseAlphabetic",
      "lemma" : "I",
      "partOfSpeech" : "PRP",
      "whiteSpace" : false
    }, {
      "id" : "s9-t2",
      "begin" : 674,
      "end" : 677,
      "text" : "had",
      "tokenType" : "LowercaseAlphabetic",
      "lemma" : "have",
      "partOfSpeech" : "VBD",
      "whiteSpace" : false
    }, {
      "id" : "s9-t3",
      "begin" : 678,
      "end" : 681,
      "text" : "one",
      "tokenType" : "LowercaseAlphabetic",
      "lemma" : "one",
      "partOfSpeech" : "QT",
      "whiteSpace" : false
    }, {
      "id" : "s9-t4",
      "begin" : 682,
      "end" : 690,
      "text" : "negative",
      "tokenType" : "LowercaseAlphabetic",
      "lemma" : "negative",
      "partOfSpeech" : "NN",
      "whiteSpace" : false
    }, {
      "id" : "s9-t5",
      "begin" : 691,
      "end" : 701,
      "text" : "experience",
      "tokenType" : "LowercaseAlphabetic",
      "lemma" : "experience",
      "partOfSpeech" : "NN",
      "whiteSpace" : false
    }, {
      "id" : "s9-t6",
      "begin" : 702,
      "end" : 706,
      "text" : "that",
      "tokenType" : "LowercaseAlphabetic",
      "lemma" : "that",
      "partOfSpeech" : "WDT",
      "whiteSpace" : false
    }, {
      "id" : "s9-t7",
      "begin" : 707,
      "end" : 712,
      "text" : "needs",
      "tokenType" : "LowercaseAlphabetic",
      "lemma" : "need",
      "partOfSpeech" : "VBZ",
      "whiteSpace" : false
    }, {
      "id" : "s9-t8",
      "begin" : 713,
      "end" : 715,
      "text" : "to",
      "tokenType" : "LowercaseAlphabetic",
      "lemma" : "to",
      "partOfSpeech" : "TO",
      "whiteSpace" : false
    }, {
      "id" : "s9-t9",
      "begin" : 716,
      "end" : 718,
      "text" : "be",
      "tokenType" : "LowercaseAlphabetic",
      "lemma" : "be",
      "partOfSpeech" : "VB",
      "whiteSpace" : false
    }, {
      "id" : "s9-t10",
      "begin" : 719,
      "end" : 728,
      "text" : "mentioned",
      "tokenType" : "LowercaseAlphabetic",
      "lemma" : "mention",
      "partOfSpeech" : "VBN",
      "whiteSpace" : false
    }, {
      "id" : "s9-t11",
      "begin" : 728,
      "end" : 729,
      "text" : ".",
      "tokenType" : "ClauseEndingPunctuation",
      "partOfSpeech" : ".",
      "whiteSpace" : false
    } ]
  }, {
    "id" : "s10",
    "begin" : 730,
    "end" : 795,
    "text" : "Doorbell button fell off and I contacted customer support online.",
    "tokens" : [ {
      "id" : "s10-t0",
      "begin" : 730,
      "end" : 738,
      "text" : "Doorbell",
      "tokenType" : "TitlecaseAlphabetic",
      "lemma" : "doorbell",
      "partOfSpeech" : "NN",
      "whiteSpace" : false
    }, {
      "id" : "s10-t1",
      "begin" : 739,
      "end" : 745,
      "text" : "button",
      "tokenType" : "LowercaseAlphabetic",
      "lemma" : "button",
      "partOfSpeech" : "NN",
      "whiteSpace" : false
    }, {
      "id" : "s10-t2",
      "begin" : 746,
      "end" : 750,
      "text" : "fell",
      "tokenType" : "LowercaseAlphabetic",
      "lemma" : "fall",
      "partOfSpeech" : "VBN",
      "whiteSpace" : false
    }, {
      "id" : "s10-t3",
      "begin" : 751,
      "end" : 754,
      "text" : "off",
      "tokenType" : "LowercaseAlphabetic",
      "lemma" : "off",
      "partOfSpeech" : "RB",
      "whiteSpace" : false
    }, {
      "id" : "s10-t4",
      "begin" : 755,
      "end" : 758,
      "text" : "and",
      "tokenType" : "LowercaseAlphabetic",
      "lemma" : "and",
      "partOfSpeech" : "CC",
      "whiteSpace" : false
    }, {
      "id" : "s10-t5",
      "begin" : 759,
      "end" : 760,
      "text" : "I",
      "tokenType" : "UppercaseAlphabetic",
      "lemma" : "I",
      "partOfSpeech" : "PRP",
      "whiteSpace" : false
    }, {
      "id" : "s10-t6",
      "begin" : 761,
      "end" : 770,
      "text" : "contacted",
      "tokenType" : "LowercaseAlphabetic",
      "lemma" : "contact",
      "partOfSpeech" : "VBD",
      "whiteSpace" : false
    }, {
      "id" : "s10-t7",
      "begin" : 771,
      "end" : 779,
      "text" : "customer",
      "tokenType" : "LowercaseAlphabetic",
      "lemma" : "customer",
      "partOfSpeech" : "NN",
      "whiteSpace" : false
    }, {
      "id" : "s10-t8",
      "begin" : 780,
      "end" : 787,
      "text" : "support",
      "tokenType" : "LowercaseAlphabetic",
      "lemma" : "support",
      "partOfSpeech" : "NN",
      "whiteSpace" : false
    }, {
      "id" : "s10-t9",
      "begin" : 788,
      "end" : 794,
      "text" : "online",
      "tokenType" : "LowercaseAlphabetic",
      "lemma" : "online",
      "partOfSpeech" : "RB",
      "whiteSpace" : false
    }, {
      "id" : "s10-t10",
      "begin" : 794,
      "end" : 795,
      "text" : ".",
      "tokenType" : "ClauseEndingPunctuation",
      "partOfSpeech" : ".",
      "whiteSpace" : false
    } ]
  }, {
    "id" : "s11",
    "begin" : 796,
    "end" : 855,
    "text" : "They told me they would send me a replacement the next day.",
    "tokens" : [ {
      "id" : "s11-t0",
      "begin" : 796,
      "end" : 800,
      "text" : "They",
      "tokenType" : "TitlecaseAlphabetic",
      "lemma" : "they",
      "partOfSpeech" : "PRP",
      "whiteSpace" : false
    }, {
      "id" : "s11-t1",
      "begin" : 801,
      "end" : 805,
      "text" : "told",
      "tokenType" : "LowercaseAlphabetic",
      "lemma" : "tell",
      "partOfSpeech" : "VBD",
      "whiteSpace" : false
    }, {
      "id" : "s11-t2",
      "begin" : 806,
      "end" : 808,
      "text" : "me",
      "tokenType" : "LowercaseAlphabetic",
      "lemma" : "I",
      "partOfSpeech" : "PRP",
      "whiteSpace" : false
    }, {
      "id" : "s11-t3",
      "begin" : 809,
      "end" : 813,
      "text" : "they",
      "tokenType" : "LowercaseAlphabetic",
      "lemma" : "they",
      "partOfSpeech" : "PRP",
      "whiteSpace" : false
    }, {
      "id" : "s11-t4",
      "begin" : 814,
      "end" : 819,
      "text" : "would",
      "tokenType" : "LowercaseAlphabetic",
      "lemma" : "will",
      "partOfSpeech" : "MD",
      "whiteSpace" : false
    }, {
      "id" : "s11-t5",
      "begin" : 820,
      "end" : 824,
      "text" : "send",
      "tokenType" : "LowercaseAlphabetic",
      "lemma" : "send",
      "partOfSpeech" : "VB",
      "whiteSpace" : false
    }, {
      "id" : "s11-t6",
      "begin" : 825,
      "end" : 827,
      "text" : "me",
      "tokenType" : "LowercaseAlphabetic",
      "lemma" : "I",
      "partOfSpeech" : "PRP",
      "whiteSpace" : false
    }, {
      "id" : "s11-t7",
      "begin" : 828,
      "end" : 829,
      "text" : "a",
      "tokenType" : "LowercaseAlphabetic",
      "lemma" : "a",
      "partOfSpeech" : "DT",
      "whiteSpace" : false
    }, {
      "id" : "s11-t8",
      "begin" : 830,
      "end" : 841,
      "text" : "replacement",
      "tokenType" : "LowercaseAlphabetic",
      "lemma" : "replacement",
      "partOfSpeech" : "NN",
      "whiteSpace" : false
    }, {
      "id" : "s11-t9",
      "begin" : 842,
      "end" : 845,
      "text" : "the",
      "tokenType" : "LowercaseAlphabetic",
      "lemma" : "the",
      "partOfSpeech" : "DT",
      "whiteSpace" : false
    }, {
      "id" : "s11-t10",
      "begin" : 846,
      "end" : 850,
      "text" : "next",
      "tokenType" : "LowercaseAlphabetic",
      "lemma" : "next",
      "partOfSpeech" : "JJ",
      "whiteSpace" : false
    }, {
      "id" : "s11-t11",
      "begin" : 851,
      "end" : 854,
      "text" : "day",
      "tokenType" : "LowercaseAlphabetic",
      "lemma" : "day",
      "partOfSpeech" : "NN",
      "whiteSpace" : false
    }, {
      "id" : "s11-t12",
      "begin" : 854,
      "end" : 855,
      "text" : ".",
      "tokenType" : "ClauseEndingPunctuation",
      "partOfSpeech" : ".",
      "whiteSpace" : false
    } ]
  }, {
    "id" : "s12",
    "begin" : 856,
    "end" : 931,
    "text" : "10 days later, after receiving nothing, I contacted customer support again.",
    "tokens" : [ {
      "id" : "s12-t0",
      "begin" : 856,
      "end" : 858,
      "text" : "10",
      "tokenType" : "Numeric",
      "partOfSpeech" : "CD",
      "whiteSpace" : false
    }, {
      "id" : "s12-t1",
      "begin" : 859,
      "end" : 863,
      "text" : "days",
      "tokenType" : "LowercaseAlphabetic",
      "lemma" : "day",
      "partOfSpeech" : "NNS",
      "whiteSpace" : false
    }, {
      "id" : "s12-t2",
      "begin" : 864,
      "end" : 869,
      "text" : "later",
      "tokenType" : "LowercaseAlphabetic",
      "lemma" : "late",
      "partOfSpeech" : "RB",
      "whiteSpace" : false
    }, {
      "id" : "s12-t3",
      "begin" : 869,
      "end" : 870,
      "text" : ",",
      "tokenType" : "ClauseEndingPunctuation",
      "partOfSpeech" : ",",
      "whiteSpace" : false
    }, {
      "id" : "s12-t4",
      "begin" : 871,
      "end" : 876,
      "text" : "after",
      "tokenType" : "LowercaseAlphabetic",
      "lemma" : "after",
      "partOfSpeech" : "IN",
      "whiteSpace" : false
    }, {
      "id" : "s12-t5",
      "begin" : 877,
      "end" : 886,
      "text" : "receiving",
      "tokenType" : "LowercaseAlphabetic",
      "lemma" : "receive",
      "partOfSpeech" : "VBG",
      "whiteSpace" : false
    }, {
      "id" : "s12-t6",
      "begin" : 887,
      "end" : 894,
      "text" : "nothing",
      "tokenType" : "LowercaseAlphabetic",
      "lemma" : "nothing",
      "partOfSpeech" : "NN",
      "whiteSpace" : false
    }, {
      "id" : "s12-t7",
      "begin" : 894,
      "end" : 895,
      "text" : ",",
      "tokenType" : "ClauseEndingPunctuation",
      "partOfSpeech" : ",",
      "whiteSpace" : false
    }, {
      "id" : "s12-t8",
      "begin" : 896,
      "end" : 897,
      "text" : "I",
      "tokenType" : "UppercaseAlphabetic",
      "lemma" : "I",
      "partOfSpeech" : "PRP",
      "whiteSpace" : false
    }, {
      "id" : "s12-t9",
      "begin" : 898,
      "end" : 907,
      "text" : "contacted",
      "tokenType" : "LowercaseAlphabetic",
      "lemma" : "contact",
      "partOfSpeech" : "VBD",
      "whiteSpace" : false
    }, {
      "id" : "s12-t10",
      "begin" : 908,
      "end" : 916,
      "text" : "customer",
      "tokenType" : "LowercaseAlphabetic",
      "lemma" : "customer",
      "partOfSpeech" : "NN",
      "whiteSpace" : false
    }, {
      "id" : "s12-t11",
      "begin" : 917,
      "end" : 924,
      "text" : "support",
      "tokenType" : "LowercaseAlphabetic",
      "lemma" : "support",
      "partOfSpeech" : "NN",
      "whiteSpace" : false
    }, {
      "id" : "s12-t12",
      "begin" : 925,
      "end" : 930,
      "text" : "again",
      "tokenType" : "LowercaseAlphabetic",
      "lemma" : "again",
      "partOfSpeech" : "RB",
      "whiteSpace" : false
    }, {
      "id" : "s12-t13",
      "begin" : 930,
      "end" : 931,
      "text" : ".",
      "tokenType" : "ClauseEndingPunctuation",
      "partOfSpeech" : ".",
      "whiteSpace" : false
    } ]
  }, {
    "id" : "s13",
    "begin" : 932,
    "end" : 952,
    "text" : "Same thing happened.",
    "tokens" : [ {
      "id" : "s13-t0",
      "begin" : 932,
      "end" : 936,
      "text" : "Same",
      "tokenType" : "TitlecaseAlphabetic",
      "lemma" : "same",
      "partOfSpeech" : "JJ",
      "whiteSpace" : false
    }, {
      "id" : "s13-t1",
      "begin" : 937,
      "end" : 942,
      "text" : "thing",
      "tokenType" : "LowercaseAlphabetic",
      "lemma" : "thing",
      "partOfSpeech" : "NN",
      "whiteSpace" : false
    }, {
      "id" : "s13-t2",
      "begin" : 943,
      "end" : 951,
      "text" : "happened",
      "tokenType" : "LowercaseAlphabetic",
      "lemma" : "happen",
      "partOfSpeech" : "VBN",
      "whiteSpace" : false
    }, {
      "id" : "s13-t3",
      "begin" : 951,
      "end" : 952,
      "text" : ".",
      "tokenType" : "ClauseEndingPunctuation",
      "partOfSpeech" : ".",
      "whiteSpace" : false
    } ]
  }, {
    "id" : "s14",
    "begin" : 953,
    "end" : 1051,
    "text" : "Ten days later (or so) I requested to be escalated and received the replacement within a few days.",
    "tokens" : [ {
      "id" : "s14-t0",
      "begin" : 953,
      "end" : 956,
      "text" : "Ten",
      "tokenType" : "TitlecaseAlphabetic",
      "lemma" : "ten",
      "partOfSpeech" : "QT",
      "whiteSpace" : false
    }, {
      "id" : "s14-t1",
      "begin" : 957,
      "end" : 961,
      "text" : "days",
      "tokenType" : "LowercaseAlphabetic",
      "lemma" : "day",
      "partOfSpeech" : "NNS",
      "whiteSpace" : false
    }, {
      "id" : "s14-t2",
      "begin" : 962,
      "end" : 967,
      "text" : "later",
      "tokenType" : "LowercaseAlphabetic",
      "lemma" : "late",
      "partOfSpeech" : "RB",
      "whiteSpace" : false
    }, {
      "id" : "s14-t3",
      "begin" : 968,
      "end" : 969,
      "text" : "(",
      "tokenType" : "Punctuation",
      "partOfSpeech" : "(",
      "whiteSpace" : false
    }, {
      "id" : "s14-t4",
      "begin" : 969,
      "end" : 971,
      "text" : "or",
      "tokenType" : "LowercaseAlphabetic",
      "lemma" : "or",
      "partOfSpeech" : "CC",
      "whiteSpace" : false
    }, {
      "id" : "s14-t5",
      "begin" : 972,
      "end" : 974,
      "text" : "so",
      "tokenType" : "LowercaseAlphabetic",
      "lemma" : "so",
      "partOfSpeech" : "RB",
      "whiteSpace" : false
    }, {
      "id" : "s14-t6",
      "begin" : 974,
      "end" : 975,
      "text" : ")",
      "tokenType" : "Punctuation",
      "partOfSpeech" : ")",
      "whiteSpace" : false
    }, {
      "id" : "s14-t7",
      "begin" : 976,
      "end" : 977,
      "text" : "I",
      "tokenType" : "UppercaseAlphabetic",
      "lemma" : "I",
      "partOfSpeech" : "PRP",
      "whiteSpace" : false
    }, {
      "id" : "s14-t8",
      "begin" : 978,
      "end" : 987,
      "text" : "requested",
      "tokenType" : "LowercaseAlphabetic",
      "lemma" : "request",
      "partOfSpeech" : "VBD",
      "whiteSpace" : false
    }, {
      "id" : "s14-t9",
      "begin" : 988,
      "end" : 990,
      "text" : "to",
      "tokenType" : "LowercaseAlphabetic",
      "lemma" : "to",
      "partOfSpeech" : "TO",
      "whiteSpace" : false
    }, {
      "id" : "s14-t10",
      "begin" : 991,
      "end" : 993,
      "text" : "be",
      "tokenType" : "LowercaseAlphabetic",
      "lemma" : "be",
      "partOfSpeech" : "VB",
      "whiteSpace" : false
    }, {
      "id" : "s14-t11",
      "begin" : 994,
      "end" : 1003,
      "text" : "escalated",
      "tokenType" : "LowercaseAlphabetic",
      "lemma" : "escalate",
      "partOfSpeech" : "VBN",
      "whiteSpace" : false
    }, {
      "id" : "s14-t12",
      "begin" : 1004,
      "end" : 1007,
      "text" : "and",
      "tokenType" : "LowercaseAlphabetic",
      "lemma" : "and",
      "partOfSpeech" : "CC",
      "whiteSpace" : false
    }, {
      "id" : "s14-t13",
      "begin" : 1008,
      "end" : 1016,
      "text" : "received",
      "tokenType" : "LowercaseAlphabetic",
      "lemma" : "receive",
      "partOfSpeech" : "VBD",
      "whiteSpace" : false
    }, {
      "id" : "s14-t14",
      "begin" : 1017,
      "end" : 1020,
      "text" : "the",
      "tokenType" : "LowercaseAlphabetic",
      "lemma" : "the",
      "partOfSpeech" : "DT",
      "whiteSpace" : false
    }, {
      "id" : "s14-t15",
      "begin" : 1021,
      "end" : 1032,
      "text" : "replacement",
      "tokenType" : "LowercaseAlphabetic",
      "lemma" : "replacement",
      "partOfSpeech" : "NN",
      "whiteSpace" : false
    }, {
      "id" : "s14-t16",
      "begin" : 1033,
      "end" : 1039,
      "text" : "within",
      "tokenType" : "LowercaseAlphabetic",
      "lemma" : "within",
      "partOfSpeech" : "IN",
      "whiteSpace" : false
    }, {
      "id" : "s14-t17",
      "begin" : 1040,
      "end" : 1041,
      "text" : "a",
      "tokenType" : "LowercaseAlphabetic",
      "lemma" : "a",
      "partOfSpeech" : "DT",
      "whiteSpace" : false
    }, {
      "id" : "s14-t18",
      "begin" : 1042,
      "end" : 1045,
      "text" : "few",
      "tokenType" : "LowercaseAlphabetic",
      "lemma" : "few",
      "partOfSpeech" : "QT",
      "whiteSpace" : false
    }, {
      "id" : "s14-t19",
      "begin" : 1046,
      "end" : 1050,
      "text" : "days",
      "tokenType" : "LowercaseAlphabetic",
      "lemma" : "day",
      "partOfSpeech" : "NNS",
      "whiteSpace" : false
    }, {
      "id" : "s14-t20",
      "begin" : 1050,
      "end" : 1051,
      "text" : ".",
      "tokenType" : "ClauseEndingPunctuation",
      "partOfSpeech" : ".",
      "whiteSpace" : false
    } ]
  }, {
    "id" : "s15",
    "begin" : 1052,
    "end" : 1125,
    "text" : "So third time was a charm and I would still highly recommend the product!",
    "tokens" : [ {
      "id" : "s15-t0",
      "begin" : 1052,
      "end" : 1054,
      "text" : "So",
      "tokenType" : "TitlecaseAlphabetic",
      "lemma" : "so",
      "partOfSpeech" : "CC",
      "whiteSpace" : false
    }, {
      "id" : "s15-t1",
      "begin" : 1055,
      "end" : 1060,
      "text" : "third",
      "tokenType" : "LowercaseAlphabetic",
      "lemma" : "third",
      "partOfSpeech" : "JJ",
      "whiteSpace" : false
    }, {
      "id" : "s15-t2",
      "begin" : 1061,
      "end" : 1065,
      "text" : "time",
      "tokenType" : "LowercaseAlphabetic",
      "lemma" : "time",
      "partOfSpeech" : "NN",
      "whiteSpace" : false
    }, {
      "id" : "s15-t3",
      "begin" : 1066,
      "end" : 1069,
      "text" : "was",
      "tokenType" : "LowercaseAlphabetic",
      "lemma" : "be",
      "partOfSpeech" : "VBD",
      "whiteSpace" : false
    }, {
      "id" : "s15-t4",
      "begin" : 1070,
      "end" : 1071,
      "text" : "a",
      "tokenType" : "LowercaseAlphabetic",
      "lemma" : "a",
      "partOfSpeech" : "DT",
      "whiteSpace" : false
    }, {
      "id" : "s15-t5",
      "begin" : 1072,
      "end" : 1077,
      "text" : "charm",
      "tokenType" : "LowercaseAlphabetic",
      "lemma" : "charm",
      "partOfSpeech" : "NN",
      "whiteSpace" : false
    }, {
      "id" : "s15-t6",
      "begin" : 1078,
      "end" : 1081,
      "text" : "and",
      "tokenType" : "LowercaseAlphabetic",
      "lemma" : "and",
      "partOfSpeech" : "CC",
      "whiteSpace" : false
    }, {
      "id" : "s15-t7",
      "begin" : 1082,
      "end" : 1083,
      "text" : "I",
      "tokenType" : "UppercaseAlphabetic",
      "lemma" : "I",
      "partOfSpeech" : "PRP",
      "whiteSpace" : false
    }, {
      "id" : "s15-t8",
      "begin" : 1084,
      "end" : 1089,
      "text" : "would",
      "tokenType" : "LowercaseAlphabetic",
      "lemma" : "will",
      "partOfSpeech" : "MD",
      "whiteSpace" : false
    }, {
      "id" : "s15-t9",
      "begin" : 1090,
      "end" : 1095,
      "text" : "still",
      "tokenType" : "LowercaseAlphabetic",
      "lemma" : "still",
      "partOfSpeech" : "RB",
      "whiteSpace" : false
    }, {
      "id" : "s15-t10",
      "begin" : 1096,
      "end" : 1102,
      "text" : "highly",
      "tokenType" : "LowercaseAlphabetic",
      "lemma" : "highly",
      "partOfSpeech" : "RB",
      "whiteSpace" : false
    }, {
      "id" : "s15-t11",
      "begin" : 1103,
      "end" : 1112,
      "text" : "recommend",
      "tokenType" : "LowercaseAlphabetic",
      "lemma" : "recommend",
      "partOfSpeech" : "VB",
      "whiteSpace" : false
    }, {
      "id" : "s15-t12",
      "begin" : 1113,
      "end" : 1116,
      "text" : "the",
      "tokenType" : "LowercaseAlphabetic",
      "lemma" : "the",
      "partOfSpeech" : "DT",
      "whiteSpace" : false
    }, {
      "id" : "s15-t13",
      "begin" : 1117,
      "end" : 1124,
      "text" : "product",
      "tokenType" : "LowercaseAlphabetic",
      "lemma" : "product",
      "partOfSpeech" : "NN",
      "whiteSpace" : false
    }, {
      "id" : "s15-t14",
      "begin" : 1124,
      "end" : 1125,
      "text" : "!",
      "tokenType" : "ClauseEndingPunctuation",
      "partOfSpeech" : ".",
      "whiteSpace" : false
    } ]
  } ],
  "mentions" : [ {
    "id" : "s0-m1",
    "properties" : {
      "SIRE_MENTION_ROLE" : "Product",
      "SIRE_ENTITY_SUBTYPE" : "NONE",
      "SIRE_MENTION_TYPE" : "NONE",
      "SIRE_MENTION_CLASS" : "SPC"
    },
    "type" : "Product",
    "begin" : 0,
    "end" : 4,
    "inCoref" : true
  }, {
    "id" : "s0-m3",
    "properties" : {
      "SIRE_MENTION_ROLE" : "Descriptor",
      "SIRE_ENTITY_SUBTYPE" : "NONE",
      "SIRE_MENTION_TYPE" : "NONE",
      "SIRE_MENTION_CLASS" : "SPC"
    },
    "type" : "Descriptor",
    "begin" : 10,
    "end" : 15,
    "inCoref" : false
  }, {
    "id" : "s0-m2",
    "properties" : {
      "SIRE_MENTION_ROLE" : "Product",
      "SIRE_ENTITY_SUBTYPE" : "NONE",
      "SIRE_MENTION_TYPE" : "NONE",
      "SIRE_MENTION_CLASS" : "SPC"
    },
    "type" : "Product",
    "begin" : 16,
    "end" : 23,
    "inCoref" : true
  }, {
    "id" : "s0-m4",
    "properties" : {
      "SIRE_MENTION_ROLE" : "Descriptor",
      "SIRE_ENTITY_SUBTYPE" : "NONE",
      "SIRE_MENTION_TYPE" : "NONE",
      "SIRE_MENTION_CLASS" : "SPC"
    },
    "type" : "Descriptor",
    "begin" : 32,
    "end" : 60,
    "inCoref" : false
  }, {
    "id" : "s1-m1",
    "properties" : {
      "SIRE_MENTION_ROLE" : "Feature",
      "SIRE_ENTITY_SUBTYPE" : "NONE",
      "SIRE_MENTION_TYPE" : "NONE",
      "SIRE_MENTION_CLASS" : "SPC"
    },
    "type" : "Feature",
    "begin" : 69,
    "end" : 79,
    "inCoref" : false
  }, {
    "id" : "s1-m2",
    "properties" : {
      "SIRE_MENTION_ROLE" : "Descriptor",
      "SIRE_ENTITY_SUBTYPE" : "NONE",
      "SIRE_MENTION_TYPE" : "NONE",
      "SIRE_MENTION_CLASS" : "SPC"
    },
    "type" : "Descriptor",
    "begin" : 80,
    "end" : 91,
    "inCoref" : false
  }, {
    "id" : "s1-m3",
    "properties" : {
      "SIRE_MENTION_ROLE" : "Feature",
      "SIRE_ENTITY_SUBTYPE" : "NONE",
      "SIRE_MENTION_TYPE" : "NONE",
      "SIRE_MENTION_CLASS" : "SPC"
    },
    "type" : "Feature",
    "begin" : 93,
    "end" : 99,
    "inCoref" : false
  }, {
    "id" : "s1-m4",
    "properties" : {
      "SIRE_MENTION_ROLE" : "Descriptor",
      "SIRE_ENTITY_SUBTYPE" : "NONE",
      "SIRE_MENTION_TYPE" : "NONE",
      "SIRE_MENTION_CLASS" : "SPC"
    },
    "type" : "Descriptor",
    "begin" : 101,
    "end" : 106,
    "inCoref" : false
  }, {
    "id" : "s1-m5",
    "properties" : {
      "SIRE_MENTION_ROLE" : "Feature",
      "SIRE_ENTITY_SUBTYPE" : "NONE",
      "SIRE_MENTION_TYPE" : "NONE",
      "SIRE_MENTION_CLASS" : "SPC"
    },
    "type" : "Feature",
    "begin" : 108,
    "end" : 121,
    "inCoref" : false
  }, {
    "id" : "s1-m6",
    "properties" : {
      "SIRE_MENTION_ROLE" : "Descriptor",
      "SIRE_ENTITY_SUBTYPE" : "NONE",
      "SIRE_MENTION_TYPE" : "NONE",
      "SIRE_MENTION_CLASS" : "SPC"
    },
    "type" : "Descriptor",
    "begin" : 122,
    "end" : 127,
    "inCoref" : false
  }, {
    "id" : "s2-m2",
    "properties" : {
      "SIRE_MENTION_ROLE" : "Company",
      "SIRE_ENTITY_SUBTYPE" : "NONE",
      "SIRE_MENTION_TYPE" : "NONE",
      "SIRE_MENTION_CLASS" : "SPC"
    },
    "type" : "Company",
    "begin" : 164,
    "end" : 168,
    "inCoref" : false
  }, {
    "id" : "s2-m1",
    "properties" : {
      "SIRE_MENTION_ROLE" : "Product",
      "SIRE_ENTITY_SUBTYPE" : "NONE",
      "SIRE_MENTION_TYPE" : "NONE",
      "SIRE_MENTION_CLASS" : "SPC"
    },
    "type" : "Product",
    "begin" : 164,
    "end" : 168,
    "inCoref" : true
  }, {
    "id" : "s3-m0",
    "properties" : {
      "SIRE_MENTION_CLASS" : "SPC",
      "SIRE_ENTITY_SUBTYPE" : "NONE",
      "SIRE_MENTION_TYPE" : "NONE",
      "SIRE_MENTION_ROLE" : "Consumer"
    },
    "type" : "Consumer",
    "begin" : 200,
    "end" : 201,
    "inCoref" : true
  }, {
    "id" : "s6-m0",
    "properties" : {
      "SIRE_MENTION_CLASS" : "SPC",
      "SIRE_ENTITY_SUBTYPE" : "NONE",
      "SIRE_MENTION_TYPE" : "NONE",
      "SIRE_MENTION_ROLE" : "Product"
    },
    "type" : "Product",
    "begin" : 433,
    "end" : 438,
    "inCoref" : false
  }, {
    "id" : "s6-m2",
    "properties" : {
      "SIRE_MENTION_ROLE" : "Product",
      "SIRE_ENTITY_SUBTYPE" : "NONE",
      "SIRE_MENTION_TYPE" : "NONE",
      "SIRE_MENTION_CLASS" : "SPC"
    },
    "type" : "Product",
    "begin" : 443,
    "end" : 451,
    "inCoref" : true
  }, {
    "id" : "s7-m0",
    "properties" : {
      "SIRE_MENTION_CLASS" : "SPC",
      "SIRE_ENTITY_SUBTYPE" : "NONE",
      "SIRE_MENTION_TYPE" : "NONE",
      "SIRE_MENTION_ROLE" : "Product"
    },
    "type" : "Product",
    "begin" : 544,
    "end" : 549,
    "inCoref" : false
  }, {
    "id" : "s8-m1",
    "properties" : {
      "SIRE_MENTION_ROLE" : "Product",
      "SIRE_ENTITY_SUBTYPE" : "NONE",
      "SIRE_MENTION_TYPE" : "NONE",
      "SIRE_MENTION_CLASS" : "SPC"
    },
    "type" : "Product",
    "begin" : 588,
    "end" : 596,
    "inCoref" : true
  }, {
    "id" : "s9-m0",
    "properties" : {
      "SIRE_MENTION_CLASS" : "SPC",
      "SIRE_ENTITY_SUBTYPE" : "NONE",
      "SIRE_MENTION_TYPE" : "NONE",
      "SIRE_MENTION_ROLE" : "Consumer"
    },
    "type" : "Consumer",
    "begin" : 672,
    "end" : 673,
    "inCoref" : true
  }, {
    "id" : "s10-m2",
    "properties" : {
      "SIRE_MENTION_ROLE" : "Product",
      "SIRE_ENTITY_SUBTYPE" : "NONE",
      "SIRE_MENTION_TYPE" : "NONE",
      "SIRE_MENTION_CLASS" : "SPC"
    },
    "type" : "Product",
    "begin" : 730,
    "end" : 738,
    "inCoref" : true
  }, {
    "id" : "s10-m3",
    "properties" : {
      "SIRE_MENTION_ROLE" : "Feature",
      "SIRE_ENTITY_SUBTYPE" : "NONE",
      "SIRE_MENTION_TYPE" : "NONE",
      "SIRE_MENTION_CLASS" : "SPC"
    },
    "type" : "Feature",
    "begin" : 739,
    "end" : 745,
    "inCoref" : false
  }, {
    "id" : "s10-m4",
    "properties" : {
      "SIRE_MENTION_ROLE" : "Descriptor",
      "SIRE_ENTITY_SUBTYPE" : "NONE",
      "SIRE_MENTION_TYPE" : "NONE",
      "SIRE_MENTION_CLASS" : "SPC"
    },
    "type" : "Descriptor",
    "begin" : 746,
    "end" : 754,
    "inCoref" : false
  }, {
    "id" : "s10-m0",
    "properties" : {
      "SIRE_MENTION_CLASS" : "SPC",
      "SIRE_ENTITY_SUBTYPE" : "NONE",
      "SIRE_MENTION_TYPE" : "NONE",
      "SIRE_MENTION_ROLE" : "Consumer"
    },
    "type" : "Consumer",
    "begin" : 759,
    "end" : 760,
    "inCoref" : true
  }, {
    "id" : "s10-m5",
    "properties" : {
      "SIRE_MENTION_ROLE" : "Customer_Service",
      "SIRE_ENTITY_SUBTYPE" : "NONE",
      "SIRE_MENTION_TYPE" : "NONE",
      "SIRE_MENTION_CLASS" : "SPC"
    },
    "type" : "Customer_Service",
    "begin" : 771,
    "end" : 787,
    "inCoref" : true
  }, {
    "id" : "s11-m0",
    "properties" : {
      "SIRE_MENTION_CLASS" : "SPC",
      "SIRE_ENTITY_SUBTYPE" : "NONE",
      "SIRE_MENTION_TYPE" : "NONE",
      "SIRE_MENTION_ROLE" : "Consumer"
    },
    "type" : "Consumer",
    "begin" : 806,
    "end" : 808,
    "inCoref" : true
  }, {
    "id" : "s11-m1",
    "properties" : {
      "SIRE_MENTION_CLASS" : "SPC",
      "SIRE_ENTITY_SUBTYPE" : "NONE",
      "SIRE_MENTION_TYPE" : "NONE",
      "SIRE_MENTION_ROLE" : "Consumer"
    },
    "type" : "Consumer",
    "begin" : 825,
    "end" : 827,
    "inCoref" : true
  }, {
    "id" : "s12-m0",
    "properties" : {
      "SIRE_MENTION_CLASS" : "SPC",
      "SIRE_ENTITY_SUBTYPE" : "NONE",
      "SIRE_MENTION_TYPE" : "NONE",
      "SIRE_MENTION_ROLE" : "Consumer"
    },
    "type" : "Consumer",
    "begin" : 896,
    "end" : 897,
    "inCoref" : true
  }, {
    "id" : "s12-m2",
    "properties" : {
      "SIRE_MENTION_ROLE" : "Customer_Service",
      "SIRE_ENTITY_SUBTYPE" : "NONE",
      "SIRE_MENTION_TYPE" : "NONE",
      "SIRE_MENTION_CLASS" : "SPC"
    },
    "type" : "Customer_Service",
    "begin" : 908,
    "end" : 924,
    "inCoref" : true
  }, {
    "id" : "s14-m0",
    "properties" : {
      "SIRE_MENTION_CLASS" : "SPC",
      "SIRE_ENTITY_SUBTYPE" : "NONE",
      "SIRE_MENTION_TYPE" : "NONE",
      "SIRE_MENTION_ROLE" : "Consumer"
    },
    "type" : "Consumer",
    "begin" : 976,
    "end" : 977,
    "inCoref" : true
  }, {
    "id" : "s15-m0",
    "properties" : {
      "SIRE_MENTION_CLASS" : "SPC",
      "SIRE_ENTITY_SUBTYPE" : "NONE",
      "SIRE_MENTION_TYPE" : "NONE",
      "SIRE_MENTION_ROLE" : "Consumer"
    },
    "type" : "Consumer",
    "begin" : 1082,
    "end" : 1083,
    "inCoref" : true
  }, {
    "id" : "s15-m3",
    "properties" : {
      "SIRE_MENTION_ROLE" : "Descriptor",
      "SIRE_ENTITY_SUBTYPE" : "NONE",
      "SIRE_MENTION_TYPE" : "NONE",
      "SIRE_MENTION_CLASS" : "SPC"
    },
    "type" : "Descriptor",
    "begin" : 1096,
    "end" : 1112,
    "inCoref" : false
  }, {
    "id" : "s15-m2",
    "properties" : {
      "SIRE_MENTION_ROLE" : "Product",
      "SIRE_ENTITY_SUBTYPE" : "NONE",
      "SIRE_MENTION_TYPE" : "NONE",
      "SIRE_MENTION_CLASS" : "SPC"
    },
    "type" : "Product",
    "begin" : 1117,
    "end" : 1124,
    "inCoref" : true
  } ],
  "relations" : [ {
    "id" : "s0-r1",
    "properties" : { },
    "type" : "hasQuality",
    "args" : [ "s0-m1", "s0-m3" ]
  }, {
    "id" : "s0-r2",
    "properties" : { },
    "type" : "hasQuality",
    "args" : [ "s0-m2", "s0-m3" ]
  }, {
    "id" : "s0-r3",
    "properties" : { },
    "type" : "hasQuality",
    "args" : [ "s0-m2", "s0-m4" ]
  }, {
    "id" : "s1-r1",
    "properties" : { },
    "type" : "hasQuality",
    "args" : [ "s1-m1", "s1-m2" ]
  }, {
    "id" : "s1-r2",
    "properties" : { },
    "type" : "hasQuality",
    "args" : [ "s1-m3", "s1-m4" ]
  }, {
    "id" : "s1-r3",
    "properties" : { },
    "type" : "hasQuality",
    "args" : [ "s1-m5", "s1-m6" ]
  }, {
    "id" : "s10-r1",
    "properties" : { },
    "type" : "hasFeature",
    "args" : [ "s10-m2", "s10-m3" ]
  }, {
    "id" : "s10-r2",
    "properties" : { },
    "type" : "hasQuality",
    "args" : [ "s10-m3", "s10-m4" ]
  }, {
    "id" : "s15-r1",
    "properties" : { },
    "type" : "hasQuality",
    "args" : [ "s15-m2", "s15-m3" ]
  } ],
  "corefs" : [ {
    "id" : "c1",
    "properties" : { },
    "mentions" : [ "s0-m1", "s0-m2", "s2-m1", "s6-m2", "s8-m1", "s10-m2", "s15-m2" ]
  }, {
    "id" : "c2",
    "properties" : { },
    "mentions" : [ "s3-m0", "s9-m0", "s10-m0", "s11-m1", "s12-m0", "s11-m0", "s14-m0", "s15-m0" ]
  }, {
    "id" : "c3",
    "properties" : { },
    "mentions" : [ "s10-m5", "s12-m2" ]
  } ],
  "typeResolved" : true,
  "userResolved" : true
}