{
  "id" : "a4d67795-6a55-4af2-8249-ff84f7863130-15",
  "modifiedDate" : 1467856348750,
  "name" : "review90.txt",
  "version" : 2,
  "text" : "Beautiful watch--a very different design from other AK watches I have, but I like it a lot.\n\nThe red mother-of-pearl dial is large--the size of a Kennedy half dollar--and then is surrounded by a gold bezel inlaid with side-by-side tiny Swarovski crystals. Sparkly and pretty. The numbers are Roman numerals and they, and the hands, are gold. There is a second hand, which I like. (The dial, by the way, is dark red, mostly a burgundy with flashes of deep red depending on the light--it is not the bright red in the photo).\n\nThe wrist band looks as it does in the photo--but also doesn't look like that. The color is dark red but in certain dimmer lighting it looks like the photo--a more silver-y even faintly pinkish burgundy. Interesting and attractive. I've never had a ceramic wrist band before and I like it a lot. It is obviously not metal--not leather--extremel well articulated to lay flat and people are interested when they learn that it's ceramic. As with other AK watches, there is an extension link -- excellent for people with small wrists like mine as it can be removed. If I had any criticism of this watch it is that the extention link was difficult to remove. You do it by just hooking a fingernail under the edge of the link and pulling up, but I came close to breaking a fingernail before it worked.\n",
  "docLength" : 1320,
  "language" : "EN",
  "status" : "SUBMITTED",
  "documentSet" : [ ],
  "sentences" : [ {
    "id" : "s0",
    "begin" : 0,
    "end" : 91,
    "text" : "Beautiful watch--a very different design from other AK watches I have, but I like it a lot.",
    "tokens" : [ {
      "id" : "s0-t0",
      "begin" : 0,
      "end" : 9,
      "text" : "Beautiful",
      "tokenType" : "TitlecaseAlphabetic",
      "lemma" : "beautiful",
      "partOfSpeech" : "JJ",
      "whiteSpace" : false
    }, {
      "id" : "s0-t1",
      "begin" : 10,
      "end" : 15,
      "text" : "watch",
      "tokenType" : "LowercaseAlphabetic",
      "lemma" : "watch",
      "partOfSpeech" : "NN",
      "whiteSpace" : false
    }, {
      "id" : "s0-t2",
      "begin" : 15,
      "end" : 17,
      "text" : "--",
      "tokenType" : "Punctuation",
      "partOfSpeech" : ":",
      "whiteSpace" : false
    }, {
      "id" : "s0-t3",
      "begin" : 17,
      "end" : 18,
      "text" : "a",
      "tokenType" : "LowercaseAlphabetic",
      "lemma" : "a",
      "partOfSpeech" : "DT",
      "whiteSpace" : false
    }, {
      "id" : "s0-t4",
      "begin" : 19,
      "end" : 23,
      "text" : "very",
      "tokenType" : "LowercaseAlphabetic",
      "lemma" : "very",
      "partOfSpeech" : "RB",
      "whiteSpace" : false
    }, {
      "id" : "s0-t5",
      "begin" : 24,
      "end" : 33,
      "text" : "different",
      "tokenType" : "LowercaseAlphabetic",
      "lemma" : "different",
      "partOfSpeech" : "JJ",
      "whiteSpace" : false
    }, {
      "id" : "s0-t6",
      "begin" : 34,
      "end" : 40,
      "text" : "design",
      "tokenType" : "LowercaseAlphabetic",
      "lemma" : "design",
      "partOfSpeech" : "NN",
      "whiteSpace" : false
    }, {
      "id" : "s0-t7",
      "begin" : 41,
      "end" : 45,
      "text" : "from",
      "tokenType" : "LowercaseAlphabetic",
      "lemma" : "from",
      "partOfSpeech" : "IN",
      "whiteSpace" : false
    }, {
      "id" : "s0-t8",
      "begin" : 46,
      "end" : 51,
      "text" : "other",
      "tokenType" : "LowercaseAlphabetic",
      "lemma" : "other",
      "partOfSpeech" : "JJ",
      "whiteSpace" : false
    }, {
      "id" : "s0-t9",
      "begin" : 52,
      "end" : 54,
      "text" : "AK",
      "tokenType" : "UppercaseAlphabetic",
      "partOfSpeech" : "NNP",
      "whiteSpace" : false
    }, {
      "id" : "s0-t10",
      "begin" : 55,
      "end" : 62,
      "text" : "watches",
      "tokenType" : "LowercaseAlphabetic",
      "lemma" : "watch",
      "partOfSpeech" : "VBZ",
      "whiteSpace" : false
    }, {
      "id" : "s0-t11",
      "begin" : 63,
      "end" : 64,
      "text" : "I",
      "tokenType" : "UppercaseAlphabetic",
      "lemma" : "I",
      "partOfSpeech" : "PRP",
      "whiteSpace" : false
    }, {
      "id" : "s0-t12",
      "begin" : 65,
      "end" : 69,
      "text" : "have",
      "tokenType" : "LowercaseAlphabetic",
      "lemma" : "have",
      "partOfSpeech" : "VBP",
      "whiteSpace" : false
    }, {
      "id" : "s0-t13",
      "begin" : 69,
      "end" : 70,
      "text" : ",",
      "tokenType" : "ClauseEndingPunctuation",
      "partOfSpeech" : ",",
      "whiteSpace" : false
    }, {
      "id" : "s0-t14",
      "begin" : 71,
      "end" : 74,
      "text" : "but",
      "tokenType" : "LowercaseAlphabetic",
      "lemma" : "but",
      "partOfSpeech" : "CC",
      "whiteSpace" : false
    }, {
      "id" : "s0-t15",
      "begin" : 75,
      "end" : 76,
      "text" : "I",
      "tokenType" : "UppercaseAlphabetic",
      "lemma" : "I",
      "partOfSpeech" : "PRP",
      "whiteSpace" : false
    }, {
      "id" : "s0-t16",
      "begin" : 77,
      "end" : 81,
      "text" : "like",
      "tokenType" : "LowercaseAlphabetic",
      "lemma" : "like",
      "partOfSpeech" : "VBP",
      "whiteSpace" : false
    }, {
      "id" : "s0-t17",
      "begin" : 82,
      "end" : 84,
      "text" : "it",
      "tokenType" : "LowercaseAlphabetic",
      "lemma" : "it",
      "partOfSpeech" : "PRP",
      "whiteSpace" : false
    }, {
      "id" : "s0-t18",
      "begin" : 85,
      "end" : 86,
      "text" : "a",
      "tokenType" : "LowercaseAlphabetic",
      "lemma" : "a",
      "partOfSpeech" : "DT",
      "whiteSpace" : false
    }, {
      "id" : "s0-t19",
      "begin" : 87,
      "end" : 90,
      "text" : "lot",
      "tokenType" : "LowercaseAlphabetic",
      "lemma" : "lot",
      "partOfSpeech" : "NN",
      "whiteSpace" : false
    }, {
      "id" : "s0-t20",
      "begin" : 90,
      "end" : 91,
      "text" : ".",
      "tokenType" : "ClauseEndingPunctuation",
      "partOfSpeech" : ".",
      "whiteSpace" : false
    } ]
  }, {
    "id" : "s1",
    "begin" : 93,
    "end" : 255,
    "text" : "The red mother-of-pearl dial is large--the size of a Kennedy half dollar--and then is surrounded by a gold bezel inlaid with side-by-side tiny Swarovski crystals.",
    "tokens" : [ {
      "id" : "s1-t0",
      "begin" : 93,
      "end" : 96,
      "text" : "The",
      "tokenType" : "TitlecaseAlphabetic",
      "lemma" : "the",
      "partOfSpeech" : "DT",
      "whiteSpace" : false
    }, {
      "id" : "s1-t1",
      "begin" : 97,
      "end" : 100,
      "text" : "red",
      "tokenType" : "LowercaseAlphabetic",
      "lemma" : "red",
      "partOfSpeech" : "JJ",
      "whiteSpace" : false
    }, {
      "id" : "s1-t2",
      "begin" : 101,
      "end" : 116,
      "text" : "mother-of-pearl",
      "tokenType" : "TokenAnnotation",
      "lemma" : "mother-of-pearl",
      "partOfSpeech" : "JJ",
      "whiteSpace" : false
    }, {
      "id" : "s1-t3",
      "begin" : 117,
      "end" : 121,
      "text" : "dial",
      "tokenType" : "LowercaseAlphabetic",
      "lemma" : "dial",
      "partOfSpeech" : "NN",
      "whiteSpace" : false
    }, {
      "id" : "s1-t4",
      "begin" : 122,
      "end" : 124,
      "text" : "is",
      "tokenType" : "LowercaseAlphabetic",
      "lemma" : "be",
      "partOfSpeech" : "VBZ",
      "whiteSpace" : false
    }, {
      "id" : "s1-t5",
      "begin" : 125,
      "end" : 130,
      "text" : "large",
      "tokenType" : "LowercaseAlphabetic",
      "lemma" : "large",
      "partOfSpeech" : "JJ",
      "whiteSpace" : false
    }, {
      "id" : "s1-t6",
      "begin" : 130,
      "end" : 132,
      "text" : "--",
      "tokenType" : "Punctuation",
      "partOfSpeech" : ":",
      "whiteSpace" : false
    }, {
      "id" : "s1-t7",
      "begin" : 132,
      "end" : 135,
      "text" : "the",
      "tokenType" : "LowercaseAlphabetic",
      "lemma" : "the",
      "partOfSpeech" : "DT",
      "whiteSpace" : false
    }, {
      "id" : "s1-t8",
      "begin" : 136,
      "end" : 140,
      "text" : "size",
      "tokenType" : "LowercaseAlphabetic",
      "lemma" : "size",
      "partOfSpeech" : "NN",
      "whiteSpace" : false
    }, {
      "id" : "s1-t9",
      "begin" : 141,
      "end" : 143,
      "text" : "of",
      "tokenType" : "LowercaseAlphabetic",
      "lemma" : "of",
      "partOfSpeech" : "IN",
      "whiteSpace" : false
    }, {
      "id" : "s1-t10",
      "begin" : 144,
      "end" : 145,
      "text" : "a",
      "tokenType" : "LowercaseAlphabetic",
      "lemma" : "a",
      "partOfSpeech" : "DT",
      "whiteSpace" : false
    }, {
      "id" : "s1-t11",
      "begin" : 146,
      "end" : 153,
      "text" : "Kennedy",
      "tokenType" : "TitlecaseAlphabetic",
      "lemma" : "kennedy",
      "partOfSpeech" : "JJ",
      "whiteSpace" : false
    }, {
      "id" : "s1-t12",
      "begin" : 154,
      "end" : 158,
      "text" : "half",
      "tokenType" : "LowercaseAlphabetic",
      "lemma" : "half",
      "partOfSpeech" : "JJ",
      "whiteSpace" : false
    }, {
      "id" : "s1-t13",
      "begin" : 159,
      "end" : 165,
      "text" : "dollar",
      "tokenType" : "LowercaseAlphabetic",
      "lemma" : "dollar",
      "partOfSpeech" : "NN",
      "whiteSpace" : false
    }, {
      "id" : "s1-t14",
      "begin" : 165,
      "end" : 167,
      "text" : "--",
      "tokenType" : "Punctuation",
      "partOfSpeech" : ":",
      "whiteSpace" : false
    }, {
      "id" : "s1-t15",
      "begin" : 167,
      "end" : 170,
      "text" : "and",
      "tokenType" : "LowercaseAlphabetic",
      "lemma" : "and",
      "partOfSpeech" : "CC",
      "whiteSpace" : false
    }, {
      "id" : "s1-t16",
      "begin" : 171,
      "end" : 175,
      "text" : "then",
      "tokenType" : "LowercaseAlphabetic",
      "lemma" : "then",
      "partOfSpeech" : "RB",
      "whiteSpace" : false
    }, {
      "id" : "s1-t17",
      "begin" : 176,
      "end" : 178,
      "text" : "is",
      "tokenType" : "LowercaseAlphabetic",
      "lemma" : "be",
      "partOfSpeech" : "VBZ",
      "whiteSpace" : false
    }, {
      "id" : "s1-t18",
      "begin" : 179,
      "end" : 189,
      "text" : "surrounded",
      "tokenType" : "LowercaseAlphabetic",
      "lemma" : "surround",
      "partOfSpeech" : "VBN",
      "whiteSpace" : false
    }, {
      "id" : "s1-t19",
      "begin" : 190,
      "end" : 192,
      "text" : "by",
      "tokenType" : "LowercaseAlphabetic",
      "lemma" : "by",
      "partOfSpeech" : "IN",
      "whiteSpace" : false
    }, {
      "id" : "s1-t20",
      "begin" : 193,
      "end" : 194,
      "text" : "a",
      "tokenType" : "LowercaseAlphabetic",
      "lemma" : "a",
      "partOfSpeech" : "DT",
      "whiteSpace" : false
    }, {
      "id" : "s1-t21",
      "begin" : 195,
      "end" : 199,
      "text" : "gold",
      "tokenType" : "LowercaseAlphabetic",
      "lemma" : "gold",
      "partOfSpeech" : "NN",
      "whiteSpace" : false
    }, {
      "id" : "s1-t22",
      "begin" : 200,
      "end" : 205,
      "text" : "bezel",
      "tokenType" : "LowercaseAlphabetic",
      "lemma" : "bezel",
      "partOfSpeech" : "NN",
      "whiteSpace" : false
    }, {
      "id" : "s1-t23",
      "begin" : 206,
      "end" : 212,
      "text" : "inlaid",
      "tokenType" : "LowercaseAlphabetic",
      "lemma" : "inlay",
      "partOfSpeech" : "VBN",
      "whiteSpace" : false
    }, {
      "id" : "s1-t24",
      "begin" : 213,
      "end" : 217,
      "text" : "with",
      "tokenType" : "LowercaseAlphabetic",
      "lemma" : "with",
      "partOfSpeech" : "IN",
      "whiteSpace" : false
    }, {
      "id" : "s1-t25",
      "begin" : 218,
      "end" : 222,
      "text" : "side",
      "tokenType" : "LowercaseAlphabetic",
      "lemma" : "side",
      "partOfSpeech" : "NN",
      "whiteSpace" : false
    }, {
      "id" : "s1-t26",
      "begin" : 222,
      "end" : 223,
      "text" : "-",
      "tokenType" : "Punctuation",
      "partOfSpeech" : ":",
      "whiteSpace" : false
    }, {
      "id" : "s1-t27",
      "begin" : 223,
      "end" : 225,
      "text" : "by",
      "tokenType" : "LowercaseAlphabetic",
      "lemma" : "by",
      "partOfSpeech" : "IN",
      "whiteSpace" : false
    }, {
      "id" : "s1-t28",
      "begin" : 225,
      "end" : 226,
      "text" : "-",
      "tokenType" : "Punctuation",
      "partOfSpeech" : ":",
      "whiteSpace" : false
    }, {
      "id" : "s1-t29",
      "begin" : 226,
      "end" : 230,
      "text" : "side",
      "tokenType" : "LowercaseAlphabetic",
      "lemma" : "side",
      "partOfSpeech" : "NN",
      "whiteSpace" : false
    }, {
      "id" : "s1-t30",
      "begin" : 231,
      "end" : 235,
      "text" : "tiny",
      "tokenType" : "LowercaseAlphabetic",
      "lemma" : "tiny",
      "partOfSpeech" : "JJ",
      "whiteSpace" : false
    }, {
      "id" : "s1-t31",
      "begin" : 236,
      "end" : 245,
      "text" : "Swarovski",
      "tokenType" : "TitlecaseAlphabetic",
      "lemma" : "swarovski",
      "partOfSpeech" : "NNP",
      "whiteSpace" : false
    }, {
      "id" : "s1-t32",
      "begin" : 246,
      "end" : 254,
      "text" : "crystals",
      "tokenType" : "LowercaseAlphabetic",
      "lemma" : "crystal",
      "partOfSpeech" : "NNS",
      "whiteSpace" : false
    }, {
      "id" : "s1-t33",
      "begin" : 254,
      "end" : 255,
      "text" : ".",
      "tokenType" : "ClauseEndingPunctuation",
      "partOfSpeech" : ".",
      "whiteSpace" : false
    } ]
  }, {
    "id" : "s2",
    "begin" : 256,
    "end" : 275,
    "text" : "Sparkly and pretty.",
    "tokens" : [ {
      "id" : "s2-t0",
      "begin" : 256,
      "end" : 263,
      "text" : "Sparkly",
      "tokenType" : "TitlecaseAlphabetic",
      "lemma" : "sparkly",
      "partOfSpeech" : "RB",
      "whiteSpace" : false
    }, {
      "id" : "s2-t1",
      "begin" : 264,
      "end" : 267,
      "text" : "and",
      "tokenType" : "LowercaseAlphabetic",
      "lemma" : "and",
      "partOfSpeech" : "CC",
      "whiteSpace" : false
    }, {
      "id" : "s2-t2",
      "begin" : 268,
      "end" : 274,
      "text" : "pretty",
      "tokenType" : "LowercaseAlphabetic",
      "lemma" : "pretty",
      "partOfSpeech" : "NN",
      "whiteSpace" : false
    }, {
      "id" : "s2-t3",
      "begin" : 274,
      "end" : 275,
      "text" : ".",
      "tokenType" : "ClauseEndingPunctuation",
      "partOfSpeech" : ".",
      "whiteSpace" : false
    } ]
  }, {
    "id" : "s3",
    "begin" : 276,
    "end" : 341,
    "text" : "The numbers are Roman numerals and they, and the hands, are gold.",
    "tokens" : [ {
      "id" : "s3-t0",
      "begin" : 276,
      "end" : 279,
      "text" : "The",
      "tokenType" : "TitlecaseAlphabetic",
      "lemma" : "the",
      "partOfSpeech" : "DT",
      "whiteSpace" : false
    }, {
      "id" : "s3-t1",
      "begin" : 280,
      "end" : 287,
      "text" : "numbers",
      "tokenType" : "LowercaseAlphabetic",
      "lemma" : "number",
      "partOfSpeech" : "NNS",
      "whiteSpace" : false
    }, {
      "id" : "s3-t2",
      "begin" : 288,
      "end" : 291,
      "text" : "are",
      "tokenType" : "LowercaseAlphabetic",
      "lemma" : "be",
      "partOfSpeech" : "VBP",
      "whiteSpace" : false
    }, {
      "id" : "s3-t3",
      "begin" : 292,
      "end" : 297,
      "text" : "Roman",
      "tokenType" : "TitlecaseAlphabetic",
      "lemma" : "roman",
      "partOfSpeech" : "NNP",
      "whiteSpace" : false
    }, {
      "id" : "s3-t4",
      "begin" : 298,
      "end" : 306,
      "text" : "numerals",
      "tokenType" : "LowercaseAlphabetic",
      "lemma" : "numeral",
      "partOfSpeech" : "NNS",
      "whiteSpace" : false
    }, {
      "id" : "s3-t5",
      "begin" : 307,
      "end" : 310,
      "text" : "and",
      "tokenType" : "LowercaseAlphabetic",
      "lemma" : "and",
      "partOfSpeech" : "CC",
      "whiteSpace" : false
    }, {
      "id" : "s3-t6",
      "begin" : 311,
      "end" : 315,
      "text" : "they",
      "tokenType" : "LowercaseAlphabetic",
      "lemma" : "they",
      "partOfSpeech" : "PRP",
      "whiteSpace" : false
    }, {
      "id" : "s3-t7",
      "begin" : 315,
      "end" : 316,
      "text" : ",",
      "tokenType" : "ClauseEndingPunctuation",
      "partOfSpeech" : ",",
      "whiteSpace" : false
    }, {
      "id" : "s3-t8",
      "begin" : 317,
      "end" : 320,
      "text" : "and",
      "tokenType" : "LowercaseAlphabetic",
      "lemma" : "and",
      "partOfSpeech" : "CC",
      "whiteSpace" : false
    }, {
      "id" : "s3-t9",
      "begin" : 321,
      "end" : 324,
      "text" : "the",
      "tokenType" : "LowercaseAlphabetic",
      "lemma" : "the",
      "partOfSpeech" : "DT",
      "whiteSpace" : false
    }, {
      "id" : "s3-t10",
      "begin" : 325,
      "end" : 330,
      "text" : "hands",
      "tokenType" : "LowercaseAlphabetic",
      "lemma" : "hand",
      "partOfSpeech" : "NNS",
      "whiteSpace" : false
    }, {
      "id" : "s3-t11",
      "begin" : 330,
      "end" : 331,
      "text" : ",",
      "tokenType" : "ClauseEndingPunctuation",
      "partOfSpeech" : ",",
      "whiteSpace" : false
    }, {
      "id" : "s3-t12",
      "begin" : 332,
      "end" : 335,
      "text" : "are",
      "tokenType" : "LowercaseAlphabetic",
      "lemma" : "be",
      "partOfSpeech" : "VBP",
      "whiteSpace" : false
    }, {
      "id" : "s3-t13",
      "begin" : 336,
      "end" : 340,
      "text" : "gold",
      "tokenType" : "LowercaseAlphabetic",
      "lemma" : "gold",
      "partOfSpeech" : "NN",
      "whiteSpace" : false
    }, {
      "id" : "s3-t14",
      "begin" : 340,
      "end" : 341,
      "text" : ".",
      "tokenType" : "ClauseEndingPunctuation",
      "partOfSpeech" : ".",
      "whiteSpace" : false
    } ]
  }, {
    "id" : "s4",
    "begin" : 342,
    "end" : 379,
    "text" : "There is a second hand, which I like.",
    "tokens" : [ {
      "id" : "s4-t0",
      "begin" : 342,
      "end" : 347,
      "text" : "There",
      "tokenType" : "TitlecaseAlphabetic",
      "lemma" : "there",
      "partOfSpeech" : "EX",
      "whiteSpace" : false
    }, {
      "id" : "s4-t1",
      "begin" : 348,
      "end" : 350,
      "text" : "is",
      "tokenType" : "LowercaseAlphabetic",
      "lemma" : "be",
      "partOfSpeech" : "VBZ",
      "whiteSpace" : false
    }, {
      "id" : "s4-t2",
      "begin" : 351,
      "end" : 352,
      "text" : "a",
      "tokenType" : "LowercaseAlphabetic",
      "lemma" : "a",
      "partOfSpeech" : "DT",
      "whiteSpace" : false
    }, {
      "id" : "s4-t3",
      "begin" : 353,
      "end" : 359,
      "text" : "second",
      "tokenType" : "LowercaseAlphabetic",
      "lemma" : "second",
      "partOfSpeech" : "JJ",
      "whiteSpace" : false
    }, {
      "id" : "s4-t4",
      "begin" : 360,
      "end" : 364,
      "text" : "hand",
      "tokenType" : "LowercaseAlphabetic",
      "lemma" : "hand",
      "partOfSpeech" : "NN",
      "whiteSpace" : false
    }, {
      "id" : "s4-t5",
      "begin" : 364,
      "end" : 365,
      "text" : ",",
      "tokenType" : "ClauseEndingPunctuation",
      "partOfSpeech" : ",",
      "whiteSpace" : false
    }, {
      "id" : "s4-t6",
      "begin" : 366,
      "end" : 371,
      "text" : "which",
      "tokenType" : "LowercaseAlphabetic",
      "lemma" : "which",
      "partOfSpeech" : "WDT",
      "whiteSpace" : false
    }, {
      "id" : "s4-t7",
      "begin" : 372,
      "end" : 373,
      "text" : "I",
      "tokenType" : "UppercaseAlphabetic",
      "lemma" : "I",
      "partOfSpeech" : "PRP",
      "whiteSpace" : false
    }, {
      "id" : "s4-t8",
      "begin" : 374,
      "end" : 378,
      "text" : "like",
      "tokenType" : "LowercaseAlphabetic",
      "lemma" : "like",
      "partOfSpeech" : "VBP",
      "whiteSpace" : false
    }, {
      "id" : "s4-t9",
      "begin" : 378,
      "end" : 379,
      "text" : ".",
      "tokenType" : "ClauseEndingPunctuation",
      "partOfSpeech" : ".",
      "whiteSpace" : false
    } ]
  }, {
    "id" : "s5",
    "begin" : 380,
    "end" : 522,
    "text" : "(The dial, by the way, is dark red, mostly a burgundy with flashes of deep red depending on the light--it is not the bright red in the photo).",
    "tokens" : [ {
      "id" : "s5-t0",
      "begin" : 380,
      "end" : 381,
      "text" : "(",
      "tokenType" : "Punctuation",
      "partOfSpeech" : "(",
      "whiteSpace" : false
    }, {
      "id" : "s5-t1",
      "begin" : 381,
      "end" : 384,
      "text" : "The",
      "tokenType" : "TitlecaseAlphabetic",
      "lemma" : "the",
      "partOfSpeech" : "DT",
      "whiteSpace" : false
    }, {
      "id" : "s5-t2",
      "begin" : 385,
      "end" : 389,
      "text" : "dial",
      "tokenType" : "LowercaseAlphabetic",
      "lemma" : "dial",
      "partOfSpeech" : "NN",
      "whiteSpace" : false
    }, {
      "id" : "s5-t3",
      "begin" : 389,
      "end" : 390,
      "text" : ",",
      "tokenType" : "ClauseEndingPunctuation",
      "partOfSpeech" : ",",
      "whiteSpace" : false
    }, {
      "id" : "s5-t4",
      "begin" : 391,
      "end" : 393,
      "text" : "by",
      "tokenType" : "LowercaseAlphabetic",
      "lemma" : "by",
      "partOfSpeech" : "IN",
      "whiteSpace" : false
    }, {
      "id" : "s5-t5",
      "begin" : 394,
      "end" : 397,
      "text" : "the",
      "tokenType" : "LowercaseAlphabetic",
      "lemma" : "the",
      "partOfSpeech" : "DT",
      "whiteSpace" : false
    }, {
      "id" : "s5-t6",
      "begin" : 398,
      "end" : 401,
      "text" : "way",
      "tokenType" : "LowercaseAlphabetic",
      "lemma" : "way",
      "partOfSpeech" : "NN",
      "whiteSpace" : false
    }, {
      "id" : "s5-t7",
      "begin" : 401,
      "end" : 402,
      "text" : ",",
      "tokenType" : "ClauseEndingPunctuation",
      "partOfSpeech" : ",",
      "whiteSpace" : false
    }, {
      "id" : "s5-t8",
      "begin" : 403,
      "end" : 405,
      "text" : "is",
      "tokenType" : "LowercaseAlphabetic",
      "lemma" : "be",
      "partOfSpeech" : "VBZ",
      "whiteSpace" : false
    }, {
      "id" : "s5-t9",
      "begin" : 406,
      "end" : 410,
      "text" : "dark",
      "tokenType" : "LowercaseAlphabetic",
      "lemma" : "dark",
      "partOfSpeech" : "JJ",
      "whiteSpace" : false
    }, {
      "id" : "s5-t10",
      "begin" : 411,
      "end" : 414,
      "text" : "red",
      "tokenType" : "LowercaseAlphabetic",
      "lemma" : "red",
      "partOfSpeech" : "NN",
      "whiteSpace" : false
    }, {
      "id" : "s5-t11",
      "begin" : 414,
      "end" : 415,
      "text" : ",",
      "tokenType" : "ClauseEndingPunctuation",
      "partOfSpeech" : ",",
      "whiteSpace" : false
    }, {
      "id" : "s5-t12",
      "begin" : 416,
      "end" : 422,
      "text" : "mostly",
      "tokenType" : "LowercaseAlphabetic",
      "lemma" : "mostly",
      "partOfSpeech" : "RB",
      "whiteSpace" : false
    }, {
      "id" : "s5-t13",
      "begin" : 423,
      "end" : 424,
      "text" : "a",
      "tokenType" : "LowercaseAlphabetic",
      "lemma" : "a",
      "partOfSpeech" : "DT",
      "whiteSpace" : false
    }, {
      "id" : "s5-t14",
      "begin" : 425,
      "end" : 433,
      "text" : "burgundy",
      "tokenType" : "LowercaseAlphabetic",
      "lemma" : "burgundy",
      "partOfSpeech" : "NN",
      "whiteSpace" : false
    }, {
      "id" : "s5-t15",
      "begin" : 434,
      "end" : 438,
      "text" : "with",
      "tokenType" : "LowercaseAlphabetic",
      "lemma" : "with",
      "partOfSpeech" : "IN",
      "whiteSpace" : false
    }, {
      "id" : "s5-t16",
      "begin" : 439,
      "end" : 446,
      "text" : "flashes",
      "tokenType" : "LowercaseAlphabetic",
      "lemma" : "flash",
      "partOfSpeech" : "NNS",
      "whiteSpace" : false
    }, {
      "id" : "s5-t17",
      "begin" : 447,
      "end" : 449,
      "text" : "of",
      "tokenType" : "LowercaseAlphabetic",
      "lemma" : "of",
      "partOfSpeech" : "IN",
      "whiteSpace" : false
    }, {
      "id" : "s5-t18",
      "begin" : 450,
      "end" : 454,
      "text" : "deep",
      "tokenType" : "LowercaseAlphabetic",
      "lemma" : "deep",
      "partOfSpeech" : "JJ",
      "whiteSpace" : false
    }, {
      "id" : "s5-t19",
      "begin" : 455,
      "end" : 458,
      "text" : "red",
      "tokenType" : "LowercaseAlphabetic",
      "lemma" : "red",
      "partOfSpeech" : "JJ",
      "whiteSpace" : false
    }, {
      "id" : "s5-t20",
      "begin" : 459,
      "end" : 468,
      "text" : "depending",
      "tokenType" : "LowercaseAlphabetic",
      "lemma" : "depend",
      "partOfSpeech" : "VBG",
      "whiteSpace" : false
    }, {
      "id" : "s5-t21",
      "begin" : 469,
      "end" : 471,
      "text" : "on",
      "tokenType" : "LowercaseAlphabetic",
      "lemma" : "on",
      "partOfSpeech" : "IN",
      "whiteSpace" : false
    }, {
      "id" : "s5-t22",
      "begin" : 472,
      "end" : 475,
      "text" : "the",
      "tokenType" : "LowercaseAlphabetic",
      "lemma" : "the",
      "partOfSpeech" : "DT",
      "whiteSpace" : false
    }, {
      "id" : "s5-t23",
      "begin" : 476,
      "end" : 481,
      "text" : "light",
      "tokenType" : "LowercaseAlphabetic",
      "lemma" : "light",
      "partOfSpeech" : "JJ",
      "whiteSpace" : false
    }, {
      "id" : "s5-t24",
      "begin" : 481,
      "end" : 483,
      "text" : "--",
      "tokenType" : "Punctuation",
      "partOfSpeech" : ":",
      "whiteSpace" : false
    }, {
      "id" : "s5-t25",
      "begin" : 483,
      "end" : 485,
      "text" : "it",
      "tokenType" : "LowercaseAlphabetic",
      "lemma" : "it",
      "partOfSpeech" : "PRP",
      "whiteSpace" : false
    }, {
      "id" : "s5-t26",
      "begin" : 486,
      "end" : 488,
      "text" : "is",
      "tokenType" : "LowercaseAlphabetic",
      "lemma" : "be",
      "partOfSpeech" : "VBZ",
      "whiteSpace" : false
    }, {
      "id" : "s5-t27",
      "begin" : 489,
      "end" : 492,
      "text" : "not",
      "tokenType" : "LowercaseAlphabetic",
      "lemma" : "not",
      "partOfSpeech" : "RB",
      "whiteSpace" : false
    }, {
      "id" : "s5-t28",
      "begin" : 493,
      "end" : 496,
      "text" : "the",
      "tokenType" : "LowercaseAlphabetic",
      "lemma" : "the",
      "partOfSpeech" : "DT",
      "whiteSpace" : false
    }, {
      "id" : "s5-t29",
      "begin" : 497,
      "end" : 503,
      "text" : "bright",
      "tokenType" : "LowercaseAlphabetic",
      "lemma" : "bright",
      "partOfSpeech" : "JJ",
      "whiteSpace" : false
    }, {
      "id" : "s5-t30",
      "begin" : 504,
      "end" : 507,
      "text" : "red",
      "tokenType" : "LowercaseAlphabetic",
      "lemma" : "red",
      "partOfSpeech" : "NN",
      "whiteSpace" : false
    }, {
      "id" : "s5-t31",
      "begin" : 508,
      "end" : 510,
      "text" : "in",
      "tokenType" : "LowercaseAlphabetic",
      "lemma" : "in",
      "partOfSpeech" : "IN",
      "whiteSpace" : false
    }, {
      "id" : "s5-t32",
      "begin" : 511,
      "end" : 514,
      "text" : "the",
      "tokenType" : "LowercaseAlphabetic",
      "lemma" : "the",
      "partOfSpeech" : "DT",
      "whiteSpace" : false
    }, {
      "id" : "s5-t33",
      "begin" : 515,
      "end" : 520,
      "text" : "photo",
      "tokenType" : "LowercaseAlphabetic",
      "lemma" : "photo",
      "partOfSpeech" : "NN",
      "whiteSpace" : false
    }, {
      "id" : "s5-t34",
      "begin" : 520,
      "end" : 521,
      "text" : ")",
      "tokenType" : "Punctuation",
      "partOfSpeech" : ")",
      "whiteSpace" : false
    }, {
      "id" : "s5-t35",
      "begin" : 521,
      "end" : 522,
      "text" : ".",
      "tokenType" : "ClauseEndingPunctuation",
      "partOfSpeech" : ".",
      "whiteSpace" : false
    } ]
  }, {
    "id" : "s6",
    "begin" : 524,
    "end" : 602,
    "text" : "The wrist band looks as it does in the photo--but also doesn't look like that.",
    "tokens" : [ {
      "id" : "s6-t0",
      "begin" : 524,
      "end" : 527,
      "text" : "The",
      "tokenType" : "TitlecaseAlphabetic",
      "lemma" : "the",
      "partOfSpeech" : "DT",
      "whiteSpace" : false
    }, {
      "id" : "s6-t1",
      "begin" : 528,
      "end" : 533,
      "text" : "wrist",
      "tokenType" : "LowercaseAlphabetic",
      "lemma" : "wrist",
      "partOfSpeech" : "NN",
      "whiteSpace" : false
    }, {
      "id" : "s6-t2",
      "begin" : 534,
      "end" : 538,
      "text" : "band",
      "tokenType" : "LowercaseAlphabetic",
      "lemma" : "band",
      "partOfSpeech" : "NN",
      "whiteSpace" : false
    }, {
      "id" : "s6-t3",
      "begin" : 539,
      "end" : 544,
      "text" : "looks",
      "tokenType" : "LowercaseAlphabetic",
      "lemma" : "look",
      "partOfSpeech" : "VBZ",
      "whiteSpace" : false
    }, {
      "id" : "s6-t4",
      "begin" : 545,
      "end" : 547,
      "text" : "as",
      "tokenType" : "LowercaseAlphabetic",
      "lemma" : "as",
      "partOfSpeech" : "IN",
      "whiteSpace" : false
    }, {
      "id" : "s6-t5",
      "begin" : 548,
      "end" : 550,
      "text" : "it",
      "tokenType" : "LowercaseAlphabetic",
      "lemma" : "it",
      "partOfSpeech" : "PRP",
      "whiteSpace" : false
    }, {
      "id" : "s6-t6",
      "begin" : 551,
      "end" : 555,
      "text" : "does",
      "tokenType" : "LowercaseAlphabetic",
      "lemma" : "do",
      "partOfSpeech" : "VBZ",
      "whiteSpace" : false
    }, {
      "id" : "s6-t7",
      "begin" : 556,
      "end" : 558,
      "text" : "in",
      "tokenType" : "LowercaseAlphabetic",
      "lemma" : "in",
      "partOfSpeech" : "IN",
      "whiteSpace" : false
    }, {
      "id" : "s6-t8",
      "begin" : 559,
      "end" : 562,
      "text" : "the",
      "tokenType" : "LowercaseAlphabetic",
      "lemma" : "the",
      "partOfSpeech" : "DT",
      "whiteSpace" : false
    }, {
      "id" : "s6-t9",
      "begin" : 563,
      "end" : 568,
      "text" : "photo",
      "tokenType" : "LowercaseAlphabetic",
      "lemma" : "photo",
      "partOfSpeech" : "NN",
      "whiteSpace" : false
    }, {
      "id" : "s6-t10",
      "begin" : 568,
      "end" : 570,
      "text" : "--",
      "tokenType" : "Punctuation",
      "partOfSpeech" : ":",
      "whiteSpace" : false
    }, {
      "id" : "s6-t11",
      "begin" : 570,
      "end" : 573,
      "text" : "but",
      "tokenType" : "LowercaseAlphabetic",
      "lemma" : "but",
      "partOfSpeech" : "CC",
      "whiteSpace" : false
    }, {
      "id" : "s6-t12",
      "begin" : 574,
      "end" : 578,
      "text" : "also",
      "tokenType" : "LowercaseAlphabetic",
      "lemma" : "also",
      "partOfSpeech" : "RB",
      "whiteSpace" : false
    }, {
      "id" : "s6-t13",
      "begin" : 579,
      "end" : 583,
      "text" : "does",
      "tokenType" : "LowercaseAlphabetic",
      "lemma" : "do",
      "partOfSpeech" : "VBZ",
      "whiteSpace" : false
    }, {
      "id" : "s6-t14",
      "begin" : 583,
      "end" : 586,
      "text" : "n't",
      "tokenType" : "TokenAnnotation",
      "lemma" : "not",
      "partOfSpeech" : "RB",
      "whiteSpace" : false
    }, {
      "id" : "s6-t15",
      "begin" : 587,
      "end" : 591,
      "text" : "look",
      "tokenType" : "LowercaseAlphabetic",
      "lemma" : "look",
      "partOfSpeech" : "VB",
      "whiteSpace" : false
    }, {
      "id" : "s6-t16",
      "begin" : 592,
      "end" : 596,
      "text" : "like",
      "tokenType" : "LowercaseAlphabetic",
      "lemma" : "like",
      "partOfSpeech" : "IN",
      "whiteSpace" : false
    }, {
      "id" : "s6-t17",
      "begin" : 597,
      "end" : 601,
      "text" : "that",
      "tokenType" : "LowercaseAlphabetic",
      "lemma" : "that",
      "partOfSpeech" : "DT",
      "whiteSpace" : false
    }, {
      "id" : "s6-t18",
      "begin" : 601,
      "end" : 602,
      "text" : ".",
      "tokenType" : "ClauseEndingPunctuation",
      "partOfSpeech" : ".",
      "whiteSpace" : false
    } ]
  }, {
    "id" : "s7",
    "begin" : 603,
    "end" : 727,
    "text" : "The color is dark red but in certain dimmer lighting it looks like the photo--a more silver-y even faintly pinkish burgundy.",
    "tokens" : [ {
      "id" : "s7-t0",
      "begin" : 603,
      "end" : 606,
      "text" : "The",
      "tokenType" : "TitlecaseAlphabetic",
      "lemma" : "the",
      "partOfSpeech" : "DT",
      "whiteSpace" : false
    }, {
      "id" : "s7-t1",
      "begin" : 607,
      "end" : 612,
      "text" : "color",
      "tokenType" : "LowercaseAlphabetic",
      "lemma" : "color",
      "partOfSpeech" : "NN",
      "whiteSpace" : false
    }, {
      "id" : "s7-t2",
      "begin" : 613,
      "end" : 615,
      "text" : "is",
      "tokenType" : "LowercaseAlphabetic",
      "lemma" : "be",
      "partOfSpeech" : "VBZ",
      "whiteSpace" : false
    }, {
      "id" : "s7-t3",
      "begin" : 616,
      "end" : 620,
      "text" : "dark",
      "tokenType" : "LowercaseAlphabetic",
      "lemma" : "dark",
      "partOfSpeech" : "JJ",
      "whiteSpace" : false
    }, {
      "id" : "s7-t4",
      "begin" : 621,
      "end" : 624,
      "text" : "red",
      "tokenType" : "LowercaseAlphabetic",
      "lemma" : "red",
      "partOfSpeech" : "NN",
      "whiteSpace" : false
    }, {
      "id" : "s7-t5",
      "begin" : 625,
      "end" : 628,
      "text" : "but",
      "tokenType" : "LowercaseAlphabetic",
      "lemma" : "but",
      "partOfSpeech" : "CC",
      "whiteSpace" : false
    }, {
      "id" : "s7-t6",
      "begin" : 629,
      "end" : 631,
      "text" : "in",
      "tokenType" : "LowercaseAlphabetic",
      "lemma" : "in",
      "partOfSpeech" : "IN",
      "whiteSpace" : false
    }, {
      "id" : "s7-t7",
      "begin" : 632,
      "end" : 639,
      "text" : "certain",
      "tokenType" : "LowercaseAlphabetic",
      "lemma" : "certain",
      "partOfSpeech" : "QT",
      "whiteSpace" : false
    }, {
      "id" : "s7-t8",
      "begin" : 640,
      "end" : 646,
      "text" : "dimmer",
      "tokenType" : "LowercaseAlphabetic",
      "lemma" : "dim",
      "partOfSpeech" : "JJ",
      "whiteSpace" : false
    }, {
      "id" : "s7-t9",
      "begin" : 647,
      "end" : 655,
      "text" : "lighting",
      "tokenType" : "LowercaseAlphabetic",
      "lemma" : "lighting",
      "partOfSpeech" : "NN",
      "whiteSpace" : false
    }, {
      "id" : "s7-t10",
      "begin" : 656,
      "end" : 658,
      "text" : "it",
      "tokenType" : "LowercaseAlphabetic",
      "lemma" : "it",
      "partOfSpeech" : "PRP",
      "whiteSpace" : false
    }, {
      "id" : "s7-t11",
      "begin" : 659,
      "end" : 664,
      "text" : "looks",
      "tokenType" : "LowercaseAlphabetic",
      "lemma" : "look",
      "partOfSpeech" : "VBZ",
      "whiteSpace" : false
    }, {
      "id" : "s7-t12",
      "begin" : 665,
      "end" : 669,
      "text" : "like",
      "tokenType" : "LowercaseAlphabetic",
      "lemma" : "like",
      "partOfSpeech" : "IN",
      "whiteSpace" : false
    }, {
      "id" : "s7-t13",
      "begin" : 670,
      "end" : 673,
      "text" : "the",
      "tokenType" : "LowercaseAlphabetic",
      "lemma" : "the",
      "partOfSpeech" : "DT",
      "whiteSpace" : false
    }, {
      "id" : "s7-t14",
      "begin" : 674,
      "end" : 679,
      "text" : "photo",
      "tokenType" : "LowercaseAlphabetic",
      "lemma" : "photo",
      "partOfSpeech" : "NN",
      "whiteSpace" : false
    }, {
      "id" : "s7-t15",
      "begin" : 679,
      "end" : 681,
      "text" : "--",
      "tokenType" : "Punctuation",
      "partOfSpeech" : ":",
      "whiteSpace" : false
    }, {
      "id" : "s7-t16",
      "begin" : 681,
      "end" : 682,
      "text" : "a",
      "tokenType" : "LowercaseAlphabetic",
      "lemma" : "a",
      "partOfSpeech" : "DT",
      "whiteSpace" : false
    }, {
      "id" : "s7-t17",
      "begin" : 683,
      "end" : 687,
      "text" : "more",
      "tokenType" : "LowercaseAlphabetic",
      "lemma" : "much",
      "partOfSpeech" : "RBR",
      "whiteSpace" : false
    }, {
      "id" : "s7-t18",
      "begin" : 688,
      "end" : 694,
      "text" : "silver",
      "tokenType" : "LowercaseAlphabetic",
      "lemma" : "silver",
      "partOfSpeech" : "NN",
      "whiteSpace" : false
    }, {
      "id" : "s7-t19",
      "begin" : 694,
      "end" : 695,
      "text" : "-",
      "tokenType" : "Punctuation",
      "partOfSpeech" : ":",
      "whiteSpace" : false
    }, {
      "id" : "s7-t20",
      "begin" : 695,
      "end" : 696,
      "text" : "y",
      "tokenType" : "LowercaseAlphabetic",
      "partOfSpeech" : "NN",
      "whiteSpace" : false
    }, {
      "id" : "s7-t21",
      "begin" : 697,
      "end" : 701,
      "text" : "even",
      "tokenType" : "LowercaseAlphabetic",
      "lemma" : "even",
      "partOfSpeech" : "RB",
      "whiteSpace" : false
    }, {
      "id" : "s7-t22",
      "begin" : 702,
      "end" : 709,
      "text" : "faintly",
      "tokenType" : "LowercaseAlphabetic",
      "lemma" : "faintly",
      "partOfSpeech" : "RB",
      "whiteSpace" : false
    }, {
      "id" : "s7-t23",
      "begin" : 710,
      "end" : 717,
      "text" : "pinkish",
      "tokenType" : "LowercaseAlphabetic",
      "lemma" : "pinkish",
      "partOfSpeech" : "JJ",
      "whiteSpace" : false
    }, {
      "id" : "s7-t24",
      "begin" : 718,
      "end" : 726,
      "text" : "burgundy",
      "tokenType" : "LowercaseAlphabetic",
      "lemma" : "burgundy",
      "partOfSpeech" : "NN",
      "whiteSpace" : false
    }, {
      "id" : "s7-t25",
      "begin" : 726,
      "end" : 727,
      "text" : ".",
      "tokenType" : "ClauseEndingPunctuation",
      "partOfSpeech" : ".",
      "whiteSpace" : false
    } ]
  }, {
    "id" : "s8",
    "begin" : 728,
    "end" : 755,
    "text" : "Interesting and attractive.",
    "tokens" : [ {
      "id" : "s8-t0",
      "begin" : 728,
      "end" : 739,
      "text" : "Interesting",
      "tokenType" : "TitlecaseAlphabetic",
      "lemma" : "interest",
      "partOfSpeech" : "VBG",
      "whiteSpace" : false
    }, {
      "id" : "s8-t1",
      "begin" : 740,
      "end" : 743,
      "text" : "and",
      "tokenType" : "LowercaseAlphabetic",
      "lemma" : "and",
      "partOfSpeech" : "CC",
      "whiteSpace" : false
    }, {
      "id" : "s8-t2",
      "begin" : 744,
      "end" : 754,
      "text" : "attractive",
      "tokenType" : "LowercaseAlphabetic",
      "lemma" : "attractive",
      "partOfSpeech" : "JJ",
      "whiteSpace" : false
    }, {
      "id" : "s8-t3",
      "begin" : 754,
      "end" : 755,
      "text" : ".",
      "tokenType" : "ClauseEndingPunctuation",
      "partOfSpeech" : ".",
      "whiteSpace" : false
    } ]
  }, {
    "id" : "s9",
    "begin" : 756,
    "end" : 819,
    "text" : "I've never had a ceramic wrist band before and I like it a lot.",
    "tokens" : [ {
      "id" : "s9-t0",
      "begin" : 756,
      "end" : 757,
      "text" : "I",
      "tokenType" : "UppercaseAlphabetic",
      "lemma" : "I",
      "partOfSpeech" : "PRP",
      "whiteSpace" : false
    }, {
      "id" : "s9-t1",
      "begin" : 757,
      "end" : 760,
      "text" : "'ve",
      "tokenType" : "TokenAnnotation",
      "lemma" : "have",
      "partOfSpeech" : "VBP",
      "whiteSpace" : false
    }, {
      "id" : "s9-t2",
      "begin" : 761,
      "end" : 766,
      "text" : "never",
      "tokenType" : "LowercaseAlphabetic",
      "lemma" : "never",
      "partOfSpeech" : "RB",
      "whiteSpace" : false
    }, {
      "id" : "s9-t3",
      "begin" : 767,
      "end" : 770,
      "text" : "had",
      "tokenType" : "LowercaseAlphabetic",
      "lemma" : "have",
      "partOfSpeech" : "VBD",
      "whiteSpace" : false
    }, {
      "id" : "s9-t4",
      "begin" : 771,
      "end" : 772,
      "text" : "a",
      "tokenType" : "LowercaseAlphabetic",
      "lemma" : "a",
      "partOfSpeech" : "DT",
      "whiteSpace" : false
    }, {
      "id" : "s9-t5",
      "begin" : 773,
      "end" : 780,
      "text" : "ceramic",
      "tokenType" : "LowercaseAlphabetic",
      "lemma" : "ceramic",
      "partOfSpeech" : "JJ",
      "whiteSpace" : false
    }, {
      "id" : "s9-t6",
      "begin" : 781,
      "end" : 786,
      "text" : "wrist",
      "tokenType" : "LowercaseAlphabetic",
      "lemma" : "wrist",
      "partOfSpeech" : "NN",
      "whiteSpace" : false
    }, {
      "id" : "s9-t7",
      "begin" : 787,
      "end" : 791,
      "text" : "band",
      "tokenType" : "LowercaseAlphabetic",
      "lemma" : "band",
      "partOfSpeech" : "NN",
      "whiteSpace" : false
    }, {
      "id" : "s9-t8",
      "begin" : 792,
      "end" : 798,
      "text" : "before",
      "tokenType" : "LowercaseAlphabetic",
      "lemma" : "before",
      "partOfSpeech" : "IN",
      "whiteSpace" : false
    }, {
      "id" : "s9-t9",
      "begin" : 799,
      "end" : 802,
      "text" : "and",
      "tokenType" : "LowercaseAlphabetic",
      "lemma" : "and",
      "partOfSpeech" : "CC",
      "whiteSpace" : false
    }, {
      "id" : "s9-t10",
      "begin" : 803,
      "end" : 804,
      "text" : "I",
      "tokenType" : "UppercaseAlphabetic",
      "lemma" : "I",
      "partOfSpeech" : "PRP",
      "whiteSpace" : false
    }, {
      "id" : "s9-t11",
      "begin" : 805,
      "end" : 809,
      "text" : "like",
      "tokenType" : "LowercaseAlphabetic",
      "lemma" : "like",
      "partOfSpeech" : "VBP",
      "whiteSpace" : false
    }, {
      "id" : "s9-t12",
      "begin" : 810,
      "end" : 812,
      "text" : "it",
      "tokenType" : "LowercaseAlphabetic",
      "lemma" : "it",
      "partOfSpeech" : "PRP",
      "whiteSpace" : false
    }, {
      "id" : "s9-t13",
      "begin" : 813,
      "end" : 814,
      "text" : "a",
      "tokenType" : "LowercaseAlphabetic",
      "lemma" : "a",
      "partOfSpeech" : "DT",
      "whiteSpace" : false
    }, {
      "id" : "s9-t14",
      "begin" : 815,
      "end" : 818,
      "text" : "lot",
      "tokenType" : "LowercaseAlphabetic",
      "lemma" : "lot",
      "partOfSpeech" : "NN",
      "whiteSpace" : false
    }, {
      "id" : "s9-t15",
      "begin" : 818,
      "end" : 819,
      "text" : ".",
      "tokenType" : "ClauseEndingPunctuation",
      "partOfSpeech" : ".",
      "whiteSpace" : false
    } ]
  }, {
    "id" : "s10",
    "begin" : 820,
    "end" : 958,
    "text" : "It is obviously not metal--not leather--extremel well articulated to lay flat and people are interested when they learn that it's ceramic.",
    "tokens" : [ {
      "id" : "s10-t0",
      "begin" : 820,
      "end" : 822,
      "text" : "It",
      "tokenType" : "TitlecaseAlphabetic",
      "lemma" : "it",
      "partOfSpeech" : "PRP",
      "whiteSpace" : false
    }, {
      "id" : "s10-t1",
      "begin" : 823,
      "end" : 825,
      "text" : "is",
      "tokenType" : "LowercaseAlphabetic",
      "lemma" : "be",
      "partOfSpeech" : "VBZ",
      "whiteSpace" : false
    }, {
      "id" : "s10-t2",
      "begin" : 826,
      "end" : 835,
      "text" : "obviously",
      "tokenType" : "LowercaseAlphabetic",
      "lemma" : "obviously",
      "partOfSpeech" : "RB",
      "whiteSpace" : false
    }, {
      "id" : "s10-t3",
      "begin" : 836,
      "end" : 839,
      "text" : "not",
      "tokenType" : "LowercaseAlphabetic",
      "lemma" : "not",
      "partOfSpeech" : "RB",
      "whiteSpace" : false
    }, {
      "id" : "s10-t4",
      "begin" : 840,
      "end" : 845,
      "text" : "metal",
      "tokenType" : "LowercaseAlphabetic",
      "lemma" : "metal",
      "partOfSpeech" : "NN",
      "whiteSpace" : false
    }, {
      "id" : "s10-t5",
      "begin" : 845,
      "end" : 847,
      "text" : "--",
      "tokenType" : "Punctuation",
      "partOfSpeech" : ":",
      "whiteSpace" : false
    }, {
      "id" : "s10-t6",
      "begin" : 847,
      "end" : 850,
      "text" : "not",
      "tokenType" : "LowercaseAlphabetic",
      "lemma" : "not",
      "partOfSpeech" : "RB",
      "whiteSpace" : false
    }, {
      "id" : "s10-t7",
      "begin" : 851,
      "end" : 858,
      "text" : "leather",
      "tokenType" : "LowercaseAlphabetic",
      "lemma" : "leather",
      "partOfSpeech" : "NN",
      "whiteSpace" : false
    }, {
      "id" : "s10-t8",
      "begin" : 858,
      "end" : 860,
      "text" : "--",
      "tokenType" : "Punctuation",
      "partOfSpeech" : ":",
      "whiteSpace" : false
    }, {
      "id" : "s10-t9",
      "begin" : 860,
      "end" : 868,
      "text" : "extremel",
      "tokenType" : "LowercaseAlphabetic",
      "lemma" : "extremel",
      "partOfSpeech" : "NN",
      "whiteSpace" : false
    }, {
      "id" : "s10-t10",
      "begin" : 869,
      "end" : 873,
      "text" : "well",
      "tokenType" : "LowercaseAlphabetic",
      "lemma" : "well",
      "partOfSpeech" : "RB",
      "whiteSpace" : false
    }, {
      "id" : "s10-t11",
      "begin" : 874,
      "end" : 885,
      "text" : "articulated",
      "tokenType" : "LowercaseAlphabetic",
      "lemma" : "articulate",
      "partOfSpeech" : "VBN",
      "whiteSpace" : false
    }, {
      "id" : "s10-t12",
      "begin" : 886,
      "end" : 888,
      "text" : "to",
      "tokenType" : "LowercaseAlphabetic",
      "lemma" : "to",
      "partOfSpeech" : "TO",
      "whiteSpace" : false
    }, {
      "id" : "s10-t13",
      "begin" : 889,
      "end" : 892,
      "text" : "lay",
      "tokenType" : "LowercaseAlphabetic",
      "lemma" : "lay",
      "partOfSpeech" : "VB",
      "whiteSpace" : false
    }, {
      "id" : "s10-t14",
      "begin" : 893,
      "end" : 897,
      "text" : "flat",
      "tokenType" : "LowercaseAlphabetic",
      "lemma" : "flat",
      "partOfSpeech" : "JJ",
      "whiteSpace" : false
    }, {
      "id" : "s10-t15",
      "begin" : 898,
      "end" : 901,
      "text" : "and",
      "tokenType" : "LowercaseAlphabetic",
      "lemma" : "and",
      "partOfSpeech" : "CC",
      "whiteSpace" : false
    }, {
      "id" : "s10-t16",
      "begin" : 902,
      "end" : 908,
      "text" : "people",
      "tokenType" : "LowercaseAlphabetic",
      "lemma" : "people",
      "partOfSpeech" : "NNS",
      "whiteSpace" : false
    }, {
      "id" : "s10-t17",
      "begin" : 909,
      "end" : 912,
      "text" : "are",
      "tokenType" : "LowercaseAlphabetic",
      "lemma" : "be",
      "partOfSpeech" : "VBP",
      "whiteSpace" : false
    }, {
      "id" : "s10-t18",
      "begin" : 913,
      "end" : 923,
      "text" : "interested",
      "tokenType" : "LowercaseAlphabetic",
      "lemma" : "interest",
      "partOfSpeech" : "VBN",
      "whiteSpace" : false
    }, {
      "id" : "s10-t19",
      "begin" : 924,
      "end" : 928,
      "text" : "when",
      "tokenType" : "LowercaseAlphabetic",
      "lemma" : "when",
      "partOfSpeech" : "WRB",
      "whiteSpace" : false
    }, {
      "id" : "s10-t20",
      "begin" : 929,
      "end" : 933,
      "text" : "they",
      "tokenType" : "LowercaseAlphabetic",
      "lemma" : "they",
      "partOfSpeech" : "PRP",
      "whiteSpace" : false
    }, {
      "id" : "s10-t21",
      "begin" : 934,
      "end" : 939,
      "text" : "learn",
      "tokenType" : "LowercaseAlphabetic",
      "lemma" : "learn",
      "partOfSpeech" : "VBP",
      "whiteSpace" : false
    }, {
      "id" : "s10-t22",
      "begin" : 940,
      "end" : 944,
      "text" : "that",
      "tokenType" : "LowercaseAlphabetic",
      "lemma" : "that",
      "partOfSpeech" : "IN",
      "whiteSpace" : false
    }, {
      "id" : "s10-t23",
      "begin" : 945,
      "end" : 947,
      "text" : "it",
      "tokenType" : "LowercaseAlphabetic",
      "lemma" : "it",
      "partOfSpeech" : "PRP",
      "whiteSpace" : false
    }, {
      "id" : "s10-t24",
      "begin" : 947,
      "end" : 949,
      "text" : "'s",
      "tokenType" : "TokenAnnotation",
      "lemma" : "be",
      "partOfSpeech" : "VBZ",
      "whiteSpace" : false
    }, {
      "id" : "s10-t25",
      "begin" : 950,
      "end" : 957,
      "text" : "ceramic",
      "tokenType" : "LowercaseAlphabetic",
      "lemma" : "ceramic",
      "partOfSpeech" : "JJ",
      "whiteSpace" : false
    }, {
      "id" : "s10-t26",
      "begin" : 957,
      "end" : 958,
      "text" : ".",
      "tokenType" : "ClauseEndingPunctuation",
      "partOfSpeech" : ".",
      "whiteSpace" : false
    } ]
  }, {
    "id" : "s11",
    "begin" : 959,
    "end" : 1085,
    "text" : "As with other AK watches, there is an extension link -- excellent for people with small wrists like mine as it can be removed.",
    "tokens" : [ {
      "id" : "s11-t0",
      "begin" : 959,
      "end" : 961,
      "text" : "As",
      "tokenType" : "TitlecaseAlphabetic",
      "lemma" : "as",
      "partOfSpeech" : "IN",
      "whiteSpace" : false
    }, {
      "id" : "s11-t1",
      "begin" : 962,
      "end" : 966,
      "text" : "with",
      "tokenType" : "LowercaseAlphabetic",
      "lemma" : "with",
      "partOfSpeech" : "IN",
      "whiteSpace" : false
    }, {
      "id" : "s11-t2",
      "begin" : 967,
      "end" : 972,
      "text" : "other",
      "tokenType" : "LowercaseAlphabetic",
      "lemma" : "other",
      "partOfSpeech" : "JJ",
      "whiteSpace" : false
    }, {
      "id" : "s11-t3",
      "begin" : 973,
      "end" : 975,
      "text" : "AK",
      "tokenType" : "UppercaseAlphabetic",
      "partOfSpeech" : "NNP",
      "whiteSpace" : false
    }, {
      "id" : "s11-t4",
      "begin" : 976,
      "end" : 983,
      "text" : "watches",
      "tokenType" : "LowercaseAlphabetic",
      "lemma" : "watch",
      "partOfSpeech" : "NNS",
      "whiteSpace" : false
    }, {
      "id" : "s11-t5",
      "begin" : 983,
      "end" : 984,
      "text" : ",",
      "tokenType" : "ClauseEndingPunctuation",
      "partOfSpeech" : ",",
      "whiteSpace" : false
    }, {
      "id" : "s11-t6",
      "begin" : 985,
      "end" : 990,
      "text" : "there",
      "tokenType" : "LowercaseAlphabetic",
      "lemma" : "there",
      "partOfSpeech" : "EX",
      "whiteSpace" : false
    }, {
      "id" : "s11-t7",
      "begin" : 991,
      "end" : 993,
      "text" : "is",
      "tokenType" : "LowercaseAlphabetic",
      "lemma" : "be",
      "partOfSpeech" : "VBZ",
      "whiteSpace" : false
    }, {
      "id" : "s11-t8",
      "begin" : 994,
      "end" : 996,
      "text" : "an",
      "tokenType" : "LowercaseAlphabetic",
      "lemma" : "an",
      "partOfSpeech" : "DT",
      "whiteSpace" : false
    }, {
      "id" : "s11-t9",
      "begin" : 997,
      "end" : 1006,
      "text" : "extension",
      "tokenType" : "LowercaseAlphabetic",
      "lemma" : "extension",
      "partOfSpeech" : "NN",
      "whiteSpace" : false
    }, {
      "id" : "s11-t10",
      "begin" : 1007,
      "end" : 1011,
      "text" : "link",
      "tokenType" : "LowercaseAlphabetic",
      "lemma" : "link",
      "partOfSpeech" : "NN",
      "whiteSpace" : false
    }, {
      "id" : "s11-t11",
      "begin" : 1012,
      "end" : 1014,
      "text" : "--",
      "tokenType" : "Punctuation",
      "partOfSpeech" : ":",
      "whiteSpace" : false
    }, {
      "id" : "s11-t12",
      "begin" : 1015,
      "end" : 1024,
      "text" : "excellent",
      "tokenType" : "LowercaseAlphabetic",
      "lemma" : "excellent",
      "partOfSpeech" : "JJ",
      "whiteSpace" : false
    }, {
      "id" : "s11-t13",
      "begin" : 1025,
      "end" : 1028,
      "text" : "for",
      "tokenType" : "LowercaseAlphabetic",
      "lemma" : "for",
      "partOfSpeech" : "IN",
      "whiteSpace" : false
    }, {
      "id" : "s11-t14",
      "begin" : 1029,
      "end" : 1035,
      "text" : "people",
      "tokenType" : "LowercaseAlphabetic",
      "lemma" : "people",
      "partOfSpeech" : "NNS",
      "whiteSpace" : false
    }, {
      "id" : "s11-t15",
      "begin" : 1036,
      "end" : 1040,
      "text" : "with",
      "tokenType" : "LowercaseAlphabetic",
      "lemma" : "with",
      "partOfSpeech" : "IN",
      "whiteSpace" : false
    }, {
      "id" : "s11-t16",
      "begin" : 1041,
      "end" : 1046,
      "text" : "small",
      "tokenType" : "LowercaseAlphabetic",
      "lemma" : "small",
      "partOfSpeech" : "JJ",
      "whiteSpace" : false
    }, {
      "id" : "s11-t17",
      "begin" : 1047,
      "end" : 1053,
      "text" : "wrists",
      "tokenType" : "LowercaseAlphabetic",
      "lemma" : "wrist",
      "partOfSpeech" : "NNS",
      "whiteSpace" : false
    }, {
      "id" : "s11-t18",
      "begin" : 1054,
      "end" : 1058,
      "text" : "like",
      "tokenType" : "LowercaseAlphabetic",
      "lemma" : "like",
      "partOfSpeech" : "IN",
      "whiteSpace" : false
    }, {
      "id" : "s11-t19",
      "begin" : 1059,
      "end" : 1063,
      "text" : "mine",
      "tokenType" : "LowercaseAlphabetic",
      "lemma" : "mine",
      "partOfSpeech" : "NN",
      "whiteSpace" : false
    }, {
      "id" : "s11-t20",
      "begin" : 1064,
      "end" : 1066,
      "text" : "as",
      "tokenType" : "LowercaseAlphabetic",
      "lemma" : "as",
      "partOfSpeech" : "IN",
      "whiteSpace" : false
    }, {
      "id" : "s11-t21",
      "begin" : 1067,
      "end" : 1069,
      "text" : "it",
      "tokenType" : "LowercaseAlphabetic",
      "lemma" : "it",
      "partOfSpeech" : "PRP",
      "whiteSpace" : false
    }, {
      "id" : "s11-t22",
      "begin" : 1070,
      "end" : 1073,
      "text" : "can",
      "tokenType" : "LowercaseAlphabetic",
      "lemma" : "can",
      "partOfSpeech" : "MD",
      "whiteSpace" : false
    }, {
      "id" : "s11-t23",
      "begin" : 1074,
      "end" : 1076,
      "text" : "be",
      "tokenType" : "LowercaseAlphabetic",
      "lemma" : "be",
      "partOfSpeech" : "VB",
      "whiteSpace" : false
    }, {
      "id" : "s11-t24",
      "begin" : 1077,
      "end" : 1084,
      "text" : "removed",
      "tokenType" : "LowercaseAlphabetic",
      "lemma" : "remove",
      "partOfSpeech" : "VBN",
      "whiteSpace" : false
    }, {
      "id" : "s11-t25",
      "begin" : 1084,
      "end" : 1085,
      "text" : ".",
      "tokenType" : "ClauseEndingPunctuation",
      "partOfSpeech" : ".",
      "whiteSpace" : false
    } ]
  }, {
    "id" : "s12",
    "begin" : 1086,
    "end" : 1177,
    "text" : "If I had any criticism of this watch it is that the extention link was difficult to remove.",
    "tokens" : [ {
      "id" : "s12-t0",
      "begin" : 1086,
      "end" : 1088,
      "text" : "If",
      "tokenType" : "TitlecaseAlphabetic",
      "lemma" : "if",
      "partOfSpeech" : "IN",
      "whiteSpace" : false
    }, {
      "id" : "s12-t1",
      "begin" : 1089,
      "end" : 1090,
      "text" : "I",
      "tokenType" : "UppercaseAlphabetic",
      "lemma" : "I",
      "partOfSpeech" : "PRP",
      "whiteSpace" : false
    }, {
      "id" : "s12-t2",
      "begin" : 1091,
      "end" : 1094,
      "text" : "had",
      "tokenType" : "LowercaseAlphabetic",
      "lemma" : "have",
      "partOfSpeech" : "VBD",
      "whiteSpace" : false
    }, {
      "id" : "s12-t3",
      "begin" : 1095,
      "end" : 1098,
      "text" : "any",
      "tokenType" : "LowercaseAlphabetic",
      "lemma" : "any",
      "partOfSpeech" : "QT",
      "whiteSpace" : false
    }, {
      "id" : "s12-t4",
      "begin" : 1099,
      "end" : 1108,
      "text" : "criticism",
      "tokenType" : "LowercaseAlphabetic",
      "lemma" : "criticism",
      "partOfSpeech" : "NN",
      "whiteSpace" : false
    }, {
      "id" : "s12-t5",
      "begin" : 1109,
      "end" : 1111,
      "text" : "of",
      "tokenType" : "LowercaseAlphabetic",
      "lemma" : "of",
      "partOfSpeech" : "IN",
      "whiteSpace" : false
    }, {
      "id" : "s12-t6",
      "begin" : 1112,
      "end" : 1116,
      "text" : "this",
      "tokenType" : "LowercaseAlphabetic",
      "lemma" : "this",
      "partOfSpeech" : "DT",
      "whiteSpace" : false
    }, {
      "id" : "s12-t7",
      "begin" : 1117,
      "end" : 1122,
      "text" : "watch",
      "tokenType" : "LowercaseAlphabetic",
      "lemma" : "watch",
      "partOfSpeech" : "NN",
      "whiteSpace" : false
    }, {
      "id" : "s12-t8",
      "begin" : 1123,
      "end" : 1125,
      "text" : "it",
      "tokenType" : "LowercaseAlphabetic",
      "lemma" : "it",
      "partOfSpeech" : "PRP",
      "whiteSpace" : false
    }, {
      "id" : "s12-t9",
      "begin" : 1126,
      "end" : 1128,
      "text" : "is",
      "tokenType" : "LowercaseAlphabetic",
      "lemma" : "be",
      "partOfSpeech" : "VBZ",
      "whiteSpace" : false
    }, {
      "id" : "s12-t10",
      "begin" : 1129,
      "end" : 1133,
      "text" : "that",
      "tokenType" : "LowercaseAlphabetic",
      "lemma" : "that",
      "partOfSpeech" : "IN",
      "whiteSpace" : false
    }, {
      "id" : "s12-t11",
      "begin" : 1134,
      "end" : 1137,
      "text" : "the",
      "tokenType" : "LowercaseAlphabetic",
      "lemma" : "the",
      "partOfSpeech" : "DT",
      "whiteSpace" : false
    }, {
      "id" : "s12-t12",
      "begin" : 1138,
      "end" : 1147,
      "text" : "extention",
      "tokenType" : "LowercaseAlphabetic",
      "lemma" : "extention",
      "partOfSpeech" : "NN",
      "whiteSpace" : false
    }, {
      "id" : "s12-t13",
      "begin" : 1148,
      "end" : 1152,
      "text" : "link",
      "tokenType" : "LowercaseAlphabetic",
      "lemma" : "link",
      "partOfSpeech" : "NN",
      "whiteSpace" : false
    }, {
      "id" : "s12-t14",
      "begin" : 1153,
      "end" : 1156,
      "text" : "was",
      "tokenType" : "LowercaseAlphabetic",
      "lemma" : "be",
      "partOfSpeech" : "VBD",
      "whiteSpace" : false
    }, {
      "id" : "s12-t15",
      "begin" : 1157,
      "end" : 1166,
      "text" : "difficult",
      "tokenType" : "LowercaseAlphabetic",
      "lemma" : "difficult",
      "partOfSpeech" : "JJ",
      "whiteSpace" : false
    }, {
      "id" : "s12-t16",
      "begin" : 1167,
      "end" : 1169,
      "text" : "to",
      "tokenType" : "LowercaseAlphabetic",
      "lemma" : "to",
      "partOfSpeech" : "TO",
      "whiteSpace" : false
    }, {
      "id" : "s12-t17",
      "begin" : 1170,
      "end" : 1176,
      "text" : "remove",
      "tokenType" : "LowercaseAlphabetic",
      "lemma" : "remove",
      "partOfSpeech" : "VB",
      "whiteSpace" : false
    }, {
      "id" : "s12-t18",
      "begin" : 1176,
      "end" : 1177,
      "text" : ".",
      "tokenType" : "ClauseEndingPunctuation",
      "partOfSpeech" : ".",
      "whiteSpace" : false
    } ]
  }, {
    "id" : "s13",
    "begin" : 1178,
    "end" : 1319,
    "text" : "You do it by just hooking a fingernail under the edge of the link and pulling up, but I came close to breaking a fingernail before it worked.",
    "tokens" : [ {
      "id" : "s13-t0",
      "begin" : 1178,
      "end" : 1181,
      "text" : "You",
      "tokenType" : "TitlecaseAlphabetic",
      "lemma" : "you",
      "partOfSpeech" : "PRP",
      "whiteSpace" : false
    }, {
      "id" : "s13-t1",
      "begin" : 1182,
      "end" : 1184,
      "text" : "do",
      "tokenType" : "LowercaseAlphabetic",
      "lemma" : "do",
      "partOfSpeech" : "VBP",
      "whiteSpace" : false
    }, {
      "id" : "s13-t2",
      "begin" : 1185,
      "end" : 1187,
      "text" : "it",
      "tokenType" : "LowercaseAlphabetic",
      "lemma" : "it",
      "partOfSpeech" : "PRP",
      "whiteSpace" : false
    }, {
      "id" : "s13-t3",
      "begin" : 1188,
      "end" : 1190,
      "text" : "by",
      "tokenType" : "LowercaseAlphabetic",
      "lemma" : "by",
      "partOfSpeech" : "IN",
      "whiteSpace" : false
    }, {
      "id" : "s13-t4",
      "begin" : 1191,
      "end" : 1195,
      "text" : "just",
      "tokenType" : "LowercaseAlphabetic",
      "lemma" : "just",
      "partOfSpeech" : "RB",
      "whiteSpace" : false
    }, {
      "id" : "s13-t5",
      "begin" : 1196,
      "end" : 1203,
      "text" : "hooking",
      "tokenType" : "LowercaseAlphabetic",
      "lemma" : "hook",
      "partOfSpeech" : "VBG",
      "whiteSpace" : false
    }, {
      "id" : "s13-t6",
      "begin" : 1204,
      "end" : 1205,
      "text" : "a",
      "tokenType" : "LowercaseAlphabetic",
      "lemma" : "a",
      "partOfSpeech" : "DT",
      "whiteSpace" : false
    }, {
      "id" : "s13-t7",
      "begin" : 1206,
      "end" : 1216,
      "text" : "fingernail",
      "tokenType" : "LowercaseAlphabetic",
      "lemma" : "fingernail",
      "partOfSpeech" : "NN",
      "whiteSpace" : false
    }, {
      "id" : "s13-t8",
      "begin" : 1217,
      "end" : 1222,
      "text" : "under",
      "tokenType" : "LowercaseAlphabetic",
      "lemma" : "under",
      "partOfSpeech" : "IN",
      "whiteSpace" : false
    }, {
      "id" : "s13-t9",
      "begin" : 1223,
      "end" : 1226,
      "text" : "the",
      "tokenType" : "LowercaseAlphabetic",
      "lemma" : "the",
      "partOfSpeech" : "DT",
      "whiteSpace" : false
    }, {
      "id" : "s13-t10",
      "begin" : 1227,
      "end" : 1231,
      "text" : "edge",
      "tokenType" : "LowercaseAlphabetic",
      "lemma" : "edge",
      "partOfSpeech" : "NN",
      "whiteSpace" : false
    }, {
      "id" : "s13-t11",
      "begin" : 1232,
      "end" : 1234,
      "text" : "of",
      "tokenType" : "LowercaseAlphabetic",
      "lemma" : "of",
      "partOfSpeech" : "IN",
      "whiteSpace" : false
    }, {
      "id" : "s13-t12",
      "begin" : 1235,
      "end" : 1238,
      "text" : "the",
      "tokenType" : "LowercaseAlphabetic",
      "lemma" : "the",
      "partOfSpeech" : "DT",
      "whiteSpace" : false
    }, {
      "id" : "s13-t13",
      "begin" : 1239,
      "end" : 1243,
      "text" : "link",
      "tokenType" : "LowercaseAlphabetic",
      "lemma" : "link",
      "partOfSpeech" : "NN",
      "whiteSpace" : false
    }, {
      "id" : "s13-t14",
      "begin" : 1244,
      "end" : 1247,
      "text" : "and",
      "tokenType" : "LowercaseAlphabetic",
      "lemma" : "and",
      "partOfSpeech" : "CC",
      "whiteSpace" : false
    }, {
      "id" : "s13-t15",
      "begin" : 1248,
      "end" : 1255,
      "text" : "pulling",
      "tokenType" : "LowercaseAlphabetic",
      "lemma" : "pull",
      "partOfSpeech" : "VBG",
      "whiteSpace" : false
    }, {
      "id" : "s13-t16",
      "begin" : 1256,
      "end" : 1258,
      "text" : "up",
      "tokenType" : "LowercaseAlphabetic",
      "lemma" : "up",
      "partOfSpeech" : "IN",
      "whiteSpace" : false
    }, {
      "id" : "s13-t17",
      "begin" : 1258,
      "end" : 1259,
      "text" : ",",
      "tokenType" : "ClauseEndingPunctuation",
      "partOfSpeech" : ",",
      "whiteSpace" : false
    }, {
      "id" : "s13-t18",
      "begin" : 1260,
      "end" : 1263,
      "text" : "but",
      "tokenType" : "LowercaseAlphabetic",
      "lemma" : "but",
      "partOfSpeech" : "CC",
      "whiteSpace" : false
    }, {
      "id" : "s13-t19",
      "begin" : 1264,
      "end" : 1265,
      "text" : "I",
      "tokenType" : "UppercaseAlphabetic",
      "lemma" : "I",
      "partOfSpeech" : "PRP",
      "whiteSpace" : false
    }, {
      "id" : "s13-t20",
      "begin" : 1266,
      "end" : 1270,
      "text" : "came",
      "tokenType" : "LowercaseAlphabetic",
      "lemma" : "come",
      "partOfSpeech" : "VBD",
      "whiteSpace" : false
    }, {
      "id" : "s13-t21",
      "begin" : 1271,
      "end" : 1276,
      "text" : "close",
      "tokenType" : "LowercaseAlphabetic",
      "lemma" : "close",
      "partOfSpeech" : "JJ",
      "whiteSpace" : false
    }, {
      "id" : "s13-t22",
      "begin" : 1277,
      "end" : 1279,
      "text" : "to",
      "tokenType" : "LowercaseAlphabetic",
      "lemma" : "to",
      "partOfSpeech" : "IN",
      "whiteSpace" : false
    }, {
      "id" : "s13-t23",
      "begin" : 1280,
      "end" : 1288,
      "text" : "breaking",
      "tokenType" : "LowercaseAlphabetic",
      "lemma" : "break",
      "partOfSpeech" : "VBG",
      "whiteSpace" : false
    }, {
      "id" : "s13-t24",
      "begin" : 1289,
      "end" : 1290,
      "text" : "a",
      "tokenType" : "LowercaseAlphabetic",
      "lemma" : "a",
      "partOfSpeech" : "DT",
      "whiteSpace" : false
    }, {
      "id" : "s13-t25",
      "begin" : 1291,
      "end" : 1301,
      "text" : "fingernail",
      "tokenType" : "LowercaseAlphabetic",
      "lemma" : "fingernail",
      "partOfSpeech" : "NN",
      "whiteSpace" : false
    }, {
      "id" : "s13-t26",
      "begin" : 1302,
      "end" : 1308,
      "text" : "before",
      "tokenType" : "LowercaseAlphabetic",
      "lemma" : "before",
      "partOfSpeech" : "IN",
      "whiteSpace" : false
    }, {
      "id" : "s13-t27",
      "begin" : 1309,
      "end" : 1311,
      "text" : "it",
      "tokenType" : "LowercaseAlphabetic",
      "lemma" : "it",
      "partOfSpeech" : "PRP",
      "whiteSpace" : false
    }, {
      "id" : "s13-t28",
      "begin" : 1312,
      "end" : 1318,
      "text" : "worked",
      "tokenType" : "LowercaseAlphabetic",
      "lemma" : "work",
      "partOfSpeech" : "VBD",
      "whiteSpace" : false
    }, {
      "id" : "s13-t29",
      "begin" : 1318,
      "end" : 1319,
      "text" : ".",
      "tokenType" : "ClauseEndingPunctuation",
      "partOfSpeech" : ".",
      "whiteSpace" : false
    } ]
  } ],
  "mentions" : [ {
    "id" : "s0-m4",
    "properties" : {
      "SIRE_MENTION_ROLE" : "Feature",
      "SIRE_ENTITY_SUBTYPE" : "NONE",
      "SIRE_MENTION_TYPE" : "NONE",
      "SIRE_MENTION_CLASS" : "SPC"
    },
    "type" : "Feature",
    "begin" : 0,
    "end" : 9,
    "inCoref" : false
  }, {
    "id" : "s0-m3",
    "properties" : {
      "SIRE_MENTION_ROLE" : "Product",
      "SIRE_ENTITY_SUBTYPE" : "NONE",
      "SIRE_MENTION_TYPE" : "NONE",
      "SIRE_MENTION_CLASS" : "SPC"
    },
    "type" : "Product",
    "begin" : 10,
    "end" : 15,
    "inCoref" : true
  }, {
    "id" : "s0-m7",
    "properties" : {
      "SIRE_MENTION_ROLE" : "Product",
      "SIRE_ENTITY_SUBTYPE" : "NONE",
      "SIRE_MENTION_TYPE" : "NONE",
      "SIRE_MENTION_CLASS" : "SPC"
    },
    "type" : "Product",
    "begin" : 52,
    "end" : 62,
    "inCoref" : false
  }, {
    "id" : "s0-m5",
    "properties" : {
      "SIRE_MENTION_ROLE" : "Company",
      "SIRE_ENTITY_SUBTYPE" : "NONE",
      "SIRE_MENTION_TYPE" : "NONE",
      "SIRE_MENTION_CLASS" : "SPC"
    },
    "type" : "Company",
    "begin" : 52,
    "end" : 54,
    "inCoref" : false
  }, {
    "id" : "s0-m0",
    "properties" : {
      "SIRE_MENTION_CLASS" : "SPC",
      "SIRE_ENTITY_SUBTYPE" : "NONE",
      "SIRE_MENTION_TYPE" : "NONE",
      "SIRE_MENTION_ROLE" : "Consumer"
    },
    "type" : "Consumer",
    "begin" : 63,
    "end" : 64,
    "inCoref" : true
  }, {
    "id" : "s0-m1",
    "properties" : {
      "SIRE_MENTION_CLASS" : "SPC",
      "SIRE_ENTITY_SUBTYPE" : "NONE",
      "SIRE_MENTION_TYPE" : "NONE",
      "SIRE_MENTION_ROLE" : "Consumer"
    },
    "type" : "Consumer",
    "begin" : 75,
    "end" : 76,
    "inCoref" : true
  }, {
    "id" : "s0-m6",
    "properties" : {
      "SIRE_MENTION_ROLE" : "Product",
      "SIRE_ENTITY_SUBTYPE" : "NONE",
      "SIRE_MENTION_TYPE" : "NONE",
      "SIRE_MENTION_CLASS" : "SPC"
    },
    "type" : "Product",
    "begin" : 82,
    "end" : 84,
    "inCoref" : true
  }, {
    "id" : "s1-m2",
    "properties" : {
      "SIRE_MENTION_ROLE" : "Descriptor",
      "SIRE_ENTITY_SUBTYPE" : "NONE",
      "SIRE_MENTION_TYPE" : "NONE",
      "SIRE_MENTION_CLASS" : "SPC"
    },
    "type" : "Descriptor",
    "begin" : 97,
    "end" : 116,
    "inCoref" : false
  }, {
    "id" : "s1-m1",
    "properties" : {
      "SIRE_MENTION_ROLE" : "Feature",
      "SIRE_ENTITY_SUBTYPE" : "NONE",
      "SIRE_MENTION_TYPE" : "NONE",
      "SIRE_MENTION_CLASS" : "SPC"
    },
    "type" : "Feature",
    "begin" : 117,
    "end" : 121,
    "inCoref" : false
  }, {
    "id" : "s1-m3",
    "properties" : {
      "SIRE_MENTION_ROLE" : "Descriptor",
      "SIRE_ENTITY_SUBTYPE" : "NONE",
      "SIRE_MENTION_TYPE" : "NONE",
      "SIRE_MENTION_CLASS" : "SPC"
    },
    "type" : "Descriptor",
    "begin" : 125,
    "end" : 130,
    "inCoref" : false
  }, {
    "id" : "s1-m5",
    "properties" : {
      "SIRE_MENTION_ROLE" : "Feature",
      "SIRE_ENTITY_SUBTYPE" : "NONE",
      "SIRE_MENTION_TYPE" : "NONE",
      "SIRE_MENTION_CLASS" : "SPC"
    },
    "type" : "Feature",
    "begin" : 195,
    "end" : 205,
    "inCoref" : false
  }, {
    "id" : "s1-m6",
    "properties" : {
      "SIRE_MENTION_ROLE" : "Feature",
      "SIRE_ENTITY_SUBTYPE" : "NONE",
      "SIRE_MENTION_TYPE" : "NONE",
      "SIRE_MENTION_CLASS" : "SPC"
    },
    "type" : "Product",
    "begin" : 236,
    "end" : 254,
    "inCoref" : false
  }, {
    "id" : "s2-m1",
    "properties" : {
      "SIRE_MENTION_ROLE" : "Descriptor",
      "SIRE_ENTITY_SUBTYPE" : "NONE",
      "SIRE_MENTION_TYPE" : "NONE",
      "SIRE_MENTION_CLASS" : "SPC"
    },
    "type" : "Descriptor",
    "begin" : 256,
    "end" : 263,
    "inCoref" : false
  }, {
    "id" : "s2-m2",
    "properties" : {
      "SIRE_MENTION_ROLE" : "Descriptor",
      "SIRE_ENTITY_SUBTYPE" : "NONE",
      "SIRE_MENTION_TYPE" : "NONE",
      "SIRE_MENTION_CLASS" : "SPC"
    },
    "type" : "Descriptor",
    "begin" : 268,
    "end" : 274,
    "inCoref" : false
  }, {
    "id" : "s3-m1",
    "properties" : {
      "SIRE_MENTION_ROLE" : "Feature",
      "SIRE_ENTITY_SUBTYPE" : "NONE",
      "SIRE_MENTION_TYPE" : "NONE",
      "SIRE_MENTION_CLASS" : "SPC"
    },
    "type" : "Feature",
    "begin" : 276,
    "end" : 287,
    "inCoref" : false
  }, {
    "id" : "s3-m2",
    "properties" : {
      "SIRE_MENTION_ROLE" : "Descriptor",
      "SIRE_ENTITY_SUBTYPE" : "NONE",
      "SIRE_MENTION_TYPE" : "NONE",
      "SIRE_MENTION_CLASS" : "SPC"
    },
    "type" : "Descriptor",
    "begin" : 292,
    "end" : 306,
    "inCoref" : false
  }, {
    "id" : "s3-m3",
    "properties" : {
      "SIRE_MENTION_ROLE" : "Feature",
      "SIRE_ENTITY_SUBTYPE" : "NONE",
      "SIRE_MENTION_TYPE" : "NONE",
      "SIRE_MENTION_CLASS" : "SPC"
    },
    "type" : "Feature",
    "begin" : 325,
    "end" : 330,
    "inCoref" : false
  }, {
    "id" : "s3-m4",
    "properties" : {
      "SIRE_MENTION_ROLE" : "Descriptor",
      "SIRE_ENTITY_SUBTYPE" : "NONE",
      "SIRE_MENTION_TYPE" : "NONE",
      "SIRE_MENTION_CLASS" : "SPC"
    },
    "type" : "Feature",
    "begin" : 336,
    "end" : 340,
    "inCoref" : false
  }, {
    "id" : "s4-m0",
    "properties" : {
      "SIRE_MENTION_CLASS" : "SPC",
      "SIRE_ENTITY_SUBTYPE" : "NONE",
      "SIRE_MENTION_TYPE" : "NONE",
      "SIRE_MENTION_ROLE" : "Consumer"
    },
    "type" : "Consumer",
    "begin" : 372,
    "end" : 373,
    "inCoref" : true
  }, {
    "id" : "s5-m1",
    "properties" : {
      "SIRE_MENTION_ROLE" : "Feature",
      "SIRE_ENTITY_SUBTYPE" : "NONE",
      "SIRE_MENTION_TYPE" : "NONE",
      "SIRE_MENTION_CLASS" : "SPC"
    },
    "type" : "Feature",
    "begin" : 385,
    "end" : 389,
    "inCoref" : false
  }, {
    "id" : "s5-m2",
    "properties" : {
      "SIRE_MENTION_ROLE" : "Descriptor",
      "SIRE_ENTITY_SUBTYPE" : "NONE",
      "SIRE_MENTION_TYPE" : "NONE",
      "SIRE_MENTION_CLASS" : "SPC"
    },
    "type" : "Descriptor",
    "begin" : 406,
    "end" : 414,
    "inCoref" : false
  }, {
    "id" : "s5-m3",
    "properties" : {
      "SIRE_MENTION_ROLE" : "Descriptor",
      "SIRE_ENTITY_SUBTYPE" : "NONE",
      "SIRE_MENTION_TYPE" : "NONE",
      "SIRE_MENTION_CLASS" : "SPC"
    },
    "type" : "Descriptor",
    "begin" : 425,
    "end" : 481,
    "inCoref" : false
  }, {
    "id" : "s6-m1",
    "properties" : {
      "SIRE_MENTION_ROLE" : "Feature",
      "SIRE_ENTITY_SUBTYPE" : "NONE",
      "SIRE_MENTION_TYPE" : "NONE",
      "SIRE_MENTION_CLASS" : "SPC"
    },
    "type" : "Feature",
    "begin" : 528,
    "end" : 538,
    "inCoref" : false
  }, {
    "id" : "s7-m1",
    "properties" : {
      "SIRE_MENTION_ROLE" : "Feature",
      "SIRE_ENTITY_SUBTYPE" : "NONE",
      "SIRE_MENTION_TYPE" : "NONE",
      "SIRE_MENTION_CLASS" : "SPC"
    },
    "type" : "Feature",
    "begin" : 607,
    "end" : 612,
    "inCoref" : false
  }, {
    "id" : "s7-m2",
    "properties" : {
      "SIRE_MENTION_ROLE" : "Descriptor",
      "SIRE_ENTITY_SUBTYPE" : "NONE",
      "SIRE_MENTION_TYPE" : "NONE",
      "SIRE_MENTION_CLASS" : "SPC"
    },
    "type" : "Descriptor",
    "begin" : 616,
    "end" : 624,
    "inCoref" : false
  }, {
    "id" : "s7-m3",
    "properties" : {
      "SIRE_MENTION_ROLE" : "Descriptor",
      "SIRE_ENTITY_SUBTYPE" : "NONE",
      "SIRE_MENTION_TYPE" : "NONE",
      "SIRE_MENTION_CLASS" : "SPC"
    },
    "type" : "Descriptor",
    "begin" : 688,
    "end" : 726,
    "inCoref" : false
  }, {
    "id" : "s8-m1",
    "properties" : {
      "SIRE_MENTION_ROLE" : "Descriptor",
      "SIRE_ENTITY_SUBTYPE" : "NONE",
      "SIRE_MENTION_TYPE" : "NONE",
      "SIRE_MENTION_CLASS" : "SPC"
    },
    "type" : "Descriptor",
    "begin" : 728,
    "end" : 739,
    "inCoref" : false
  }, {
    "id" : "s8-m2",
    "properties" : {
      "SIRE_MENTION_ROLE" : "Descriptor",
      "SIRE_ENTITY_SUBTYPE" : "NONE",
      "SIRE_MENTION_TYPE" : "NONE",
      "SIRE_MENTION_CLASS" : "SPC"
    },
    "type" : "Descriptor",
    "begin" : 744,
    "end" : 754,
    "inCoref" : false
  }, {
    "id" : "s9-m0",
    "properties" : {
      "SIRE_MENTION_CLASS" : "SPC",
      "SIRE_ENTITY_SUBTYPE" : "NONE",
      "SIRE_MENTION_TYPE" : "NONE",
      "SIRE_MENTION_ROLE" : "Consumer"
    },
    "type" : "Consumer",
    "begin" : 756,
    "end" : 757,
    "inCoref" : true
  }, {
    "id" : "s9-m3",
    "properties" : {
      "SIRE_MENTION_ROLE" : "Product",
      "SIRE_ENTITY_SUBTYPE" : "NONE",
      "SIRE_MENTION_TYPE" : "NONE",
      "SIRE_MENTION_CLASS" : "SPC"
    },
    "type" : "Product",
    "begin" : 773,
    "end" : 791,
    "inCoref" : true
  }, {
    "id" : "s9-m5",
    "properties" : {
      "SIRE_MENTION_ROLE" : "Descriptor",
      "SIRE_ENTITY_SUBTYPE" : "NONE",
      "SIRE_MENTION_TYPE" : "NONE",
      "SIRE_MENTION_CLASS" : "SPC"
    },
    "type" : "Descriptor",
    "begin" : 773,
    "end" : 780,
    "inCoref" : false
  }, {
    "id" : "s9-m1",
    "properties" : {
      "SIRE_MENTION_CLASS" : "SPC",
      "SIRE_ENTITY_SUBTYPE" : "NONE",
      "SIRE_MENTION_TYPE" : "NONE",
      "SIRE_MENTION_ROLE" : "Consumer"
    },
    "type" : "Consumer",
    "begin" : 803,
    "end" : 804,
    "inCoref" : true
  }, {
    "id" : "s9-m4",
    "properties" : {
      "SIRE_MENTION_ROLE" : "Product",
      "SIRE_ENTITY_SUBTYPE" : "NONE",
      "SIRE_MENTION_TYPE" : "NONE",
      "SIRE_MENTION_CLASS" : "SPC"
    },
    "type" : "Product",
    "begin" : 810,
    "end" : 812,
    "inCoref" : true
  }, {
    "id" : "s10-m1",
    "properties" : {
      "SIRE_MENTION_ROLE" : "Feature",
      "SIRE_ENTITY_SUBTYPE" : "NONE",
      "SIRE_MENTION_TYPE" : "NONE",
      "SIRE_MENTION_CLASS" : "NEG"
    },
    "type" : "Feature",
    "begin" : 840,
    "end" : 845,
    "inCoref" : false
  }, {
    "id" : "s10-m2",
    "properties" : {
      "SIRE_MENTION_ROLE" : "Feature",
      "SIRE_ENTITY_SUBTYPE" : "NONE",
      "SIRE_MENTION_TYPE" : "NONE",
      "SIRE_MENTION_CLASS" : "NEG"
    },
    "type" : "Feature",
    "begin" : 851,
    "end" : 858,
    "inCoref" : false
  }, {
    "id" : "s10-m4",
    "properties" : {
      "SIRE_MENTION_ROLE" : "Feature",
      "SIRE_ENTITY_SUBTYPE" : "NONE",
      "SIRE_MENTION_TYPE" : "NONE",
      "SIRE_MENTION_CLASS" : "SPC"
    },
    "type" : "Feature",
    "begin" : 860,
    "end" : 897,
    "inCoref" : false
  }, {
    "id" : "s10-m5",
    "properties" : {
      "SIRE_MENTION_ROLE" : "Feature",
      "SIRE_ENTITY_SUBTYPE" : "NONE",
      "SIRE_MENTION_TYPE" : "NONE",
      "SIRE_MENTION_CLASS" : "SPC"
    },
    "type" : "Feature",
    "begin" : 950,
    "end" : 957,
    "inCoref" : false
  }, {
    "id" : "s11-m2",
    "properties" : {
      "SIRE_MENTION_ROLE" : "Product",
      "SIRE_ENTITY_SUBTYPE" : "NONE",
      "SIRE_MENTION_TYPE" : "NONE",
      "SIRE_MENTION_CLASS" : "SPC"
    },
    "type" : "Product",
    "begin" : 973,
    "end" : 983,
    "inCoref" : false
  }, {
    "id" : "s11-m1",
    "properties" : {
      "SIRE_MENTION_ROLE" : "Company",
      "SIRE_ENTITY_SUBTYPE" : "NONE",
      "SIRE_MENTION_TYPE" : "NONE",
      "SIRE_MENTION_CLASS" : "SPC"
    },
    "type" : "Company",
    "begin" : 973,
    "end" : 975,
    "inCoref" : false
  }, {
    "id" : "s11-m3",
    "properties" : {
      "SIRE_MENTION_ROLE" : "Feature",
      "SIRE_ENTITY_SUBTYPE" : "NONE",
      "SIRE_MENTION_TYPE" : "NONE",
      "SIRE_MENTION_CLASS" : "SPC"
    },
    "type" : "Feature",
    "begin" : 997,
    "end" : 1011,
    "inCoref" : false
  }, {
    "id" : "s11-m4",
    "properties" : {
      "SIRE_MENTION_ROLE" : "Descriptor",
      "SIRE_ENTITY_SUBTYPE" : "NONE",
      "SIRE_MENTION_TYPE" : "NONE",
      "SIRE_MENTION_CLASS" : "SPC"
    },
    "type" : "Descriptor",
    "begin" : 1015,
    "end" : 1053,
    "inCoref" : false
  }, {
    "id" : "s11-m5",
    "properties" : {
      "SIRE_MENTION_ROLE" : "Product",
      "SIRE_ENTITY_SUBTYPE" : "NONE",
      "SIRE_MENTION_TYPE" : "NONE",
      "SIRE_MENTION_CLASS" : "SPC"
    },
    "type" : "Product",
    "begin" : 1067,
    "end" : 1069,
    "inCoref" : false
  }, {
    "id" : "s12-m0",
    "properties" : {
      "SIRE_MENTION_CLASS" : "SPC",
      "SIRE_ENTITY_SUBTYPE" : "NONE",
      "SIRE_MENTION_TYPE" : "NONE",
      "SIRE_MENTION_ROLE" : "Consumer"
    },
    "type" : "Consumer",
    "begin" : 1089,
    "end" : 1090,
    "inCoref" : true
  }, {
    "id" : "s12-m2",
    "properties" : {
      "SIRE_MENTION_ROLE" : "Product",
      "SIRE_ENTITY_SUBTYPE" : "NONE",
      "SIRE_MENTION_TYPE" : "NONE",
      "SIRE_MENTION_CLASS" : "SPC"
    },
    "type" : "Product",
    "begin" : 1112,
    "end" : 1122,
    "inCoref" : true
  }, {
    "id" : "s12-m3",
    "properties" : {
      "SIRE_MENTION_ROLE" : "Feature",
      "SIRE_ENTITY_SUBTYPE" : "NONE",
      "SIRE_MENTION_TYPE" : "NONE",
      "SIRE_MENTION_CLASS" : "SPC"
    },
    "type" : "Feature",
    "begin" : 1138,
    "end" : 1152,
    "inCoref" : false
  }, {
    "id" : "s12-m4",
    "properties" : {
      "SIRE_MENTION_ROLE" : "Descriptor",
      "SIRE_ENTITY_SUBTYPE" : "NONE",
      "SIRE_MENTION_TYPE" : "NONE",
      "SIRE_MENTION_CLASS" : "SPC"
    },
    "type" : "Descriptor",
    "begin" : 1157,
    "end" : 1176,
    "inCoref" : false
  }, {
    "id" : "s13-m0",
    "properties" : {
      "SIRE_MENTION_CLASS" : "SPC",
      "SIRE_ENTITY_SUBTYPE" : "NONE",
      "SIRE_MENTION_TYPE" : "NONE",
      "SIRE_MENTION_ROLE" : "Consumer"
    },
    "type" : "Consumer",
    "begin" : 1264,
    "end" : 1265,
    "inCoref" : true
  } ],
  "relations" : [ {
    "id" : "s0-r1",
    "properties" : { },
    "type" : "hasFeature",
    "args" : [ "s0-m3", "s0-m4" ]
  }, {
    "id" : "s1-r1",
    "properties" : { },
    "type" : "hasQuality",
    "args" : [ "s1-m1", "s1-m2" ]
  }, {
    "id" : "s1-r2",
    "properties" : { },
    "type" : "hasQuality",
    "args" : [ "s1-m1", "s1-m3" ]
  }, {
    "id" : "s3-r1",
    "properties" : { },
    "type" : "hasQuality",
    "args" : [ "s3-m1", "s3-m2" ]
  }, {
    "id" : "s3-r2",
    "properties" : { },
    "type" : "hasQuality",
    "args" : [ "s3-m3", "s3-m4" ]
  }, {
    "id" : "s5-r1",
    "properties" : { },
    "type" : "hasQuality",
    "args" : [ "s5-m1", "s5-m2" ]
  }, {
    "id" : "s5-r2",
    "properties" : { },
    "type" : "hasQuality",
    "args" : [ "s5-m1", "s5-m3" ]
  }, {
    "id" : "s7-r1",
    "properties" : { },
    "type" : "hasQuality",
    "args" : [ "s7-m1", "s7-m2" ]
  }, {
    "id" : "s7-r2",
    "properties" : { },
    "type" : "hasQuality",
    "args" : [ "s7-m1", "s7-m3" ]
  }, {
    "id" : "s9-r1",
    "properties" : { },
    "type" : "hasQuality",
    "args" : [ "s9-m3", "s9-m5" ]
  }, {
    "id" : "s11-r1",
    "properties" : { },
    "type" : "madeBy",
    "args" : [ "s11-m2", "s11-m1" ]
  }, {
    "id" : "s11-r2",
    "properties" : { },
    "type" : "hasQuality",
    "args" : [ "s11-m3", "s11-m4" ]
  }, {
    "id" : "s12-r1",
    "properties" : { },
    "type" : "hasFeature",
    "args" : [ "s12-m2", "s12-m3" ]
  }, {
    "id" : "s12-r2",
    "properties" : { },
    "type" : "hasQuality",
    "args" : [ "s12-m3", "s12-m4" ]
  } ],
  "corefs" : [ {
    "id" : "c1",
    "properties" : { },
    "mentions" : [ "s0-m0", "s0-m1", "s4-m0", "s9-m1", "s9-m0", "s12-m0", "s13-m0" ]
  }, {
    "id" : "c3",
    "properties" : { },
    "mentions" : [ "s9-m3", "s9-m4" ]
  }, {
    "id" : "c4",
    "properties" : { },
    "mentions" : [ "s12-m2", "s0-m3", "s0-m6" ]
  } ],
  "typeResolved" : true,
  "userResolved" : true
}