{
  "id" : "a4d67795-6a55-4af2-8249-ff84f7863130-18",
  "modifiedDate" : 1467753095296,
  "name" : "review93.txt",
  "version" : 2,
  "text" : "This is a classy piece made of high quality wool, for about $100 more than one would pay for a polyester tuxedo. On the other hand, it costs less than half what you'd pay for the same tuxedo 'on-sale' at a chain store, so it's a bargain no matter what you compare it with.\n\nI know from experience that Ralph Lauren jackets in 46 L fit my shoulders and chest, and I often don't need to alter the arm length. In this case the sleeves did require slight shortening, although I could have gotten by without that. Since this is a fairly conservative style that I should be able to wear for years (on the rare occasions I don formal wear) I had the waist of the jacket brought in to fit as well. Even if you include the cost of alterations for the jacket and pants (unless you're significantly overweight the waist of the pants will need to be taken in as well since a 46\" jacket come with 38\"-40\" waist pants), for a total expenditure of less than $400 this is a real bargain that looks much better, is far more comfortable, and will probably outlast a cheap polyester tuxedo.\n",
  "docLength" : 1072,
  "language" : "EN",
  "status" : "SUBMITTED",
  "documentSet" : [ ],
  "sentences" : [ {
    "id" : "s0",
    "begin" : 0,
    "end" : 112,
    "text" : "This is a classy piece made of high quality wool, for about $100 more than one would pay for a polyester tuxedo.",
    "tokens" : [ {
      "id" : "s0-t0",
      "begin" : 0,
      "end" : 4,
      "text" : "This",
      "tokenType" : "TitlecaseAlphabetic",
      "lemma" : "this",
      "partOfSpeech" : "DT",
      "whiteSpace" : false
    }, {
      "id" : "s0-t1",
      "begin" : 5,
      "end" : 7,
      "text" : "is",
      "tokenType" : "LowercaseAlphabetic",
      "lemma" : "be",
      "partOfSpeech" : "VBZ",
      "whiteSpace" : false
    }, {
      "id" : "s0-t2",
      "begin" : 8,
      "end" : 9,
      "text" : "a",
      "tokenType" : "LowercaseAlphabetic",
      "lemma" : "a",
      "partOfSpeech" : "DT",
      "whiteSpace" : false
    }, {
      "id" : "s0-t3",
      "begin" : 10,
      "end" : 16,
      "text" : "classy",
      "tokenType" : "LowercaseAlphabetic",
      "lemma" : "classy",
      "partOfSpeech" : "JJ",
      "whiteSpace" : false
    }, {
      "id" : "s0-t4",
      "begin" : 17,
      "end" : 22,
      "text" : "piece",
      "tokenType" : "LowercaseAlphabetic",
      "lemma" : "piece",
      "partOfSpeech" : "NN",
      "whiteSpace" : false
    }, {
      "id" : "s0-t5",
      "begin" : 23,
      "end" : 27,
      "text" : "made",
      "tokenType" : "LowercaseAlphabetic",
      "lemma" : "make",
      "partOfSpeech" : "VBN",
      "whiteSpace" : false
    }, {
      "id" : "s0-t6",
      "begin" : 28,
      "end" : 30,
      "text" : "of",
      "tokenType" : "LowercaseAlphabetic",
      "lemma" : "of",
      "partOfSpeech" : "IN",
      "whiteSpace" : false
    }, {
      "id" : "s0-t7",
      "begin" : 31,
      "end" : 35,
      "text" : "high",
      "tokenType" : "LowercaseAlphabetic",
      "lemma" : "high",
      "partOfSpeech" : "JJ",
      "whiteSpace" : false
    }, {
      "id" : "s0-t8",
      "begin" : 36,
      "end" : 43,
      "text" : "quality",
      "tokenType" : "LowercaseAlphabetic",
      "lemma" : "quality",
      "partOfSpeech" : "NN",
      "whiteSpace" : false
    }, {
      "id" : "s0-t9",
      "begin" : 44,
      "end" : 48,
      "text" : "wool",
      "tokenType" : "LowercaseAlphabetic",
      "lemma" : "wool",
      "partOfSpeech" : "NN",
      "whiteSpace" : false
    }, {
      "id" : "s0-t10",
      "begin" : 48,
      "end" : 49,
      "text" : ",",
      "tokenType" : "ClauseEndingPunctuation",
      "partOfSpeech" : ",",
      "whiteSpace" : false
    }, {
      "id" : "s0-t11",
      "begin" : 50,
      "end" : 53,
      "text" : "for",
      "tokenType" : "LowercaseAlphabetic",
      "lemma" : "for",
      "partOfSpeech" : "IN",
      "whiteSpace" : false
    }, {
      "id" : "s0-t12",
      "begin" : 54,
      "end" : 59,
      "text" : "about",
      "tokenType" : "LowercaseAlphabetic",
      "lemma" : "about",
      "partOfSpeech" : "RB",
      "whiteSpace" : false
    }, {
      "id" : "s0-t13",
      "begin" : 60,
      "end" : 61,
      "text" : "$",
      "tokenType" : "TokenAnnotation",
      "partOfSpeech" : "$",
      "whiteSpace" : false
    }, {
      "id" : "s0-t14",
      "begin" : 61,
      "end" : 64,
      "text" : "100",
      "tokenType" : "Numeric",
      "partOfSpeech" : "CD",
      "whiteSpace" : false
    }, {
      "id" : "s0-t15",
      "begin" : 65,
      "end" : 69,
      "text" : "more",
      "tokenType" : "LowercaseAlphabetic",
      "lemma" : "much",
      "partOfSpeech" : "JJR",
      "whiteSpace" : false
    }, {
      "id" : "s0-t16",
      "begin" : 70,
      "end" : 74,
      "text" : "than",
      "tokenType" : "LowercaseAlphabetic",
      "lemma" : "than",
      "partOfSpeech" : "IN",
      "whiteSpace" : false
    }, {
      "id" : "s0-t17",
      "begin" : 75,
      "end" : 78,
      "text" : "one",
      "tokenType" : "LowercaseAlphabetic",
      "lemma" : "one",
      "partOfSpeech" : "QT",
      "whiteSpace" : false
    }, {
      "id" : "s0-t18",
      "begin" : 79,
      "end" : 84,
      "text" : "would",
      "tokenType" : "LowercaseAlphabetic",
      "lemma" : "will",
      "partOfSpeech" : "MD",
      "whiteSpace" : false
    }, {
      "id" : "s0-t19",
      "begin" : 85,
      "end" : 88,
      "text" : "pay",
      "tokenType" : "LowercaseAlphabetic",
      "lemma" : "pay",
      "partOfSpeech" : "VB",
      "whiteSpace" : false
    }, {
      "id" : "s0-t20",
      "begin" : 89,
      "end" : 92,
      "text" : "for",
      "tokenType" : "LowercaseAlphabetic",
      "lemma" : "for",
      "partOfSpeech" : "IN",
      "whiteSpace" : false
    }, {
      "id" : "s0-t21",
      "begin" : 93,
      "end" : 94,
      "text" : "a",
      "tokenType" : "LowercaseAlphabetic",
      "lemma" : "a",
      "partOfSpeech" : "DT",
      "whiteSpace" : false
    }, {
      "id" : "s0-t22",
      "begin" : 95,
      "end" : 104,
      "text" : "polyester",
      "tokenType" : "LowercaseAlphabetic",
      "lemma" : "polyester",
      "partOfSpeech" : "NN",
      "whiteSpace" : false
    }, {
      "id" : "s0-t23",
      "begin" : 105,
      "end" : 111,
      "text" : "tuxedo",
      "tokenType" : "LowercaseAlphabetic",
      "lemma" : "tuxedo",
      "partOfSpeech" : "NN",
      "whiteSpace" : false
    }, {
      "id" : "s0-t24",
      "begin" : 111,
      "end" : 112,
      "text" : ".",
      "tokenType" : "ClauseEndingPunctuation",
      "partOfSpeech" : ".",
      "whiteSpace" : false
    } ]
  }, {
    "id" : "s1",
    "begin" : 113,
    "end" : 272,
    "text" : "On the other hand, it costs less than half what you'd pay for the same tuxedo 'on-sale' at a chain store, so it's a bargain no matter what you compare it with.",
    "tokens" : [ {
      "id" : "s1-t0",
      "begin" : 113,
      "end" : 115,
      "text" : "On",
      "tokenType" : "TitlecaseAlphabetic",
      "lemma" : "on",
      "partOfSpeech" : "IN",
      "whiteSpace" : false
    }, {
      "id" : "s1-t1",
      "begin" : 116,
      "end" : 119,
      "text" : "the",
      "tokenType" : "LowercaseAlphabetic",
      "lemma" : "the",
      "partOfSpeech" : "DT",
      "whiteSpace" : false
    }, {
      "id" : "s1-t2",
      "begin" : 120,
      "end" : 125,
      "text" : "other",
      "tokenType" : "LowercaseAlphabetic",
      "lemma" : "other",
      "partOfSpeech" : "JJ",
      "whiteSpace" : false
    }, {
      "id" : "s1-t3",
      "begin" : 126,
      "end" : 130,
      "text" : "hand",
      "tokenType" : "LowercaseAlphabetic",
      "lemma" : "hand",
      "partOfSpeech" : "NN",
      "whiteSpace" : false
    }, {
      "id" : "s1-t4",
      "begin" : 130,
      "end" : 131,
      "text" : ",",
      "tokenType" : "ClauseEndingPunctuation",
      "partOfSpeech" : ",",
      "whiteSpace" : false
    }, {
      "id" : "s1-t5",
      "begin" : 132,
      "end" : 134,
      "text" : "it",
      "tokenType" : "LowercaseAlphabetic",
      "lemma" : "it",
      "partOfSpeech" : "PRP",
      "whiteSpace" : false
    }, {
      "id" : "s1-t6",
      "begin" : 135,
      "end" : 140,
      "text" : "costs",
      "tokenType" : "LowercaseAlphabetic",
      "lemma" : "cost",
      "partOfSpeech" : "VBZ",
      "whiteSpace" : false
    }, {
      "id" : "s1-t7",
      "begin" : 141,
      "end" : 145,
      "text" : "less",
      "tokenType" : "LowercaseAlphabetic",
      "lemma" : "little",
      "partOfSpeech" : "JJR",
      "whiteSpace" : false
    }, {
      "id" : "s1-t8",
      "begin" : 146,
      "end" : 150,
      "text" : "than",
      "tokenType" : "LowercaseAlphabetic",
      "lemma" : "than",
      "partOfSpeech" : "IN",
      "whiteSpace" : false
    }, {
      "id" : "s1-t9",
      "begin" : 151,
      "end" : 155,
      "text" : "half",
      "tokenType" : "LowercaseAlphabetic",
      "lemma" : "half",
      "partOfSpeech" : "NN",
      "whiteSpace" : false
    }, {
      "id" : "s1-t10",
      "begin" : 156,
      "end" : 160,
      "text" : "what",
      "tokenType" : "LowercaseAlphabetic",
      "lemma" : "what",
      "partOfSpeech" : "WP",
      "whiteSpace" : false
    }, {
      "id" : "s1-t11",
      "begin" : 161,
      "end" : 164,
      "text" : "you",
      "tokenType" : "LowercaseAlphabetic",
      "lemma" : "you",
      "partOfSpeech" : "PRP",
      "whiteSpace" : false
    }, {
      "id" : "s1-t12",
      "begin" : 164,
      "end" : 166,
      "text" : "'d",
      "tokenType" : "TokenAnnotation",
      "lemma" : "have",
      "partOfSpeech" : "MD",
      "whiteSpace" : false
    }, {
      "id" : "s1-t13",
      "begin" : 167,
      "end" : 170,
      "text" : "pay",
      "tokenType" : "LowercaseAlphabetic",
      "lemma" : "pay",
      "partOfSpeech" : "VB",
      "whiteSpace" : false
    }, {
      "id" : "s1-t14",
      "begin" : 171,
      "end" : 174,
      "text" : "for",
      "tokenType" : "LowercaseAlphabetic",
      "lemma" : "for",
      "partOfSpeech" : "IN",
      "whiteSpace" : false
    }, {
      "id" : "s1-t15",
      "begin" : 175,
      "end" : 178,
      "text" : "the",
      "tokenType" : "LowercaseAlphabetic",
      "lemma" : "the",
      "partOfSpeech" : "DT",
      "whiteSpace" : false
    }, {
      "id" : "s1-t16",
      "begin" : 179,
      "end" : 183,
      "text" : "same",
      "tokenType" : "LowercaseAlphabetic",
      "lemma" : "same",
      "partOfSpeech" : "JJ",
      "whiteSpace" : false
    }, {
      "id" : "s1-t17",
      "begin" : 184,
      "end" : 190,
      "text" : "tuxedo",
      "tokenType" : "LowercaseAlphabetic",
      "lemma" : "tuxedo",
      "partOfSpeech" : "NN",
      "whiteSpace" : false
    }, {
      "id" : "s1-t18",
      "begin" : 191,
      "end" : 192,
      "text" : "'",
      "tokenType" : "Punctuation",
      "partOfSpeech" : "''",
      "whiteSpace" : false
    }, {
      "id" : "s1-t19",
      "begin" : 192,
      "end" : 194,
      "text" : "on",
      "tokenType" : "LowercaseAlphabetic",
      "lemma" : "on",
      "partOfSpeech" : "IN",
      "whiteSpace" : false
    }, {
      "id" : "s1-t20",
      "begin" : 194,
      "end" : 195,
      "text" : "-",
      "tokenType" : "Punctuation",
      "partOfSpeech" : ":",
      "whiteSpace" : false
    }, {
      "id" : "s1-t21",
      "begin" : 195,
      "end" : 199,
      "text" : "sale",
      "tokenType" : "LowercaseAlphabetic",
      "lemma" : "sale",
      "partOfSpeech" : "NN",
      "whiteSpace" : false
    }, {
      "id" : "s1-t22",
      "begin" : 199,
      "end" : 200,
      "text" : "'",
      "tokenType" : "Punctuation",
      "partOfSpeech" : "''",
      "whiteSpace" : false
    }, {
      "id" : "s1-t23",
      "begin" : 201,
      "end" : 203,
      "text" : "at",
      "tokenType" : "LowercaseAlphabetic",
      "lemma" : "at",
      "partOfSpeech" : "IN",
      "whiteSpace" : false
    }, {
      "id" : "s1-t24",
      "begin" : 204,
      "end" : 205,
      "text" : "a",
      "tokenType" : "LowercaseAlphabetic",
      "lemma" : "a",
      "partOfSpeech" : "DT",
      "whiteSpace" : false
    }, {
      "id" : "s1-t25",
      "begin" : 206,
      "end" : 211,
      "text" : "chain",
      "tokenType" : "LowercaseAlphabetic",
      "lemma" : "chain",
      "partOfSpeech" : "NN",
      "whiteSpace" : false
    }, {
      "id" : "s1-t26",
      "begin" : 212,
      "end" : 217,
      "text" : "store",
      "tokenType" : "LowercaseAlphabetic",
      "lemma" : "store",
      "partOfSpeech" : "NN",
      "whiteSpace" : false
    }, {
      "id" : "s1-t27",
      "begin" : 217,
      "end" : 218,
      "text" : ",",
      "tokenType" : "ClauseEndingPunctuation",
      "partOfSpeech" : ",",
      "whiteSpace" : false
    }, {
      "id" : "s1-t28",
      "begin" : 219,
      "end" : 221,
      "text" : "so",
      "tokenType" : "LowercaseAlphabetic",
      "lemma" : "so",
      "partOfSpeech" : "RB",
      "whiteSpace" : false
    }, {
      "id" : "s1-t29",
      "begin" : 222,
      "end" : 224,
      "text" : "it",
      "tokenType" : "LowercaseAlphabetic",
      "lemma" : "it",
      "partOfSpeech" : "PRP",
      "whiteSpace" : false
    }, {
      "id" : "s1-t30",
      "begin" : 224,
      "end" : 226,
      "text" : "'s",
      "tokenType" : "TokenAnnotation",
      "lemma" : "be",
      "partOfSpeech" : "VBZ",
      "whiteSpace" : false
    }, {
      "id" : "s1-t31",
      "begin" : 227,
      "end" : 228,
      "text" : "a",
      "tokenType" : "LowercaseAlphabetic",
      "lemma" : "a",
      "partOfSpeech" : "DT",
      "whiteSpace" : false
    }, {
      "id" : "s1-t32",
      "begin" : 229,
      "end" : 236,
      "text" : "bargain",
      "tokenType" : "LowercaseAlphabetic",
      "lemma" : "bargain",
      "partOfSpeech" : "NN",
      "whiteSpace" : false
    }, {
      "id" : "s1-t33",
      "begin" : 237,
      "end" : 239,
      "text" : "no",
      "tokenType" : "LowercaseAlphabetic",
      "lemma" : "no",
      "partOfSpeech" : "DT",
      "whiteSpace" : false
    }, {
      "id" : "s1-t34",
      "begin" : 240,
      "end" : 246,
      "text" : "matter",
      "tokenType" : "LowercaseAlphabetic",
      "lemma" : "matter",
      "partOfSpeech" : "NN",
      "whiteSpace" : false
    }, {
      "id" : "s1-t35",
      "begin" : 247,
      "end" : 251,
      "text" : "what",
      "tokenType" : "LowercaseAlphabetic",
      "lemma" : "what",
      "partOfSpeech" : "WP",
      "whiteSpace" : false
    }, {
      "id" : "s1-t36",
      "begin" : 252,
      "end" : 255,
      "text" : "you",
      "tokenType" : "LowercaseAlphabetic",
      "lemma" : "you",
      "partOfSpeech" : "PRP",
      "whiteSpace" : false
    }, {
      "id" : "s1-t37",
      "begin" : 256,
      "end" : 263,
      "text" : "compare",
      "tokenType" : "LowercaseAlphabetic",
      "lemma" : "compare",
      "partOfSpeech" : "VBP",
      "whiteSpace" : false
    }, {
      "id" : "s1-t38",
      "begin" : 264,
      "end" : 266,
      "text" : "it",
      "tokenType" : "LowercaseAlphabetic",
      "lemma" : "it",
      "partOfSpeech" : "PRP",
      "whiteSpace" : false
    }, {
      "id" : "s1-t39",
      "begin" : 267,
      "end" : 271,
      "text" : "with",
      "tokenType" : "LowercaseAlphabetic",
      "lemma" : "with",
      "partOfSpeech" : "IN",
      "whiteSpace" : false
    }, {
      "id" : "s1-t40",
      "begin" : 271,
      "end" : 272,
      "text" : ".",
      "tokenType" : "ClauseEndingPunctuation",
      "partOfSpeech" : ".",
      "whiteSpace" : false
    } ]
  }, {
    "id" : "s2",
    "begin" : 274,
    "end" : 406,
    "text" : "I know from experience that Ralph Lauren jackets in 46 L fit my shoulders and chest, and I often don't need to alter the arm length.",
    "tokens" : [ {
      "id" : "s2-t0",
      "begin" : 274,
      "end" : 275,
      "text" : "I",
      "tokenType" : "UppercaseAlphabetic",
      "lemma" : "I",
      "partOfSpeech" : "PRP",
      "whiteSpace" : false
    }, {
      "id" : "s2-t1",
      "begin" : 276,
      "end" : 280,
      "text" : "know",
      "tokenType" : "LowercaseAlphabetic",
      "lemma" : "know",
      "partOfSpeech" : "VBP",
      "whiteSpace" : false
    }, {
      "id" : "s2-t2",
      "begin" : 281,
      "end" : 285,
      "text" : "from",
      "tokenType" : "LowercaseAlphabetic",
      "lemma" : "from",
      "partOfSpeech" : "IN",
      "whiteSpace" : false
    }, {
      "id" : "s2-t3",
      "begin" : 286,
      "end" : 296,
      "text" : "experience",
      "tokenType" : "LowercaseAlphabetic",
      "lemma" : "experience",
      "partOfSpeech" : "NN",
      "whiteSpace" : false
    }, {
      "id" : "s2-t4",
      "begin" : 297,
      "end" : 301,
      "text" : "that",
      "tokenType" : "LowercaseAlphabetic",
      "lemma" : "that",
      "partOfSpeech" : "IN",
      "whiteSpace" : false
    }, {
      "id" : "s2-t5",
      "begin" : 302,
      "end" : 307,
      "text" : "Ralph",
      "tokenType" : "TitlecaseAlphabetic",
      "lemma" : "ralph",
      "partOfSpeech" : "NNP",
      "whiteSpace" : false
    }, {
      "id" : "s2-t6",
      "begin" : 308,
      "end" : 314,
      "text" : "Lauren",
      "tokenType" : "TitlecaseAlphabetic",
      "lemma" : "lauren",
      "partOfSpeech" : "NNP",
      "whiteSpace" : false
    }, {
      "id" : "s2-t7",
      "begin" : 315,
      "end" : 322,
      "text" : "jackets",
      "tokenType" : "LowercaseAlphabetic",
      "lemma" : "jacket",
      "partOfSpeech" : "NNS",
      "whiteSpace" : false
    }, {
      "id" : "s2-t8",
      "begin" : 323,
      "end" : 325,
      "text" : "in",
      "tokenType" : "LowercaseAlphabetic",
      "lemma" : "in",
      "partOfSpeech" : "IN",
      "whiteSpace" : false
    }, {
      "id" : "s2-t9",
      "begin" : 326,
      "end" : 328,
      "text" : "46",
      "tokenType" : "Numeric",
      "partOfSpeech" : "CD",
      "whiteSpace" : false
    }, {
      "id" : "s2-t10",
      "begin" : 329,
      "end" : 330,
      "text" : "L",
      "tokenType" : "UppercaseAlphabetic",
      "partOfSpeech" : "NNP",
      "whiteSpace" : false
    }, {
      "id" : "s2-t11",
      "begin" : 331,
      "end" : 334,
      "text" : "fit",
      "tokenType" : "LowercaseAlphabetic",
      "lemma" : "fit",
      "partOfSpeech" : "VBD",
      "whiteSpace" : false
    }, {
      "id" : "s2-t12",
      "begin" : 335,
      "end" : 337,
      "text" : "my",
      "tokenType" : "LowercaseAlphabetic",
      "lemma" : "my",
      "partOfSpeech" : "PRP$",
      "whiteSpace" : false
    }, {
      "id" : "s2-t13",
      "begin" : 338,
      "end" : 347,
      "text" : "shoulders",
      "tokenType" : "LowercaseAlphabetic",
      "lemma" : "shoulder",
      "partOfSpeech" : "NNS",
      "whiteSpace" : false
    }, {
      "id" : "s2-t14",
      "begin" : 348,
      "end" : 351,
      "text" : "and",
      "tokenType" : "LowercaseAlphabetic",
      "lemma" : "and",
      "partOfSpeech" : "CC",
      "whiteSpace" : false
    }, {
      "id" : "s2-t15",
      "begin" : 352,
      "end" : 357,
      "text" : "chest",
      "tokenType" : "LowercaseAlphabetic",
      "lemma" : "chest",
      "partOfSpeech" : "NN",
      "whiteSpace" : false
    }, {
      "id" : "s2-t16",
      "begin" : 357,
      "end" : 358,
      "text" : ",",
      "tokenType" : "ClauseEndingPunctuation",
      "partOfSpeech" : ",",
      "whiteSpace" : false
    }, {
      "id" : "s2-t17",
      "begin" : 359,
      "end" : 362,
      "text" : "and",
      "tokenType" : "LowercaseAlphabetic",
      "lemma" : "and",
      "partOfSpeech" : "CC",
      "whiteSpace" : false
    }, {
      "id" : "s2-t18",
      "begin" : 363,
      "end" : 364,
      "text" : "I",
      "tokenType" : "UppercaseAlphabetic",
      "lemma" : "I",
      "partOfSpeech" : "PRP",
      "whiteSpace" : false
    }, {
      "id" : "s2-t19",
      "begin" : 365,
      "end" : 370,
      "text" : "often",
      "tokenType" : "LowercaseAlphabetic",
      "lemma" : "often",
      "partOfSpeech" : "RB",
      "whiteSpace" : false
    }, {
      "id" : "s2-t20",
      "begin" : 371,
      "end" : 373,
      "text" : "do",
      "tokenType" : "LowercaseAlphabetic",
      "lemma" : "do",
      "partOfSpeech" : "VBP",
      "whiteSpace" : false
    }, {
      "id" : "s2-t21",
      "begin" : 373,
      "end" : 376,
      "text" : "n't",
      "tokenType" : "TokenAnnotation",
      "lemma" : "not",
      "partOfSpeech" : "RB",
      "whiteSpace" : false
    }, {
      "id" : "s2-t22",
      "begin" : 377,
      "end" : 381,
      "text" : "need",
      "tokenType" : "LowercaseAlphabetic",
      "lemma" : "need",
      "partOfSpeech" : "VB",
      "whiteSpace" : false
    }, {
      "id" : "s2-t23",
      "begin" : 382,
      "end" : 384,
      "text" : "to",
      "tokenType" : "LowercaseAlphabetic",
      "lemma" : "to",
      "partOfSpeech" : "TO",
      "whiteSpace" : false
    }, {
      "id" : "s2-t24",
      "begin" : 385,
      "end" : 390,
      "text" : "alter",
      "tokenType" : "LowercaseAlphabetic",
      "lemma" : "alter",
      "partOfSpeech" : "VB",
      "whiteSpace" : false
    }, {
      "id" : "s2-t25",
      "begin" : 391,
      "end" : 394,
      "text" : "the",
      "tokenType" : "LowercaseAlphabetic",
      "lemma" : "the",
      "partOfSpeech" : "DT",
      "whiteSpace" : false
    }, {
      "id" : "s2-t26",
      "begin" : 395,
      "end" : 398,
      "text" : "arm",
      "tokenType" : "LowercaseAlphabetic",
      "lemma" : "arm",
      "partOfSpeech" : "NN",
      "whiteSpace" : false
    }, {
      "id" : "s2-t27",
      "begin" : 399,
      "end" : 405,
      "text" : "length",
      "tokenType" : "LowercaseAlphabetic",
      "lemma" : "length",
      "partOfSpeech" : "NN",
      "whiteSpace" : false
    }, {
      "id" : "s2-t28",
      "begin" : 405,
      "end" : 406,
      "text" : ".",
      "tokenType" : "ClauseEndingPunctuation",
      "partOfSpeech" : ".",
      "whiteSpace" : false
    } ]
  }, {
    "id" : "s3",
    "begin" : 407,
    "end" : 508,
    "text" : "In this case the sleeves did require slight shortening, although I could have gotten by without that.",
    "tokens" : [ {
      "id" : "s3-t0",
      "begin" : 407,
      "end" : 409,
      "text" : "In",
      "tokenType" : "TitlecaseAlphabetic",
      "lemma" : "in",
      "partOfSpeech" : "IN",
      "whiteSpace" : false
    }, {
      "id" : "s3-t1",
      "begin" : 410,
      "end" : 414,
      "text" : "this",
      "tokenType" : "LowercaseAlphabetic",
      "lemma" : "this",
      "partOfSpeech" : "DT",
      "whiteSpace" : false
    }, {
      "id" : "s3-t2",
      "begin" : 415,
      "end" : 419,
      "text" : "case",
      "tokenType" : "LowercaseAlphabetic",
      "lemma" : "case",
      "partOfSpeech" : "NN",
      "whiteSpace" : false
    }, {
      "id" : "s3-t3",
      "begin" : 420,
      "end" : 423,
      "text" : "the",
      "tokenType" : "LowercaseAlphabetic",
      "lemma" : "the",
      "partOfSpeech" : "DT",
      "whiteSpace" : false
    }, {
      "id" : "s3-t4",
      "begin" : 424,
      "end" : 431,
      "text" : "sleeves",
      "tokenType" : "LowercaseAlphabetic",
      "lemma" : "sleeve",
      "partOfSpeech" : "NNS",
      "whiteSpace" : false
    }, {
      "id" : "s3-t5",
      "begin" : 432,
      "end" : 435,
      "text" : "did",
      "tokenType" : "LowercaseAlphabetic",
      "lemma" : "do",
      "partOfSpeech" : "VBD",
      "whiteSpace" : false
    }, {
      "id" : "s3-t6",
      "begin" : 436,
      "end" : 443,
      "text" : "require",
      "tokenType" : "LowercaseAlphabetic",
      "lemma" : "require",
      "partOfSpeech" : "VBP",
      "whiteSpace" : false
    }, {
      "id" : "s3-t7",
      "begin" : 444,
      "end" : 450,
      "text" : "slight",
      "tokenType" : "LowercaseAlphabetic",
      "lemma" : "slight",
      "partOfSpeech" : "JJ",
      "whiteSpace" : false
    }, {
      "id" : "s3-t8",
      "begin" : 451,
      "end" : 461,
      "text" : "shortening",
      "tokenType" : "LowercaseAlphabetic",
      "lemma" : "shortening",
      "partOfSpeech" : "NN",
      "whiteSpace" : false
    }, {
      "id" : "s3-t9",
      "begin" : 461,
      "end" : 462,
      "text" : ",",
      "tokenType" : "ClauseEndingPunctuation",
      "partOfSpeech" : ",",
      "whiteSpace" : false
    }, {
      "id" : "s3-t10",
      "begin" : 463,
      "end" : 471,
      "text" : "although",
      "tokenType" : "LowercaseAlphabetic",
      "lemma" : "although",
      "partOfSpeech" : "CC",
      "whiteSpace" : false
    }, {
      "id" : "s3-t11",
      "begin" : 472,
      "end" : 473,
      "text" : "I",
      "tokenType" : "UppercaseAlphabetic",
      "lemma" : "I",
      "partOfSpeech" : "PRP",
      "whiteSpace" : false
    }, {
      "id" : "s3-t12",
      "begin" : 474,
      "end" : 479,
      "text" : "could",
      "tokenType" : "LowercaseAlphabetic",
      "lemma" : "can",
      "partOfSpeech" : "MD",
      "whiteSpace" : false
    }, {
      "id" : "s3-t13",
      "begin" : 480,
      "end" : 484,
      "text" : "have",
      "tokenType" : "LowercaseAlphabetic",
      "lemma" : "have",
      "partOfSpeech" : "VB",
      "whiteSpace" : false
    }, {
      "id" : "s3-t14",
      "begin" : 485,
      "end" : 491,
      "text" : "gotten",
      "tokenType" : "LowercaseAlphabetic",
      "lemma" : "get",
      "partOfSpeech" : "VBN",
      "whiteSpace" : false
    }, {
      "id" : "s3-t15",
      "begin" : 492,
      "end" : 494,
      "text" : "by",
      "tokenType" : "LowercaseAlphabetic",
      "lemma" : "by",
      "partOfSpeech" : "IN",
      "whiteSpace" : false
    }, {
      "id" : "s3-t16",
      "begin" : 495,
      "end" : 502,
      "text" : "without",
      "tokenType" : "LowercaseAlphabetic",
      "lemma" : "without",
      "partOfSpeech" : "IN",
      "whiteSpace" : false
    }, {
      "id" : "s3-t17",
      "begin" : 503,
      "end" : 507,
      "text" : "that",
      "tokenType" : "LowercaseAlphabetic",
      "lemma" : "that",
      "partOfSpeech" : "DT",
      "whiteSpace" : false
    }, {
      "id" : "s3-t18",
      "begin" : 507,
      "end" : 508,
      "text" : ".",
      "tokenType" : "ClauseEndingPunctuation",
      "partOfSpeech" : ".",
      "whiteSpace" : false
    } ]
  }, {
    "id" : "s4",
    "begin" : 509,
    "end" : 689,
    "text" : "Since this is a fairly conservative style that I should be able to wear for years (on the rare occasions I don formal wear) I had the waist of the jacket brought in to fit as well.",
    "tokens" : [ {
      "id" : "s4-t0",
      "begin" : 509,
      "end" : 514,
      "text" : "Since",
      "tokenType" : "TitlecaseAlphabetic",
      "lemma" : "since",
      "partOfSpeech" : "IN",
      "whiteSpace" : false
    }, {
      "id" : "s4-t1",
      "begin" : 515,
      "end" : 519,
      "text" : "this",
      "tokenType" : "LowercaseAlphabetic",
      "lemma" : "this",
      "partOfSpeech" : "DT",
      "whiteSpace" : false
    }, {
      "id" : "s4-t2",
      "begin" : 520,
      "end" : 522,
      "text" : "is",
      "tokenType" : "LowercaseAlphabetic",
      "lemma" : "be",
      "partOfSpeech" : "VBZ",
      "whiteSpace" : false
    }, {
      "id" : "s4-t3",
      "begin" : 523,
      "end" : 524,
      "text" : "a",
      "tokenType" : "LowercaseAlphabetic",
      "lemma" : "a",
      "partOfSpeech" : "DT",
      "whiteSpace" : false
    }, {
      "id" : "s4-t4",
      "begin" : 525,
      "end" : 531,
      "text" : "fairly",
      "tokenType" : "LowercaseAlphabetic",
      "lemma" : "fairly",
      "partOfSpeech" : "RB",
      "whiteSpace" : false
    }, {
      "id" : "s4-t5",
      "begin" : 532,
      "end" : 544,
      "text" : "conservative",
      "tokenType" : "LowercaseAlphabetic",
      "lemma" : "conservative",
      "partOfSpeech" : "JJ",
      "whiteSpace" : false
    }, {
      "id" : "s4-t6",
      "begin" : 545,
      "end" : 550,
      "text" : "style",
      "tokenType" : "LowercaseAlphabetic",
      "lemma" : "style",
      "partOfSpeech" : "NN",
      "whiteSpace" : false
    }, {
      "id" : "s4-t7",
      "begin" : 551,
      "end" : 555,
      "text" : "that",
      "tokenType" : "LowercaseAlphabetic",
      "lemma" : "that",
      "partOfSpeech" : "IN",
      "whiteSpace" : false
    }, {
      "id" : "s4-t8",
      "begin" : 556,
      "end" : 557,
      "text" : "I",
      "tokenType" : "UppercaseAlphabetic",
      "lemma" : "I",
      "partOfSpeech" : "PRP",
      "whiteSpace" : false
    }, {
      "id" : "s4-t9",
      "begin" : 558,
      "end" : 564,
      "text" : "should",
      "tokenType" : "LowercaseAlphabetic",
      "lemma" : "shall",
      "partOfSpeech" : "MD",
      "whiteSpace" : false
    }, {
      "id" : "s4-t10",
      "begin" : 565,
      "end" : 567,
      "text" : "be",
      "tokenType" : "LowercaseAlphabetic",
      "lemma" : "be",
      "partOfSpeech" : "VB",
      "whiteSpace" : false
    }, {
      "id" : "s4-t11",
      "begin" : 568,
      "end" : 572,
      "text" : "able",
      "tokenType" : "LowercaseAlphabetic",
      "lemma" : "able",
      "partOfSpeech" : "JJ",
      "whiteSpace" : false
    }, {
      "id" : "s4-t12",
      "begin" : 573,
      "end" : 575,
      "text" : "to",
      "tokenType" : "LowercaseAlphabetic",
      "lemma" : "to",
      "partOfSpeech" : "TO",
      "whiteSpace" : false
    }, {
      "id" : "s4-t13",
      "begin" : 576,
      "end" : 580,
      "text" : "wear",
      "tokenType" : "LowercaseAlphabetic",
      "lemma" : "wear",
      "partOfSpeech" : "VB",
      "whiteSpace" : false
    }, {
      "id" : "s4-t14",
      "begin" : 581,
      "end" : 584,
      "text" : "for",
      "tokenType" : "LowercaseAlphabetic",
      "lemma" : "for",
      "partOfSpeech" : "IN",
      "whiteSpace" : false
    }, {
      "id" : "s4-t15",
      "begin" : 585,
      "end" : 590,
      "text" : "years",
      "tokenType" : "LowercaseAlphabetic",
      "lemma" : "year",
      "partOfSpeech" : "NNS",
      "whiteSpace" : false
    }, {
      "id" : "s4-t16",
      "begin" : 591,
      "end" : 592,
      "text" : "(",
      "tokenType" : "Punctuation",
      "partOfSpeech" : "(",
      "whiteSpace" : false
    }, {
      "id" : "s4-t17",
      "begin" : 592,
      "end" : 594,
      "text" : "on",
      "tokenType" : "LowercaseAlphabetic",
      "lemma" : "on",
      "partOfSpeech" : "IN",
      "whiteSpace" : false
    }, {
      "id" : "s4-t18",
      "begin" : 595,
      "end" : 598,
      "text" : "the",
      "tokenType" : "LowercaseAlphabetic",
      "lemma" : "the",
      "partOfSpeech" : "DT",
      "whiteSpace" : false
    }, {
      "id" : "s4-t19",
      "begin" : 599,
      "end" : 603,
      "text" : "rare",
      "tokenType" : "LowercaseAlphabetic",
      "lemma" : "rare",
      "partOfSpeech" : "JJ",
      "whiteSpace" : false
    }, {
      "id" : "s4-t20",
      "begin" : 604,
      "end" : 613,
      "text" : "occasions",
      "tokenType" : "LowercaseAlphabetic",
      "lemma" : "occasion",
      "partOfSpeech" : "NNS",
      "whiteSpace" : false
    }, {
      "id" : "s4-t21",
      "begin" : 614,
      "end" : 615,
      "text" : "I",
      "tokenType" : "UppercaseAlphabetic",
      "lemma" : "I",
      "partOfSpeech" : "PRP",
      "whiteSpace" : false
    }, {
      "id" : "s4-t22",
      "begin" : 616,
      "end" : 619,
      "text" : "don",
      "tokenType" : "LowercaseAlphabetic",
      "lemma" : "don",
      "partOfSpeech" : "VBP",
      "whiteSpace" : false
    }, {
      "id" : "s4-t23",
      "begin" : 620,
      "end" : 626,
      "text" : "formal",
      "tokenType" : "LowercaseAlphabetic",
      "lemma" : "formal",
      "partOfSpeech" : "JJ",
      "whiteSpace" : false
    }, {
      "id" : "s4-t24",
      "begin" : 627,
      "end" : 631,
      "text" : "wear",
      "tokenType" : "LowercaseAlphabetic",
      "lemma" : "wear",
      "partOfSpeech" : "NN",
      "whiteSpace" : false
    }, {
      "id" : "s4-t25",
      "begin" : 631,
      "end" : 632,
      "text" : ")",
      "tokenType" : "Punctuation",
      "partOfSpeech" : ")",
      "whiteSpace" : false
    }, {
      "id" : "s4-t26",
      "begin" : 633,
      "end" : 634,
      "text" : "I",
      "tokenType" : "UppercaseAlphabetic",
      "lemma" : "I",
      "partOfSpeech" : "PRP",
      "whiteSpace" : false
    }, {
      "id" : "s4-t27",
      "begin" : 635,
      "end" : 638,
      "text" : "had",
      "tokenType" : "LowercaseAlphabetic",
      "lemma" : "have",
      "partOfSpeech" : "VBD",
      "whiteSpace" : false
    }, {
      "id" : "s4-t28",
      "begin" : 639,
      "end" : 642,
      "text" : "the",
      "tokenType" : "LowercaseAlphabetic",
      "lemma" : "the",
      "partOfSpeech" : "DT",
      "whiteSpace" : false
    }, {
      "id" : "s4-t29",
      "begin" : 643,
      "end" : 648,
      "text" : "waist",
      "tokenType" : "LowercaseAlphabetic",
      "lemma" : "waist",
      "partOfSpeech" : "NN",
      "whiteSpace" : false
    }, {
      "id" : "s4-t30",
      "begin" : 649,
      "end" : 651,
      "text" : "of",
      "tokenType" : "LowercaseAlphabetic",
      "lemma" : "of",
      "partOfSpeech" : "IN",
      "whiteSpace" : false
    }, {
      "id" : "s4-t31",
      "begin" : 652,
      "end" : 655,
      "text" : "the",
      "tokenType" : "LowercaseAlphabetic",
      "lemma" : "the",
      "partOfSpeech" : "DT",
      "whiteSpace" : false
    }, {
      "id" : "s4-t32",
      "begin" : 656,
      "end" : 662,
      "text" : "jacket",
      "tokenType" : "LowercaseAlphabetic",
      "lemma" : "jacket",
      "partOfSpeech" : "NN",
      "whiteSpace" : false
    }, {
      "id" : "s4-t33",
      "begin" : 663,
      "end" : 670,
      "text" : "brought",
      "tokenType" : "LowercaseAlphabetic",
      "lemma" : "bring",
      "partOfSpeech" : "VBN",
      "whiteSpace" : false
    }, {
      "id" : "s4-t34",
      "begin" : 671,
      "end" : 673,
      "text" : "in",
      "tokenType" : "LowercaseAlphabetic",
      "lemma" : "in",
      "partOfSpeech" : "IN",
      "whiteSpace" : false
    }, {
      "id" : "s4-t35",
      "begin" : 674,
      "end" : 676,
      "text" : "to",
      "tokenType" : "LowercaseAlphabetic",
      "lemma" : "to",
      "partOfSpeech" : "TO",
      "whiteSpace" : false
    }, {
      "id" : "s4-t36",
      "begin" : 677,
      "end" : 680,
      "text" : "fit",
      "tokenType" : "LowercaseAlphabetic",
      "lemma" : "fit",
      "partOfSpeech" : "VB",
      "whiteSpace" : false
    }, {
      "id" : "s4-t37",
      "begin" : 681,
      "end" : 683,
      "text" : "as",
      "tokenType" : "LowercaseAlphabetic",
      "lemma" : "as",
      "partOfSpeech" : "RB",
      "whiteSpace" : false
    }, {
      "id" : "s4-t38",
      "begin" : 684,
      "end" : 688,
      "text" : "well",
      "tokenType" : "LowercaseAlphabetic",
      "lemma" : "well",
      "partOfSpeech" : "RB",
      "whiteSpace" : false
    }, {
      "id" : "s4-t39",
      "begin" : 688,
      "end" : 689,
      "text" : ".",
      "tokenType" : "ClauseEndingPunctuation",
      "partOfSpeech" : ".",
      "whiteSpace" : false
    } ]
  }, {
    "id" : "s5",
    "begin" : 690,
    "end" : 1071,
    "text" : "Even if you include the cost of alterations for the jacket and pants (unless you're significantly overweight the waist of the pants will need to be taken in as well since a 46\" jacket come with 38\"-40\" waist pants), for a total expenditure of less than $400 this is a real bargain that looks much better, is far more comfortable, and will probably outlast a cheap polyester tuxedo.",
    "tokens" : [ {
      "id" : "s5-t0",
      "begin" : 690,
      "end" : 694,
      "text" : "Even",
      "tokenType" : "TitlecaseAlphabetic",
      "lemma" : "even",
      "partOfSpeech" : "RB",
      "whiteSpace" : false
    }, {
      "id" : "s5-t1",
      "begin" : 695,
      "end" : 697,
      "text" : "if",
      "tokenType" : "LowercaseAlphabetic",
      "lemma" : "if",
      "partOfSpeech" : "IN",
      "whiteSpace" : false
    }, {
      "id" : "s5-t2",
      "begin" : 698,
      "end" : 701,
      "text" : "you",
      "tokenType" : "LowercaseAlphabetic",
      "lemma" : "you",
      "partOfSpeech" : "PRP",
      "whiteSpace" : false
    }, {
      "id" : "s5-t3",
      "begin" : 702,
      "end" : 709,
      "text" : "include",
      "tokenType" : "LowercaseAlphabetic",
      "lemma" : "include",
      "partOfSpeech" : "VBP",
      "whiteSpace" : false
    }, {
      "id" : "s5-t4",
      "begin" : 710,
      "end" : 713,
      "text" : "the",
      "tokenType" : "LowercaseAlphabetic",
      "lemma" : "the",
      "partOfSpeech" : "DT",
      "whiteSpace" : false
    }, {
      "id" : "s5-t5",
      "begin" : 714,
      "end" : 718,
      "text" : "cost",
      "tokenType" : "LowercaseAlphabetic",
      "lemma" : "cost",
      "partOfSpeech" : "NN",
      "whiteSpace" : false
    }, {
      "id" : "s5-t6",
      "begin" : 719,
      "end" : 721,
      "text" : "of",
      "tokenType" : "LowercaseAlphabetic",
      "lemma" : "of",
      "partOfSpeech" : "IN",
      "whiteSpace" : false
    }, {
      "id" : "s5-t7",
      "begin" : 722,
      "end" : 733,
      "text" : "alterations",
      "tokenType" : "LowercaseAlphabetic",
      "lemma" : "alteration",
      "partOfSpeech" : "NNS",
      "whiteSpace" : false
    }, {
      "id" : "s5-t8",
      "begin" : 734,
      "end" : 737,
      "text" : "for",
      "tokenType" : "LowercaseAlphabetic",
      "lemma" : "for",
      "partOfSpeech" : "IN",
      "whiteSpace" : false
    }, {
      "id" : "s5-t9",
      "begin" : 738,
      "end" : 741,
      "text" : "the",
      "tokenType" : "LowercaseAlphabetic",
      "lemma" : "the",
      "partOfSpeech" : "DT",
      "whiteSpace" : false
    }, {
      "id" : "s5-t10",
      "begin" : 742,
      "end" : 748,
      "text" : "jacket",
      "tokenType" : "LowercaseAlphabetic",
      "lemma" : "jacket",
      "partOfSpeech" : "NN",
      "whiteSpace" : false
    }, {
      "id" : "s5-t11",
      "begin" : 749,
      "end" : 752,
      "text" : "and",
      "tokenType" : "LowercaseAlphabetic",
      "lemma" : "and",
      "partOfSpeech" : "CC",
      "whiteSpace" : false
    }, {
      "id" : "s5-t12",
      "begin" : 753,
      "end" : 758,
      "text" : "pants",
      "tokenType" : "LowercaseAlphabetic",
      "lemma" : "pant",
      "partOfSpeech" : "NNS",
      "whiteSpace" : false
    }, {
      "id" : "s5-t13",
      "begin" : 759,
      "end" : 760,
      "text" : "(",
      "tokenType" : "Punctuation",
      "partOfSpeech" : "(",
      "whiteSpace" : false
    }, {
      "id" : "s5-t14",
      "begin" : 760,
      "end" : 766,
      "text" : "unless",
      "tokenType" : "LowercaseAlphabetic",
      "lemma" : "unless",
      "partOfSpeech" : "IN",
      "whiteSpace" : false
    }, {
      "id" : "s5-t15",
      "begin" : 767,
      "end" : 770,
      "text" : "you",
      "tokenType" : "LowercaseAlphabetic",
      "lemma" : "you",
      "partOfSpeech" : "PRP",
      "whiteSpace" : false
    }, {
      "id" : "s5-t16",
      "begin" : 770,
      "end" : 773,
      "text" : "'re",
      "tokenType" : "TokenAnnotation",
      "lemma" : "be",
      "partOfSpeech" : "VBP",
      "whiteSpace" : false
    }, {
      "id" : "s5-t17",
      "begin" : 774,
      "end" : 787,
      "text" : "significantly",
      "tokenType" : "LowercaseAlphabetic",
      "lemma" : "significantly",
      "partOfSpeech" : "RB",
      "whiteSpace" : false
    }, {
      "id" : "s5-t18",
      "begin" : 788,
      "end" : 798,
      "text" : "overweight",
      "tokenType" : "LowercaseAlphabetic",
      "lemma" : "overweight",
      "partOfSpeech" : "VB",
      "whiteSpace" : false
    }, {
      "id" : "s5-t19",
      "begin" : 799,
      "end" : 802,
      "text" : "the",
      "tokenType" : "LowercaseAlphabetic",
      "lemma" : "the",
      "partOfSpeech" : "DT",
      "whiteSpace" : false
    }, {
      "id" : "s5-t20",
      "begin" : 803,
      "end" : 808,
      "text" : "waist",
      "tokenType" : "LowercaseAlphabetic",
      "lemma" : "waist",
      "partOfSpeech" : "NN",
      "whiteSpace" : false
    }, {
      "id" : "s5-t21",
      "begin" : 809,
      "end" : 811,
      "text" : "of",
      "tokenType" : "LowercaseAlphabetic",
      "lemma" : "of",
      "partOfSpeech" : "IN",
      "whiteSpace" : false
    }, {
      "id" : "s5-t22",
      "begin" : 812,
      "end" : 815,
      "text" : "the",
      "tokenType" : "LowercaseAlphabetic",
      "lemma" : "the",
      "partOfSpeech" : "DT",
      "whiteSpace" : false
    }, {
      "id" : "s5-t23",
      "begin" : 816,
      "end" : 821,
      "text" : "pants",
      "tokenType" : "LowercaseAlphabetic",
      "lemma" : "pant",
      "partOfSpeech" : "NNS",
      "whiteSpace" : false
    }, {
      "id" : "s5-t24",
      "begin" : 822,
      "end" : 826,
      "text" : "will",
      "tokenType" : "LowercaseAlphabetic",
      "lemma" : "will",
      "partOfSpeech" : "MD",
      "whiteSpace" : false
    }, {
      "id" : "s5-t25",
      "begin" : 827,
      "end" : 831,
      "text" : "need",
      "tokenType" : "LowercaseAlphabetic",
      "lemma" : "need",
      "partOfSpeech" : "VB",
      "whiteSpace" : false
    }, {
      "id" : "s5-t26",
      "begin" : 832,
      "end" : 834,
      "text" : "to",
      "tokenType" : "LowercaseAlphabetic",
      "lemma" : "to",
      "partOfSpeech" : "TO",
      "whiteSpace" : false
    }, {
      "id" : "s5-t27",
      "begin" : 835,
      "end" : 837,
      "text" : "be",
      "tokenType" : "LowercaseAlphabetic",
      "lemma" : "be",
      "partOfSpeech" : "VB",
      "whiteSpace" : false
    }, {
      "id" : "s5-t28",
      "begin" : 838,
      "end" : 843,
      "text" : "taken",
      "tokenType" : "LowercaseAlphabetic",
      "lemma" : "take",
      "partOfSpeech" : "VBN",
      "whiteSpace" : false
    }, {
      "id" : "s5-t29",
      "begin" : 844,
      "end" : 846,
      "text" : "in",
      "tokenType" : "LowercaseAlphabetic",
      "lemma" : "in",
      "partOfSpeech" : "IN",
      "whiteSpace" : false
    }, {
      "id" : "s5-t30",
      "begin" : 847,
      "end" : 849,
      "text" : "as",
      "tokenType" : "LowercaseAlphabetic",
      "lemma" : "as",
      "partOfSpeech" : "RB",
      "whiteSpace" : false
    }, {
      "id" : "s5-t31",
      "begin" : 850,
      "end" : 854,
      "text" : "well",
      "tokenType" : "LowercaseAlphabetic",
      "lemma" : "well",
      "partOfSpeech" : "RB",
      "whiteSpace" : false
    }, {
      "id" : "s5-t32",
      "begin" : 855,
      "end" : 860,
      "text" : "since",
      "tokenType" : "LowercaseAlphabetic",
      "lemma" : "since",
      "partOfSpeech" : "IN",
      "whiteSpace" : false
    }, {
      "id" : "s5-t33",
      "begin" : 861,
      "end" : 862,
      "text" : "a",
      "tokenType" : "LowercaseAlphabetic",
      "lemma" : "a",
      "partOfSpeech" : "DT",
      "whiteSpace" : false
    }, {
      "id" : "s5-t34",
      "begin" : 863,
      "end" : 865,
      "text" : "46",
      "tokenType" : "Numeric",
      "partOfSpeech" : "CD",
      "whiteSpace" : false
    }, {
      "id" : "s5-t35",
      "begin" : 865,
      "end" : 866,
      "text" : "\"",
      "tokenType" : "Punctuation",
      "partOfSpeech" : "''",
      "whiteSpace" : false
    }, {
      "id" : "s5-t36",
      "begin" : 867,
      "end" : 873,
      "text" : "jacket",
      "tokenType" : "LowercaseAlphabetic",
      "lemma" : "jacket",
      "partOfSpeech" : "VBP",
      "whiteSpace" : false
    }, {
      "id" : "s5-t37",
      "begin" : 874,
      "end" : 878,
      "text" : "come",
      "tokenType" : "LowercaseAlphabetic",
      "lemma" : "come",
      "partOfSpeech" : "VBN",
      "whiteSpace" : false
    }, {
      "id" : "s5-t38",
      "begin" : 879,
      "end" : 883,
      "text" : "with",
      "tokenType" : "LowercaseAlphabetic",
      "lemma" : "with",
      "partOfSpeech" : "IN",
      "whiteSpace" : false
    }, {
      "id" : "s5-t39",
      "begin" : 884,
      "end" : 886,
      "text" : "38",
      "tokenType" : "Numeric",
      "partOfSpeech" : "CD",
      "whiteSpace" : false
    }, {
      "id" : "s5-t40",
      "begin" : 886,
      "end" : 887,
      "text" : "\"",
      "tokenType" : "Punctuation",
      "partOfSpeech" : "''",
      "whiteSpace" : false
    }, {
      "id" : "s5-t41",
      "begin" : 887,
      "end" : 888,
      "text" : "-",
      "tokenType" : "Punctuation",
      "partOfSpeech" : ":",
      "whiteSpace" : false
    }, {
      "id" : "s5-t42",
      "begin" : 888,
      "end" : 890,
      "text" : "40",
      "tokenType" : "Numeric",
      "partOfSpeech" : "CD",
      "whiteSpace" : false
    }, {
      "id" : "s5-t43",
      "begin" : 890,
      "end" : 891,
      "text" : "\"",
      "tokenType" : "Punctuation",
      "partOfSpeech" : "''",
      "whiteSpace" : false
    }, {
      "id" : "s5-t44",
      "begin" : 892,
      "end" : 897,
      "text" : "waist",
      "tokenType" : "LowercaseAlphabetic",
      "lemma" : "waist",
      "partOfSpeech" : "NN",
      "whiteSpace" : false
    }, {
      "id" : "s5-t45",
      "begin" : 898,
      "end" : 903,
      "text" : "pants",
      "tokenType" : "LowercaseAlphabetic",
      "lemma" : "pant",
      "partOfSpeech" : "NNS",
      "whiteSpace" : false
    }, {
      "id" : "s5-t46",
      "begin" : 903,
      "end" : 904,
      "text" : ")",
      "tokenType" : "Punctuation",
      "partOfSpeech" : ")",
      "whiteSpace" : false
    }, {
      "id" : "s5-t47",
      "begin" : 904,
      "end" : 905,
      "text" : ",",
      "tokenType" : "ClauseEndingPunctuation",
      "partOfSpeech" : ",",
      "whiteSpace" : false
    }, {
      "id" : "s5-t48",
      "begin" : 906,
      "end" : 909,
      "text" : "for",
      "tokenType" : "LowercaseAlphabetic",
      "lemma" : "for",
      "partOfSpeech" : "IN",
      "whiteSpace" : false
    }, {
      "id" : "s5-t49",
      "begin" : 910,
      "end" : 911,
      "text" : "a",
      "tokenType" : "LowercaseAlphabetic",
      "lemma" : "a",
      "partOfSpeech" : "DT",
      "whiteSpace" : false
    }, {
      "id" : "s5-t50",
      "begin" : 912,
      "end" : 917,
      "text" : "total",
      "tokenType" : "LowercaseAlphabetic",
      "lemma" : "total",
      "partOfSpeech" : "JJ",
      "whiteSpace" : false
    }, {
      "id" : "s5-t51",
      "begin" : 918,
      "end" : 929,
      "text" : "expenditure",
      "tokenType" : "LowercaseAlphabetic",
      "lemma" : "expenditure",
      "partOfSpeech" : "NN",
      "whiteSpace" : false
    }, {
      "id" : "s5-t52",
      "begin" : 930,
      "end" : 932,
      "text" : "of",
      "tokenType" : "LowercaseAlphabetic",
      "lemma" : "of",
      "partOfSpeech" : "IN",
      "whiteSpace" : false
    }, {
      "id" : "s5-t53",
      "begin" : 933,
      "end" : 937,
      "text" : "less",
      "tokenType" : "LowercaseAlphabetic",
      "lemma" : "little",
      "partOfSpeech" : "JJR",
      "whiteSpace" : false
    }, {
      "id" : "s5-t54",
      "begin" : 938,
      "end" : 942,
      "text" : "than",
      "tokenType" : "LowercaseAlphabetic",
      "lemma" : "than",
      "partOfSpeech" : "IN",
      "whiteSpace" : false
    }, {
      "id" : "s5-t55",
      "begin" : 943,
      "end" : 944,
      "text" : "$",
      "tokenType" : "TokenAnnotation",
      "partOfSpeech" : "$",
      "whiteSpace" : false
    }, {
      "id" : "s5-t56",
      "begin" : 944,
      "end" : 947,
      "text" : "400",
      "tokenType" : "Numeric",
      "partOfSpeech" : "CD",
      "whiteSpace" : false
    }, {
      "id" : "s5-t57",
      "begin" : 948,
      "end" : 952,
      "text" : "this",
      "tokenType" : "LowercaseAlphabetic",
      "lemma" : "this",
      "partOfSpeech" : "DT",
      "whiteSpace" : false
    }, {
      "id" : "s5-t58",
      "begin" : 953,
      "end" : 955,
      "text" : "is",
      "tokenType" : "LowercaseAlphabetic",
      "lemma" : "be",
      "partOfSpeech" : "VBZ",
      "whiteSpace" : false
    }, {
      "id" : "s5-t59",
      "begin" : 956,
      "end" : 957,
      "text" : "a",
      "tokenType" : "LowercaseAlphabetic",
      "lemma" : "a",
      "partOfSpeech" : "DT",
      "whiteSpace" : false
    }, {
      "id" : "s5-t60",
      "begin" : 958,
      "end" : 962,
      "text" : "real",
      "tokenType" : "LowercaseAlphabetic",
      "lemma" : "real",
      "partOfSpeech" : "JJ",
      "whiteSpace" : false
    }, {
      "id" : "s5-t61",
      "begin" : 963,
      "end" : 970,
      "text" : "bargain",
      "tokenType" : "LowercaseAlphabetic",
      "lemma" : "bargain",
      "partOfSpeech" : "NN",
      "whiteSpace" : false
    }, {
      "id" : "s5-t62",
      "begin" : 971,
      "end" : 975,
      "text" : "that",
      "tokenType" : "LowercaseAlphabetic",
      "lemma" : "that",
      "partOfSpeech" : "WDT",
      "whiteSpace" : false
    }, {
      "id" : "s5-t63",
      "begin" : 976,
      "end" : 981,
      "text" : "looks",
      "tokenType" : "LowercaseAlphabetic",
      "lemma" : "look",
      "partOfSpeech" : "VBZ",
      "whiteSpace" : false
    }, {
      "id" : "s5-t64",
      "begin" : 982,
      "end" : 986,
      "text" : "much",
      "tokenType" : "LowercaseAlphabetic",
      "lemma" : "much",
      "partOfSpeech" : "RB",
      "whiteSpace" : false
    }, {
      "id" : "s5-t65",
      "begin" : 987,
      "end" : 993,
      "text" : "better",
      "tokenType" : "LowercaseAlphabetic",
      "lemma" : "good",
      "partOfSpeech" : "JJR",
      "whiteSpace" : false
    }, {
      "id" : "s5-t66",
      "begin" : 993,
      "end" : 994,
      "text" : ",",
      "tokenType" : "ClauseEndingPunctuation",
      "partOfSpeech" : ",",
      "whiteSpace" : false
    }, {
      "id" : "s5-t67",
      "begin" : 995,
      "end" : 997,
      "text" : "is",
      "tokenType" : "LowercaseAlphabetic",
      "lemma" : "be",
      "partOfSpeech" : "VBZ",
      "whiteSpace" : false
    }, {
      "id" : "s5-t68",
      "begin" : 998,
      "end" : 1001,
      "text" : "far",
      "tokenType" : "LowercaseAlphabetic",
      "lemma" : "far",
      "partOfSpeech" : "RB",
      "whiteSpace" : false
    }, {
      "id" : "s5-t69",
      "begin" : 1002,
      "end" : 1006,
      "text" : "more",
      "tokenType" : "LowercaseAlphabetic",
      "lemma" : "much",
      "partOfSpeech" : "RBR",
      "whiteSpace" : false
    }, {
      "id" : "s5-t70",
      "begin" : 1007,
      "end" : 1018,
      "text" : "comfortable",
      "tokenType" : "LowercaseAlphabetic",
      "lemma" : "comfortable",
      "partOfSpeech" : "JJ",
      "whiteSpace" : false
    }, {
      "id" : "s5-t71",
      "begin" : 1018,
      "end" : 1019,
      "text" : ",",
      "tokenType" : "ClauseEndingPunctuation",
      "partOfSpeech" : ",",
      "whiteSpace" : false
    }, {
      "id" : "s5-t72",
      "begin" : 1020,
      "end" : 1023,
      "text" : "and",
      "tokenType" : "LowercaseAlphabetic",
      "lemma" : "and",
      "partOfSpeech" : "CC",
      "whiteSpace" : false
    }, {
      "id" : "s5-t73",
      "begin" : 1024,
      "end" : 1028,
      "text" : "will",
      "tokenType" : "LowercaseAlphabetic",
      "lemma" : "will",
      "partOfSpeech" : "MD",
      "whiteSpace" : false
    }, {
      "id" : "s5-t74",
      "begin" : 1029,
      "end" : 1037,
      "text" : "probably",
      "tokenType" : "LowercaseAlphabetic",
      "lemma" : "probably",
      "partOfSpeech" : "RB",
      "whiteSpace" : false
    }, {
      "id" : "s5-t75",
      "begin" : 1038,
      "end" : 1045,
      "text" : "outlast",
      "tokenType" : "LowercaseAlphabetic",
      "lemma" : "outlast",
      "partOfSpeech" : "VB",
      "whiteSpace" : false
    }, {
      "id" : "s5-t76",
      "begin" : 1046,
      "end" : 1047,
      "text" : "a",
      "tokenType" : "LowercaseAlphabetic",
      "lemma" : "a",
      "partOfSpeech" : "DT",
      "whiteSpace" : false
    }, {
      "id" : "s5-t77",
      "begin" : 1048,
      "end" : 1053,
      "text" : "cheap",
      "tokenType" : "LowercaseAlphabetic",
      "lemma" : "cheap",
      "partOfSpeech" : "JJ",
      "whiteSpace" : false
    }, {
      "id" : "s5-t78",
      "begin" : 1054,
      "end" : 1063,
      "text" : "polyester",
      "tokenType" : "LowercaseAlphabetic",
      "lemma" : "polyester",
      "partOfSpeech" : "NN",
      "whiteSpace" : false
    }, {
      "id" : "s5-t79",
      "begin" : 1064,
      "end" : 1070,
      "text" : "tuxedo",
      "tokenType" : "LowercaseAlphabetic",
      "lemma" : "tuxedo",
      "partOfSpeech" : "NN",
      "whiteSpace" : false
    }, {
      "id" : "s5-t80",
      "begin" : 1070,
      "end" : 1071,
      "text" : ".",
      "tokenType" : "ClauseEndingPunctuation",
      "partOfSpeech" : ".",
      "whiteSpace" : false
    } ]
  } ],
  "mentions" : [ {
    "id" : "s0-m5",
    "properties" : {
      "SIRE_MENTION_ROLE" : "Product",
      "SIRE_ENTITY_SUBTYPE" : "NONE",
      "SIRE_MENTION_TYPE" : "NONE",
      "SIRE_MENTION_CLASS" : "SPC"
    },
    "type" : "Product",
    "begin" : 0,
    "end" : 4,
    "inCoref" : true
  }, {
    "id" : "s0-m3",
    "properties" : {
      "SIRE_MENTION_ROLE" : "Descriptor",
      "SIRE_ENTITY_SUBTYPE" : "NONE",
      "SIRE_MENTION_TYPE" : "NONE",
      "SIRE_MENTION_CLASS" : "SPC"
    },
    "type" : "Descriptor",
    "begin" : 10,
    "end" : 16,
    "inCoref" : false
  }, {
    "id" : "s0-m4",
    "properties" : {
      "SIRE_MENTION_ROLE" : "Product",
      "SIRE_ENTITY_SUBTYPE" : "NONE",
      "SIRE_MENTION_TYPE" : "NONE",
      "SIRE_MENTION_CLASS" : "SPC"
    },
    "type" : "Product",
    "begin" : 17,
    "end" : 22,
    "inCoref" : true
  }, {
    "id" : "s0-m2",
    "properties" : {
      "SIRE_MENTION_ROLE" : "Descriptor",
      "SIRE_ENTITY_SUBTYPE" : "NONE",
      "SIRE_MENTION_TYPE" : "NONE",
      "SIRE_MENTION_CLASS" : "SPC"
    },
    "type" : "Descriptor",
    "begin" : 31,
    "end" : 43,
    "inCoref" : false
  }, {
    "id" : "s0-m1",
    "properties" : {
      "SIRE_MENTION_ROLE" : "Feature",
      "SIRE_ENTITY_SUBTYPE" : "NONE",
      "SIRE_MENTION_TYPE" : "NONE",
      "SIRE_MENTION_CLASS" : "SPC"
    },
    "type" : "Feature",
    "begin" : 44,
    "end" : 48,
    "inCoref" : false
  }, {
    "id" : "s0-m6",
    "properties" : {
      "SIRE_MENTION_ROLE" : "Price",
      "SIRE_ENTITY_SUBTYPE" : "NONE",
      "SIRE_MENTION_TYPE" : "NONE",
      "SIRE_MENTION_CLASS" : "SPC"
    },
    "type" : "Price",
    "begin" : 60,
    "end" : 64,
    "inCoref" : false
  }, {
    "id" : "s0-m7",
    "properties" : {
      "SIRE_MENTION_ROLE" : "Descriptor",
      "SIRE_ENTITY_SUBTYPE" : "NONE",
      "SIRE_MENTION_TYPE" : "NONE",
      "SIRE_MENTION_CLASS" : "SPC"
    },
    "type" : "Descriptor",
    "begin" : 95,
    "end" : 104,
    "inCoref" : false
  }, {
    "id" : "s0-m9",
    "properties" : {
      "SIRE_MENTION_ROLE" : "Product",
      "SIRE_ENTITY_SUBTYPE" : "NONE",
      "SIRE_MENTION_TYPE" : "NONE",
      "SIRE_MENTION_CLASS" : "SPC"
    },
    "type" : "Product",
    "begin" : 105,
    "end" : 111,
    "inCoref" : true
  }, {
    "id" : "s1-m1",
    "properties" : {
      "SIRE_MENTION_ROLE" : "Price",
      "SIRE_ENTITY_SUBTYPE" : "NONE",
      "SIRE_MENTION_TYPE" : "NONE",
      "SIRE_MENTION_CLASS" : "SPC"
    },
    "type" : "Price",
    "begin" : 135,
    "end" : 140,
    "inCoref" : false
  }, {
    "id" : "s1-m2",
    "properties" : {
      "SIRE_MENTION_ROLE" : "Product",
      "SIRE_ENTITY_SUBTYPE" : "NONE",
      "SIRE_MENTION_TYPE" : "NONE",
      "SIRE_MENTION_CLASS" : "SPC"
    },
    "type" : "Product",
    "begin" : 184,
    "end" : 190,
    "inCoref" : true
  }, {
    "id" : "s1-m4",
    "properties" : {
      "SIRE_MENTION_ROLE" : "Product",
      "SIRE_ENTITY_SUBTYPE" : "NONE",
      "SIRE_MENTION_TYPE" : "NONE",
      "SIRE_MENTION_CLASS" : "SPC"
    },
    "type" : "Product",
    "begin" : 222,
    "end" : 224,
    "inCoref" : true
  }, {
    "id" : "s1-m3",
    "properties" : {
      "SIRE_MENTION_ROLE" : "Price",
      "SIRE_ENTITY_SUBTYPE" : "NONE",
      "SIRE_MENTION_TYPE" : "NONE",
      "SIRE_MENTION_CLASS" : "SPC"
    },
    "type" : "Price",
    "begin" : 229,
    "end" : 236,
    "inCoref" : false
  }, {
    "id" : "s2-m0",
    "properties" : {
      "SIRE_MENTION_CLASS" : "SPC",
      "SIRE_ENTITY_SUBTYPE" : "NONE",
      "SIRE_MENTION_TYPE" : "NONE",
      "SIRE_MENTION_ROLE" : "Consumer"
    },
    "type" : "Consumer",
    "begin" : 274,
    "end" : 275,
    "inCoref" : true
  }, {
    "id" : "s2-m1",
    "properties" : {
      "SIRE_MENTION_CLASS" : "SPC",
      "SIRE_ENTITY_SUBTYPE" : "NONE",
      "SIRE_MENTION_TYPE" : "NONE",
      "SIRE_MENTION_ROLE" : "Company"
    },
    "type" : "Company",
    "begin" : 302,
    "end" : 314,
    "inCoref" : false
  }, {
    "id" : "s2-m4",
    "properties" : {
      "SIRE_MENTION_ROLE" : "Feature",
      "SIRE_ENTITY_SUBTYPE" : "NONE",
      "SIRE_MENTION_TYPE" : "NONE",
      "SIRE_MENTION_CLASS" : "SPC"
    },
    "type" : "Feature",
    "begin" : 315,
    "end" : 322,
    "inCoref" : true
  }, {
    "id" : "s2-m2",
    "properties" : {
      "SIRE_MENTION_CLASS" : "SPC",
      "SIRE_ENTITY_SUBTYPE" : "NONE",
      "SIRE_MENTION_TYPE" : "NONE",
      "SIRE_MENTION_ROLE" : "Consumer"
    },
    "type" : "Consumer",
    "begin" : 363,
    "end" : 364,
    "inCoref" : true
  }, {
    "id" : "s3-m2",
    "properties" : {
      "SIRE_MENTION_ROLE" : "Feature",
      "SIRE_ENTITY_SUBTYPE" : "NONE",
      "SIRE_MENTION_TYPE" : "NONE",
      "SIRE_MENTION_CLASS" : "SPC"
    },
    "type" : "Feature",
    "begin" : 424,
    "end" : 431,
    "inCoref" : false
  }, {
    "id" : "s3-m0",
    "properties" : {
      "SIRE_MENTION_CLASS" : "SPC",
      "SIRE_ENTITY_SUBTYPE" : "NONE",
      "SIRE_MENTION_TYPE" : "NONE",
      "SIRE_MENTION_ROLE" : "Consumer"
    },
    "type" : "Consumer",
    "begin" : 472,
    "end" : 473,
    "inCoref" : true
  }, {
    "id" : "s4-m4",
    "properties" : {
      "SIRE_MENTION_ROLE" : "Descriptor",
      "SIRE_ENTITY_SUBTYPE" : "NONE",
      "SIRE_MENTION_TYPE" : "NONE",
      "SIRE_MENTION_CLASS" : "SPC"
    },
    "type" : "Descriptor",
    "begin" : 532,
    "end" : 544,
    "inCoref" : false
  }, {
    "id" : "s4-m5",
    "properties" : {
      "SIRE_MENTION_ROLE" : "Feature",
      "SIRE_ENTITY_SUBTYPE" : "NONE",
      "SIRE_MENTION_TYPE" : "NONE",
      "SIRE_MENTION_CLASS" : "SPC"
    },
    "type" : "Feature",
    "begin" : 545,
    "end" : 550,
    "inCoref" : false
  }, {
    "id" : "s4-m0",
    "properties" : {
      "SIRE_MENTION_CLASS" : "SPC",
      "SIRE_ENTITY_SUBTYPE" : "NONE",
      "SIRE_MENTION_TYPE" : "NONE",
      "SIRE_MENTION_ROLE" : "Consumer"
    },
    "type" : "Consumer",
    "begin" : 556,
    "end" : 557,
    "inCoref" : true
  }, {
    "id" : "s4-m1",
    "properties" : {
      "SIRE_MENTION_CLASS" : "SPC",
      "SIRE_ENTITY_SUBTYPE" : "NONE",
      "SIRE_MENTION_TYPE" : "NONE",
      "SIRE_MENTION_ROLE" : "Consumer"
    },
    "type" : "Consumer",
    "begin" : 614,
    "end" : 615,
    "inCoref" : true
  }, {
    "id" : "s4-m2",
    "properties" : {
      "SIRE_MENTION_CLASS" : "SPC",
      "SIRE_ENTITY_SUBTYPE" : "NONE",
      "SIRE_MENTION_TYPE" : "NONE",
      "SIRE_MENTION_ROLE" : "Consumer"
    },
    "type" : "Consumer",
    "begin" : 633,
    "end" : 634,
    "inCoref" : true
  }, {
    "id" : "s4-m6",
    "properties" : {
      "SIRE_MENTION_ROLE" : "Feature",
      "SIRE_ENTITY_SUBTYPE" : "NONE",
      "SIRE_MENTION_TYPE" : "NONE",
      "SIRE_MENTION_CLASS" : "SPC"
    },
    "type" : "Feature",
    "begin" : 656,
    "end" : 662,
    "inCoref" : true
  }, {
    "id" : "s5-m1",
    "properties" : {
      "SIRE_MENTION_ROLE" : "Feature",
      "SIRE_ENTITY_SUBTYPE" : "NONE",
      "SIRE_MENTION_TYPE" : "NONE",
      "SIRE_MENTION_CLASS" : "SPC"
    },
    "type" : "Feature",
    "begin" : 742,
    "end" : 748,
    "inCoref" : true
  }, {
    "id" : "s5-m2",
    "properties" : {
      "SIRE_MENTION_ROLE" : "Feature",
      "SIRE_ENTITY_SUBTYPE" : "NONE",
      "SIRE_MENTION_TYPE" : "NONE",
      "SIRE_MENTION_CLASS" : "SPC"
    },
    "type" : "Feature",
    "begin" : 753,
    "end" : 758,
    "inCoref" : false
  }, {
    "id" : "s5-m3",
    "properties" : {
      "SIRE_MENTION_ROLE" : "Price",
      "SIRE_ENTITY_SUBTYPE" : "NONE",
      "SIRE_MENTION_TYPE" : "NONE",
      "SIRE_MENTION_CLASS" : "SPC"
    },
    "type" : "Price",
    "begin" : 943,
    "end" : 947,
    "inCoref" : false
  }, {
    "id" : "s5-m4",
    "properties" : {
      "SIRE_MENTION_ROLE" : "Price",
      "SIRE_ENTITY_SUBTYPE" : "NONE",
      "SIRE_MENTION_TYPE" : "NONE",
      "SIRE_MENTION_CLASS" : "SPC"
    },
    "type" : "Price",
    "begin" : 963,
    "end" : 970,
    "inCoref" : false
  }, {
    "id" : "s5-m5",
    "properties" : {
      "SIRE_MENTION_ROLE" : "Feature",
      "SIRE_ENTITY_SUBTYPE" : "NONE",
      "SIRE_MENTION_TYPE" : "NONE",
      "SIRE_MENTION_CLASS" : "SPC"
    },
    "type" : "Feature",
    "begin" : 976,
    "end" : 981,
    "inCoref" : false
  }, {
    "id" : "s5-m6",
    "properties" : {
      "SIRE_MENTION_ROLE" : "Descriptor",
      "SIRE_ENTITY_SUBTYPE" : "NONE",
      "SIRE_MENTION_TYPE" : "NONE",
      "SIRE_MENTION_CLASS" : "SPC"
    },
    "type" : "Descriptor",
    "begin" : 987,
    "end" : 993,
    "inCoref" : false
  }, {
    "id" : "s5-m7",
    "properties" : {
      "SIRE_MENTION_ROLE" : "Feature",
      "SIRE_ENTITY_SUBTYPE" : "NONE",
      "SIRE_MENTION_TYPE" : "NONE",
      "SIRE_MENTION_CLASS" : "SPC"
    },
    "type" : "Feature",
    "begin" : 1007,
    "end" : 1018,
    "inCoref" : false
  }, {
    "id" : "s5-m8",
    "properties" : {
      "SIRE_MENTION_ROLE" : "Descriptor",
      "SIRE_ENTITY_SUBTYPE" : "NONE",
      "SIRE_MENTION_TYPE" : "NONE",
      "SIRE_MENTION_CLASS" : "SPC"
    },
    "type" : "Descriptor",
    "begin" : 1048,
    "end" : 1053,
    "inCoref" : false
  }, {
    "id" : "s5-m9",
    "properties" : {
      "SIRE_MENTION_ROLE" : "Descriptor",
      "SIRE_ENTITY_SUBTYPE" : "NONE",
      "SIRE_MENTION_TYPE" : "NONE",
      "SIRE_MENTION_CLASS" : "SPC"
    },
    "type" : "Descriptor",
    "begin" : 1054,
    "end" : 1063,
    "inCoref" : false
  }, {
    "id" : "s5-m10",
    "properties" : {
      "SIRE_MENTION_ROLE" : "Product",
      "SIRE_ENTITY_SUBTYPE" : "NONE",
      "SIRE_MENTION_TYPE" : "NONE",
      "SIRE_MENTION_CLASS" : "SPC"
    },
    "type" : "Product",
    "begin" : 1064,
    "end" : 1070,
    "inCoref" : true
  } ],
  "relations" : [ {
    "id" : "s0-r1",
    "properties" : { },
    "type" : "hasQuality",
    "args" : [ "s0-m5", "s0-m3" ]
  }, {
    "id" : "s0-r2",
    "properties" : { },
    "type" : "hasFeature",
    "args" : [ "s0-m4", "s0-m1" ]
  }, {
    "id" : "s0-r3",
    "properties" : { },
    "type" : "hasQuality",
    "args" : [ "s0-m1", "s0-m2" ]
  }, {
    "id" : "s0-r4",
    "properties" : { },
    "type" : "hasQuality",
    "args" : [ "s0-m4", "s0-m3" ]
  }, {
    "id" : "s0-r5",
    "properties" : { },
    "type" : "hasFeature",
    "args" : [ "s0-m4", "s0-m6" ]
  }, {
    "id" : "s0-r6",
    "properties" : { },
    "type" : "hasQuality",
    "args" : [ "s0-m9", "s0-m7" ]
  }, {
    "id" : "s1-r1",
    "properties" : { },
    "type" : "hasFeature",
    "args" : [ "s1-m2", "s1-m1" ]
  }, {
    "id" : "s1-r2",
    "properties" : { },
    "type" : "hasFeature",
    "args" : [ "s1-m4", "s1-m3" ]
  }, {
    "id" : "s4-r1",
    "properties" : { },
    "type" : "hasQuality",
    "args" : [ "s4-m5", "s4-m4" ]
  }, {
    "id" : "s5-r1",
    "properties" : { },
    "type" : "hasQuality",
    "args" : [ "s5-m5", "s5-m6" ]
  }, {
    "id" : "s5-r2",
    "properties" : { },
    "type" : "hasQuality",
    "args" : [ "s5-m10", "s5-m9" ]
  }, {
    "id" : "s5-r3",
    "properties" : { },
    "type" : "hasQuality",
    "args" : [ "s5-m10", "s5-m8" ]
  } ],
  "corefs" : [ {
    "id" : "c1",
    "properties" : { },
    "mentions" : [ "s0-m5", "s0-m4", "s1-m2", "s0-m9", "s1-m4", "s5-m10" ]
  }, {
    "id" : "c2",
    "properties" : { },
    "mentions" : [ "s4-m6", "s5-m1", "s2-m4" ]
  }, {
    "id" : "c3",
    "properties" : { },
    "mentions" : [ "s2-m0", "s4-m2", "s4-m0", "s3-m0", "s2-m2", "s4-m1" ]
  } ],
  "typeResolved" : true,
  "userResolved" : true
}