{
  "id" : "a4d67795-6a55-4af2-8249-ff84f7863130-19",
  "modifiedDate" : 1467752819366,
  "name" : "review94.txt",
  "version" : 2,
  "text" : "Beautiful tuxedo! It runs a little small in the stomach area. The rest is perfect. And yes I need to lose a few pounds and I will, but getting back to this Ralph Lauren tux, it is really better than I expected and I expected a lot. Of course the pants need to be hemed but that's a given. The pleated pants look and feel great. I was apprehensive about getting the pleated pants, but these are great. Can't even notice with the jacket on. Get this tux! You won't be disappointed!\n",
  "docLength" : 480,
  "language" : "EN",
  "status" : "SUBMITTED",
  "documentSet" : [ ],
  "sentences" : [ {
    "id" : "s0",
    "begin" : 0,
    "end" : 17,
    "text" : "Beautiful tuxedo!",
    "tokens" : [ {
      "id" : "s0-t0",
      "begin" : 0,
      "end" : 9,
      "text" : "Beautiful",
      "tokenType" : "TitlecaseAlphabetic",
      "lemma" : "beautiful",
      "partOfSpeech" : "JJ",
      "whiteSpace" : false
    }, {
      "id" : "s0-t1",
      "begin" : 10,
      "end" : 16,
      "text" : "tuxedo",
      "tokenType" : "LowercaseAlphabetic",
      "lemma" : "tuxedo",
      "partOfSpeech" : "NN",
      "whiteSpace" : false
    }, {
      "id" : "s0-t2",
      "begin" : 16,
      "end" : 17,
      "text" : "!",
      "tokenType" : "ClauseEndingPunctuation",
      "partOfSpeech" : ".",
      "whiteSpace" : false
    } ]
  }, {
    "id" : "s1",
    "begin" : 18,
    "end" : 61,
    "text" : "It runs a little small in the stomach area.",
    "tokens" : [ {
      "id" : "s1-t0",
      "begin" : 18,
      "end" : 20,
      "text" : "It",
      "tokenType" : "TitlecaseAlphabetic",
      "lemma" : "it",
      "partOfSpeech" : "PRP",
      "whiteSpace" : false
    }, {
      "id" : "s1-t1",
      "begin" : 21,
      "end" : 25,
      "text" : "runs",
      "tokenType" : "LowercaseAlphabetic",
      "lemma" : "run",
      "partOfSpeech" : "VBZ",
      "whiteSpace" : false
    }, {
      "id" : "s1-t2",
      "begin" : 26,
      "end" : 27,
      "text" : "a",
      "tokenType" : "LowercaseAlphabetic",
      "lemma" : "a",
      "partOfSpeech" : "DT",
      "whiteSpace" : false
    }, {
      "id" : "s1-t3",
      "begin" : 28,
      "end" : 34,
      "text" : "little",
      "tokenType" : "LowercaseAlphabetic",
      "lemma" : "little",
      "partOfSpeech" : "JJ",
      "whiteSpace" : false
    }, {
      "id" : "s1-t4",
      "begin" : 35,
      "end" : 40,
      "text" : "small",
      "tokenType" : "LowercaseAlphabetic",
      "lemma" : "small",
      "partOfSpeech" : "JJ",
      "whiteSpace" : false
    }, {
      "id" : "s1-t5",
      "begin" : 41,
      "end" : 43,
      "text" : "in",
      "tokenType" : "LowercaseAlphabetic",
      "lemma" : "in",
      "partOfSpeech" : "IN",
      "whiteSpace" : false
    }, {
      "id" : "s1-t6",
      "begin" : 44,
      "end" : 47,
      "text" : "the",
      "tokenType" : "LowercaseAlphabetic",
      "lemma" : "the",
      "partOfSpeech" : "DT",
      "whiteSpace" : false
    }, {
      "id" : "s1-t7",
      "begin" : 48,
      "end" : 55,
      "text" : "stomach",
      "tokenType" : "LowercaseAlphabetic",
      "lemma" : "stomach",
      "partOfSpeech" : "NN",
      "whiteSpace" : false
    }, {
      "id" : "s1-t8",
      "begin" : 56,
      "end" : 60,
      "text" : "area",
      "tokenType" : "LowercaseAlphabetic",
      "lemma" : "area",
      "partOfSpeech" : "NN",
      "whiteSpace" : false
    }, {
      "id" : "s1-t9",
      "begin" : 60,
      "end" : 61,
      "text" : ".",
      "tokenType" : "ClauseEndingPunctuation",
      "partOfSpeech" : ".",
      "whiteSpace" : false
    } ]
  }, {
    "id" : "s2",
    "begin" : 62,
    "end" : 82,
    "text" : "The rest is perfect.",
    "tokens" : [ {
      "id" : "s2-t0",
      "begin" : 62,
      "end" : 65,
      "text" : "The",
      "tokenType" : "TitlecaseAlphabetic",
      "lemma" : "the",
      "partOfSpeech" : "DT",
      "whiteSpace" : false
    }, {
      "id" : "s2-t1",
      "begin" : 66,
      "end" : 70,
      "text" : "rest",
      "tokenType" : "LowercaseAlphabetic",
      "lemma" : "rest",
      "partOfSpeech" : "NN",
      "whiteSpace" : false
    }, {
      "id" : "s2-t2",
      "begin" : 71,
      "end" : 73,
      "text" : "is",
      "tokenType" : "LowercaseAlphabetic",
      "lemma" : "be",
      "partOfSpeech" : "VBZ",
      "whiteSpace" : false
    }, {
      "id" : "s2-t3",
      "begin" : 74,
      "end" : 81,
      "text" : "perfect",
      "tokenType" : "LowercaseAlphabetic",
      "lemma" : "perfect",
      "partOfSpeech" : "NN",
      "whiteSpace" : false
    }, {
      "id" : "s2-t4",
      "begin" : 81,
      "end" : 82,
      "text" : ".",
      "tokenType" : "ClauseEndingPunctuation",
      "partOfSpeech" : ".",
      "whiteSpace" : false
    } ]
  }, {
    "id" : "s3",
    "begin" : 83,
    "end" : 231,
    "text" : "And yes I need to lose a few pounds and I will, but getting back to this Ralph Lauren tux, it is really better than I expected and I expected a lot.",
    "tokens" : [ {
      "id" : "s3-t0",
      "begin" : 83,
      "end" : 86,
      "text" : "And",
      "tokenType" : "TitlecaseAlphabetic",
      "lemma" : "and",
      "partOfSpeech" : "CC",
      "whiteSpace" : false
    }, {
      "id" : "s3-t1",
      "begin" : 87,
      "end" : 90,
      "text" : "yes",
      "tokenType" : "LowercaseAlphabetic",
      "lemma" : "yes",
      "partOfSpeech" : "RB",
      "whiteSpace" : false
    }, {
      "id" : "s3-t2",
      "begin" : 91,
      "end" : 92,
      "text" : "I",
      "tokenType" : "UppercaseAlphabetic",
      "lemma" : "I",
      "partOfSpeech" : "PRP",
      "whiteSpace" : false
    }, {
      "id" : "s3-t3",
      "begin" : 93,
      "end" : 97,
      "text" : "need",
      "tokenType" : "LowercaseAlphabetic",
      "lemma" : "need",
      "partOfSpeech" : "VBP",
      "whiteSpace" : false
    }, {
      "id" : "s3-t4",
      "begin" : 98,
      "end" : 100,
      "text" : "to",
      "tokenType" : "LowercaseAlphabetic",
      "lemma" : "to",
      "partOfSpeech" : "TO",
      "whiteSpace" : false
    }, {
      "id" : "s3-t5",
      "begin" : 101,
      "end" : 105,
      "text" : "lose",
      "tokenType" : "LowercaseAlphabetic",
      "lemma" : "lose",
      "partOfSpeech" : "VB",
      "whiteSpace" : false
    }, {
      "id" : "s3-t6",
      "begin" : 106,
      "end" : 107,
      "text" : "a",
      "tokenType" : "LowercaseAlphabetic",
      "lemma" : "a",
      "partOfSpeech" : "DT",
      "whiteSpace" : false
    }, {
      "id" : "s3-t7",
      "begin" : 108,
      "end" : 111,
      "text" : "few",
      "tokenType" : "LowercaseAlphabetic",
      "lemma" : "few",
      "partOfSpeech" : "QT",
      "whiteSpace" : false
    }, {
      "id" : "s3-t8",
      "begin" : 112,
      "end" : 118,
      "text" : "pounds",
      "tokenType" : "LowercaseAlphabetic",
      "lemma" : "pound",
      "partOfSpeech" : "NNS",
      "whiteSpace" : false
    }, {
      "id" : "s3-t9",
      "begin" : 119,
      "end" : 122,
      "text" : "and",
      "tokenType" : "LowercaseAlphabetic",
      "lemma" : "and",
      "partOfSpeech" : "CC",
      "whiteSpace" : false
    }, {
      "id" : "s3-t10",
      "begin" : 123,
      "end" : 124,
      "text" : "I",
      "tokenType" : "UppercaseAlphabetic",
      "lemma" : "I",
      "partOfSpeech" : "PRP",
      "whiteSpace" : false
    }, {
      "id" : "s3-t11",
      "begin" : 125,
      "end" : 129,
      "text" : "will",
      "tokenType" : "LowercaseAlphabetic",
      "lemma" : "will",
      "partOfSpeech" : "MD",
      "whiteSpace" : false
    }, {
      "id" : "s3-t12",
      "begin" : 129,
      "end" : 130,
      "text" : ",",
      "tokenType" : "ClauseEndingPunctuation",
      "partOfSpeech" : ",",
      "whiteSpace" : false
    }, {
      "id" : "s3-t13",
      "begin" : 131,
      "end" : 134,
      "text" : "but",
      "tokenType" : "LowercaseAlphabetic",
      "lemma" : "but",
      "partOfSpeech" : "CC",
      "whiteSpace" : false
    }, {
      "id" : "s3-t14",
      "begin" : 135,
      "end" : 142,
      "text" : "getting",
      "tokenType" : "LowercaseAlphabetic",
      "lemma" : "get",
      "partOfSpeech" : "VBG",
      "whiteSpace" : false
    }, {
      "id" : "s3-t15",
      "begin" : 143,
      "end" : 147,
      "text" : "back",
      "tokenType" : "LowercaseAlphabetic",
      "lemma" : "back",
      "partOfSpeech" : "RB",
      "whiteSpace" : false
    }, {
      "id" : "s3-t16",
      "begin" : 148,
      "end" : 150,
      "text" : "to",
      "tokenType" : "LowercaseAlphabetic",
      "lemma" : "to",
      "partOfSpeech" : "IN",
      "whiteSpace" : false
    }, {
      "id" : "s3-t17",
      "begin" : 151,
      "end" : 155,
      "text" : "this",
      "tokenType" : "LowercaseAlphabetic",
      "lemma" : "this",
      "partOfSpeech" : "DT",
      "whiteSpace" : false
    }, {
      "id" : "s3-t18",
      "begin" : 156,
      "end" : 161,
      "text" : "Ralph",
      "tokenType" : "TitlecaseAlphabetic",
      "lemma" : "ralph",
      "partOfSpeech" : "NNP",
      "whiteSpace" : false
    }, {
      "id" : "s3-t19",
      "begin" : 162,
      "end" : 168,
      "text" : "Lauren",
      "tokenType" : "TitlecaseAlphabetic",
      "lemma" : "lauren",
      "partOfSpeech" : "NNP",
      "whiteSpace" : false
    }, {
      "id" : "s3-t20",
      "begin" : 169,
      "end" : 172,
      "text" : "tux",
      "tokenType" : "LowercaseAlphabetic",
      "lemma" : "tux",
      "partOfSpeech" : "NN",
      "whiteSpace" : false
    }, {
      "id" : "s3-t21",
      "begin" : 172,
      "end" : 173,
      "text" : ",",
      "tokenType" : "ClauseEndingPunctuation",
      "partOfSpeech" : ",",
      "whiteSpace" : false
    }, {
      "id" : "s3-t22",
      "begin" : 174,
      "end" : 176,
      "text" : "it",
      "tokenType" : "LowercaseAlphabetic",
      "lemma" : "it",
      "partOfSpeech" : "PRP",
      "whiteSpace" : false
    }, {
      "id" : "s3-t23",
      "begin" : 177,
      "end" : 179,
      "text" : "is",
      "tokenType" : "LowercaseAlphabetic",
      "lemma" : "be",
      "partOfSpeech" : "VBZ",
      "whiteSpace" : false
    }, {
      "id" : "s3-t24",
      "begin" : 180,
      "end" : 186,
      "text" : "really",
      "tokenType" : "LowercaseAlphabetic",
      "lemma" : "really",
      "partOfSpeech" : "RB",
      "whiteSpace" : false
    }, {
      "id" : "s3-t25",
      "begin" : 187,
      "end" : 193,
      "text" : "better",
      "tokenType" : "LowercaseAlphabetic",
      "lemma" : "good",
      "partOfSpeech" : "JJR",
      "whiteSpace" : false
    }, {
      "id" : "s3-t26",
      "begin" : 194,
      "end" : 198,
      "text" : "than",
      "tokenType" : "LowercaseAlphabetic",
      "lemma" : "than",
      "partOfSpeech" : "IN",
      "whiteSpace" : false
    }, {
      "id" : "s3-t27",
      "begin" : 199,
      "end" : 200,
      "text" : "I",
      "tokenType" : "UppercaseAlphabetic",
      "lemma" : "I",
      "partOfSpeech" : "PRP",
      "whiteSpace" : false
    }, {
      "id" : "s3-t28",
      "begin" : 201,
      "end" : 209,
      "text" : "expected",
      "tokenType" : "LowercaseAlphabetic",
      "lemma" : "expect",
      "partOfSpeech" : "VBN",
      "whiteSpace" : false
    }, {
      "id" : "s3-t29",
      "begin" : 210,
      "end" : 213,
      "text" : "and",
      "tokenType" : "LowercaseAlphabetic",
      "lemma" : "and",
      "partOfSpeech" : "CC",
      "whiteSpace" : false
    }, {
      "id" : "s3-t30",
      "begin" : 214,
      "end" : 215,
      "text" : "I",
      "tokenType" : "UppercaseAlphabetic",
      "lemma" : "I",
      "partOfSpeech" : "PRP",
      "whiteSpace" : false
    }, {
      "id" : "s3-t31",
      "begin" : 216,
      "end" : 224,
      "text" : "expected",
      "tokenType" : "LowercaseAlphabetic",
      "lemma" : "expect",
      "partOfSpeech" : "VBD",
      "whiteSpace" : false
    }, {
      "id" : "s3-t32",
      "begin" : 225,
      "end" : 226,
      "text" : "a",
      "tokenType" : "LowercaseAlphabetic",
      "lemma" : "a",
      "partOfSpeech" : "DT",
      "whiteSpace" : false
    }, {
      "id" : "s3-t33",
      "begin" : 227,
      "end" : 230,
      "text" : "lot",
      "tokenType" : "LowercaseAlphabetic",
      "lemma" : "lot",
      "partOfSpeech" : "NN",
      "whiteSpace" : false
    }, {
      "id" : "s3-t34",
      "begin" : 230,
      "end" : 231,
      "text" : ".",
      "tokenType" : "ClauseEndingPunctuation",
      "partOfSpeech" : ".",
      "whiteSpace" : false
    } ]
  }, {
    "id" : "s4",
    "begin" : 232,
    "end" : 288,
    "text" : "Of course the pants need to be hemed but that's a given.",
    "tokens" : [ {
      "id" : "s4-t0",
      "begin" : 232,
      "end" : 234,
      "text" : "Of",
      "tokenType" : "TitlecaseAlphabetic",
      "lemma" : "of",
      "partOfSpeech" : "IN",
      "whiteSpace" : false
    }, {
      "id" : "s4-t1",
      "begin" : 235,
      "end" : 241,
      "text" : "course",
      "tokenType" : "LowercaseAlphabetic",
      "lemma" : "course",
      "partOfSpeech" : "NN",
      "whiteSpace" : false
    }, {
      "id" : "s4-t2",
      "begin" : 242,
      "end" : 245,
      "text" : "the",
      "tokenType" : "LowercaseAlphabetic",
      "lemma" : "the",
      "partOfSpeech" : "DT",
      "whiteSpace" : false
    }, {
      "id" : "s4-t3",
      "begin" : 246,
      "end" : 251,
      "text" : "pants",
      "tokenType" : "LowercaseAlphabetic",
      "lemma" : "pant",
      "partOfSpeech" : "NNS",
      "whiteSpace" : false
    }, {
      "id" : "s4-t4",
      "begin" : 252,
      "end" : 256,
      "text" : "need",
      "tokenType" : "LowercaseAlphabetic",
      "lemma" : "need",
      "partOfSpeech" : "VBP",
      "whiteSpace" : false
    }, {
      "id" : "s4-t5",
      "begin" : 257,
      "end" : 259,
      "text" : "to",
      "tokenType" : "LowercaseAlphabetic",
      "lemma" : "to",
      "partOfSpeech" : "TO",
      "whiteSpace" : false
    }, {
      "id" : "s4-t6",
      "begin" : 260,
      "end" : 262,
      "text" : "be",
      "tokenType" : "LowercaseAlphabetic",
      "lemma" : "be",
      "partOfSpeech" : "VB",
      "whiteSpace" : false
    }, {
      "id" : "s4-t7",
      "begin" : 263,
      "end" : 268,
      "text" : "hemed",
      "tokenType" : "LowercaseAlphabetic",
      "lemma" : "heme",
      "partOfSpeech" : "VBN",
      "whiteSpace" : false
    }, {
      "id" : "s4-t8",
      "begin" : 269,
      "end" : 272,
      "text" : "but",
      "tokenType" : "LowercaseAlphabetic",
      "lemma" : "but",
      "partOfSpeech" : "CC",
      "whiteSpace" : false
    }, {
      "id" : "s4-t9",
      "begin" : 273,
      "end" : 277,
      "text" : "that",
      "tokenType" : "LowercaseAlphabetic",
      "lemma" : "that",
      "partOfSpeech" : "DT",
      "whiteSpace" : false
    }, {
      "id" : "s4-t10",
      "begin" : 277,
      "end" : 279,
      "text" : "'s",
      "tokenType" : "TokenAnnotation",
      "lemma" : "be",
      "partOfSpeech" : "VBZ",
      "whiteSpace" : false
    }, {
      "id" : "s4-t11",
      "begin" : 280,
      "end" : 281,
      "text" : "a",
      "tokenType" : "LowercaseAlphabetic",
      "lemma" : "a",
      "partOfSpeech" : "DT",
      "whiteSpace" : false
    }, {
      "id" : "s4-t12",
      "begin" : 282,
      "end" : 287,
      "text" : "given",
      "tokenType" : "LowercaseAlphabetic",
      "lemma" : "given",
      "partOfSpeech" : "NN",
      "whiteSpace" : false
    }, {
      "id" : "s4-t13",
      "begin" : 287,
      "end" : 288,
      "text" : ".",
      "tokenType" : "ClauseEndingPunctuation",
      "partOfSpeech" : ".",
      "whiteSpace" : false
    } ]
  }, {
    "id" : "s5",
    "begin" : 289,
    "end" : 327,
    "text" : "The pleated pants look and feel great.",
    "tokens" : [ {
      "id" : "s5-t0",
      "begin" : 289,
      "end" : 292,
      "text" : "The",
      "tokenType" : "TitlecaseAlphabetic",
      "lemma" : "the",
      "partOfSpeech" : "DT",
      "whiteSpace" : false
    }, {
      "id" : "s5-t1",
      "begin" : 293,
      "end" : 300,
      "text" : "pleated",
      "tokenType" : "LowercaseAlphabetic",
      "lemma" : "pleat",
      "partOfSpeech" : "JJ",
      "whiteSpace" : false
    }, {
      "id" : "s5-t2",
      "begin" : 301,
      "end" : 306,
      "text" : "pants",
      "tokenType" : "LowercaseAlphabetic",
      "lemma" : "pant",
      "partOfSpeech" : "NNS",
      "whiteSpace" : false
    }, {
      "id" : "s5-t3",
      "begin" : 307,
      "end" : 311,
      "text" : "look",
      "tokenType" : "LowercaseAlphabetic",
      "lemma" : "look",
      "partOfSpeech" : "VBP",
      "whiteSpace" : false
    }, {
      "id" : "s5-t4",
      "begin" : 312,
      "end" : 315,
      "text" : "and",
      "tokenType" : "LowercaseAlphabetic",
      "lemma" : "and",
      "partOfSpeech" : "CC",
      "whiteSpace" : false
    }, {
      "id" : "s5-t5",
      "begin" : 316,
      "end" : 320,
      "text" : "feel",
      "tokenType" : "LowercaseAlphabetic",
      "lemma" : "feel",
      "partOfSpeech" : "VB",
      "whiteSpace" : false
    }, {
      "id" : "s5-t6",
      "begin" : 321,
      "end" : 326,
      "text" : "great",
      "tokenType" : "LowercaseAlphabetic",
      "lemma" : "great",
      "partOfSpeech" : "JJ",
      "whiteSpace" : false
    }, {
      "id" : "s5-t7",
      "begin" : 326,
      "end" : 327,
      "text" : ".",
      "tokenType" : "ClauseEndingPunctuation",
      "partOfSpeech" : ".",
      "whiteSpace" : false
    } ]
  }, {
    "id" : "s6",
    "begin" : 328,
    "end" : 400,
    "text" : "I was apprehensive about getting the pleated pants, but these are great.",
    "tokens" : [ {
      "id" : "s6-t0",
      "begin" : 328,
      "end" : 329,
      "text" : "I",
      "tokenType" : "UppercaseAlphabetic",
      "lemma" : "I",
      "partOfSpeech" : "PRP",
      "whiteSpace" : false
    }, {
      "id" : "s6-t1",
      "begin" : 330,
      "end" : 333,
      "text" : "was",
      "tokenType" : "LowercaseAlphabetic",
      "lemma" : "be",
      "partOfSpeech" : "VBD",
      "whiteSpace" : false
    }, {
      "id" : "s6-t2",
      "begin" : 334,
      "end" : 346,
      "text" : "apprehensive",
      "tokenType" : "LowercaseAlphabetic",
      "lemma" : "apprehensive",
      "partOfSpeech" : "JJ",
      "whiteSpace" : false
    }, {
      "id" : "s6-t3",
      "begin" : 347,
      "end" : 352,
      "text" : "about",
      "tokenType" : "LowercaseAlphabetic",
      "lemma" : "about",
      "partOfSpeech" : "IN",
      "whiteSpace" : false
    }, {
      "id" : "s6-t4",
      "begin" : 353,
      "end" : 360,
      "text" : "getting",
      "tokenType" : "LowercaseAlphabetic",
      "lemma" : "get",
      "partOfSpeech" : "VBG",
      "whiteSpace" : false
    }, {
      "id" : "s6-t5",
      "begin" : 361,
      "end" : 364,
      "text" : "the",
      "tokenType" : "LowercaseAlphabetic",
      "lemma" : "the",
      "partOfSpeech" : "DT",
      "whiteSpace" : false
    }, {
      "id" : "s6-t6",
      "begin" : 365,
      "end" : 372,
      "text" : "pleated",
      "tokenType" : "LowercaseAlphabetic",
      "lemma" : "pleat",
      "partOfSpeech" : "JJ",
      "whiteSpace" : false
    }, {
      "id" : "s6-t7",
      "begin" : 373,
      "end" : 378,
      "text" : "pants",
      "tokenType" : "LowercaseAlphabetic",
      "lemma" : "pant",
      "partOfSpeech" : "NNS",
      "whiteSpace" : false
    }, {
      "id" : "s6-t8",
      "begin" : 378,
      "end" : 379,
      "text" : ",",
      "tokenType" : "ClauseEndingPunctuation",
      "partOfSpeech" : ",",
      "whiteSpace" : false
    }, {
      "id" : "s6-t9",
      "begin" : 380,
      "end" : 383,
      "text" : "but",
      "tokenType" : "LowercaseAlphabetic",
      "lemma" : "but",
      "partOfSpeech" : "CC",
      "whiteSpace" : false
    }, {
      "id" : "s6-t10",
      "begin" : 384,
      "end" : 389,
      "text" : "these",
      "tokenType" : "LowercaseAlphabetic",
      "lemma" : "this",
      "partOfSpeech" : "DT",
      "whiteSpace" : false
    }, {
      "id" : "s6-t11",
      "begin" : 390,
      "end" : 393,
      "text" : "are",
      "tokenType" : "LowercaseAlphabetic",
      "lemma" : "be",
      "partOfSpeech" : "VBP",
      "whiteSpace" : false
    }, {
      "id" : "s6-t12",
      "begin" : 394,
      "end" : 399,
      "text" : "great",
      "tokenType" : "LowercaseAlphabetic",
      "lemma" : "great",
      "partOfSpeech" : "JJ",
      "whiteSpace" : false
    }, {
      "id" : "s6-t13",
      "begin" : 399,
      "end" : 400,
      "text" : ".",
      "tokenType" : "ClauseEndingPunctuation",
      "partOfSpeech" : ".",
      "whiteSpace" : false
    } ]
  }, {
    "id" : "s7",
    "begin" : 401,
    "end" : 438,
    "text" : "Can't even notice with the jacket on.",
    "tokens" : [ {
      "id" : "s7-t0",
      "begin" : 401,
      "end" : 403,
      "text" : "Ca",
      "tokenType" : "TitlecaseAlphabetic",
      "lemma" : "can",
      "partOfSpeech" : "MD",
      "whiteSpace" : false
    }, {
      "id" : "s7-t1",
      "begin" : 403,
      "end" : 406,
      "text" : "n't",
      "tokenType" : "TokenAnnotation",
      "lemma" : "not",
      "partOfSpeech" : "RB",
      "whiteSpace" : false
    }, {
      "id" : "s7-t2",
      "begin" : 407,
      "end" : 411,
      "text" : "even",
      "tokenType" : "LowercaseAlphabetic",
      "lemma" : "even",
      "partOfSpeech" : "RB",
      "whiteSpace" : false
    }, {
      "id" : "s7-t3",
      "begin" : 412,
      "end" : 418,
      "text" : "notice",
      "tokenType" : "LowercaseAlphabetic",
      "lemma" : "notice",
      "partOfSpeech" : "NN",
      "whiteSpace" : false
    }, {
      "id" : "s7-t4",
      "begin" : 419,
      "end" : 423,
      "text" : "with",
      "tokenType" : "LowercaseAlphabetic",
      "lemma" : "with",
      "partOfSpeech" : "IN",
      "whiteSpace" : false
    }, {
      "id" : "s7-t5",
      "begin" : 424,
      "end" : 427,
      "text" : "the",
      "tokenType" : "LowercaseAlphabetic",
      "lemma" : "the",
      "partOfSpeech" : "DT",
      "whiteSpace" : false
    }, {
      "id" : "s7-t6",
      "begin" : 428,
      "end" : 434,
      "text" : "jacket",
      "tokenType" : "LowercaseAlphabetic",
      "lemma" : "jacket",
      "partOfSpeech" : "NN",
      "whiteSpace" : false
    }, {
      "id" : "s7-t7",
      "begin" : 435,
      "end" : 437,
      "text" : "on",
      "tokenType" : "LowercaseAlphabetic",
      "lemma" : "on",
      "partOfSpeech" : "IN",
      "whiteSpace" : false
    }, {
      "id" : "s7-t8",
      "begin" : 437,
      "end" : 438,
      "text" : ".",
      "tokenType" : "ClauseEndingPunctuation",
      "partOfSpeech" : ".",
      "whiteSpace" : false
    } ]
  }, {
    "id" : "s8",
    "begin" : 439,
    "end" : 452,
    "text" : "Get this tux!",
    "tokens" : [ {
      "id" : "s8-t0",
      "begin" : 439,
      "end" : 442,
      "text" : "Get",
      "tokenType" : "TitlecaseAlphabetic",
      "lemma" : "get",
      "partOfSpeech" : "VB",
      "whiteSpace" : false
    }, {
      "id" : "s8-t1",
      "begin" : 443,
      "end" : 447,
      "text" : "this",
      "tokenType" : "LowercaseAlphabetic",
      "lemma" : "this",
      "partOfSpeech" : "DT",
      "whiteSpace" : false
    }, {
      "id" : "s8-t2",
      "begin" : 448,
      "end" : 451,
      "text" : "tux",
      "tokenType" : "LowercaseAlphabetic",
      "lemma" : "tux",
      "partOfSpeech" : "NN",
      "whiteSpace" : false
    }, {
      "id" : "s8-t3",
      "begin" : 451,
      "end" : 452,
      "text" : "!",
      "tokenType" : "ClauseEndingPunctuation",
      "partOfSpeech" : ".",
      "whiteSpace" : false
    } ]
  }, {
    "id" : "s9",
    "begin" : 453,
    "end" : 479,
    "text" : "You won't be disappointed!",
    "tokens" : [ {
      "id" : "s9-t0",
      "begin" : 453,
      "end" : 456,
      "text" : "You",
      "tokenType" : "TitlecaseAlphabetic",
      "lemma" : "you",
      "partOfSpeech" : "PRP",
      "whiteSpace" : false
    }, {
      "id" : "s9-t1",
      "begin" : 457,
      "end" : 459,
      "text" : "wo",
      "tokenType" : "LowercaseAlphabetic",
      "lemma" : "will",
      "partOfSpeech" : "MD",
      "whiteSpace" : false
    }, {
      "id" : "s9-t2",
      "begin" : 459,
      "end" : 462,
      "text" : "n't",
      "tokenType" : "TokenAnnotation",
      "lemma" : "not",
      "partOfSpeech" : "RB",
      "whiteSpace" : false
    }, {
      "id" : "s9-t3",
      "begin" : 463,
      "end" : 465,
      "text" : "be",
      "tokenType" : "LowercaseAlphabetic",
      "lemma" : "be",
      "partOfSpeech" : "VB",
      "whiteSpace" : false
    }, {
      "id" : "s9-t4",
      "begin" : 466,
      "end" : 478,
      "text" : "disappointed",
      "tokenType" : "LowercaseAlphabetic",
      "lemma" : "disappoint",
      "partOfSpeech" : "VBN",
      "whiteSpace" : false
    }, {
      "id" : "s9-t5",
      "begin" : 478,
      "end" : 479,
      "text" : "!",
      "tokenType" : "ClauseEndingPunctuation",
      "partOfSpeech" : ".",
      "whiteSpace" : false
    } ]
  } ],
  "mentions" : [ {
    "id" : "s0-m2",
    "properties" : {
      "SIRE_MENTION_ROLE" : "Descriptor",
      "SIRE_ENTITY_SUBTYPE" : "NONE",
      "SIRE_MENTION_TYPE" : "NONE",
      "SIRE_MENTION_CLASS" : "SPC"
    },
    "type" : "Descriptor",
    "begin" : 0,
    "end" : 9,
    "inCoref" : false
  }, {
    "id" : "s0-m1",
    "properties" : {
      "SIRE_MENTION_ROLE" : "Product",
      "SIRE_ENTITY_SUBTYPE" : "NONE",
      "SIRE_MENTION_TYPE" : "NONE",
      "SIRE_MENTION_CLASS" : "SPC"
    },
    "type" : "Product",
    "begin" : 10,
    "end" : 16,
    "inCoref" : true
  }, {
    "id" : "s1-m1",
    "properties" : {
      "SIRE_MENTION_ROLE" : "Descriptor",
      "SIRE_ENTITY_SUBTYPE" : "NONE",
      "SIRE_MENTION_TYPE" : "NONE",
      "SIRE_MENTION_CLASS" : "SPC"
    },
    "type" : "Descriptor",
    "begin" : 28,
    "end" : 40,
    "inCoref" : false
  }, {
    "id" : "s1-m2",
    "properties" : {
      "SIRE_MENTION_ROLE" : "Feature",
      "SIRE_ENTITY_SUBTYPE" : "NONE",
      "SIRE_MENTION_TYPE" : "NONE",
      "SIRE_MENTION_CLASS" : "SPC"
    },
    "type" : "Feature",
    "begin" : 48,
    "end" : 60,
    "inCoref" : false
  }, {
    "id" : "s2-m1",
    "properties" : {
      "SIRE_MENTION_ROLE" : "Descriptor",
      "SIRE_ENTITY_SUBTYPE" : "NONE",
      "SIRE_MENTION_TYPE" : "NONE",
      "SIRE_MENTION_CLASS" : "SPC"
    },
    "type" : "Descriptor",
    "begin" : 74,
    "end" : 81,
    "inCoref" : false
  }, {
    "id" : "s3-m0",
    "properties" : {
      "SIRE_MENTION_CLASS" : "SPC",
      "SIRE_ENTITY_SUBTYPE" : "NONE",
      "SIRE_MENTION_TYPE" : "NONE",
      "SIRE_MENTION_ROLE" : "Consumer"
    },
    "type" : "Consumer",
    "begin" : 91,
    "end" : 92,
    "inCoref" : true
  }, {
    "id" : "s3-m1",
    "properties" : {
      "SIRE_MENTION_CLASS" : "SPC",
      "SIRE_ENTITY_SUBTYPE" : "NONE",
      "SIRE_MENTION_TYPE" : "NONE",
      "SIRE_MENTION_ROLE" : "Consumer"
    },
    "type" : "Consumer",
    "begin" : 123,
    "end" : 124,
    "inCoref" : true
  }, {
    "id" : "s3-m2",
    "properties" : {
      "SIRE_MENTION_CLASS" : "SPC",
      "SIRE_ENTITY_SUBTYPE" : "NONE",
      "SIRE_MENTION_TYPE" : "NONE",
      "SIRE_MENTION_ROLE" : "Company"
    },
    "type" : "Company",
    "begin" : 156,
    "end" : 168,
    "inCoref" : false
  }, {
    "id" : "s3-m6",
    "properties" : {
      "SIRE_MENTION_ROLE" : "Product",
      "SIRE_ENTITY_SUBTYPE" : "NONE",
      "SIRE_MENTION_TYPE" : "NONE",
      "SIRE_MENTION_CLASS" : "SPC"
    },
    "type" : "Product",
    "begin" : 169,
    "end" : 172,
    "inCoref" : true
  }, {
    "id" : "s3-m3",
    "properties" : {
      "SIRE_MENTION_CLASS" : "SPC",
      "SIRE_ENTITY_SUBTYPE" : "NONE",
      "SIRE_MENTION_TYPE" : "NONE",
      "SIRE_MENTION_ROLE" : "Consumer"
    },
    "type" : "Consumer",
    "begin" : 199,
    "end" : 200,
    "inCoref" : true
  }, {
    "id" : "s3-m4",
    "properties" : {
      "SIRE_MENTION_CLASS" : "SPC",
      "SIRE_ENTITY_SUBTYPE" : "NONE",
      "SIRE_MENTION_TYPE" : "NONE",
      "SIRE_MENTION_ROLE" : "Consumer"
    },
    "type" : "Consumer",
    "begin" : 214,
    "end" : 215,
    "inCoref" : true
  }, {
    "id" : "s4-m1",
    "properties" : {
      "SIRE_MENTION_ROLE" : "Feature",
      "SIRE_ENTITY_SUBTYPE" : "NONE",
      "SIRE_MENTION_TYPE" : "NONE",
      "SIRE_MENTION_CLASS" : "SPC"
    },
    "type" : "Feature",
    "begin" : 246,
    "end" : 251,
    "inCoref" : true
  }, {
    "id" : "s5-m4",
    "properties" : {
      "SIRE_MENTION_ROLE" : "Feature",
      "SIRE_ENTITY_SUBTYPE" : "NONE",
      "SIRE_MENTION_TYPE" : "NONE",
      "SIRE_MENTION_CLASS" : "SPC"
    },
    "type" : "Feature",
    "begin" : 293,
    "end" : 306,
    "inCoref" : true
  }, {
    "id" : "s5-m3",
    "properties" : {
      "SIRE_MENTION_ROLE" : "Descriptor",
      "SIRE_ENTITY_SUBTYPE" : "NONE",
      "SIRE_MENTION_TYPE" : "NONE",
      "SIRE_MENTION_CLASS" : "SPC"
    },
    "type" : "Descriptor",
    "begin" : 307,
    "end" : 327,
    "inCoref" : false
  }, {
    "id" : "s6-m0",
    "properties" : {
      "SIRE_MENTION_CLASS" : "SPC",
      "SIRE_ENTITY_SUBTYPE" : "NONE",
      "SIRE_MENTION_TYPE" : "NONE",
      "SIRE_MENTION_ROLE" : "Consumer"
    },
    "type" : "Consumer",
    "begin" : 328,
    "end" : 329,
    "inCoref" : true
  }, {
    "id" : "s6-m2",
    "properties" : {
      "SIRE_MENTION_ROLE" : "Feature",
      "SIRE_ENTITY_SUBTYPE" : "NONE",
      "SIRE_MENTION_TYPE" : "NONE",
      "SIRE_MENTION_CLASS" : "SPC"
    },
    "type" : "Feature",
    "begin" : 365,
    "end" : 378,
    "inCoref" : true
  }, {
    "id" : "s6-m3",
    "properties" : {
      "SIRE_MENTION_ROLE" : "Descriptor",
      "SIRE_ENTITY_SUBTYPE" : "NONE",
      "SIRE_MENTION_TYPE" : "NONE",
      "SIRE_MENTION_CLASS" : "SPC"
    },
    "type" : "Descriptor",
    "begin" : 394,
    "end" : 399,
    "inCoref" : false
  }, {
    "id" : "s7-m1",
    "properties" : {
      "SIRE_MENTION_ROLE" : "Feature",
      "SIRE_ENTITY_SUBTYPE" : "NONE",
      "SIRE_MENTION_TYPE" : "NONE",
      "SIRE_MENTION_CLASS" : "SPC"
    },
    "type" : "Feature",
    "begin" : 428,
    "end" : 434,
    "inCoref" : false
  }, {
    "id" : "s8-m1",
    "properties" : {
      "SIRE_MENTION_ROLE" : "Product",
      "SIRE_ENTITY_SUBTYPE" : "NONE",
      "SIRE_MENTION_TYPE" : "NONE",
      "SIRE_MENTION_CLASS" : "SPC"
    },
    "type" : "Product",
    "begin" : 448,
    "end" : 451,
    "inCoref" : true
  } ],
  "relations" : [ {
    "id" : "s0-r1",
    "properties" : { },
    "type" : "hasQuality",
    "args" : [ "s0-m1", "s0-m2" ]
  }, {
    "id" : "s1-r1",
    "properties" : { },
    "type" : "hasQuality",
    "args" : [ "s1-m2", "s1-m1" ]
  }, {
    "id" : "s3-r1",
    "properties" : { },
    "type" : "madeBy",
    "args" : [ "s3-m6", "s3-m2" ]
  }, {
    "id" : "s5-r1",
    "properties" : { },
    "type" : "hasQuality",
    "args" : [ "s5-m4", "s5-m3" ]
  }, {
    "id" : "s6-r1",
    "properties" : { },
    "type" : "hasQuality",
    "args" : [ "s6-m2", "s6-m3" ]
  } ],
  "corefs" : [ {
    "id" : "c1",
    "properties" : { },
    "mentions" : [ "s3-m0", "s3-m3", "s3-m4", "s3-m1", "s6-m0" ]
  }, {
    "id" : "c2",
    "properties" : { },
    "mentions" : [ "s3-m6", "s0-m1", "s8-m1" ]
  }, {
    "id" : "c3",
    "properties" : { },
    "mentions" : [ "s4-m1", "s5-m4", "s6-m2" ]
  } ],
  "typeResolved" : true,
  "userResolved" : true
}