{
  "id" : "a4d67795-6a55-4af2-8249-ff84f7863130-17",
  "modifiedDate" : 1467753254135,
  "name" : "review92.txt",
  "version" : 2,
  "text" : "when i received the package i noticed that its a very slim belt its only 30 mm wide, then i started wearing it , the brown side gets scratched very easily , and the top edges gets shred very easily i have it for a month now and it looks awful now , dont recomment it to any body , however the buckle looks very good.\n",
  "docLength" : 317,
  "language" : "EN",
  "status" : "SUBMITTED",
  "documentSet" : [ ],
  "sentences" : [ {
    "id" : "s0",
    "begin" : 0,
    "end" : 316,
    "text" : "when i received the package i noticed that its a very slim belt its only 30 mm wide, then i started wearing it , the brown side gets scratched very easily , and the top edges gets shred very easily i have it for a month now and it looks awful now , dont recomment it to any body , however the buckle looks very good.",
    "tokens" : [ {
      "id" : "s0-t0",
      "begin" : 0,
      "end" : 4,
      "text" : "when",
      "tokenType" : "LowercaseAlphabetic",
      "lemma" : "when",
      "partOfSpeech" : "WRB",
      "whiteSpace" : false
    }, {
      "id" : "s0-t1",
      "begin" : 5,
      "end" : 6,
      "text" : "i",
      "tokenType" : "LowercaseAlphabetic",
      "lemma" : "I",
      "partOfSpeech" : "PRP",
      "whiteSpace" : false
    }, {
      "id" : "s0-t2",
      "begin" : 7,
      "end" : 15,
      "text" : "received",
      "tokenType" : "LowercaseAlphabetic",
      "lemma" : "receive",
      "partOfSpeech" : "VBD",
      "whiteSpace" : false
    }, {
      "id" : "s0-t3",
      "begin" : 16,
      "end" : 19,
      "text" : "the",
      "tokenType" : "LowercaseAlphabetic",
      "lemma" : "the",
      "partOfSpeech" : "DT",
      "whiteSpace" : false
    }, {
      "id" : "s0-t4",
      "begin" : 20,
      "end" : 27,
      "text" : "package",
      "tokenType" : "LowercaseAlphabetic",
      "lemma" : "package",
      "partOfSpeech" : "NN",
      "whiteSpace" : false
    }, {
      "id" : "s0-t5",
      "begin" : 28,
      "end" : 29,
      "text" : "i",
      "tokenType" : "LowercaseAlphabetic",
      "lemma" : "I",
      "partOfSpeech" : "PRP",
      "whiteSpace" : false
    }, {
      "id" : "s0-t6",
      "begin" : 30,
      "end" : 37,
      "text" : "noticed",
      "tokenType" : "LowercaseAlphabetic",
      "lemma" : "notice",
      "partOfSpeech" : "VBD",
      "whiteSpace" : false
    }, {
      "id" : "s0-t7",
      "begin" : 38,
      "end" : 42,
      "text" : "that",
      "tokenType" : "LowercaseAlphabetic",
      "lemma" : "that",
      "partOfSpeech" : "IN",
      "whiteSpace" : false
    }, {
      "id" : "s0-t8",
      "begin" : 43,
      "end" : 46,
      "text" : "its",
      "tokenType" : "LowercaseAlphabetic",
      "lemma" : "it",
      "partOfSpeech" : "PRP$",
      "whiteSpace" : false
    }, {
      "id" : "s0-t9",
      "begin" : 47,
      "end" : 48,
      "text" : "a",
      "tokenType" : "LowercaseAlphabetic",
      "lemma" : "a",
      "partOfSpeech" : "DT",
      "whiteSpace" : false
    }, {
      "id" : "s0-t10",
      "begin" : 49,
      "end" : 53,
      "text" : "very",
      "tokenType" : "LowercaseAlphabetic",
      "lemma" : "very",
      "partOfSpeech" : "RB",
      "whiteSpace" : false
    }, {
      "id" : "s0-t11",
      "begin" : 54,
      "end" : 58,
      "text" : "slim",
      "tokenType" : "LowercaseAlphabetic",
      "lemma" : "slim",
      "partOfSpeech" : "JJ",
      "whiteSpace" : false
    }, {
      "id" : "s0-t12",
      "begin" : 59,
      "end" : 63,
      "text" : "belt",
      "tokenType" : "LowercaseAlphabetic",
      "lemma" : "belt",
      "partOfSpeech" : "NN",
      "whiteSpace" : false
    }, {
      "id" : "s0-t13",
      "begin" : 64,
      "end" : 67,
      "text" : "its",
      "tokenType" : "LowercaseAlphabetic",
      "lemma" : "it",
      "partOfSpeech" : "PRP$",
      "whiteSpace" : false
    }, {
      "id" : "s0-t14",
      "begin" : 68,
      "end" : 72,
      "text" : "only",
      "tokenType" : "LowercaseAlphabetic",
      "lemma" : "only",
      "partOfSpeech" : "RB",
      "whiteSpace" : false
    }, {
      "id" : "s0-t15",
      "begin" : 73,
      "end" : 75,
      "text" : "30",
      "tokenType" : "Numeric",
      "partOfSpeech" : "CD",
      "whiteSpace" : false
    }, {
      "id" : "s0-t16",
      "begin" : 76,
      "end" : 78,
      "text" : "mm",
      "tokenType" : "LowercaseAlphabetic",
      "partOfSpeech" : "NN",
      "whiteSpace" : false
    }, {
      "id" : "s0-t17",
      "begin" : 79,
      "end" : 83,
      "text" : "wide",
      "tokenType" : "LowercaseAlphabetic",
      "lemma" : "wide",
      "partOfSpeech" : "JJ",
      "whiteSpace" : false
    }, {
      "id" : "s0-t18",
      "begin" : 83,
      "end" : 84,
      "text" : ",",
      "tokenType" : "ClauseEndingPunctuation",
      "partOfSpeech" : ",",
      "whiteSpace" : false
    }, {
      "id" : "s0-t19",
      "begin" : 85,
      "end" : 89,
      "text" : "then",
      "tokenType" : "LowercaseAlphabetic",
      "lemma" : "then",
      "partOfSpeech" : "RB",
      "whiteSpace" : false
    }, {
      "id" : "s0-t20",
      "begin" : 90,
      "end" : 91,
      "text" : "i",
      "tokenType" : "LowercaseAlphabetic",
      "lemma" : "I",
      "partOfSpeech" : "PRP",
      "whiteSpace" : false
    }, {
      "id" : "s0-t21",
      "begin" : 92,
      "end" : 99,
      "text" : "started",
      "tokenType" : "LowercaseAlphabetic",
      "lemma" : "start",
      "partOfSpeech" : "VBD",
      "whiteSpace" : false
    }, {
      "id" : "s0-t22",
      "begin" : 100,
      "end" : 107,
      "text" : "wearing",
      "tokenType" : "LowercaseAlphabetic",
      "lemma" : "wear",
      "partOfSpeech" : "VBG",
      "whiteSpace" : false
    }, {
      "id" : "s0-t23",
      "begin" : 108,
      "end" : 110,
      "text" : "it",
      "tokenType" : "LowercaseAlphabetic",
      "lemma" : "it",
      "partOfSpeech" : "PRP",
      "whiteSpace" : false
    }, {
      "id" : "s0-t24",
      "begin" : 111,
      "end" : 112,
      "text" : ",",
      "tokenType" : "ClauseEndingPunctuation",
      "partOfSpeech" : ",",
      "whiteSpace" : false
    }, {
      "id" : "s0-t25",
      "begin" : 113,
      "end" : 116,
      "text" : "the",
      "tokenType" : "LowercaseAlphabetic",
      "lemma" : "the",
      "partOfSpeech" : "DT",
      "whiteSpace" : false
    }, {
      "id" : "s0-t26",
      "begin" : 117,
      "end" : 122,
      "text" : "brown",
      "tokenType" : "LowercaseAlphabetic",
      "lemma" : "brown",
      "partOfSpeech" : "JJ",
      "whiteSpace" : false
    }, {
      "id" : "s0-t27",
      "begin" : 123,
      "end" : 127,
      "text" : "side",
      "tokenType" : "LowercaseAlphabetic",
      "lemma" : "side",
      "partOfSpeech" : "NN",
      "whiteSpace" : false
    }, {
      "id" : "s0-t28",
      "begin" : 128,
      "end" : 132,
      "text" : "gets",
      "tokenType" : "LowercaseAlphabetic",
      "lemma" : "get",
      "partOfSpeech" : "VBZ",
      "whiteSpace" : false
    }, {
      "id" : "s0-t29",
      "begin" : 133,
      "end" : 142,
      "text" : "scratched",
      "tokenType" : "LowercaseAlphabetic",
      "lemma" : "scratch",
      "partOfSpeech" : "VBN",
      "whiteSpace" : false
    }, {
      "id" : "s0-t30",
      "begin" : 143,
      "end" : 147,
      "text" : "very",
      "tokenType" : "LowercaseAlphabetic",
      "lemma" : "very",
      "partOfSpeech" : "RB",
      "whiteSpace" : false
    }, {
      "id" : "s0-t31",
      "begin" : 148,
      "end" : 154,
      "text" : "easily",
      "tokenType" : "LowercaseAlphabetic",
      "lemma" : "easily",
      "partOfSpeech" : "RB",
      "whiteSpace" : false
    }, {
      "id" : "s0-t32",
      "begin" : 155,
      "end" : 156,
      "text" : ",",
      "tokenType" : "ClauseEndingPunctuation",
      "partOfSpeech" : ",",
      "whiteSpace" : false
    }, {
      "id" : "s0-t33",
      "begin" : 157,
      "end" : 160,
      "text" : "and",
      "tokenType" : "LowercaseAlphabetic",
      "lemma" : "and",
      "partOfSpeech" : "CC",
      "whiteSpace" : false
    }, {
      "id" : "s0-t34",
      "begin" : 161,
      "end" : 164,
      "text" : "the",
      "tokenType" : "LowercaseAlphabetic",
      "lemma" : "the",
      "partOfSpeech" : "DT",
      "whiteSpace" : false
    }, {
      "id" : "s0-t35",
      "begin" : 165,
      "end" : 168,
      "text" : "top",
      "tokenType" : "LowercaseAlphabetic",
      "lemma" : "top",
      "partOfSpeech" : "JJ",
      "whiteSpace" : false
    }, {
      "id" : "s0-t36",
      "begin" : 169,
      "end" : 174,
      "text" : "edges",
      "tokenType" : "LowercaseAlphabetic",
      "lemma" : "edge",
      "partOfSpeech" : "NNS",
      "whiteSpace" : false
    }, {
      "id" : "s0-t37",
      "begin" : 175,
      "end" : 179,
      "text" : "gets",
      "tokenType" : "LowercaseAlphabetic",
      "lemma" : "get",
      "partOfSpeech" : "VBZ",
      "whiteSpace" : false
    }, {
      "id" : "s0-t38",
      "begin" : 180,
      "end" : 185,
      "text" : "shred",
      "tokenType" : "LowercaseAlphabetic",
      "lemma" : "shred",
      "partOfSpeech" : "VBN",
      "whiteSpace" : false
    }, {
      "id" : "s0-t39",
      "begin" : 186,
      "end" : 190,
      "text" : "very",
      "tokenType" : "LowercaseAlphabetic",
      "lemma" : "very",
      "partOfSpeech" : "RB",
      "whiteSpace" : false
    }, {
      "id" : "s0-t40",
      "begin" : 191,
      "end" : 197,
      "text" : "easily",
      "tokenType" : "LowercaseAlphabetic",
      "lemma" : "easily",
      "partOfSpeech" : "RB",
      "whiteSpace" : false
    }, {
      "id" : "s0-t41",
      "begin" : 198,
      "end" : 199,
      "text" : "i",
      "tokenType" : "LowercaseAlphabetic",
      "lemma" : "I",
      "partOfSpeech" : "PRP",
      "whiteSpace" : false
    }, {
      "id" : "s0-t42",
      "begin" : 200,
      "end" : 204,
      "text" : "have",
      "tokenType" : "LowercaseAlphabetic",
      "lemma" : "have",
      "partOfSpeech" : "VBP",
      "whiteSpace" : false
    }, {
      "id" : "s0-t43",
      "begin" : 205,
      "end" : 207,
      "text" : "it",
      "tokenType" : "LowercaseAlphabetic",
      "lemma" : "it",
      "partOfSpeech" : "PRP",
      "whiteSpace" : false
    }, {
      "id" : "s0-t44",
      "begin" : 208,
      "end" : 211,
      "text" : "for",
      "tokenType" : "LowercaseAlphabetic",
      "lemma" : "for",
      "partOfSpeech" : "IN",
      "whiteSpace" : false
    }, {
      "id" : "s0-t45",
      "begin" : 212,
      "end" : 213,
      "text" : "a",
      "tokenType" : "LowercaseAlphabetic",
      "lemma" : "a",
      "partOfSpeech" : "DT",
      "whiteSpace" : false
    }, {
      "id" : "s0-t46",
      "begin" : 214,
      "end" : 219,
      "text" : "month",
      "tokenType" : "LowercaseAlphabetic",
      "lemma" : "month",
      "partOfSpeech" : "NN",
      "whiteSpace" : false
    }, {
      "id" : "s0-t47",
      "begin" : 220,
      "end" : 223,
      "text" : "now",
      "tokenType" : "LowercaseAlphabetic",
      "lemma" : "now",
      "partOfSpeech" : "RB",
      "whiteSpace" : false
    }, {
      "id" : "s0-t48",
      "begin" : 224,
      "end" : 227,
      "text" : "and",
      "tokenType" : "LowercaseAlphabetic",
      "lemma" : "and",
      "partOfSpeech" : "CC",
      "whiteSpace" : false
    }, {
      "id" : "s0-t49",
      "begin" : 228,
      "end" : 230,
      "text" : "it",
      "tokenType" : "LowercaseAlphabetic",
      "lemma" : "it",
      "partOfSpeech" : "PRP",
      "whiteSpace" : false
    }, {
      "id" : "s0-t50",
      "begin" : 231,
      "end" : 236,
      "text" : "looks",
      "tokenType" : "LowercaseAlphabetic",
      "lemma" : "look",
      "partOfSpeech" : "VBZ",
      "whiteSpace" : false
    }, {
      "id" : "s0-t51",
      "begin" : 237,
      "end" : 242,
      "text" : "awful",
      "tokenType" : "LowercaseAlphabetic",
      "lemma" : "awful",
      "partOfSpeech" : "RB",
      "whiteSpace" : false
    }, {
      "id" : "s0-t52",
      "begin" : 243,
      "end" : 246,
      "text" : "now",
      "tokenType" : "LowercaseAlphabetic",
      "lemma" : "now",
      "partOfSpeech" : "RB",
      "whiteSpace" : false
    }, {
      "id" : "s0-t53",
      "begin" : 247,
      "end" : 248,
      "text" : ",",
      "tokenType" : "ClauseEndingPunctuation",
      "partOfSpeech" : ",",
      "whiteSpace" : false
    }, {
      "id" : "s0-t54",
      "begin" : 249,
      "end" : 253,
      "text" : "dont",
      "tokenType" : "LowercaseAlphabetic",
      "partOfSpeech" : "NN",
      "whiteSpace" : false
    }, {
      "id" : "s0-t55",
      "begin" : 254,
      "end" : 263,
      "text" : "recomment",
      "tokenType" : "LowercaseAlphabetic",
      "lemma" : "recomment",
      "partOfSpeech" : "VBZ",
      "whiteSpace" : false
    }, {
      "id" : "s0-t56",
      "begin" : 264,
      "end" : 266,
      "text" : "it",
      "tokenType" : "LowercaseAlphabetic",
      "lemma" : "it",
      "partOfSpeech" : "PRP",
      "whiteSpace" : false
    }, {
      "id" : "s0-t57",
      "begin" : 267,
      "end" : 269,
      "text" : "to",
      "tokenType" : "LowercaseAlphabetic",
      "lemma" : "to",
      "partOfSpeech" : "IN",
      "whiteSpace" : false
    }, {
      "id" : "s0-t58",
      "begin" : 270,
      "end" : 273,
      "text" : "any",
      "tokenType" : "LowercaseAlphabetic",
      "lemma" : "any",
      "partOfSpeech" : "QT",
      "whiteSpace" : false
    }, {
      "id" : "s0-t59",
      "begin" : 274,
      "end" : 278,
      "text" : "body",
      "tokenType" : "LowercaseAlphabetic",
      "lemma" : "body",
      "partOfSpeech" : "NN",
      "whiteSpace" : false
    }, {
      "id" : "s0-t60",
      "begin" : 279,
      "end" : 280,
      "text" : ",",
      "tokenType" : "ClauseEndingPunctuation",
      "partOfSpeech" : ",",
      "whiteSpace" : false
    }, {
      "id" : "s0-t61",
      "begin" : 281,
      "end" : 288,
      "text" : "however",
      "tokenType" : "LowercaseAlphabetic",
      "lemma" : "however",
      "partOfSpeech" : "RB",
      "whiteSpace" : false
    }, {
      "id" : "s0-t62",
      "begin" : 289,
      "end" : 292,
      "text" : "the",
      "tokenType" : "LowercaseAlphabetic",
      "lemma" : "the",
      "partOfSpeech" : "DT",
      "whiteSpace" : false
    }, {
      "id" : "s0-t63",
      "begin" : 293,
      "end" : 299,
      "text" : "buckle",
      "tokenType" : "LowercaseAlphabetic",
      "lemma" : "buckle",
      "partOfSpeech" : "NN",
      "whiteSpace" : false
    }, {
      "id" : "s0-t64",
      "begin" : 300,
      "end" : 305,
      "text" : "looks",
      "tokenType" : "LowercaseAlphabetic",
      "lemma" : "look",
      "partOfSpeech" : "VBZ",
      "whiteSpace" : false
    }, {
      "id" : "s0-t65",
      "begin" : 306,
      "end" : 310,
      "text" : "very",
      "tokenType" : "LowercaseAlphabetic",
      "lemma" : "very",
      "partOfSpeech" : "RB",
      "whiteSpace" : false
    }, {
      "id" : "s0-t66",
      "begin" : 311,
      "end" : 315,
      "text" : "good",
      "tokenType" : "LowercaseAlphabetic",
      "lemma" : "good",
      "partOfSpeech" : "JJ",
      "whiteSpace" : false
    }, {
      "id" : "s0-t67",
      "begin" : 315,
      "end" : 316,
      "text" : ".",
      "tokenType" : "ClauseEndingPunctuation",
      "partOfSpeech" : ".",
      "whiteSpace" : false
    } ]
  } ],
  "mentions" : [ {
    "id" : "s0-m0",
    "properties" : {
      "SIRE_MENTION_CLASS" : "SPC",
      "SIRE_ENTITY_SUBTYPE" : "NONE",
      "SIRE_MENTION_TYPE" : "NONE",
      "SIRE_MENTION_ROLE" : "Consumer"
    },
    "type" : "Consumer",
    "begin" : 5,
    "end" : 6,
    "inCoref" : true
  }, {
    "id" : "s0-m1",
    "properties" : {
      "SIRE_MENTION_CLASS" : "SPC",
      "SIRE_ENTITY_SUBTYPE" : "NONE",
      "SIRE_MENTION_TYPE" : "NONE",
      "SIRE_MENTION_ROLE" : "Consumer"
    },
    "type" : "Consumer",
    "begin" : 28,
    "end" : 29,
    "inCoref" : true
  }, {
    "id" : "s0-m7",
    "properties" : {
      "SIRE_MENTION_ROLE" : "Product",
      "SIRE_ENTITY_SUBTYPE" : "NONE",
      "SIRE_MENTION_TYPE" : "NONE",
      "SIRE_MENTION_CLASS" : "SPC"
    },
    "type" : "Product",
    "begin" : 43,
    "end" : 46,
    "inCoref" : true
  }, {
    "id" : "s0-m5",
    "properties" : {
      "SIRE_MENTION_ROLE" : "Descriptor",
      "SIRE_ENTITY_SUBTYPE" : "NONE",
      "SIRE_MENTION_TYPE" : "NONE",
      "SIRE_MENTION_CLASS" : "SPC"
    },
    "type" : "Descriptor",
    "begin" : 49,
    "end" : 58,
    "inCoref" : false
  }, {
    "id" : "s0-m6",
    "properties" : {
      "SIRE_MENTION_ROLE" : "Product",
      "SIRE_ENTITY_SUBTYPE" : "NONE",
      "SIRE_MENTION_TYPE" : "NONE",
      "SIRE_MENTION_CLASS" : "SPC"
    },
    "type" : "Product",
    "begin" : 59,
    "end" : 63,
    "inCoref" : true
  }, {
    "id" : "s0-m19",
    "properties" : {
      "SIRE_MENTION_ROLE" : "Product",
      "SIRE_ENTITY_SUBTYPE" : "NONE",
      "SIRE_MENTION_TYPE" : "NONE",
      "SIRE_MENTION_CLASS" : "SPC"
    },
    "type" : "Product",
    "begin" : 64,
    "end" : 67,
    "inCoref" : true
  }, {
    "id" : "s0-m8",
    "properties" : {
      "SIRE_MENTION_ROLE" : "Descriptor",
      "SIRE_ENTITY_SUBTYPE" : "NONE",
      "SIRE_MENTION_TYPE" : "NONE",
      "SIRE_MENTION_CLASS" : "SPC"
    },
    "type" : "Descriptor",
    "begin" : 73,
    "end" : 83,
    "inCoref" : false
  }, {
    "id" : "s0-m2",
    "properties" : {
      "SIRE_MENTION_CLASS" : "SPC",
      "SIRE_ENTITY_SUBTYPE" : "NONE",
      "SIRE_MENTION_TYPE" : "NONE",
      "SIRE_MENTION_ROLE" : "Consumer"
    },
    "type" : "Consumer",
    "begin" : 90,
    "end" : 91,
    "inCoref" : true
  }, {
    "id" : "s0-m9",
    "properties" : {
      "SIRE_MENTION_ROLE" : "Feature",
      "SIRE_ENTITY_SUBTYPE" : "NONE",
      "SIRE_MENTION_TYPE" : "NONE",
      "SIRE_MENTION_CLASS" : "SPC"
    },
    "type" : "Feature",
    "begin" : 117,
    "end" : 127,
    "inCoref" : false
  }, {
    "id" : "s0-m10",
    "properties" : {
      "SIRE_MENTION_ROLE" : "Descriptor",
      "SIRE_ENTITY_SUBTYPE" : "NONE",
      "SIRE_MENTION_TYPE" : "NONE",
      "SIRE_MENTION_CLASS" : "SPC"
    },
    "type" : "Descriptor",
    "begin" : 133,
    "end" : 154,
    "inCoref" : false
  }, {
    "id" : "s0-m11",
    "properties" : {
      "SIRE_MENTION_ROLE" : "Feature",
      "SIRE_ENTITY_SUBTYPE" : "NONE",
      "SIRE_MENTION_TYPE" : "NONE",
      "SIRE_MENTION_CLASS" : "SPC"
    },
    "type" : "Feature",
    "begin" : 165,
    "end" : 174,
    "inCoref" : false
  }, {
    "id" : "s0-m12",
    "properties" : {
      "SIRE_MENTION_ROLE" : "Descriptor",
      "SIRE_ENTITY_SUBTYPE" : "NONE",
      "SIRE_MENTION_TYPE" : "NONE",
      "SIRE_MENTION_CLASS" : "SPC"
    },
    "type" : "Descriptor",
    "begin" : 180,
    "end" : 197,
    "inCoref" : false
  }, {
    "id" : "s0-m3",
    "properties" : {
      "SIRE_MENTION_CLASS" : "SPC",
      "SIRE_ENTITY_SUBTYPE" : "NONE",
      "SIRE_MENTION_TYPE" : "NONE",
      "SIRE_MENTION_ROLE" : "Consumer"
    },
    "type" : "Consumer",
    "begin" : 198,
    "end" : 199,
    "inCoref" : true
  }, {
    "id" : "s0-m13",
    "properties" : {
      "SIRE_MENTION_ROLE" : "Product",
      "SIRE_ENTITY_SUBTYPE" : "NONE",
      "SIRE_MENTION_TYPE" : "NONE",
      "SIRE_MENTION_CLASS" : "SPC"
    },
    "type" : "Product",
    "begin" : 205,
    "end" : 207,
    "inCoref" : true
  }, {
    "id" : "s0-m14",
    "properties" : {
      "SIRE_MENTION_ROLE" : "Product",
      "SIRE_ENTITY_SUBTYPE" : "NONE",
      "SIRE_MENTION_TYPE" : "NONE",
      "SIRE_MENTION_CLASS" : "SPC"
    },
    "type" : "Product",
    "begin" : 228,
    "end" : 230,
    "inCoref" : true
  }, {
    "id" : "s0-m16",
    "properties" : {
      "SIRE_MENTION_ROLE" : "Descriptor",
      "SIRE_ENTITY_SUBTYPE" : "NONE",
      "SIRE_MENTION_TYPE" : "NONE",
      "SIRE_MENTION_CLASS" : "SPC"
    },
    "type" : "Descriptor",
    "begin" : 231,
    "end" : 242,
    "inCoref" : false
  }, {
    "id" : "s0-m17",
    "properties" : {
      "SIRE_MENTION_ROLE" : "Feature",
      "SIRE_ENTITY_SUBTYPE" : "NONE",
      "SIRE_MENTION_TYPE" : "NONE",
      "SIRE_MENTION_CLASS" : "SPC"
    },
    "type" : "Feature",
    "begin" : 293,
    "end" : 299,
    "inCoref" : false
  }, {
    "id" : "s0-m18",
    "properties" : {
      "SIRE_MENTION_ROLE" : "Descriptor",
      "SIRE_ENTITY_SUBTYPE" : "NONE",
      "SIRE_MENTION_TYPE" : "NONE",
      "SIRE_MENTION_CLASS" : "SPC"
    },
    "type" : "Descriptor",
    "begin" : 300,
    "end" : 315,
    "inCoref" : false
  } ],
  "relations" : [ {
    "id" : "s0-r1",
    "properties" : { },
    "type" : "hasQuality",
    "args" : [ "s0-m7", "s0-m5" ]
  }, {
    "id" : "s0-r2",
    "properties" : { },
    "type" : "hasQuality",
    "args" : [ "s0-m6", "s0-m5" ]
  }, {
    "id" : "s0-r3",
    "properties" : { },
    "type" : "hasQuality",
    "args" : [ "s0-m19", "s0-m8" ]
  }, {
    "id" : "s0-r4",
    "properties" : { },
    "type" : "hasQuality",
    "args" : [ "s0-m9", "s0-m10" ]
  }, {
    "id" : "s0-r5",
    "properties" : { },
    "type" : "hasQuality",
    "args" : [ "s0-m11", "s0-m12" ]
  }, {
    "id" : "s0-r6",
    "properties" : { },
    "type" : "hasQuality",
    "args" : [ "s0-m14", "s0-m16" ]
  }, {
    "id" : "s0-r7",
    "properties" : { },
    "type" : "hasQuality",
    "args" : [ "s0-m17", "s0-m18" ]
  } ],
  "corefs" : [ {
    "id" : "c1",
    "properties" : { },
    "mentions" : [ "s0-m0", "s0-m1", "s0-m2", "s0-m3" ]
  }, {
    "id" : "c2",
    "properties" : { },
    "mentions" : [ "s0-m7", "s0-m6", "s0-m19", "s0-m14", "s0-m13" ]
  } ],
  "typeResolved" : true,
  "userResolved" : true
}