{
  "id" : "a4d67795-6a55-4af2-8249-ff84f7863130-16",
  "modifiedDate" : 1467996812241,
  "name" : "review91.txt",
  "version" : 2,
  "text" : "Received it within two days of ordering. Very good job Amazon.\n\nThe bag is a dark leather. Which is what I like. Very roomy on the inside. Will travel with it this week and will update this review upon my return. However, at first sight, I like the construction. The handle at the top looks well made. All the compartments are padded. That's a plus. The leather feels nice and I think will age very nicely.\n\nThere's an outside sleeve pocket in the back. You open the flap and there's the front pocket. There are two zipper slots. The front is large with laptop sleeve and three pockets in another compartment. Then the back compartment looks like you can keep a slim (my Macbook Air) laptop in that instead of the main compartment.\n\nI like the bag so far. And for $86, it is a good buy. Samsonite also being a company I trust.\n\n8/22/13 Update: I took it on a business trip. It has a lot of room for what I need. I did use the back zippered compartment for my MacBook Air. Put folders and books in the main zippered compartment.\n\nThe leather is very nice. Stitching is holding up very well. It's a great item and at a great price. Highly recommended.\n\n12/16/13 Update: The messenger bag is aging nicely. Walked around Seoul in the rain with it and the leather held up well when it dried out. It still retained its soft and supple feeling. No issues with the zippers. No issues with the stitching or handle.\n\n7/22/14 Update: The bag is holding up quite well. No damage to the leather after use. Zippers and straps are in good shape. I still recommend the item.\n",
  "docLength" : 1559,
  "language" : "EN",
  "status" : "SUBMITTED",
  "documentSet" : [ ],
  "sentences" : [ {
    "id" : "s0",
    "begin" : 0,
    "end" : 40,
    "text" : "Received it within two days of ordering.",
    "tokens" : [ {
      "id" : "s0-t0",
      "begin" : 0,
      "end" : 8,
      "text" : "Received",
      "tokenType" : "TitlecaseAlphabetic",
      "lemma" : "receive",
      "partOfSpeech" : "VBD",
      "whiteSpace" : false
    }, {
      "id" : "s0-t1",
      "begin" : 9,
      "end" : 11,
      "text" : "it",
      "tokenType" : "LowercaseAlphabetic",
      "lemma" : "it",
      "partOfSpeech" : "PRP",
      "whiteSpace" : false
    }, {
      "id" : "s0-t2",
      "begin" : 12,
      "end" : 18,
      "text" : "within",
      "tokenType" : "LowercaseAlphabetic",
      "lemma" : "within",
      "partOfSpeech" : "IN",
      "whiteSpace" : false
    }, {
      "id" : "s0-t3",
      "begin" : 19,
      "end" : 22,
      "text" : "two",
      "tokenType" : "LowercaseAlphabetic",
      "lemma" : "two",
      "partOfSpeech" : "QT",
      "whiteSpace" : false
    }, {
      "id" : "s0-t4",
      "begin" : 23,
      "end" : 27,
      "text" : "days",
      "tokenType" : "LowercaseAlphabetic",
      "lemma" : "day",
      "partOfSpeech" : "NNS",
      "whiteSpace" : false
    }, {
      "id" : "s0-t5",
      "begin" : 28,
      "end" : 30,
      "text" : "of",
      "tokenType" : "LowercaseAlphabetic",
      "lemma" : "of",
      "partOfSpeech" : "IN",
      "whiteSpace" : false
    }, {
      "id" : "s0-t6",
      "begin" : 31,
      "end" : 39,
      "text" : "ordering",
      "tokenType" : "LowercaseAlphabetic",
      "lemma" : "ordering",
      "partOfSpeech" : "NN",
      "whiteSpace" : false
    }, {
      "id" : "s0-t7",
      "begin" : 39,
      "end" : 40,
      "text" : ".",
      "tokenType" : "ClauseEndingPunctuation",
      "partOfSpeech" : ".",
      "whiteSpace" : false
    } ]
  }, {
    "id" : "s1",
    "begin" : 41,
    "end" : 62,
    "text" : "Very good job Amazon.",
    "tokens" : [ {
      "id" : "s1-t0",
      "begin" : 41,
      "end" : 45,
      "text" : "Very",
      "tokenType" : "TitlecaseAlphabetic",
      "lemma" : "very",
      "partOfSpeech" : "RB",
      "whiteSpace" : false
    }, {
      "id" : "s1-t1",
      "begin" : 46,
      "end" : 50,
      "text" : "good",
      "tokenType" : "LowercaseAlphabetic",
      "lemma" : "good",
      "partOfSpeech" : "JJ",
      "whiteSpace" : false
    }, {
      "id" : "s1-t2",
      "begin" : 51,
      "end" : 54,
      "text" : "job",
      "tokenType" : "LowercaseAlphabetic",
      "lemma" : "job",
      "partOfSpeech" : "NN",
      "whiteSpace" : false
    }, {
      "id" : "s1-t3",
      "begin" : 55,
      "end" : 61,
      "text" : "Amazon",
      "tokenType" : "TitlecaseAlphabetic",
      "lemma" : "Amazon",
      "partOfSpeech" : "NN",
      "whiteSpace" : false
    }, {
      "id" : "s1-t4",
      "begin" : 61,
      "end" : 62,
      "text" : ".",
      "tokenType" : "ClauseEndingPunctuation",
      "partOfSpeech" : ".",
      "whiteSpace" : false
    } ]
  }, {
    "id" : "s2",
    "begin" : 64,
    "end" : 90,
    "text" : "The bag is a dark leather.",
    "tokens" : [ {
      "id" : "s2-t0",
      "begin" : 64,
      "end" : 67,
      "text" : "The",
      "tokenType" : "TitlecaseAlphabetic",
      "lemma" : "the",
      "partOfSpeech" : "DT",
      "whiteSpace" : false
    }, {
      "id" : "s2-t1",
      "begin" : 68,
      "end" : 71,
      "text" : "bag",
      "tokenType" : "LowercaseAlphabetic",
      "lemma" : "bag",
      "partOfSpeech" : "NN",
      "whiteSpace" : false
    }, {
      "id" : "s2-t2",
      "begin" : 72,
      "end" : 74,
      "text" : "is",
      "tokenType" : "LowercaseAlphabetic",
      "lemma" : "be",
      "partOfSpeech" : "VBZ",
      "whiteSpace" : false
    }, {
      "id" : "s2-t3",
      "begin" : 75,
      "end" : 76,
      "text" : "a",
      "tokenType" : "LowercaseAlphabetic",
      "lemma" : "a",
      "partOfSpeech" : "DT",
      "whiteSpace" : false
    }, {
      "id" : "s2-t4",
      "begin" : 77,
      "end" : 81,
      "text" : "dark",
      "tokenType" : "LowercaseAlphabetic",
      "lemma" : "dark",
      "partOfSpeech" : "JJ",
      "whiteSpace" : false
    }, {
      "id" : "s2-t5",
      "begin" : 82,
      "end" : 89,
      "text" : "leather",
      "tokenType" : "LowercaseAlphabetic",
      "lemma" : "leather",
      "partOfSpeech" : "NN",
      "whiteSpace" : false
    }, {
      "id" : "s2-t6",
      "begin" : 89,
      "end" : 90,
      "text" : ".",
      "tokenType" : "ClauseEndingPunctuation",
      "partOfSpeech" : ".",
      "whiteSpace" : false
    } ]
  }, {
    "id" : "s3",
    "begin" : 91,
    "end" : 112,
    "text" : "Which is what I like.",
    "tokens" : [ {
      "id" : "s3-t0",
      "begin" : 91,
      "end" : 96,
      "text" : "Which",
      "tokenType" : "TitlecaseAlphabetic",
      "lemma" : "which",
      "partOfSpeech" : "WDT",
      "whiteSpace" : false
    }, {
      "id" : "s3-t1",
      "begin" : 97,
      "end" : 99,
      "text" : "is",
      "tokenType" : "LowercaseAlphabetic",
      "lemma" : "be",
      "partOfSpeech" : "VBZ",
      "whiteSpace" : false
    }, {
      "id" : "s3-t2",
      "begin" : 100,
      "end" : 104,
      "text" : "what",
      "tokenType" : "LowercaseAlphabetic",
      "lemma" : "what",
      "partOfSpeech" : "WP",
      "whiteSpace" : false
    }, {
      "id" : "s3-t3",
      "begin" : 105,
      "end" : 106,
      "text" : "I",
      "tokenType" : "UppercaseAlphabetic",
      "lemma" : "I",
      "partOfSpeech" : "PRP",
      "whiteSpace" : false
    }, {
      "id" : "s3-t4",
      "begin" : 107,
      "end" : 111,
      "text" : "like",
      "tokenType" : "LowercaseAlphabetic",
      "lemma" : "like",
      "partOfSpeech" : "VBP",
      "whiteSpace" : false
    }, {
      "id" : "s3-t5",
      "begin" : 111,
      "end" : 112,
      "text" : ".",
      "tokenType" : "ClauseEndingPunctuation",
      "partOfSpeech" : ".",
      "whiteSpace" : false
    } ]
  }, {
    "id" : "s4",
    "begin" : 113,
    "end" : 138,
    "text" : "Very roomy on the inside.",
    "tokens" : [ {
      "id" : "s4-t0",
      "begin" : 113,
      "end" : 117,
      "text" : "Very",
      "tokenType" : "TitlecaseAlphabetic",
      "lemma" : "very",
      "partOfSpeech" : "RB",
      "whiteSpace" : false
    }, {
      "id" : "s4-t1",
      "begin" : 118,
      "end" : 123,
      "text" : "roomy",
      "tokenType" : "LowercaseAlphabetic",
      "lemma" : "roomy",
      "partOfSpeech" : "JJ",
      "whiteSpace" : false
    }, {
      "id" : "s4-t2",
      "begin" : 124,
      "end" : 126,
      "text" : "on",
      "tokenType" : "LowercaseAlphabetic",
      "lemma" : "on",
      "partOfSpeech" : "IN",
      "whiteSpace" : false
    }, {
      "id" : "s4-t3",
      "begin" : 127,
      "end" : 130,
      "text" : "the",
      "tokenType" : "LowercaseAlphabetic",
      "lemma" : "the",
      "partOfSpeech" : "DT",
      "whiteSpace" : false
    }, {
      "id" : "s4-t4",
      "begin" : 131,
      "end" : 137,
      "text" : "inside",
      "tokenType" : "LowercaseAlphabetic",
      "lemma" : "inside",
      "partOfSpeech" : "NN",
      "whiteSpace" : false
    }, {
      "id" : "s4-t5",
      "begin" : 137,
      "end" : 138,
      "text" : ".",
      "tokenType" : "ClauseEndingPunctuation",
      "partOfSpeech" : ".",
      "whiteSpace" : false
    } ]
  }, {
    "id" : "s5",
    "begin" : 139,
    "end" : 212,
    "text" : "Will travel with it this week and will update this review upon my return.",
    "tokens" : [ {
      "id" : "s5-t0",
      "begin" : 139,
      "end" : 143,
      "text" : "Will",
      "tokenType" : "TitlecaseAlphabetic",
      "lemma" : "will",
      "partOfSpeech" : "MD",
      "whiteSpace" : false
    }, {
      "id" : "s5-t1",
      "begin" : 144,
      "end" : 150,
      "text" : "travel",
      "tokenType" : "LowercaseAlphabetic",
      "lemma" : "travel",
      "partOfSpeech" : "VB",
      "whiteSpace" : false
    }, {
      "id" : "s5-t2",
      "begin" : 151,
      "end" : 155,
      "text" : "with",
      "tokenType" : "LowercaseAlphabetic",
      "lemma" : "with",
      "partOfSpeech" : "IN",
      "whiteSpace" : false
    }, {
      "id" : "s5-t3",
      "begin" : 156,
      "end" : 158,
      "text" : "it",
      "tokenType" : "LowercaseAlphabetic",
      "lemma" : "it",
      "partOfSpeech" : "PRP",
      "whiteSpace" : false
    }, {
      "id" : "s5-t4",
      "begin" : 159,
      "end" : 163,
      "text" : "this",
      "tokenType" : "LowercaseAlphabetic",
      "lemma" : "this",
      "partOfSpeech" : "DT",
      "whiteSpace" : false
    }, {
      "id" : "s5-t5",
      "begin" : 164,
      "end" : 168,
      "text" : "week",
      "tokenType" : "LowercaseAlphabetic",
      "lemma" : "week",
      "partOfSpeech" : "NN",
      "whiteSpace" : false
    }, {
      "id" : "s5-t6",
      "begin" : 169,
      "end" : 172,
      "text" : "and",
      "tokenType" : "LowercaseAlphabetic",
      "lemma" : "and",
      "partOfSpeech" : "CC",
      "whiteSpace" : false
    }, {
      "id" : "s5-t7",
      "begin" : 173,
      "end" : 177,
      "text" : "will",
      "tokenType" : "LowercaseAlphabetic",
      "lemma" : "will",
      "partOfSpeech" : "MD",
      "whiteSpace" : false
    }, {
      "id" : "s5-t8",
      "begin" : 178,
      "end" : 184,
      "text" : "update",
      "tokenType" : "LowercaseAlphabetic",
      "lemma" : "update",
      "partOfSpeech" : "VB",
      "whiteSpace" : false
    }, {
      "id" : "s5-t9",
      "begin" : 185,
      "end" : 189,
      "text" : "this",
      "tokenType" : "LowercaseAlphabetic",
      "lemma" : "this",
      "partOfSpeech" : "DT",
      "whiteSpace" : false
    }, {
      "id" : "s5-t10",
      "begin" : 190,
      "end" : 196,
      "text" : "review",
      "tokenType" : "LowercaseAlphabetic",
      "lemma" : "review",
      "partOfSpeech" : "NN",
      "whiteSpace" : false
    }, {
      "id" : "s5-t11",
      "begin" : 197,
      "end" : 201,
      "text" : "upon",
      "tokenType" : "LowercaseAlphabetic",
      "lemma" : "upon",
      "partOfSpeech" : "IN",
      "whiteSpace" : false
    }, {
      "id" : "s5-t12",
      "begin" : 202,
      "end" : 204,
      "text" : "my",
      "tokenType" : "LowercaseAlphabetic",
      "lemma" : "my",
      "partOfSpeech" : "PRP$",
      "whiteSpace" : false
    }, {
      "id" : "s5-t13",
      "begin" : 205,
      "end" : 211,
      "text" : "return",
      "tokenType" : "LowercaseAlphabetic",
      "lemma" : "return",
      "partOfSpeech" : "NN",
      "whiteSpace" : false
    }, {
      "id" : "s5-t14",
      "begin" : 211,
      "end" : 212,
      "text" : ".",
      "tokenType" : "ClauseEndingPunctuation",
      "partOfSpeech" : ".",
      "whiteSpace" : false
    } ]
  }, {
    "id" : "s6",
    "begin" : 213,
    "end" : 262,
    "text" : "However, at first sight, I like the construction.",
    "tokens" : [ {
      "id" : "s6-t0",
      "begin" : 213,
      "end" : 220,
      "text" : "However",
      "tokenType" : "TitlecaseAlphabetic",
      "lemma" : "however",
      "partOfSpeech" : "RB",
      "whiteSpace" : false
    }, {
      "id" : "s6-t1",
      "begin" : 220,
      "end" : 221,
      "text" : ",",
      "tokenType" : "ClauseEndingPunctuation",
      "partOfSpeech" : ",",
      "whiteSpace" : false
    }, {
      "id" : "s6-t2",
      "begin" : 222,
      "end" : 224,
      "text" : "at",
      "tokenType" : "LowercaseAlphabetic",
      "lemma" : "at",
      "partOfSpeech" : "IN",
      "whiteSpace" : false
    }, {
      "id" : "s6-t3",
      "begin" : 225,
      "end" : 230,
      "text" : "first",
      "tokenType" : "LowercaseAlphabetic",
      "lemma" : "first",
      "partOfSpeech" : "JJ",
      "whiteSpace" : false
    }, {
      "id" : "s6-t4",
      "begin" : 231,
      "end" : 236,
      "text" : "sight",
      "tokenType" : "LowercaseAlphabetic",
      "lemma" : "sight",
      "partOfSpeech" : "NN",
      "whiteSpace" : false
    }, {
      "id" : "s6-t5",
      "begin" : 236,
      "end" : 237,
      "text" : ",",
      "tokenType" : "ClauseEndingPunctuation",
      "partOfSpeech" : ",",
      "whiteSpace" : false
    }, {
      "id" : "s6-t6",
      "begin" : 238,
      "end" : 239,
      "text" : "I",
      "tokenType" : "UppercaseAlphabetic",
      "lemma" : "I",
      "partOfSpeech" : "PRP",
      "whiteSpace" : false
    }, {
      "id" : "s6-t7",
      "begin" : 240,
      "end" : 244,
      "text" : "like",
      "tokenType" : "LowercaseAlphabetic",
      "lemma" : "like",
      "partOfSpeech" : "IN",
      "whiteSpace" : false
    }, {
      "id" : "s6-t8",
      "begin" : 245,
      "end" : 248,
      "text" : "the",
      "tokenType" : "LowercaseAlphabetic",
      "lemma" : "the",
      "partOfSpeech" : "DT",
      "whiteSpace" : false
    }, {
      "id" : "s6-t9",
      "begin" : 249,
      "end" : 261,
      "text" : "construction",
      "tokenType" : "LowercaseAlphabetic",
      "lemma" : "construction",
      "partOfSpeech" : "NN",
      "whiteSpace" : false
    }, {
      "id" : "s6-t10",
      "begin" : 261,
      "end" : 262,
      "text" : ".",
      "tokenType" : "ClauseEndingPunctuation",
      "partOfSpeech" : ".",
      "whiteSpace" : false
    } ]
  }, {
    "id" : "s7",
    "begin" : 263,
    "end" : 301,
    "text" : "The handle at the top looks well made.",
    "tokens" : [ {
      "id" : "s7-t0",
      "begin" : 263,
      "end" : 266,
      "text" : "The",
      "tokenType" : "TitlecaseAlphabetic",
      "lemma" : "the",
      "partOfSpeech" : "DT",
      "whiteSpace" : false
    }, {
      "id" : "s7-t1",
      "begin" : 267,
      "end" : 273,
      "text" : "handle",
      "tokenType" : "LowercaseAlphabetic",
      "lemma" : "handle",
      "partOfSpeech" : "NN",
      "whiteSpace" : false
    }, {
      "id" : "s7-t2",
      "begin" : 274,
      "end" : 276,
      "text" : "at",
      "tokenType" : "LowercaseAlphabetic",
      "lemma" : "at",
      "partOfSpeech" : "IN",
      "whiteSpace" : false
    }, {
      "id" : "s7-t3",
      "begin" : 277,
      "end" : 280,
      "text" : "the",
      "tokenType" : "LowercaseAlphabetic",
      "lemma" : "the",
      "partOfSpeech" : "DT",
      "whiteSpace" : false
    }, {
      "id" : "s7-t4",
      "begin" : 281,
      "end" : 284,
      "text" : "top",
      "tokenType" : "LowercaseAlphabetic",
      "lemma" : "top",
      "partOfSpeech" : "JJ",
      "whiteSpace" : false
    }, {
      "id" : "s7-t5",
      "begin" : 285,
      "end" : 290,
      "text" : "looks",
      "tokenType" : "LowercaseAlphabetic",
      "lemma" : "look",
      "partOfSpeech" : "NNS",
      "whiteSpace" : false
    }, {
      "id" : "s7-t6",
      "begin" : 291,
      "end" : 295,
      "text" : "well",
      "tokenType" : "LowercaseAlphabetic",
      "lemma" : "well",
      "partOfSpeech" : "RB",
      "whiteSpace" : false
    }, {
      "id" : "s7-t7",
      "begin" : 296,
      "end" : 300,
      "text" : "made",
      "tokenType" : "LowercaseAlphabetic",
      "lemma" : "make",
      "partOfSpeech" : "VBN",
      "whiteSpace" : false
    }, {
      "id" : "s7-t8",
      "begin" : 300,
      "end" : 301,
      "text" : ".",
      "tokenType" : "ClauseEndingPunctuation",
      "partOfSpeech" : ".",
      "whiteSpace" : false
    } ]
  }, {
    "id" : "s8",
    "begin" : 302,
    "end" : 334,
    "text" : "All the compartments are padded.",
    "tokens" : [ {
      "id" : "s8-t0",
      "begin" : 302,
      "end" : 305,
      "text" : "All",
      "tokenType" : "TitlecaseAlphabetic",
      "lemma" : "all",
      "partOfSpeech" : "QT",
      "whiteSpace" : false
    }, {
      "id" : "s8-t1",
      "begin" : 306,
      "end" : 309,
      "text" : "the",
      "tokenType" : "LowercaseAlphabetic",
      "lemma" : "the",
      "partOfSpeech" : "DT",
      "whiteSpace" : false
    }, {
      "id" : "s8-t2",
      "begin" : 310,
      "end" : 322,
      "text" : "compartments",
      "tokenType" : "LowercaseAlphabetic",
      "lemma" : "compartment",
      "partOfSpeech" : "NNS",
      "whiteSpace" : false
    }, {
      "id" : "s8-t3",
      "begin" : 323,
      "end" : 326,
      "text" : "are",
      "tokenType" : "LowercaseAlphabetic",
      "lemma" : "be",
      "partOfSpeech" : "VBP",
      "whiteSpace" : false
    }, {
      "id" : "s8-t4",
      "begin" : 327,
      "end" : 333,
      "text" : "padded",
      "tokenType" : "LowercaseAlphabetic",
      "lemma" : "pad",
      "partOfSpeech" : "VBN",
      "whiteSpace" : false
    }, {
      "id" : "s8-t5",
      "begin" : 333,
      "end" : 334,
      "text" : ".",
      "tokenType" : "ClauseEndingPunctuation",
      "partOfSpeech" : ".",
      "whiteSpace" : false
    } ]
  }, {
    "id" : "s9",
    "begin" : 335,
    "end" : 349,
    "text" : "That's a plus.",
    "tokens" : [ {
      "id" : "s9-t0",
      "begin" : 335,
      "end" : 339,
      "text" : "That",
      "tokenType" : "TitlecaseAlphabetic",
      "lemma" : "that",
      "partOfSpeech" : "DT",
      "whiteSpace" : false
    }, {
      "id" : "s9-t1",
      "begin" : 339,
      "end" : 341,
      "text" : "'s",
      "tokenType" : "TokenAnnotation",
      "lemma" : "be",
      "partOfSpeech" : "VBZ",
      "whiteSpace" : false
    }, {
      "id" : "s9-t2",
      "begin" : 342,
      "end" : 343,
      "text" : "a",
      "tokenType" : "LowercaseAlphabetic",
      "lemma" : "a",
      "partOfSpeech" : "DT",
      "whiteSpace" : false
    }, {
      "id" : "s9-t3",
      "begin" : 344,
      "end" : 348,
      "text" : "plus",
      "tokenType" : "LowercaseAlphabetic",
      "lemma" : "plus",
      "partOfSpeech" : "RB",
      "whiteSpace" : false
    }, {
      "id" : "s9-t4",
      "begin" : 348,
      "end" : 349,
      "text" : ".",
      "tokenType" : "ClauseEndingPunctuation",
      "partOfSpeech" : ".",
      "whiteSpace" : false
    } ]
  }, {
    "id" : "s10",
    "begin" : 350,
    "end" : 406,
    "text" : "The leather feels nice and I think will age very nicely.",
    "tokens" : [ {
      "id" : "s10-t0",
      "begin" : 350,
      "end" : 353,
      "text" : "The",
      "tokenType" : "TitlecaseAlphabetic",
      "lemma" : "the",
      "partOfSpeech" : "DT",
      "whiteSpace" : false
    }, {
      "id" : "s10-t1",
      "begin" : 354,
      "end" : 361,
      "text" : "leather",
      "tokenType" : "LowercaseAlphabetic",
      "lemma" : "leather",
      "partOfSpeech" : "NN",
      "whiteSpace" : false
    }, {
      "id" : "s10-t2",
      "begin" : 362,
      "end" : 367,
      "text" : "feels",
      "tokenType" : "LowercaseAlphabetic",
      "lemma" : "feel",
      "partOfSpeech" : "VBZ",
      "whiteSpace" : false
    }, {
      "id" : "s10-t3",
      "begin" : 368,
      "end" : 372,
      "text" : "nice",
      "tokenType" : "LowercaseAlphabetic",
      "lemma" : "nice",
      "partOfSpeech" : "JJ",
      "whiteSpace" : false
    }, {
      "id" : "s10-t4",
      "begin" : 373,
      "end" : 376,
      "text" : "and",
      "tokenType" : "LowercaseAlphabetic",
      "lemma" : "and",
      "partOfSpeech" : "CC",
      "whiteSpace" : false
    }, {
      "id" : "s10-t5",
      "begin" : 377,
      "end" : 378,
      "text" : "I",
      "tokenType" : "UppercaseAlphabetic",
      "lemma" : "I",
      "partOfSpeech" : "PRP",
      "whiteSpace" : false
    }, {
      "id" : "s10-t6",
      "begin" : 379,
      "end" : 384,
      "text" : "think",
      "tokenType" : "LowercaseAlphabetic",
      "lemma" : "think",
      "partOfSpeech" : "VBP",
      "whiteSpace" : false
    }, {
      "id" : "s10-t7",
      "begin" : 385,
      "end" : 389,
      "text" : "will",
      "tokenType" : "LowercaseAlphabetic",
      "lemma" : "will",
      "partOfSpeech" : "MD",
      "whiteSpace" : false
    }, {
      "id" : "s10-t8",
      "begin" : 390,
      "end" : 393,
      "text" : "age",
      "tokenType" : "LowercaseAlphabetic",
      "lemma" : "age",
      "partOfSpeech" : "VB",
      "whiteSpace" : false
    }, {
      "id" : "s10-t9",
      "begin" : 394,
      "end" : 398,
      "text" : "very",
      "tokenType" : "LowercaseAlphabetic",
      "lemma" : "very",
      "partOfSpeech" : "RB",
      "whiteSpace" : false
    }, {
      "id" : "s10-t10",
      "begin" : 399,
      "end" : 405,
      "text" : "nicely",
      "tokenType" : "LowercaseAlphabetic",
      "lemma" : "nicely",
      "partOfSpeech" : "RB",
      "whiteSpace" : false
    }, {
      "id" : "s10-t11",
      "begin" : 405,
      "end" : 406,
      "text" : ".",
      "tokenType" : "ClauseEndingPunctuation",
      "partOfSpeech" : ".",
      "whiteSpace" : false
    } ]
  }, {
    "id" : "s11",
    "begin" : 408,
    "end" : 453,
    "text" : "There's an outside sleeve pocket in the back.",
    "tokens" : [ {
      "id" : "s11-t0",
      "begin" : 408,
      "end" : 413,
      "text" : "There",
      "tokenType" : "TitlecaseAlphabetic",
      "lemma" : "there",
      "partOfSpeech" : "EX",
      "whiteSpace" : false
    }, {
      "id" : "s11-t1",
      "begin" : 413,
      "end" : 415,
      "text" : "'s",
      "tokenType" : "TokenAnnotation",
      "lemma" : "be",
      "partOfSpeech" : "VBZ",
      "whiteSpace" : false
    }, {
      "id" : "s11-t2",
      "begin" : 416,
      "end" : 418,
      "text" : "an",
      "tokenType" : "LowercaseAlphabetic",
      "lemma" : "an",
      "partOfSpeech" : "DT",
      "whiteSpace" : false
    }, {
      "id" : "s11-t3",
      "begin" : 419,
      "end" : 426,
      "text" : "outside",
      "tokenType" : "LowercaseAlphabetic",
      "lemma" : "outside",
      "partOfSpeech" : "JJ",
      "whiteSpace" : false
    }, {
      "id" : "s11-t4",
      "begin" : 427,
      "end" : 433,
      "text" : "sleeve",
      "tokenType" : "LowercaseAlphabetic",
      "lemma" : "sleeve",
      "partOfSpeech" : "NN",
      "whiteSpace" : false
    }, {
      "id" : "s11-t5",
      "begin" : 434,
      "end" : 440,
      "text" : "pocket",
      "tokenType" : "LowercaseAlphabetic",
      "lemma" : "pocket",
      "partOfSpeech" : "NN",
      "whiteSpace" : false
    }, {
      "id" : "s11-t6",
      "begin" : 441,
      "end" : 443,
      "text" : "in",
      "tokenType" : "LowercaseAlphabetic",
      "lemma" : "in",
      "partOfSpeech" : "IN",
      "whiteSpace" : false
    }, {
      "id" : "s11-t7",
      "begin" : 444,
      "end" : 447,
      "text" : "the",
      "tokenType" : "LowercaseAlphabetic",
      "lemma" : "the",
      "partOfSpeech" : "DT",
      "whiteSpace" : false
    }, {
      "id" : "s11-t8",
      "begin" : 448,
      "end" : 452,
      "text" : "back",
      "tokenType" : "LowercaseAlphabetic",
      "lemma" : "back",
      "partOfSpeech" : "RB",
      "whiteSpace" : false
    }, {
      "id" : "s11-t9",
      "begin" : 452,
      "end" : 453,
      "text" : ".",
      "tokenType" : "ClauseEndingPunctuation",
      "partOfSpeech" : ".",
      "whiteSpace" : false
    } ]
  }, {
    "id" : "s12",
    "begin" : 454,
    "end" : 501,
    "text" : "You open the flap and there's the front pocket.",
    "tokens" : [ {
      "id" : "s12-t0",
      "begin" : 454,
      "end" : 457,
      "text" : "You",
      "tokenType" : "TitlecaseAlphabetic",
      "lemma" : "you",
      "partOfSpeech" : "PRP",
      "whiteSpace" : false
    }, {
      "id" : "s12-t1",
      "begin" : 458,
      "end" : 462,
      "text" : "open",
      "tokenType" : "LowercaseAlphabetic",
      "lemma" : "open",
      "partOfSpeech" : "VB",
      "whiteSpace" : false
    }, {
      "id" : "s12-t2",
      "begin" : 463,
      "end" : 466,
      "text" : "the",
      "tokenType" : "LowercaseAlphabetic",
      "lemma" : "the",
      "partOfSpeech" : "DT",
      "whiteSpace" : false
    }, {
      "id" : "s12-t3",
      "begin" : 467,
      "end" : 471,
      "text" : "flap",
      "tokenType" : "LowercaseAlphabetic",
      "lemma" : "flap",
      "partOfSpeech" : "NN",
      "whiteSpace" : false
    }, {
      "id" : "s12-t4",
      "begin" : 472,
      "end" : 475,
      "text" : "and",
      "tokenType" : "LowercaseAlphabetic",
      "lemma" : "and",
      "partOfSpeech" : "CC",
      "whiteSpace" : false
    }, {
      "id" : "s12-t5",
      "begin" : 476,
      "end" : 481,
      "text" : "there",
      "tokenType" : "LowercaseAlphabetic",
      "lemma" : "there",
      "partOfSpeech" : "EX",
      "whiteSpace" : false
    }, {
      "id" : "s12-t6",
      "begin" : 481,
      "end" : 483,
      "text" : "'s",
      "tokenType" : "TokenAnnotation",
      "lemma" : "be",
      "partOfSpeech" : "VBZ",
      "whiteSpace" : false
    }, {
      "id" : "s12-t7",
      "begin" : 484,
      "end" : 487,
      "text" : "the",
      "tokenType" : "LowercaseAlphabetic",
      "lemma" : "the",
      "partOfSpeech" : "DT",
      "whiteSpace" : false
    }, {
      "id" : "s12-t8",
      "begin" : 488,
      "end" : 493,
      "text" : "front",
      "tokenType" : "LowercaseAlphabetic",
      "lemma" : "front",
      "partOfSpeech" : "JJ",
      "whiteSpace" : false
    }, {
      "id" : "s12-t9",
      "begin" : 494,
      "end" : 500,
      "text" : "pocket",
      "tokenType" : "LowercaseAlphabetic",
      "lemma" : "pocket",
      "partOfSpeech" : "NN",
      "whiteSpace" : false
    }, {
      "id" : "s12-t10",
      "begin" : 500,
      "end" : 501,
      "text" : ".",
      "tokenType" : "ClauseEndingPunctuation",
      "partOfSpeech" : ".",
      "whiteSpace" : false
    } ]
  }, {
    "id" : "s13",
    "begin" : 502,
    "end" : 529,
    "text" : "There are two zipper slots.",
    "tokens" : [ {
      "id" : "s13-t0",
      "begin" : 502,
      "end" : 507,
      "text" : "There",
      "tokenType" : "TitlecaseAlphabetic",
      "lemma" : "there",
      "partOfSpeech" : "EX",
      "whiteSpace" : false
    }, {
      "id" : "s13-t1",
      "begin" : 508,
      "end" : 511,
      "text" : "are",
      "tokenType" : "LowercaseAlphabetic",
      "lemma" : "be",
      "partOfSpeech" : "VBP",
      "whiteSpace" : false
    }, {
      "id" : "s13-t2",
      "begin" : 512,
      "end" : 515,
      "text" : "two",
      "tokenType" : "LowercaseAlphabetic",
      "lemma" : "two",
      "partOfSpeech" : "QT",
      "whiteSpace" : false
    }, {
      "id" : "s13-t3",
      "begin" : 516,
      "end" : 522,
      "text" : "zipper",
      "tokenType" : "LowercaseAlphabetic",
      "lemma" : "zipper",
      "partOfSpeech" : "NN",
      "whiteSpace" : false
    }, {
      "id" : "s13-t4",
      "begin" : 523,
      "end" : 528,
      "text" : "slots",
      "tokenType" : "LowercaseAlphabetic",
      "lemma" : "slot",
      "partOfSpeech" : "NNS",
      "whiteSpace" : false
    }, {
      "id" : "s13-t5",
      "begin" : 528,
      "end" : 529,
      "text" : ".",
      "tokenType" : "ClauseEndingPunctuation",
      "partOfSpeech" : ".",
      "whiteSpace" : false
    } ]
  }, {
    "id" : "s14",
    "begin" : 530,
    "end" : 609,
    "text" : "The front is large with laptop sleeve and three pockets in another compartment.",
    "tokens" : [ {
      "id" : "s14-t0",
      "begin" : 530,
      "end" : 533,
      "text" : "The",
      "tokenType" : "TitlecaseAlphabetic",
      "lemma" : "the",
      "partOfSpeech" : "DT",
      "whiteSpace" : false
    }, {
      "id" : "s14-t1",
      "begin" : 534,
      "end" : 539,
      "text" : "front",
      "tokenType" : "LowercaseAlphabetic",
      "lemma" : "front",
      "partOfSpeech" : "NN",
      "whiteSpace" : false
    }, {
      "id" : "s14-t2",
      "begin" : 540,
      "end" : 542,
      "text" : "is",
      "tokenType" : "LowercaseAlphabetic",
      "lemma" : "be",
      "partOfSpeech" : "VBZ",
      "whiteSpace" : false
    }, {
      "id" : "s14-t3",
      "begin" : 543,
      "end" : 548,
      "text" : "large",
      "tokenType" : "LowercaseAlphabetic",
      "lemma" : "large",
      "partOfSpeech" : "RB",
      "whiteSpace" : false
    }, {
      "id" : "s14-t4",
      "begin" : 549,
      "end" : 553,
      "text" : "with",
      "tokenType" : "LowercaseAlphabetic",
      "lemma" : "with",
      "partOfSpeech" : "IN",
      "whiteSpace" : false
    }, {
      "id" : "s14-t5",
      "begin" : 554,
      "end" : 560,
      "text" : "laptop",
      "tokenType" : "LowercaseAlphabetic",
      "lemma" : "laptop",
      "partOfSpeech" : "JJ",
      "whiteSpace" : false
    }, {
      "id" : "s14-t6",
      "begin" : 561,
      "end" : 567,
      "text" : "sleeve",
      "tokenType" : "LowercaseAlphabetic",
      "lemma" : "sleeve",
      "partOfSpeech" : "NN",
      "whiteSpace" : false
    }, {
      "id" : "s14-t7",
      "begin" : 568,
      "end" : 571,
      "text" : "and",
      "tokenType" : "LowercaseAlphabetic",
      "lemma" : "and",
      "partOfSpeech" : "CC",
      "whiteSpace" : false
    }, {
      "id" : "s14-t8",
      "begin" : 572,
      "end" : 577,
      "text" : "three",
      "tokenType" : "LowercaseAlphabetic",
      "lemma" : "three",
      "partOfSpeech" : "QT",
      "whiteSpace" : false
    }, {
      "id" : "s14-t9",
      "begin" : 578,
      "end" : 585,
      "text" : "pockets",
      "tokenType" : "LowercaseAlphabetic",
      "lemma" : "pocket",
      "partOfSpeech" : "NNS",
      "whiteSpace" : false
    }, {
      "id" : "s14-t10",
      "begin" : 586,
      "end" : 588,
      "text" : "in",
      "tokenType" : "LowercaseAlphabetic",
      "lemma" : "in",
      "partOfSpeech" : "IN",
      "whiteSpace" : false
    }, {
      "id" : "s14-t11",
      "begin" : 589,
      "end" : 596,
      "text" : "another",
      "tokenType" : "LowercaseAlphabetic",
      "lemma" : "another",
      "partOfSpeech" : "DT",
      "whiteSpace" : false
    }, {
      "id" : "s14-t12",
      "begin" : 597,
      "end" : 608,
      "text" : "compartment",
      "tokenType" : "LowercaseAlphabetic",
      "lemma" : "compartment",
      "partOfSpeech" : "NN",
      "whiteSpace" : false
    }, {
      "id" : "s14-t13",
      "begin" : 608,
      "end" : 609,
      "text" : ".",
      "tokenType" : "ClauseEndingPunctuation",
      "partOfSpeech" : ".",
      "whiteSpace" : false
    } ]
  }, {
    "id" : "s15",
    "begin" : 610,
    "end" : 731,
    "text" : "Then the back compartment looks like you can keep a slim (my Macbook Air) laptop in that instead of the main compartment.",
    "tokens" : [ {
      "id" : "s15-t0",
      "begin" : 610,
      "end" : 614,
      "text" : "Then",
      "tokenType" : "TitlecaseAlphabetic",
      "lemma" : "then",
      "partOfSpeech" : "RB",
      "whiteSpace" : false
    }, {
      "id" : "s15-t1",
      "begin" : 615,
      "end" : 618,
      "text" : "the",
      "tokenType" : "LowercaseAlphabetic",
      "lemma" : "the",
      "partOfSpeech" : "DT",
      "whiteSpace" : false
    }, {
      "id" : "s15-t2",
      "begin" : 619,
      "end" : 623,
      "text" : "back",
      "tokenType" : "LowercaseAlphabetic",
      "lemma" : "back",
      "partOfSpeech" : "JJ",
      "whiteSpace" : false
    }, {
      "id" : "s15-t3",
      "begin" : 624,
      "end" : 635,
      "text" : "compartment",
      "tokenType" : "LowercaseAlphabetic",
      "lemma" : "compartment",
      "partOfSpeech" : "NN",
      "whiteSpace" : false
    }, {
      "id" : "s15-t4",
      "begin" : 636,
      "end" : 641,
      "text" : "looks",
      "tokenType" : "LowercaseAlphabetic",
      "lemma" : "look",
      "partOfSpeech" : "NNS",
      "whiteSpace" : false
    }, {
      "id" : "s15-t5",
      "begin" : 642,
      "end" : 646,
      "text" : "like",
      "tokenType" : "LowercaseAlphabetic",
      "lemma" : "like",
      "partOfSpeech" : "IN",
      "whiteSpace" : false
    }, {
      "id" : "s15-t6",
      "begin" : 647,
      "end" : 650,
      "text" : "you",
      "tokenType" : "LowercaseAlphabetic",
      "lemma" : "you",
      "partOfSpeech" : "PRP",
      "whiteSpace" : false
    }, {
      "id" : "s15-t7",
      "begin" : 651,
      "end" : 654,
      "text" : "can",
      "tokenType" : "LowercaseAlphabetic",
      "lemma" : "can",
      "partOfSpeech" : "MD",
      "whiteSpace" : false
    }, {
      "id" : "s15-t8",
      "begin" : 655,
      "end" : 659,
      "text" : "keep",
      "tokenType" : "LowercaseAlphabetic",
      "lemma" : "keep",
      "partOfSpeech" : "VB",
      "whiteSpace" : false
    }, {
      "id" : "s15-t9",
      "begin" : 660,
      "end" : 661,
      "text" : "a",
      "tokenType" : "LowercaseAlphabetic",
      "lemma" : "a",
      "partOfSpeech" : "DT",
      "whiteSpace" : false
    }, {
      "id" : "s15-t10",
      "begin" : 662,
      "end" : 666,
      "text" : "slim",
      "tokenType" : "LowercaseAlphabetic",
      "lemma" : "slim",
      "partOfSpeech" : "JJ",
      "whiteSpace" : false
    }, {
      "id" : "s15-t11",
      "begin" : 667,
      "end" : 668,
      "text" : "(",
      "tokenType" : "Punctuation",
      "partOfSpeech" : "(",
      "whiteSpace" : false
    }, {
      "id" : "s15-t12",
      "begin" : 668,
      "end" : 670,
      "text" : "my",
      "tokenType" : "LowercaseAlphabetic",
      "lemma" : "my",
      "partOfSpeech" : "PRP$",
      "whiteSpace" : false
    }, {
      "id" : "s15-t13",
      "begin" : 671,
      "end" : 678,
      "text" : "Macbook",
      "tokenType" : "TitlecaseAlphabetic",
      "lemma" : "MacBook",
      "partOfSpeech" : "NNP",
      "whiteSpace" : false
    }, {
      "id" : "s15-t14",
      "begin" : 679,
      "end" : 682,
      "text" : "Air",
      "tokenType" : "TitlecaseAlphabetic",
      "lemma" : "air",
      "partOfSpeech" : "NN",
      "whiteSpace" : false
    }, {
      "id" : "s15-t15",
      "begin" : 682,
      "end" : 683,
      "text" : ")",
      "tokenType" : "Punctuation",
      "partOfSpeech" : ")",
      "whiteSpace" : false
    }, {
      "id" : "s15-t16",
      "begin" : 684,
      "end" : 690,
      "text" : "laptop",
      "tokenType" : "LowercaseAlphabetic",
      "lemma" : "computer",
      "partOfSpeech" : "NN",
      "whiteSpace" : false
    }, {
      "id" : "s15-t17",
      "begin" : 691,
      "end" : 693,
      "text" : "in",
      "tokenType" : "LowercaseAlphabetic",
      "lemma" : "in",
      "partOfSpeech" : "IN",
      "whiteSpace" : false
    }, {
      "id" : "s15-t18",
      "begin" : 694,
      "end" : 698,
      "text" : "that",
      "tokenType" : "LowercaseAlphabetic",
      "lemma" : "that",
      "partOfSpeech" : "DT",
      "whiteSpace" : false
    }, {
      "id" : "s15-t19",
      "begin" : 699,
      "end" : 706,
      "text" : "instead",
      "tokenType" : "LowercaseAlphabetic",
      "lemma" : "instead",
      "partOfSpeech" : "RB",
      "whiteSpace" : false
    }, {
      "id" : "s15-t20",
      "begin" : 707,
      "end" : 709,
      "text" : "of",
      "tokenType" : "LowercaseAlphabetic",
      "lemma" : "of",
      "partOfSpeech" : "IN",
      "whiteSpace" : false
    }, {
      "id" : "s15-t21",
      "begin" : 710,
      "end" : 713,
      "text" : "the",
      "tokenType" : "LowercaseAlphabetic",
      "lemma" : "the",
      "partOfSpeech" : "DT",
      "whiteSpace" : false
    }, {
      "id" : "s15-t22",
      "begin" : 714,
      "end" : 718,
      "text" : "main",
      "tokenType" : "LowercaseAlphabetic",
      "lemma" : "main",
      "partOfSpeech" : "JJ",
      "whiteSpace" : false
    }, {
      "id" : "s15-t23",
      "begin" : 719,
      "end" : 730,
      "text" : "compartment",
      "tokenType" : "LowercaseAlphabetic",
      "lemma" : "compartment",
      "partOfSpeech" : "NN",
      "whiteSpace" : false
    }, {
      "id" : "s15-t24",
      "begin" : 730,
      "end" : 731,
      "text" : ".",
      "tokenType" : "ClauseEndingPunctuation",
      "partOfSpeech" : ".",
      "whiteSpace" : false
    } ]
  }, {
    "id" : "s16",
    "begin" : 733,
    "end" : 755,
    "text" : "I like the bag so far.",
    "tokens" : [ {
      "id" : "s16-t0",
      "begin" : 733,
      "end" : 734,
      "text" : "I",
      "tokenType" : "UppercaseAlphabetic",
      "lemma" : "I",
      "partOfSpeech" : "PRP",
      "whiteSpace" : false
    }, {
      "id" : "s16-t1",
      "begin" : 735,
      "end" : 739,
      "text" : "like",
      "tokenType" : "LowercaseAlphabetic",
      "lemma" : "like",
      "partOfSpeech" : "VBP",
      "whiteSpace" : false
    }, {
      "id" : "s16-t2",
      "begin" : 740,
      "end" : 743,
      "text" : "the",
      "tokenType" : "LowercaseAlphabetic",
      "lemma" : "the",
      "partOfSpeech" : "DT",
      "whiteSpace" : false
    }, {
      "id" : "s16-t3",
      "begin" : 744,
      "end" : 747,
      "text" : "bag",
      "tokenType" : "LowercaseAlphabetic",
      "lemma" : "bag",
      "partOfSpeech" : "NN",
      "whiteSpace" : false
    }, {
      "id" : "s16-t4",
      "begin" : 748,
      "end" : 750,
      "text" : "so",
      "tokenType" : "LowercaseAlphabetic",
      "lemma" : "so",
      "partOfSpeech" : "IN",
      "whiteSpace" : false
    }, {
      "id" : "s16-t5",
      "begin" : 751,
      "end" : 754,
      "text" : "far",
      "tokenType" : "LowercaseAlphabetic",
      "lemma" : "far",
      "partOfSpeech" : "RB",
      "whiteSpace" : false
    }, {
      "id" : "s16-t6",
      "begin" : 754,
      "end" : 755,
      "text" : ".",
      "tokenType" : "ClauseEndingPunctuation",
      "partOfSpeech" : ".",
      "whiteSpace" : false
    } ]
  }, {
    "id" : "s17",
    "begin" : 756,
    "end" : 786,
    "text" : "And for $86, it is a good buy.",
    "tokens" : [ {
      "id" : "s17-t0",
      "begin" : 756,
      "end" : 759,
      "text" : "And",
      "tokenType" : "TitlecaseAlphabetic",
      "lemma" : "and",
      "partOfSpeech" : "CC",
      "whiteSpace" : false
    }, {
      "id" : "s17-t1",
      "begin" : 760,
      "end" : 763,
      "text" : "for",
      "tokenType" : "LowercaseAlphabetic",
      "lemma" : "for",
      "partOfSpeech" : "IN",
      "whiteSpace" : false
    }, {
      "id" : "s17-t2",
      "begin" : 764,
      "end" : 765,
      "text" : "$",
      "tokenType" : "TokenAnnotation",
      "partOfSpeech" : "$",
      "whiteSpace" : false
    }, {
      "id" : "s17-t3",
      "begin" : 765,
      "end" : 767,
      "text" : "86",
      "tokenType" : "Numeric",
      "partOfSpeech" : "CD",
      "whiteSpace" : false
    }, {
      "id" : "s17-t4",
      "begin" : 767,
      "end" : 768,
      "text" : ",",
      "tokenType" : "ClauseEndingPunctuation",
      "partOfSpeech" : ",",
      "whiteSpace" : false
    }, {
      "id" : "s17-t5",
      "begin" : 769,
      "end" : 771,
      "text" : "it",
      "tokenType" : "LowercaseAlphabetic",
      "lemma" : "it",
      "partOfSpeech" : "PRP",
      "whiteSpace" : false
    }, {
      "id" : "s17-t6",
      "begin" : 772,
      "end" : 774,
      "text" : "is",
      "tokenType" : "LowercaseAlphabetic",
      "lemma" : "be",
      "partOfSpeech" : "VBZ",
      "whiteSpace" : false
    }, {
      "id" : "s17-t7",
      "begin" : 775,
      "end" : 776,
      "text" : "a",
      "tokenType" : "LowercaseAlphabetic",
      "lemma" : "a",
      "partOfSpeech" : "DT",
      "whiteSpace" : false
    }, {
      "id" : "s17-t8",
      "begin" : 777,
      "end" : 781,
      "text" : "good",
      "tokenType" : "LowercaseAlphabetic",
      "lemma" : "good",
      "partOfSpeech" : "JJ",
      "whiteSpace" : false
    }, {
      "id" : "s17-t9",
      "begin" : 782,
      "end" : 785,
      "text" : "buy",
      "tokenType" : "LowercaseAlphabetic",
      "lemma" : "buy",
      "partOfSpeech" : "NN",
      "whiteSpace" : false
    }, {
      "id" : "s17-t10",
      "begin" : 785,
      "end" : 786,
      "text" : ".",
      "tokenType" : "ClauseEndingPunctuation",
      "partOfSpeech" : ".",
      "whiteSpace" : false
    } ]
  }, {
    "id" : "s18",
    "begin" : 787,
    "end" : 826,
    "text" : "Samsonite also being a company I trust.",
    "tokens" : [ {
      "id" : "s18-t0",
      "begin" : 787,
      "end" : 796,
      "text" : "Samsonite",
      "tokenType" : "TitlecaseAlphabetic",
      "lemma" : "samsonite",
      "partOfSpeech" : "NNP",
      "whiteSpace" : false
    }, {
      "id" : "s18-t1",
      "begin" : 797,
      "end" : 801,
      "text" : "also",
      "tokenType" : "LowercaseAlphabetic",
      "lemma" : "also",
      "partOfSpeech" : "RB",
      "whiteSpace" : false
    }, {
      "id" : "s18-t2",
      "begin" : 802,
      "end" : 807,
      "text" : "being",
      "tokenType" : "LowercaseAlphabetic",
      "lemma" : "be",
      "partOfSpeech" : "VBG",
      "whiteSpace" : false
    }, {
      "id" : "s18-t3",
      "begin" : 808,
      "end" : 809,
      "text" : "a",
      "tokenType" : "LowercaseAlphabetic",
      "lemma" : "a",
      "partOfSpeech" : "DT",
      "whiteSpace" : false
    }, {
      "id" : "s18-t4",
      "begin" : 810,
      "end" : 817,
      "text" : "company",
      "tokenType" : "LowercaseAlphabetic",
      "lemma" : "company",
      "partOfSpeech" : "NN",
      "whiteSpace" : false
    }, {
      "id" : "s18-t5",
      "begin" : 818,
      "end" : 819,
      "text" : "I",
      "tokenType" : "UppercaseAlphabetic",
      "lemma" : "I",
      "partOfSpeech" : "PRP",
      "whiteSpace" : false
    }, {
      "id" : "s18-t6",
      "begin" : 820,
      "end" : 825,
      "text" : "trust",
      "tokenType" : "LowercaseAlphabetic",
      "lemma" : "trust",
      "partOfSpeech" : "VBP",
      "whiteSpace" : false
    }, {
      "id" : "s18-t7",
      "begin" : 825,
      "end" : 826,
      "text" : ".",
      "tokenType" : "ClauseEndingPunctuation",
      "partOfSpeech" : ".",
      "whiteSpace" : false
    } ]
  }, {
    "id" : "s19",
    "begin" : 828,
    "end" : 873,
    "text" : "8/22/13 Update: I took it on a business trip.",
    "tokens" : [ {
      "id" : "s19-t0",
      "begin" : 828,
      "end" : 829,
      "text" : "8",
      "tokenType" : "Numeric",
      "partOfSpeech" : "CD",
      "whiteSpace" : false
    }, {
      "id" : "s19-t1",
      "begin" : 829,
      "end" : 830,
      "text" : "/",
      "tokenType" : "Punctuation",
      "partOfSpeech" : ":",
      "whiteSpace" : false
    }, {
      "id" : "s19-t2",
      "begin" : 830,
      "end" : 832,
      "text" : "22",
      "tokenType" : "Numeric",
      "partOfSpeech" : "CD",
      "whiteSpace" : false
    }, {
      "id" : "s19-t3",
      "begin" : 832,
      "end" : 833,
      "text" : "/",
      "tokenType" : "Punctuation",
      "partOfSpeech" : ":",
      "whiteSpace" : false
    }, {
      "id" : "s19-t4",
      "begin" : 833,
      "end" : 835,
      "text" : "13",
      "tokenType" : "Numeric",
      "partOfSpeech" : "CD",
      "whiteSpace" : false
    }, {
      "id" : "s19-t5",
      "begin" : 836,
      "end" : 842,
      "text" : "Update",
      "tokenType" : "TitlecaseAlphabetic",
      "lemma" : "update",
      "partOfSpeech" : "NN",
      "whiteSpace" : false
    }, {
      "id" : "s19-t6",
      "begin" : 842,
      "end" : 843,
      "text" : ":",
      "tokenType" : "ClauseEndingPunctuation",
      "partOfSpeech" : ":",
      "whiteSpace" : false
    }, {
      "id" : "s19-t7",
      "begin" : 844,
      "end" : 845,
      "text" : "I",
      "tokenType" : "UppercaseAlphabetic",
      "lemma" : "I",
      "partOfSpeech" : "PRP",
      "whiteSpace" : false
    }, {
      "id" : "s19-t8",
      "begin" : 846,
      "end" : 850,
      "text" : "took",
      "tokenType" : "LowercaseAlphabetic",
      "lemma" : "take",
      "partOfSpeech" : "VBD",
      "whiteSpace" : false
    }, {
      "id" : "s19-t9",
      "begin" : 851,
      "end" : 853,
      "text" : "it",
      "tokenType" : "LowercaseAlphabetic",
      "lemma" : "it",
      "partOfSpeech" : "PRP",
      "whiteSpace" : false
    }, {
      "id" : "s19-t10",
      "begin" : 854,
      "end" : 856,
      "text" : "on",
      "tokenType" : "LowercaseAlphabetic",
      "lemma" : "on",
      "partOfSpeech" : "IN",
      "whiteSpace" : false
    }, {
      "id" : "s19-t11",
      "begin" : 857,
      "end" : 858,
      "text" : "a",
      "tokenType" : "LowercaseAlphabetic",
      "lemma" : "a",
      "partOfSpeech" : "DT",
      "whiteSpace" : false
    }, {
      "id" : "s19-t12",
      "begin" : 859,
      "end" : 867,
      "text" : "business",
      "tokenType" : "LowercaseAlphabetic",
      "lemma" : "business",
      "partOfSpeech" : "NN",
      "whiteSpace" : false
    }, {
      "id" : "s19-t13",
      "begin" : 868,
      "end" : 872,
      "text" : "trip",
      "tokenType" : "LowercaseAlphabetic",
      "lemma" : "trip",
      "partOfSpeech" : "NN",
      "whiteSpace" : false
    }, {
      "id" : "s19-t14",
      "begin" : 872,
      "end" : 873,
      "text" : ".",
      "tokenType" : "ClauseEndingPunctuation",
      "partOfSpeech" : ".",
      "whiteSpace" : false
    } ]
  }, {
    "id" : "s20",
    "begin" : 874,
    "end" : 911,
    "text" : "It has a lot of room for what I need.",
    "tokens" : [ {
      "id" : "s20-t0",
      "begin" : 874,
      "end" : 876,
      "text" : "It",
      "tokenType" : "TitlecaseAlphabetic",
      "lemma" : "it",
      "partOfSpeech" : "PRP",
      "whiteSpace" : false
    }, {
      "id" : "s20-t1",
      "begin" : 877,
      "end" : 880,
      "text" : "has",
      "tokenType" : "LowercaseAlphabetic",
      "lemma" : "have",
      "partOfSpeech" : "VBZ",
      "whiteSpace" : false
    }, {
      "id" : "s20-t2",
      "begin" : 881,
      "end" : 882,
      "text" : "a",
      "tokenType" : "LowercaseAlphabetic",
      "lemma" : "a",
      "partOfSpeech" : "DT",
      "whiteSpace" : false
    }, {
      "id" : "s20-t3",
      "begin" : 883,
      "end" : 886,
      "text" : "lot",
      "tokenType" : "LowercaseAlphabetic",
      "lemma" : "lot",
      "partOfSpeech" : "NN",
      "whiteSpace" : false
    }, {
      "id" : "s20-t4",
      "begin" : 887,
      "end" : 889,
      "text" : "of",
      "tokenType" : "LowercaseAlphabetic",
      "lemma" : "of",
      "partOfSpeech" : "IN",
      "whiteSpace" : false
    }, {
      "id" : "s20-t5",
      "begin" : 890,
      "end" : 894,
      "text" : "room",
      "tokenType" : "LowercaseAlphabetic",
      "lemma" : "room",
      "partOfSpeech" : "NN",
      "whiteSpace" : false
    }, {
      "id" : "s20-t6",
      "begin" : 895,
      "end" : 898,
      "text" : "for",
      "tokenType" : "LowercaseAlphabetic",
      "lemma" : "for",
      "partOfSpeech" : "IN",
      "whiteSpace" : false
    }, {
      "id" : "s20-t7",
      "begin" : 899,
      "end" : 903,
      "text" : "what",
      "tokenType" : "LowercaseAlphabetic",
      "lemma" : "what",
      "partOfSpeech" : "WP",
      "whiteSpace" : false
    }, {
      "id" : "s20-t8",
      "begin" : 904,
      "end" : 905,
      "text" : "I",
      "tokenType" : "UppercaseAlphabetic",
      "lemma" : "I",
      "partOfSpeech" : "PRP",
      "whiteSpace" : false
    }, {
      "id" : "s20-t9",
      "begin" : 906,
      "end" : 910,
      "text" : "need",
      "tokenType" : "LowercaseAlphabetic",
      "lemma" : "need",
      "partOfSpeech" : "VBP",
      "whiteSpace" : false
    }, {
      "id" : "s20-t10",
      "begin" : 910,
      "end" : 911,
      "text" : ".",
      "tokenType" : "ClauseEndingPunctuation",
      "partOfSpeech" : ".",
      "whiteSpace" : false
    } ]
  }, {
    "id" : "s21",
    "begin" : 912,
    "end" : 971,
    "text" : "I did use the back zippered compartment for my MacBook Air.",
    "tokens" : [ {
      "id" : "s21-t0",
      "begin" : 912,
      "end" : 913,
      "text" : "I",
      "tokenType" : "UppercaseAlphabetic",
      "lemma" : "I",
      "partOfSpeech" : "PRP",
      "whiteSpace" : false
    }, {
      "id" : "s21-t1",
      "begin" : 914,
      "end" : 917,
      "text" : "did",
      "tokenType" : "LowercaseAlphabetic",
      "lemma" : "do",
      "partOfSpeech" : "VBD",
      "whiteSpace" : false
    }, {
      "id" : "s21-t2",
      "begin" : 918,
      "end" : 921,
      "text" : "use",
      "tokenType" : "LowercaseAlphabetic",
      "lemma" : "use",
      "partOfSpeech" : "VB",
      "whiteSpace" : false
    }, {
      "id" : "s21-t3",
      "begin" : 922,
      "end" : 925,
      "text" : "the",
      "tokenType" : "LowercaseAlphabetic",
      "lemma" : "the",
      "partOfSpeech" : "DT",
      "whiteSpace" : false
    }, {
      "id" : "s21-t4",
      "begin" : 926,
      "end" : 930,
      "text" : "back",
      "tokenType" : "LowercaseAlphabetic",
      "lemma" : "back",
      "partOfSpeech" : "JJ",
      "whiteSpace" : false
    }, {
      "id" : "s21-t5",
      "begin" : 931,
      "end" : 939,
      "text" : "zippered",
      "tokenType" : "LowercaseAlphabetic",
      "lemma" : "zipper",
      "partOfSpeech" : "JJ",
      "whiteSpace" : false
    }, {
      "id" : "s21-t6",
      "begin" : 940,
      "end" : 951,
      "text" : "compartment",
      "tokenType" : "LowercaseAlphabetic",
      "lemma" : "compartment",
      "partOfSpeech" : "NN",
      "whiteSpace" : false
    }, {
      "id" : "s21-t7",
      "begin" : 952,
      "end" : 955,
      "text" : "for",
      "tokenType" : "LowercaseAlphabetic",
      "lemma" : "for",
      "partOfSpeech" : "IN",
      "whiteSpace" : false
    }, {
      "id" : "s21-t8",
      "begin" : 956,
      "end" : 958,
      "text" : "my",
      "tokenType" : "LowercaseAlphabetic",
      "lemma" : "my",
      "partOfSpeech" : "PRP$",
      "whiteSpace" : false
    }, {
      "id" : "s21-t9",
      "begin" : 959,
      "end" : 966,
      "text" : "MacBook",
      "tokenType" : "Alphabetic",
      "lemma" : "MacBook",
      "partOfSpeech" : "NN",
      "whiteSpace" : false
    }, {
      "id" : "s21-t10",
      "begin" : 967,
      "end" : 970,
      "text" : "Air",
      "tokenType" : "TitlecaseAlphabetic",
      "lemma" : "air",
      "partOfSpeech" : "NN",
      "whiteSpace" : false
    }, {
      "id" : "s21-t11",
      "begin" : 970,
      "end" : 971,
      "text" : ".",
      "tokenType" : "ClauseEndingPunctuation",
      "partOfSpeech" : ".",
      "whiteSpace" : false
    } ]
  }, {
    "id" : "s22",
    "begin" : 972,
    "end" : 1027,
    "text" : "Put folders and books in the main zippered compartment.",
    "tokens" : [ {
      "id" : "s22-t0",
      "begin" : 972,
      "end" : 975,
      "text" : "Put",
      "tokenType" : "TitlecaseAlphabetic",
      "lemma" : "put",
      "partOfSpeech" : "JJ",
      "whiteSpace" : false
    }, {
      "id" : "s22-t1",
      "begin" : 976,
      "end" : 983,
      "text" : "folders",
      "tokenType" : "LowercaseAlphabetic",
      "lemma" : "folder",
      "partOfSpeech" : "NNS",
      "whiteSpace" : false
    }, {
      "id" : "s22-t2",
      "begin" : 984,
      "end" : 987,
      "text" : "and",
      "tokenType" : "LowercaseAlphabetic",
      "lemma" : "and",
      "partOfSpeech" : "CC",
      "whiteSpace" : false
    }, {
      "id" : "s22-t3",
      "begin" : 988,
      "end" : 993,
      "text" : "books",
      "tokenType" : "LowercaseAlphabetic",
      "lemma" : "book",
      "partOfSpeech" : "NNS",
      "whiteSpace" : false
    }, {
      "id" : "s22-t4",
      "begin" : 994,
      "end" : 996,
      "text" : "in",
      "tokenType" : "LowercaseAlphabetic",
      "lemma" : "in",
      "partOfSpeech" : "IN",
      "whiteSpace" : false
    }, {
      "id" : "s22-t5",
      "begin" : 997,
      "end" : 1000,
      "text" : "the",
      "tokenType" : "LowercaseAlphabetic",
      "lemma" : "the",
      "partOfSpeech" : "DT",
      "whiteSpace" : false
    }, {
      "id" : "s22-t6",
      "begin" : 1001,
      "end" : 1005,
      "text" : "main",
      "tokenType" : "LowercaseAlphabetic",
      "lemma" : "main",
      "partOfSpeech" : "JJ",
      "whiteSpace" : false
    }, {
      "id" : "s22-t7",
      "begin" : 1006,
      "end" : 1014,
      "text" : "zippered",
      "tokenType" : "LowercaseAlphabetic",
      "lemma" : "zipper",
      "partOfSpeech" : "JJ",
      "whiteSpace" : false
    }, {
      "id" : "s22-t8",
      "begin" : 1015,
      "end" : 1026,
      "text" : "compartment",
      "tokenType" : "LowercaseAlphabetic",
      "lemma" : "compartment",
      "partOfSpeech" : "NN",
      "whiteSpace" : false
    }, {
      "id" : "s22-t9",
      "begin" : 1026,
      "end" : 1027,
      "text" : ".",
      "tokenType" : "ClauseEndingPunctuation",
      "partOfSpeech" : ".",
      "whiteSpace" : false
    } ]
  }, {
    "id" : "s23",
    "begin" : 1029,
    "end" : 1054,
    "text" : "The leather is very nice.",
    "tokens" : [ {
      "id" : "s23-t0",
      "begin" : 1029,
      "end" : 1032,
      "text" : "The",
      "tokenType" : "TitlecaseAlphabetic",
      "lemma" : "the",
      "partOfSpeech" : "DT",
      "whiteSpace" : false
    }, {
      "id" : "s23-t1",
      "begin" : 1033,
      "end" : 1040,
      "text" : "leather",
      "tokenType" : "LowercaseAlphabetic",
      "lemma" : "leather",
      "partOfSpeech" : "NN",
      "whiteSpace" : false
    }, {
      "id" : "s23-t2",
      "begin" : 1041,
      "end" : 1043,
      "text" : "is",
      "tokenType" : "LowercaseAlphabetic",
      "lemma" : "be",
      "partOfSpeech" : "VBZ",
      "whiteSpace" : false
    }, {
      "id" : "s23-t3",
      "begin" : 1044,
      "end" : 1048,
      "text" : "very",
      "tokenType" : "LowercaseAlphabetic",
      "lemma" : "very",
      "partOfSpeech" : "RB",
      "whiteSpace" : false
    }, {
      "id" : "s23-t4",
      "begin" : 1049,
      "end" : 1053,
      "text" : "nice",
      "tokenType" : "LowercaseAlphabetic",
      "lemma" : "nice",
      "partOfSpeech" : "RB",
      "whiteSpace" : false
    }, {
      "id" : "s23-t5",
      "begin" : 1053,
      "end" : 1054,
      "text" : ".",
      "tokenType" : "ClauseEndingPunctuation",
      "partOfSpeech" : ".",
      "whiteSpace" : false
    } ]
  }, {
    "id" : "s24",
    "begin" : 1055,
    "end" : 1089,
    "text" : "Stitching is holding up very well.",
    "tokens" : [ {
      "id" : "s24-t0",
      "begin" : 1055,
      "end" : 1064,
      "text" : "Stitching",
      "tokenType" : "TitlecaseAlphabetic",
      "lemma" : "stitch",
      "partOfSpeech" : "VBG",
      "whiteSpace" : false
    }, {
      "id" : "s24-t1",
      "begin" : 1065,
      "end" : 1067,
      "text" : "is",
      "tokenType" : "LowercaseAlphabetic",
      "lemma" : "be",
      "partOfSpeech" : "VBZ",
      "whiteSpace" : false
    }, {
      "id" : "s24-t2",
      "begin" : 1068,
      "end" : 1075,
      "text" : "holding",
      "tokenType" : "LowercaseAlphabetic",
      "lemma" : "hold",
      "partOfSpeech" : "VBG",
      "whiteSpace" : false
    }, {
      "id" : "s24-t3",
      "begin" : 1076,
      "end" : 1078,
      "text" : "up",
      "tokenType" : "LowercaseAlphabetic",
      "lemma" : "up",
      "partOfSpeech" : "RB",
      "whiteSpace" : false
    }, {
      "id" : "s24-t4",
      "begin" : 1079,
      "end" : 1083,
      "text" : "very",
      "tokenType" : "LowercaseAlphabetic",
      "lemma" : "very",
      "partOfSpeech" : "RB",
      "whiteSpace" : false
    }, {
      "id" : "s24-t5",
      "begin" : 1084,
      "end" : 1088,
      "text" : "well",
      "tokenType" : "LowercaseAlphabetic",
      "lemma" : "well",
      "partOfSpeech" : "RB",
      "whiteSpace" : false
    }, {
      "id" : "s24-t6",
      "begin" : 1088,
      "end" : 1089,
      "text" : ".",
      "tokenType" : "ClauseEndingPunctuation",
      "partOfSpeech" : ".",
      "whiteSpace" : false
    } ]
  }, {
    "id" : "s25",
    "begin" : 1090,
    "end" : 1129,
    "text" : "It's a great item and at a great price.",
    "tokens" : [ {
      "id" : "s25-t0",
      "begin" : 1090,
      "end" : 1092,
      "text" : "It",
      "tokenType" : "TitlecaseAlphabetic",
      "lemma" : "it",
      "partOfSpeech" : "PRP",
      "whiteSpace" : false
    }, {
      "id" : "s25-t1",
      "begin" : 1092,
      "end" : 1094,
      "text" : "'s",
      "tokenType" : "TokenAnnotation",
      "lemma" : "be",
      "partOfSpeech" : "VBZ",
      "whiteSpace" : false
    }, {
      "id" : "s25-t2",
      "begin" : 1095,
      "end" : 1096,
      "text" : "a",
      "tokenType" : "LowercaseAlphabetic",
      "lemma" : "a",
      "partOfSpeech" : "DT",
      "whiteSpace" : false
    }, {
      "id" : "s25-t3",
      "begin" : 1097,
      "end" : 1102,
      "text" : "great",
      "tokenType" : "LowercaseAlphabetic",
      "lemma" : "great",
      "partOfSpeech" : "JJ",
      "whiteSpace" : false
    }, {
      "id" : "s25-t4",
      "begin" : 1103,
      "end" : 1107,
      "text" : "item",
      "tokenType" : "LowercaseAlphabetic",
      "lemma" : "item",
      "partOfSpeech" : "NN",
      "whiteSpace" : false
    }, {
      "id" : "s25-t5",
      "begin" : 1108,
      "end" : 1111,
      "text" : "and",
      "tokenType" : "LowercaseAlphabetic",
      "lemma" : "and",
      "partOfSpeech" : "CC",
      "whiteSpace" : false
    }, {
      "id" : "s25-t6",
      "begin" : 1112,
      "end" : 1114,
      "text" : "at",
      "tokenType" : "LowercaseAlphabetic",
      "lemma" : "at",
      "partOfSpeech" : "IN",
      "whiteSpace" : false
    }, {
      "id" : "s25-t7",
      "begin" : 1115,
      "end" : 1116,
      "text" : "a",
      "tokenType" : "LowercaseAlphabetic",
      "lemma" : "a",
      "partOfSpeech" : "DT",
      "whiteSpace" : false
    }, {
      "id" : "s25-t8",
      "begin" : 1117,
      "end" : 1122,
      "text" : "great",
      "tokenType" : "LowercaseAlphabetic",
      "lemma" : "great",
      "partOfSpeech" : "JJ",
      "whiteSpace" : false
    }, {
      "id" : "s25-t9",
      "begin" : 1123,
      "end" : 1128,
      "text" : "price",
      "tokenType" : "LowercaseAlphabetic",
      "lemma" : "price",
      "partOfSpeech" : "NN",
      "whiteSpace" : false
    }, {
      "id" : "s25-t10",
      "begin" : 1128,
      "end" : 1129,
      "text" : ".",
      "tokenType" : "ClauseEndingPunctuation",
      "partOfSpeech" : ".",
      "whiteSpace" : false
    } ]
  }, {
    "id" : "s26",
    "begin" : 1130,
    "end" : 1149,
    "text" : "Highly recommended.",
    "tokens" : [ {
      "id" : "s26-t0",
      "begin" : 1130,
      "end" : 1136,
      "text" : "Highly",
      "tokenType" : "TitlecaseAlphabetic",
      "lemma" : "highly",
      "partOfSpeech" : "RB",
      "whiteSpace" : false
    }, {
      "id" : "s26-t1",
      "begin" : 1137,
      "end" : 1148,
      "text" : "recommended",
      "tokenType" : "LowercaseAlphabetic",
      "lemma" : "recommend",
      "partOfSpeech" : "VBN",
      "whiteSpace" : false
    }, {
      "id" : "s26-t2",
      "begin" : 1148,
      "end" : 1149,
      "text" : ".",
      "tokenType" : "ClauseEndingPunctuation",
      "partOfSpeech" : ".",
      "whiteSpace" : false
    } ]
  }, {
    "id" : "s27",
    "begin" : 1151,
    "end" : 1202,
    "text" : "12/16/13 Update: The messenger bag is aging nicely.",
    "tokens" : [ {
      "id" : "s27-t0",
      "begin" : 1151,
      "end" : 1153,
      "text" : "12",
      "tokenType" : "Numeric",
      "partOfSpeech" : "CD",
      "whiteSpace" : false
    }, {
      "id" : "s27-t1",
      "begin" : 1153,
      "end" : 1154,
      "text" : "/",
      "tokenType" : "Punctuation",
      "partOfSpeech" : ":",
      "whiteSpace" : false
    }, {
      "id" : "s27-t2",
      "begin" : 1154,
      "end" : 1156,
      "text" : "16",
      "tokenType" : "Numeric",
      "partOfSpeech" : "CD",
      "whiteSpace" : false
    }, {
      "id" : "s27-t3",
      "begin" : 1156,
      "end" : 1157,
      "text" : "/",
      "tokenType" : "Punctuation",
      "partOfSpeech" : ":",
      "whiteSpace" : false
    }, {
      "id" : "s27-t4",
      "begin" : 1157,
      "end" : 1159,
      "text" : "13",
      "tokenType" : "Numeric",
      "partOfSpeech" : "CD",
      "whiteSpace" : false
    }, {
      "id" : "s27-t5",
      "begin" : 1160,
      "end" : 1166,
      "text" : "Update",
      "tokenType" : "TitlecaseAlphabetic",
      "lemma" : "update",
      "partOfSpeech" : "NN",
      "whiteSpace" : false
    }, {
      "id" : "s27-t6",
      "begin" : 1166,
      "end" : 1167,
      "text" : ":",
      "tokenType" : "ClauseEndingPunctuation",
      "partOfSpeech" : ":",
      "whiteSpace" : false
    }, {
      "id" : "s27-t7",
      "begin" : 1168,
      "end" : 1171,
      "text" : "The",
      "tokenType" : "TitlecaseAlphabetic",
      "lemma" : "the",
      "partOfSpeech" : "DT",
      "whiteSpace" : false
    }, {
      "id" : "s27-t8",
      "begin" : 1172,
      "end" : 1181,
      "text" : "messenger",
      "tokenType" : "LowercaseAlphabetic",
      "lemma" : "messenger",
      "partOfSpeech" : "NN",
      "whiteSpace" : false
    }, {
      "id" : "s27-t9",
      "begin" : 1182,
      "end" : 1185,
      "text" : "bag",
      "tokenType" : "LowercaseAlphabetic",
      "lemma" : "bag",
      "partOfSpeech" : "NN",
      "whiteSpace" : false
    }, {
      "id" : "s27-t10",
      "begin" : 1186,
      "end" : 1188,
      "text" : "is",
      "tokenType" : "LowercaseAlphabetic",
      "lemma" : "be",
      "partOfSpeech" : "VBZ",
      "whiteSpace" : false
    }, {
      "id" : "s27-t11",
      "begin" : 1189,
      "end" : 1194,
      "text" : "aging",
      "tokenType" : "LowercaseAlphabetic",
      "lemma" : "age",
      "partOfSpeech" : "VBG",
      "whiteSpace" : false
    }, {
      "id" : "s27-t12",
      "begin" : 1195,
      "end" : 1201,
      "text" : "nicely",
      "tokenType" : "LowercaseAlphabetic",
      "lemma" : "nicely",
      "partOfSpeech" : "RB",
      "whiteSpace" : false
    }, {
      "id" : "s27-t13",
      "begin" : 1201,
      "end" : 1202,
      "text" : ".",
      "tokenType" : "ClauseEndingPunctuation",
      "partOfSpeech" : ".",
      "whiteSpace" : false
    } ]
  }, {
    "id" : "s28",
    "begin" : 1203,
    "end" : 1290,
    "text" : "Walked around Seoul in the rain with it and the leather held up well when it dried out.",
    "tokens" : [ {
      "id" : "s28-t0",
      "begin" : 1203,
      "end" : 1209,
      "text" : "Walked",
      "tokenType" : "TitlecaseAlphabetic",
      "lemma" : "walk",
      "partOfSpeech" : "VBN",
      "whiteSpace" : false
    }, {
      "id" : "s28-t1",
      "begin" : 1210,
      "end" : 1216,
      "text" : "around",
      "tokenType" : "LowercaseAlphabetic",
      "lemma" : "around",
      "partOfSpeech" : "IN",
      "whiteSpace" : false
    }, {
      "id" : "s28-t2",
      "begin" : 1217,
      "end" : 1222,
      "text" : "Seoul",
      "tokenType" : "TitlecaseAlphabetic",
      "lemma" : "seoul",
      "partOfSpeech" : "NNP",
      "whiteSpace" : false
    }, {
      "id" : "s28-t3",
      "begin" : 1223,
      "end" : 1225,
      "text" : "in",
      "tokenType" : "LowercaseAlphabetic",
      "lemma" : "in",
      "partOfSpeech" : "IN",
      "whiteSpace" : false
    }, {
      "id" : "s28-t4",
      "begin" : 1226,
      "end" : 1229,
      "text" : "the",
      "tokenType" : "LowercaseAlphabetic",
      "lemma" : "the",
      "partOfSpeech" : "DT",
      "whiteSpace" : false
    }, {
      "id" : "s28-t5",
      "begin" : 1230,
      "end" : 1234,
      "text" : "rain",
      "tokenType" : "LowercaseAlphabetic",
      "lemma" : "rain",
      "partOfSpeech" : "NN",
      "whiteSpace" : false
    }, {
      "id" : "s28-t6",
      "begin" : 1235,
      "end" : 1239,
      "text" : "with",
      "tokenType" : "LowercaseAlphabetic",
      "lemma" : "with",
      "partOfSpeech" : "IN",
      "whiteSpace" : false
    }, {
      "id" : "s28-t7",
      "begin" : 1240,
      "end" : 1242,
      "text" : "it",
      "tokenType" : "LowercaseAlphabetic",
      "lemma" : "it",
      "partOfSpeech" : "PRP",
      "whiteSpace" : false
    }, {
      "id" : "s28-t8",
      "begin" : 1243,
      "end" : 1246,
      "text" : "and",
      "tokenType" : "LowercaseAlphabetic",
      "lemma" : "and",
      "partOfSpeech" : "CC",
      "whiteSpace" : false
    }, {
      "id" : "s28-t9",
      "begin" : 1247,
      "end" : 1250,
      "text" : "the",
      "tokenType" : "LowercaseAlphabetic",
      "lemma" : "the",
      "partOfSpeech" : "DT",
      "whiteSpace" : false
    }, {
      "id" : "s28-t10",
      "begin" : 1251,
      "end" : 1258,
      "text" : "leather",
      "tokenType" : "LowercaseAlphabetic",
      "lemma" : "leather",
      "partOfSpeech" : "NN",
      "whiteSpace" : false
    }, {
      "id" : "s28-t11",
      "begin" : 1259,
      "end" : 1263,
      "text" : "held",
      "tokenType" : "LowercaseAlphabetic",
      "lemma" : "hold",
      "partOfSpeech" : "VBN",
      "whiteSpace" : false
    }, {
      "id" : "s28-t12",
      "begin" : 1264,
      "end" : 1266,
      "text" : "up",
      "tokenType" : "LowercaseAlphabetic",
      "lemma" : "up",
      "partOfSpeech" : "IN",
      "whiteSpace" : false
    }, {
      "id" : "s28-t13",
      "begin" : 1267,
      "end" : 1271,
      "text" : "well",
      "tokenType" : "LowercaseAlphabetic",
      "lemma" : "well",
      "partOfSpeech" : "RB",
      "whiteSpace" : false
    }, {
      "id" : "s28-t14",
      "begin" : 1272,
      "end" : 1276,
      "text" : "when",
      "tokenType" : "LowercaseAlphabetic",
      "lemma" : "when",
      "partOfSpeech" : "WRB",
      "whiteSpace" : false
    }, {
      "id" : "s28-t15",
      "begin" : 1277,
      "end" : 1279,
      "text" : "it",
      "tokenType" : "LowercaseAlphabetic",
      "lemma" : "it",
      "partOfSpeech" : "PRP",
      "whiteSpace" : false
    }, {
      "id" : "s28-t16",
      "begin" : 1280,
      "end" : 1285,
      "text" : "dried",
      "tokenType" : "LowercaseAlphabetic",
      "lemma" : "dry",
      "partOfSpeech" : "VBD",
      "whiteSpace" : false
    }, {
      "id" : "s28-t17",
      "begin" : 1286,
      "end" : 1289,
      "text" : "out",
      "tokenType" : "LowercaseAlphabetic",
      "lemma" : "out",
      "partOfSpeech" : "IN",
      "whiteSpace" : false
    }, {
      "id" : "s28-t18",
      "begin" : 1289,
      "end" : 1290,
      "text" : ".",
      "tokenType" : "ClauseEndingPunctuation",
      "partOfSpeech" : ".",
      "whiteSpace" : false
    } ]
  }, {
    "id" : "s29",
    "begin" : 1291,
    "end" : 1337,
    "text" : "It still retained its soft and supple feeling.",
    "tokens" : [ {
      "id" : "s29-t0",
      "begin" : 1291,
      "end" : 1293,
      "text" : "It",
      "tokenType" : "TitlecaseAlphabetic",
      "lemma" : "it",
      "partOfSpeech" : "PRP",
      "whiteSpace" : false
    }, {
      "id" : "s29-t1",
      "begin" : 1294,
      "end" : 1299,
      "text" : "still",
      "tokenType" : "LowercaseAlphabetic",
      "lemma" : "still",
      "partOfSpeech" : "RB",
      "whiteSpace" : false
    }, {
      "id" : "s29-t2",
      "begin" : 1300,
      "end" : 1308,
      "text" : "retained",
      "tokenType" : "LowercaseAlphabetic",
      "lemma" : "retain",
      "partOfSpeech" : "VBD",
      "whiteSpace" : false
    }, {
      "id" : "s29-t3",
      "begin" : 1309,
      "end" : 1312,
      "text" : "its",
      "tokenType" : "LowercaseAlphabetic",
      "lemma" : "it",
      "partOfSpeech" : "PRP$",
      "whiteSpace" : false
    }, {
      "id" : "s29-t4",
      "begin" : 1313,
      "end" : 1317,
      "text" : "soft",
      "tokenType" : "LowercaseAlphabetic",
      "lemma" : "soft",
      "partOfSpeech" : "JJ",
      "whiteSpace" : false
    }, {
      "id" : "s29-t5",
      "begin" : 1318,
      "end" : 1321,
      "text" : "and",
      "tokenType" : "LowercaseAlphabetic",
      "lemma" : "and",
      "partOfSpeech" : "CC",
      "whiteSpace" : false
    }, {
      "id" : "s29-t6",
      "begin" : 1322,
      "end" : 1328,
      "text" : "supple",
      "tokenType" : "LowercaseAlphabetic",
      "lemma" : "supple",
      "partOfSpeech" : "JJ",
      "whiteSpace" : false
    }, {
      "id" : "s29-t7",
      "begin" : 1329,
      "end" : 1336,
      "text" : "feeling",
      "tokenType" : "LowercaseAlphabetic",
      "lemma" : "feeling",
      "partOfSpeech" : "NN",
      "whiteSpace" : false
    }, {
      "id" : "s29-t8",
      "begin" : 1336,
      "end" : 1337,
      "text" : ".",
      "tokenType" : "ClauseEndingPunctuation",
      "partOfSpeech" : ".",
      "whiteSpace" : false
    } ]
  }, {
    "id" : "s30",
    "begin" : 1338,
    "end" : 1365,
    "text" : "No issues with the zippers.",
    "tokens" : [ {
      "id" : "s30-t0",
      "begin" : 1338,
      "end" : 1340,
      "text" : "No",
      "tokenType" : "TitlecaseAlphabetic",
      "lemma" : "no",
      "partOfSpeech" : "DT",
      "whiteSpace" : false
    }, {
      "id" : "s30-t1",
      "begin" : 1341,
      "end" : 1347,
      "text" : "issues",
      "tokenType" : "LowercaseAlphabetic",
      "lemma" : "issue",
      "partOfSpeech" : "NNS",
      "whiteSpace" : false
    }, {
      "id" : "s30-t2",
      "begin" : 1348,
      "end" : 1352,
      "text" : "with",
      "tokenType" : "LowercaseAlphabetic",
      "lemma" : "with",
      "partOfSpeech" : "IN",
      "whiteSpace" : false
    }, {
      "id" : "s30-t3",
      "begin" : 1353,
      "end" : 1356,
      "text" : "the",
      "tokenType" : "LowercaseAlphabetic",
      "lemma" : "the",
      "partOfSpeech" : "DT",
      "whiteSpace" : false
    }, {
      "id" : "s30-t4",
      "begin" : 1357,
      "end" : 1364,
      "text" : "zippers",
      "tokenType" : "LowercaseAlphabetic",
      "lemma" : "zipper",
      "partOfSpeech" : "NNS",
      "whiteSpace" : false
    }, {
      "id" : "s30-t5",
      "begin" : 1364,
      "end" : 1365,
      "text" : ".",
      "tokenType" : "ClauseEndingPunctuation",
      "partOfSpeech" : ".",
      "whiteSpace" : false
    } ]
  }, {
    "id" : "s31",
    "begin" : 1366,
    "end" : 1405,
    "text" : "No issues with the stitching or handle.",
    "tokens" : [ {
      "id" : "s31-t0",
      "begin" : 1366,
      "end" : 1368,
      "text" : "No",
      "tokenType" : "TitlecaseAlphabetic",
      "lemma" : "no",
      "partOfSpeech" : "DT",
      "whiteSpace" : false
    }, {
      "id" : "s31-t1",
      "begin" : 1369,
      "end" : 1375,
      "text" : "issues",
      "tokenType" : "LowercaseAlphabetic",
      "lemma" : "issue",
      "partOfSpeech" : "NNS",
      "whiteSpace" : false
    }, {
      "id" : "s31-t2",
      "begin" : 1376,
      "end" : 1380,
      "text" : "with",
      "tokenType" : "LowercaseAlphabetic",
      "lemma" : "with",
      "partOfSpeech" : "IN",
      "whiteSpace" : false
    }, {
      "id" : "s31-t3",
      "begin" : 1381,
      "end" : 1384,
      "text" : "the",
      "tokenType" : "LowercaseAlphabetic",
      "lemma" : "the",
      "partOfSpeech" : "DT",
      "whiteSpace" : false
    }, {
      "id" : "s31-t4",
      "begin" : 1385,
      "end" : 1394,
      "text" : "stitching",
      "tokenType" : "LowercaseAlphabetic",
      "lemma" : "stitch",
      "partOfSpeech" : "NN",
      "whiteSpace" : false
    }, {
      "id" : "s31-t5",
      "begin" : 1395,
      "end" : 1397,
      "text" : "or",
      "tokenType" : "LowercaseAlphabetic",
      "lemma" : "or",
      "partOfSpeech" : "CC",
      "whiteSpace" : false
    }, {
      "id" : "s31-t6",
      "begin" : 1398,
      "end" : 1404,
      "text" : "handle",
      "tokenType" : "LowercaseAlphabetic",
      "lemma" : "handle",
      "partOfSpeech" : "NN",
      "whiteSpace" : false
    }, {
      "id" : "s31-t7",
      "begin" : 1404,
      "end" : 1405,
      "text" : ".",
      "tokenType" : "ClauseEndingPunctuation",
      "partOfSpeech" : ".",
      "whiteSpace" : false
    } ]
  }, {
    "id" : "s32",
    "begin" : 1407,
    "end" : 1456,
    "text" : "7/22/14 Update: The bag is holding up quite well.",
    "tokens" : [ {
      "id" : "s32-t0",
      "begin" : 1407,
      "end" : 1408,
      "text" : "7",
      "tokenType" : "Numeric",
      "partOfSpeech" : "CD",
      "whiteSpace" : false
    }, {
      "id" : "s32-t1",
      "begin" : 1408,
      "end" : 1409,
      "text" : "/",
      "tokenType" : "Punctuation",
      "partOfSpeech" : ":",
      "whiteSpace" : false
    }, {
      "id" : "s32-t2",
      "begin" : 1409,
      "end" : 1411,
      "text" : "22",
      "tokenType" : "Numeric",
      "partOfSpeech" : "CD",
      "whiteSpace" : false
    }, {
      "id" : "s32-t3",
      "begin" : 1411,
      "end" : 1412,
      "text" : "/",
      "tokenType" : "Punctuation",
      "partOfSpeech" : ":",
      "whiteSpace" : false
    }, {
      "id" : "s32-t4",
      "begin" : 1412,
      "end" : 1414,
      "text" : "14",
      "tokenType" : "Numeric",
      "partOfSpeech" : "CD",
      "whiteSpace" : false
    }, {
      "id" : "s32-t5",
      "begin" : 1415,
      "end" : 1421,
      "text" : "Update",
      "tokenType" : "TitlecaseAlphabetic",
      "lemma" : "update",
      "partOfSpeech" : "NN",
      "whiteSpace" : false
    }, {
      "id" : "s32-t6",
      "begin" : 1421,
      "end" : 1422,
      "text" : ":",
      "tokenType" : "ClauseEndingPunctuation",
      "partOfSpeech" : ":",
      "whiteSpace" : false
    }, {
      "id" : "s32-t7",
      "begin" : 1423,
      "end" : 1426,
      "text" : "The",
      "tokenType" : "TitlecaseAlphabetic",
      "lemma" : "the",
      "partOfSpeech" : "DT",
      "whiteSpace" : false
    }, {
      "id" : "s32-t8",
      "begin" : 1427,
      "end" : 1430,
      "text" : "bag",
      "tokenType" : "LowercaseAlphabetic",
      "lemma" : "bag",
      "partOfSpeech" : "NN",
      "whiteSpace" : false
    }, {
      "id" : "s32-t9",
      "begin" : 1431,
      "end" : 1433,
      "text" : "is",
      "tokenType" : "LowercaseAlphabetic",
      "lemma" : "be",
      "partOfSpeech" : "VBZ",
      "whiteSpace" : false
    }, {
      "id" : "s32-t10",
      "begin" : 1434,
      "end" : 1441,
      "text" : "holding",
      "tokenType" : "LowercaseAlphabetic",
      "lemma" : "hold",
      "partOfSpeech" : "VBG",
      "whiteSpace" : false
    }, {
      "id" : "s32-t11",
      "begin" : 1442,
      "end" : 1444,
      "text" : "up",
      "tokenType" : "LowercaseAlphabetic",
      "lemma" : "up",
      "partOfSpeech" : "RB",
      "whiteSpace" : false
    }, {
      "id" : "s32-t12",
      "begin" : 1445,
      "end" : 1450,
      "text" : "quite",
      "tokenType" : "LowercaseAlphabetic",
      "lemma" : "quite",
      "partOfSpeech" : "RB",
      "whiteSpace" : false
    }, {
      "id" : "s32-t13",
      "begin" : 1451,
      "end" : 1455,
      "text" : "well",
      "tokenType" : "LowercaseAlphabetic",
      "lemma" : "well",
      "partOfSpeech" : "RB",
      "whiteSpace" : false
    }, {
      "id" : "s32-t14",
      "begin" : 1455,
      "end" : 1456,
      "text" : ".",
      "tokenType" : "ClauseEndingPunctuation",
      "partOfSpeech" : ".",
      "whiteSpace" : false
    } ]
  }, {
    "id" : "s33",
    "begin" : 1457,
    "end" : 1492,
    "text" : "No damage to the leather after use.",
    "tokens" : [ {
      "id" : "s33-t0",
      "begin" : 1457,
      "end" : 1459,
      "text" : "No",
      "tokenType" : "TitlecaseAlphabetic",
      "lemma" : "no",
      "partOfSpeech" : "DT",
      "whiteSpace" : false
    }, {
      "id" : "s33-t1",
      "begin" : 1460,
      "end" : 1466,
      "text" : "damage",
      "tokenType" : "LowercaseAlphabetic",
      "lemma" : "damage",
      "partOfSpeech" : "NN",
      "whiteSpace" : false
    }, {
      "id" : "s33-t2",
      "begin" : 1467,
      "end" : 1469,
      "text" : "to",
      "tokenType" : "LowercaseAlphabetic",
      "lemma" : "to",
      "partOfSpeech" : "IN",
      "whiteSpace" : false
    }, {
      "id" : "s33-t3",
      "begin" : 1470,
      "end" : 1473,
      "text" : "the",
      "tokenType" : "LowercaseAlphabetic",
      "lemma" : "the",
      "partOfSpeech" : "DT",
      "whiteSpace" : false
    }, {
      "id" : "s33-t4",
      "begin" : 1474,
      "end" : 1481,
      "text" : "leather",
      "tokenType" : "LowercaseAlphabetic",
      "lemma" : "leather",
      "partOfSpeech" : "NN",
      "whiteSpace" : false
    }, {
      "id" : "s33-t5",
      "begin" : 1482,
      "end" : 1487,
      "text" : "after",
      "tokenType" : "LowercaseAlphabetic",
      "lemma" : "after",
      "partOfSpeech" : "IN",
      "whiteSpace" : false
    }, {
      "id" : "s33-t6",
      "begin" : 1488,
      "end" : 1491,
      "text" : "use",
      "tokenType" : "LowercaseAlphabetic",
      "lemma" : "use",
      "partOfSpeech" : "NN",
      "whiteSpace" : false
    }, {
      "id" : "s33-t7",
      "begin" : 1491,
      "end" : 1492,
      "text" : ".",
      "tokenType" : "ClauseEndingPunctuation",
      "partOfSpeech" : ".",
      "whiteSpace" : false
    } ]
  }, {
    "id" : "s34",
    "begin" : 1493,
    "end" : 1530,
    "text" : "Zippers and straps are in good shape.",
    "tokens" : [ {
      "id" : "s34-t0",
      "begin" : 1493,
      "end" : 1500,
      "text" : "Zippers",
      "tokenType" : "TitlecaseAlphabetic",
      "lemma" : "zipper",
      "partOfSpeech" : "NNS",
      "whiteSpace" : false
    }, {
      "id" : "s34-t1",
      "begin" : 1501,
      "end" : 1504,
      "text" : "and",
      "tokenType" : "LowercaseAlphabetic",
      "lemma" : "and",
      "partOfSpeech" : "CC",
      "whiteSpace" : false
    }, {
      "id" : "s34-t2",
      "begin" : 1505,
      "end" : 1511,
      "text" : "straps",
      "tokenType" : "LowercaseAlphabetic",
      "lemma" : "strap",
      "partOfSpeech" : "NNS",
      "whiteSpace" : false
    }, {
      "id" : "s34-t3",
      "begin" : 1512,
      "end" : 1515,
      "text" : "are",
      "tokenType" : "LowercaseAlphabetic",
      "lemma" : "be",
      "partOfSpeech" : "VBP",
      "whiteSpace" : false
    }, {
      "id" : "s34-t4",
      "begin" : 1516,
      "end" : 1518,
      "text" : "in",
      "tokenType" : "LowercaseAlphabetic",
      "lemma" : "in",
      "partOfSpeech" : "IN",
      "whiteSpace" : false
    }, {
      "id" : "s34-t5",
      "begin" : 1519,
      "end" : 1523,
      "text" : "good",
      "tokenType" : "LowercaseAlphabetic",
      "lemma" : "good",
      "partOfSpeech" : "JJ",
      "whiteSpace" : false
    }, {
      "id" : "s34-t6",
      "begin" : 1524,
      "end" : 1529,
      "text" : "shape",
      "tokenType" : "LowercaseAlphabetic",
      "lemma" : "shape",
      "partOfSpeech" : "NN",
      "whiteSpace" : false
    }, {
      "id" : "s34-t7",
      "begin" : 1529,
      "end" : 1530,
      "text" : ".",
      "tokenType" : "ClauseEndingPunctuation",
      "partOfSpeech" : ".",
      "whiteSpace" : false
    } ]
  }, {
    "id" : "s35",
    "begin" : 1531,
    "end" : 1558,
    "text" : "I still recommend the item.",
    "tokens" : [ {
      "id" : "s35-t0",
      "begin" : 1531,
      "end" : 1532,
      "text" : "I",
      "tokenType" : "UppercaseAlphabetic",
      "lemma" : "I",
      "partOfSpeech" : "PRP",
      "whiteSpace" : false
    }, {
      "id" : "s35-t1",
      "begin" : 1533,
      "end" : 1538,
      "text" : "still",
      "tokenType" : "LowercaseAlphabetic",
      "lemma" : "still",
      "partOfSpeech" : "RB",
      "whiteSpace" : false
    }, {
      "id" : "s35-t2",
      "begin" : 1539,
      "end" : 1548,
      "text" : "recommend",
      "tokenType" : "LowercaseAlphabetic",
      "lemma" : "recommend",
      "partOfSpeech" : "VBP",
      "whiteSpace" : false
    }, {
      "id" : "s35-t3",
      "begin" : 1549,
      "end" : 1552,
      "text" : "the",
      "tokenType" : "LowercaseAlphabetic",
      "lemma" : "the",
      "partOfSpeech" : "DT",
      "whiteSpace" : false
    }, {
      "id" : "s35-t4",
      "begin" : 1553,
      "end" : 1557,
      "text" : "item",
      "tokenType" : "LowercaseAlphabetic",
      "lemma" : "item",
      "partOfSpeech" : "NN",
      "whiteSpace" : false
    }, {
      "id" : "s35-t5",
      "begin" : 1557,
      "end" : 1558,
      "text" : ".",
      "tokenType" : "ClauseEndingPunctuation",
      "partOfSpeech" : ".",
      "whiteSpace" : false
    } ]
  } ],
  "mentions" : [ {
    "id" : "s0-m1",
    "properties" : {
      "SIRE_MENTION_ROLE" : "Product",
      "SIRE_ENTITY_SUBTYPE" : "NONE",
      "SIRE_MENTION_TYPE" : "NONE",
      "SIRE_MENTION_CLASS" : "SPC"
    },
    "type" : "Product",
    "begin" : 9,
    "end" : 11,
    "inCoref" : true
  }, {
    "id" : "s1-m2",
    "properties" : {
      "SIRE_MENTION_ROLE" : "Descriptor",
      "SIRE_ENTITY_SUBTYPE" : "NONE",
      "SIRE_MENTION_TYPE" : "NONE",
      "SIRE_MENTION_CLASS" : "SPC"
    },
    "type" : "Descriptor",
    "begin" : 41,
    "end" : 54,
    "inCoref" : false
  }, {
    "id" : "s1-m0",
    "properties" : {
      "SIRE_MENTION_CLASS" : "SPC",
      "SIRE_ENTITY_SUBTYPE" : "NONE",
      "SIRE_MENTION_TYPE" : "NONE",
      "SIRE_MENTION_ROLE" : "Company"
    },
    "type" : "Company",
    "begin" : 55,
    "end" : 61,
    "inCoref" : false
  }, {
    "id" : "s2-m1",
    "properties" : {
      "SIRE_MENTION_ROLE" : "Product",
      "SIRE_ENTITY_SUBTYPE" : "NONE",
      "SIRE_MENTION_TYPE" : "NONE",
      "SIRE_MENTION_CLASS" : "SPC"
    },
    "type" : "Product",
    "begin" : 68,
    "end" : 71,
    "inCoref" : true
  }, {
    "id" : "s2-m2",
    "properties" : {
      "SIRE_MENTION_ROLE" : "Feature",
      "SIRE_ENTITY_SUBTYPE" : "NONE",
      "SIRE_MENTION_TYPE" : "NONE",
      "SIRE_MENTION_CLASS" : "SPC"
    },
    "type" : "Feature",
    "begin" : 77,
    "end" : 89,
    "inCoref" : false
  }, {
    "id" : "s3-m0",
    "properties" : {
      "SIRE_MENTION_CLASS" : "SPC",
      "SIRE_ENTITY_SUBTYPE" : "NONE",
      "SIRE_MENTION_TYPE" : "NONE",
      "SIRE_MENTION_ROLE" : "Consumer"
    },
    "type" : "Consumer",
    "begin" : 105,
    "end" : 106,
    "inCoref" : true
  }, {
    "id" : "s4-m1",
    "properties" : {
      "SIRE_MENTION_ROLE" : "Feature",
      "SIRE_ENTITY_SUBTYPE" : "NONE",
      "SIRE_MENTION_TYPE" : "NONE",
      "SIRE_MENTION_CLASS" : "SPC"
    },
    "type" : "Feature",
    "begin" : 118,
    "end" : 123,
    "inCoref" : false
  }, {
    "id" : "s5-m1",
    "properties" : {
      "SIRE_MENTION_ROLE" : "Product",
      "SIRE_ENTITY_SUBTYPE" : "NONE",
      "SIRE_MENTION_TYPE" : "NONE",
      "SIRE_MENTION_CLASS" : "SPC"
    },
    "type" : "Product",
    "begin" : 156,
    "end" : 158,
    "inCoref" : true
  }, {
    "id" : "s6-m0",
    "properties" : {
      "SIRE_MENTION_CLASS" : "SPC",
      "SIRE_ENTITY_SUBTYPE" : "NONE",
      "SIRE_MENTION_TYPE" : "NONE",
      "SIRE_MENTION_ROLE" : "Consumer"
    },
    "type" : "Consumer",
    "begin" : 238,
    "end" : 239,
    "inCoref" : true
  }, {
    "id" : "s6-m2",
    "properties" : {
      "SIRE_MENTION_ROLE" : "Feature",
      "SIRE_ENTITY_SUBTYPE" : "NONE",
      "SIRE_MENTION_TYPE" : "NONE",
      "SIRE_MENTION_CLASS" : "SPC"
    },
    "type" : "Feature",
    "begin" : 249,
    "end" : 261,
    "inCoref" : false
  }, {
    "id" : "s7-m1",
    "properties" : {
      "SIRE_MENTION_ROLE" : "Feature",
      "SIRE_ENTITY_SUBTYPE" : "NONE",
      "SIRE_MENTION_TYPE" : "NONE",
      "SIRE_MENTION_CLASS" : "SPC"
    },
    "type" : "Feature",
    "begin" : 267,
    "end" : 273,
    "inCoref" : false
  }, {
    "id" : "s7-m3",
    "properties" : {
      "SIRE_MENTION_ROLE" : "Descriptor",
      "SIRE_ENTITY_SUBTYPE" : "NONE",
      "SIRE_MENTION_TYPE" : "NONE",
      "SIRE_MENTION_CLASS" : "SPC"
    },
    "type" : "Descriptor",
    "begin" : 291,
    "end" : 300,
    "inCoref" : false
  }, {
    "id" : "s8-m1",
    "properties" : {
      "SIRE_MENTION_ROLE" : "Feature",
      "SIRE_ENTITY_SUBTYPE" : "NONE",
      "SIRE_MENTION_TYPE" : "NONE",
      "SIRE_MENTION_CLASS" : "SPC"
    },
    "type" : "Feature",
    "begin" : 310,
    "end" : 322,
    "inCoref" : false
  }, {
    "id" : "s8-m2",
    "properties" : {
      "SIRE_MENTION_ROLE" : "Descriptor",
      "SIRE_ENTITY_SUBTYPE" : "NONE",
      "SIRE_MENTION_TYPE" : "NONE",
      "SIRE_MENTION_CLASS" : "SPC"
    },
    "type" : "Descriptor",
    "begin" : 327,
    "end" : 333,
    "inCoref" : false
  }, {
    "id" : "s10-m2",
    "properties" : {
      "SIRE_MENTION_ROLE" : "Feature",
      "SIRE_ENTITY_SUBTYPE" : "NONE",
      "SIRE_MENTION_TYPE" : "NONE",
      "SIRE_MENTION_CLASS" : "SPC"
    },
    "type" : "Feature",
    "begin" : 354,
    "end" : 361,
    "inCoref" : false
  }, {
    "id" : "s10-m3",
    "properties" : {
      "SIRE_MENTION_ROLE" : "Descriptor",
      "SIRE_ENTITY_SUBTYPE" : "NONE",
      "SIRE_MENTION_TYPE" : "NONE",
      "SIRE_MENTION_CLASS" : "SPC"
    },
    "type" : "Descriptor",
    "begin" : 362,
    "end" : 372,
    "inCoref" : false
  }, {
    "id" : "s10-m0",
    "properties" : {
      "SIRE_MENTION_CLASS" : "SPC",
      "SIRE_ENTITY_SUBTYPE" : "NONE",
      "SIRE_MENTION_TYPE" : "NONE",
      "SIRE_MENTION_ROLE" : "Consumer"
    },
    "type" : "Consumer",
    "begin" : 377,
    "end" : 378,
    "inCoref" : true
  }, {
    "id" : "s11-m1",
    "properties" : {
      "SIRE_MENTION_ROLE" : "Feature",
      "SIRE_ENTITY_SUBTYPE" : "NONE",
      "SIRE_MENTION_TYPE" : "NONE",
      "SIRE_MENTION_CLASS" : "SPC"
    },
    "type" : "Feature",
    "begin" : 419,
    "end" : 440,
    "inCoref" : false
  }, {
    "id" : "s12-m1",
    "properties" : {
      "SIRE_MENTION_ROLE" : "Feature",
      "SIRE_ENTITY_SUBTYPE" : "NONE",
      "SIRE_MENTION_TYPE" : "NONE",
      "SIRE_MENTION_CLASS" : "SPC"
    },
    "type" : "Feature",
    "begin" : 488,
    "end" : 500,
    "inCoref" : false
  }, {
    "id" : "s13-m1",
    "properties" : {
      "SIRE_MENTION_ROLE" : "Feature",
      "SIRE_ENTITY_SUBTYPE" : "NONE",
      "SIRE_MENTION_TYPE" : "NONE",
      "SIRE_MENTION_CLASS" : "SPC"
    },
    "type" : "Feature",
    "begin" : 512,
    "end" : 528,
    "inCoref" : false
  }, {
    "id" : "s14-m2",
    "properties" : {
      "SIRE_MENTION_ROLE" : "Feature",
      "SIRE_ENTITY_SUBTYPE" : "NONE",
      "SIRE_MENTION_TYPE" : "NONE",
      "SIRE_MENTION_CLASS" : "SPC"
    },
    "type" : "Feature",
    "begin" : 534,
    "end" : 539,
    "inCoref" : false
  }, {
    "id" : "s14-m3",
    "properties" : {
      "SIRE_MENTION_ROLE" : "Descriptor",
      "SIRE_ENTITY_SUBTYPE" : "NONE",
      "SIRE_MENTION_TYPE" : "NONE",
      "SIRE_MENTION_CLASS" : "SPC"
    },
    "type" : "Descriptor",
    "begin" : 543,
    "end" : 548,
    "inCoref" : false
  }, {
    "id" : "s14-m0",
    "properties" : {
      "SIRE_MENTION_ROLE" : "Feature",
      "SIRE_ENTITY_SUBTYPE" : "NONE",
      "SIRE_MENTION_TYPE" : "NONE",
      "SIRE_MENTION_CLASS" : "SPC"
    },
    "type" : "Feature",
    "begin" : 554,
    "end" : 567,
    "inCoref" : false
  }, {
    "id" : "s14-m4",
    "properties" : {
      "SIRE_MENTION_ROLE" : "Feature",
      "SIRE_ENTITY_SUBTYPE" : "NONE",
      "SIRE_MENTION_TYPE" : "NONE",
      "SIRE_MENTION_CLASS" : "SPC"
    },
    "type" : "Feature",
    "begin" : 572,
    "end" : 585,
    "inCoref" : false
  }, {
    "id" : "s15-m0",
    "properties" : {
      "SIRE_MENTION_CLASS" : "SPC",
      "SIRE_ENTITY_SUBTYPE" : "NONE",
      "SIRE_MENTION_TYPE" : "NONE",
      "SIRE_MENTION_ROLE" : "Product"
    },
    "type" : "Product",
    "begin" : 684,
    "end" : 690,
    "inCoref" : true
  }, {
    "id" : "s16-m0",
    "properties" : {
      "SIRE_MENTION_CLASS" : "SPC",
      "SIRE_ENTITY_SUBTYPE" : "NONE",
      "SIRE_MENTION_TYPE" : "NONE",
      "SIRE_MENTION_ROLE" : "Consumer"
    },
    "type" : "Consumer",
    "begin" : 733,
    "end" : 734,
    "inCoref" : true
  }, {
    "id" : "s16-m2",
    "properties" : {
      "SIRE_MENTION_ROLE" : "Product",
      "SIRE_ENTITY_SUBTYPE" : "NONE",
      "SIRE_MENTION_TYPE" : "NONE",
      "SIRE_MENTION_CLASS" : "SPC"
    },
    "type" : "Product",
    "begin" : 744,
    "end" : 747,
    "inCoref" : true
  }, {
    "id" : "s17-m1",
    "properties" : {
      "SIRE_MENTION_ROLE" : "Price",
      "SIRE_ENTITY_SUBTYPE" : "NONE",
      "SIRE_MENTION_TYPE" : "NONE",
      "SIRE_MENTION_CLASS" : "SPC"
    },
    "type" : "Price",
    "begin" : 764,
    "end" : 767,
    "inCoref" : false
  }, {
    "id" : "s17-m3",
    "properties" : {
      "SIRE_MENTION_ROLE" : "Product",
      "SIRE_ENTITY_SUBTYPE" : "NONE",
      "SIRE_MENTION_TYPE" : "NONE",
      "SIRE_MENTION_CLASS" : "SPC"
    },
    "type" : "Product",
    "begin" : 769,
    "end" : 771,
    "inCoref" : true
  }, {
    "id" : "s17-m2",
    "properties" : {
      "SIRE_MENTION_ROLE" : "Descriptor",
      "SIRE_ENTITY_SUBTYPE" : "NONE",
      "SIRE_MENTION_TYPE" : "NONE",
      "SIRE_MENTION_CLASS" : "SPC"
    },
    "type" : "Descriptor",
    "begin" : 777,
    "end" : 785,
    "inCoref" : false
  }, {
    "id" : "s18-m2",
    "properties" : {
      "SIRE_MENTION_ROLE" : "Company",
      "SIRE_ENTITY_SUBTYPE" : "NONE",
      "SIRE_MENTION_TYPE" : "NONE",
      "SIRE_MENTION_CLASS" : "SPC"
    },
    "type" : "Company",
    "begin" : 787,
    "end" : 796,
    "inCoref" : false
  }, {
    "id" : "s18-m0",
    "properties" : {
      "SIRE_MENTION_CLASS" : "SPC",
      "SIRE_ENTITY_SUBTYPE" : "NONE",
      "SIRE_MENTION_TYPE" : "NONE",
      "SIRE_MENTION_ROLE" : "Consumer"
    },
    "type" : "Consumer",
    "begin" : 818,
    "end" : 819,
    "inCoref" : true
  }, {
    "id" : "s18-m3",
    "properties" : {
      "SIRE_MENTION_ROLE" : "Descriptor",
      "SIRE_ENTITY_SUBTYPE" : "NONE",
      "SIRE_MENTION_TYPE" : "NONE",
      "SIRE_MENTION_CLASS" : "SPC"
    },
    "type" : "Descriptor",
    "begin" : 820,
    "end" : 825,
    "inCoref" : false
  }, {
    "id" : "s19-m0",
    "properties" : {
      "SIRE_MENTION_CLASS" : "SPC",
      "SIRE_ENTITY_SUBTYPE" : "NONE",
      "SIRE_MENTION_TYPE" : "NONE",
      "SIRE_MENTION_ROLE" : "Consumer"
    },
    "type" : "Consumer",
    "begin" : 844,
    "end" : 845,
    "inCoref" : true
  }, {
    "id" : "s19-m2",
    "properties" : {
      "SIRE_MENTION_ROLE" : "Product",
      "SIRE_ENTITY_SUBTYPE" : "NONE",
      "SIRE_MENTION_TYPE" : "NONE",
      "SIRE_MENTION_CLASS" : "SPC"
    },
    "type" : "Product",
    "begin" : 851,
    "end" : 853,
    "inCoref" : true
  }, {
    "id" : "s20-m4",
    "properties" : {
      "SIRE_MENTION_ROLE" : "Product",
      "SIRE_ENTITY_SUBTYPE" : "NONE",
      "SIRE_MENTION_TYPE" : "NONE",
      "SIRE_MENTION_CLASS" : "SPC"
    },
    "type" : "Product",
    "begin" : 874,
    "end" : 876,
    "inCoref" : true
  }, {
    "id" : "s20-m3",
    "properties" : {
      "SIRE_MENTION_ROLE" : "Descriptor",
      "SIRE_ENTITY_SUBTYPE" : "NONE",
      "SIRE_MENTION_TYPE" : "NONE",
      "SIRE_MENTION_CLASS" : "SPC"
    },
    "type" : "Descriptor",
    "begin" : 881,
    "end" : 886,
    "inCoref" : false
  }, {
    "id" : "s20-m2",
    "properties" : {
      "SIRE_MENTION_ROLE" : "Feature",
      "SIRE_ENTITY_SUBTYPE" : "NONE",
      "SIRE_MENTION_TYPE" : "NONE",
      "SIRE_MENTION_CLASS" : "SPC"
    },
    "type" : "Feature",
    "begin" : 890,
    "end" : 894,
    "inCoref" : false
  }, {
    "id" : "s20-m0",
    "properties" : {
      "SIRE_MENTION_CLASS" : "SPC",
      "SIRE_ENTITY_SUBTYPE" : "NONE",
      "SIRE_MENTION_TYPE" : "NONE",
      "SIRE_MENTION_ROLE" : "Consumer"
    },
    "type" : "Consumer",
    "begin" : 904,
    "end" : 905,
    "inCoref" : true
  }, {
    "id" : "s21-m0",
    "properties" : {
      "SIRE_MENTION_CLASS" : "SPC",
      "SIRE_ENTITY_SUBTYPE" : "NONE",
      "SIRE_MENTION_TYPE" : "NONE",
      "SIRE_MENTION_ROLE" : "Consumer"
    },
    "type" : "Consumer",
    "begin" : 912,
    "end" : 913,
    "inCoref" : true
  }, {
    "id" : "s23-m1",
    "properties" : {
      "SIRE_MENTION_ROLE" : "Feature",
      "SIRE_ENTITY_SUBTYPE" : "NONE",
      "SIRE_MENTION_TYPE" : "NONE",
      "SIRE_MENTION_CLASS" : "SPC"
    },
    "type" : "Feature",
    "begin" : 1033,
    "end" : 1040,
    "inCoref" : false
  }, {
    "id" : "s23-m2",
    "properties" : {
      "SIRE_MENTION_ROLE" : "Descriptor",
      "SIRE_ENTITY_SUBTYPE" : "NONE",
      "SIRE_MENTION_TYPE" : "NONE",
      "SIRE_MENTION_CLASS" : "SPC"
    },
    "type" : "Descriptor",
    "begin" : 1044,
    "end" : 1053,
    "inCoref" : false
  }, {
    "id" : "s24-m1",
    "properties" : {
      "SIRE_MENTION_ROLE" : "Feature",
      "SIRE_ENTITY_SUBTYPE" : "NONE",
      "SIRE_MENTION_TYPE" : "NONE",
      "SIRE_MENTION_CLASS" : "SPC"
    },
    "type" : "Feature",
    "begin" : 1055,
    "end" : 1064,
    "inCoref" : false
  }, {
    "id" : "s24-m2",
    "properties" : {
      "SIRE_MENTION_ROLE" : "Descriptor",
      "SIRE_ENTITY_SUBTYPE" : "NONE",
      "SIRE_MENTION_TYPE" : "NONE",
      "SIRE_MENTION_CLASS" : "SPC"
    },
    "type" : "Descriptor",
    "begin" : 1068,
    "end" : 1088,
    "inCoref" : false
  }, {
    "id" : "s25-m2",
    "properties" : {
      "SIRE_MENTION_ROLE" : "Product",
      "SIRE_ENTITY_SUBTYPE" : "NONE",
      "SIRE_MENTION_TYPE" : "NONE",
      "SIRE_MENTION_CLASS" : "SPC"
    },
    "type" : "Product",
    "begin" : 1090,
    "end" : 1092,
    "inCoref" : true
  }, {
    "id" : "s25-m1",
    "properties" : {
      "SIRE_MENTION_ROLE" : "Price",
      "SIRE_ENTITY_SUBTYPE" : "NONE",
      "SIRE_MENTION_TYPE" : "NONE",
      "SIRE_MENTION_CLASS" : "SPC"
    },
    "type" : "Price",
    "begin" : 1117,
    "end" : 1128,
    "inCoref" : false
  }, {
    "id" : "s28-m1",
    "properties" : {
      "SIRE_MENTION_ROLE" : "Product",
      "SIRE_ENTITY_SUBTYPE" : "NONE",
      "SIRE_MENTION_TYPE" : "NONE",
      "SIRE_MENTION_CLASS" : "SPC"
    },
    "type" : "Product",
    "begin" : 1240,
    "end" : 1242,
    "inCoref" : true
  }, {
    "id" : "s28-m3",
    "properties" : {
      "SIRE_MENTION_ROLE" : "Feature",
      "SIRE_ENTITY_SUBTYPE" : "NONE",
      "SIRE_MENTION_TYPE" : "NONE",
      "SIRE_MENTION_CLASS" : "SPC"
    },
    "type" : "Feature",
    "begin" : 1251,
    "end" : 1258,
    "inCoref" : false
  }, {
    "id" : "s28-m4",
    "properties" : {
      "SIRE_MENTION_ROLE" : "Descriptor",
      "SIRE_ENTITY_SUBTYPE" : "NONE",
      "SIRE_MENTION_TYPE" : "NONE",
      "SIRE_MENTION_CLASS" : "SPC"
    },
    "type" : "Descriptor",
    "begin" : 1259,
    "end" : 1271,
    "inCoref" : false
  }, {
    "id" : "s28-m2",
    "properties" : {
      "SIRE_MENTION_ROLE" : "Product",
      "SIRE_ENTITY_SUBTYPE" : "NONE",
      "SIRE_MENTION_TYPE" : "NONE",
      "SIRE_MENTION_CLASS" : "SPC"
    },
    "type" : "Product",
    "begin" : 1277,
    "end" : 1279,
    "inCoref" : true
  }, {
    "id" : "s29-m3",
    "properties" : {
      "SIRE_MENTION_ROLE" : "Product",
      "SIRE_ENTITY_SUBTYPE" : "NONE",
      "SIRE_MENTION_TYPE" : "NONE",
      "SIRE_MENTION_CLASS" : "SPC"
    },
    "type" : "Product",
    "begin" : 1291,
    "end" : 1293,
    "inCoref" : true
  }, {
    "id" : "s29-m1",
    "properties" : {
      "SIRE_MENTION_ROLE" : "Descriptor",
      "SIRE_ENTITY_SUBTYPE" : "NONE",
      "SIRE_MENTION_TYPE" : "NONE",
      "SIRE_MENTION_CLASS" : "SPC"
    },
    "type" : "Descriptor",
    "begin" : 1313,
    "end" : 1317,
    "inCoref" : false
  }, {
    "id" : "s29-m2",
    "properties" : {
      "SIRE_MENTION_ROLE" : "Descriptor",
      "SIRE_ENTITY_SUBTYPE" : "NONE",
      "SIRE_MENTION_TYPE" : "NONE",
      "SIRE_MENTION_CLASS" : "SPC"
    },
    "type" : "Descriptor",
    "begin" : 1322,
    "end" : 1328,
    "inCoref" : false
  }, {
    "id" : "s35-m0",
    "properties" : {
      "SIRE_MENTION_CLASS" : "SPC",
      "SIRE_ENTITY_SUBTYPE" : "NONE",
      "SIRE_MENTION_TYPE" : "NONE",
      "SIRE_MENTION_ROLE" : "Consumer"
    },
    "type" : "Consumer",
    "begin" : 1531,
    "end" : 1532,
    "inCoref" : true
  } ],
  "relations" : [ {
    "id" : "s1-r1",
    "properties" : { },
    "type" : "hasQuality",
    "args" : [ "s1-m0", "s1-m2" ]
  }, {
    "id" : "s2-r1",
    "properties" : { },
    "type" : "hasFeature",
    "args" : [ "s2-m1", "s2-m2" ]
  }, {
    "id" : "s7-r1",
    "properties" : { },
    "type" : "hasQuality",
    "args" : [ "s7-m1", "s7-m3" ]
  }, {
    "id" : "s8-r1",
    "properties" : { },
    "type" : "hasQuality",
    "args" : [ "s8-m1", "s8-m2" ]
  }, {
    "id" : "s10-r1",
    "properties" : { },
    "type" : "hasQuality",
    "args" : [ "s10-m2", "s10-m3" ]
  }, {
    "id" : "s14-r1",
    "properties" : { },
    "type" : "hasQuality",
    "args" : [ "s14-m2", "s14-m3" ]
  }, {
    "id" : "s17-r2",
    "properties" : { },
    "type" : "hasQuality",
    "args" : [ "s17-m3", "s17-m2" ]
  }, {
    "id" : "s17-r3",
    "properties" : { },
    "type" : "hasFeature",
    "args" : [ "s17-m3", "s17-m1" ]
  }, {
    "id" : "s18-r1",
    "properties" : { },
    "type" : "hasQuality",
    "args" : [ "s18-m2", "s18-m3" ]
  }, {
    "id" : "s20-r1",
    "properties" : { },
    "type" : "hasFeature",
    "args" : [ "s20-m4", "s20-m2" ]
  }, {
    "id" : "s20-r2",
    "properties" : { },
    "type" : "hasQuality",
    "args" : [ "s20-m2", "s20-m3" ]
  }, {
    "id" : "s23-r1",
    "properties" : { },
    "type" : "hasQuality",
    "args" : [ "s23-m1", "s23-m2" ]
  }, {
    "id" : "s24-r1",
    "properties" : { },
    "type" : "hasQuality",
    "args" : [ "s24-m1", "s24-m2" ]
  }, {
    "id" : "s25-r1",
    "properties" : { },
    "type" : "hasFeature",
    "args" : [ "s25-m2", "s25-m1" ]
  }, {
    "id" : "s28-r1",
    "properties" : { },
    "type" : "hasQuality",
    "args" : [ "s28-m3", "s28-m4" ]
  }, {
    "id" : "s28-r2",
    "properties" : { },
    "type" : "hasFeature",
    "args" : [ "s28-m1", "s28-m3" ]
  }, {
    "id" : "s29-r1",
    "properties" : { },
    "type" : "hasQuality",
    "args" : [ "s29-m3", "s29-m1" ]
  }, {
    "id" : "s29-r2",
    "properties" : { },
    "type" : "hasQuality",
    "args" : [ "s29-m3", "s29-m2" ]
  } ],
  "corefs" : [ {
    "id" : "c1",
    "properties" : { },
    "mentions" : [ "s0-m1", "s2-m1", "s5-m1", "s16-m2", "s17-m3", "s15-m0", "s19-m2", "s20-m4", "s25-m2", "s29-m3", "s28-m1", "s28-m2" ]
  }, {
    "id" : "c2",
    "properties" : { },
    "mentions" : [ "s3-m0", "s6-m0", "s10-m0", "s16-m0", "s19-m0", "s18-m0", "s20-m0", "s21-m0", "s35-m0" ]
  } ],
  "typeResolved" : true,
  "userResolved" : true
}