{
  "id" : "a4d67795-6a55-4af2-8249-ff84f7863130-22",
  "modifiedDate" : 1467905021318,
  "name" : "review97.txt",
  "version" : 2,
  "text" : "UPDATE: 7/10/15: I am editing my review - so much has happened with TCL Customer Support since writing my original review...I must say I have never experienced such OUTSTANDING Customer Service!!! After seeing my review, TCL asked me to contact them regarding the problem TV, stating this was definitely an uncommon issue, and they wanted to do everything possible to remedy the situation -- not only just for me, but to make sure no other customers had to experience the same issue.\n",
  "docLength" : 484,
  "language" : "EN",
  "status" : "SUBMITTED",
  "documentSet" : [ ],
  "sentences" : [ {
    "id" : "s0",
    "begin" : 0,
    "end" : 196,
    "text" : "UPDATE: 7/10/15: I am editing my review - so much has happened with TCL Customer Support since writing my original review...I must say I have never experienced such OUTSTANDING Customer Service!!!",
    "tokens" : [ {
      "id" : "s0-t0",
      "begin" : 0,
      "end" : 6,
      "text" : "UPDATE",
      "tokenType" : "UppercaseAlphabetic",
      "lemma" : "update",
      "partOfSpeech" : "NN",
      "whiteSpace" : false
    }, {
      "id" : "s0-t1",
      "begin" : 6,
      "end" : 7,
      "text" : ":",
      "tokenType" : "ClauseEndingPunctuation",
      "partOfSpeech" : ":",
      "whiteSpace" : false
    }, {
      "id" : "s0-t2",
      "begin" : 8,
      "end" : 9,
      "text" : "7",
      "tokenType" : "Numeric",
      "partOfSpeech" : "CD",
      "whiteSpace" : false
    }, {
      "id" : "s0-t3",
      "begin" : 9,
      "end" : 10,
      "text" : "/",
      "tokenType" : "Punctuation",
      "partOfSpeech" : ":",
      "whiteSpace" : false
    }, {
      "id" : "s0-t4",
      "begin" : 10,
      "end" : 12,
      "text" : "10",
      "tokenType" : "Numeric",
      "partOfSpeech" : "CD",
      "whiteSpace" : false
    }, {
      "id" : "s0-t5",
      "begin" : 12,
      "end" : 13,
      "text" : "/",
      "tokenType" : "Punctuation",
      "partOfSpeech" : ":",
      "whiteSpace" : false
    }, {
      "id" : "s0-t6",
      "begin" : 13,
      "end" : 15,
      "text" : "15",
      "tokenType" : "Numeric",
      "partOfSpeech" : "CD",
      "whiteSpace" : false
    }, {
      "id" : "s0-t7",
      "begin" : 15,
      "end" : 16,
      "text" : ":",
      "tokenType" : "ClauseEndingPunctuation",
      "partOfSpeech" : ":",
      "whiteSpace" : false
    }, {
      "id" : "s0-t8",
      "begin" : 17,
      "end" : 18,
      "text" : "I",
      "tokenType" : "UppercaseAlphabetic",
      "lemma" : "I",
      "partOfSpeech" : "PRP",
      "whiteSpace" : false
    }, {
      "id" : "s0-t9",
      "begin" : 19,
      "end" : 21,
      "text" : "am",
      "tokenType" : "LowercaseAlphabetic",
      "lemma" : "be",
      "partOfSpeech" : "VBP",
      "whiteSpace" : false
    }, {
      "id" : "s0-t10",
      "begin" : 22,
      "end" : 29,
      "text" : "editing",
      "tokenType" : "LowercaseAlphabetic",
      "lemma" : "edit",
      "partOfSpeech" : "VBG",
      "whiteSpace" : false
    }, {
      "id" : "s0-t11",
      "begin" : 30,
      "end" : 32,
      "text" : "my",
      "tokenType" : "LowercaseAlphabetic",
      "lemma" : "my",
      "partOfSpeech" : "PRP$",
      "whiteSpace" : false
    }, {
      "id" : "s0-t12",
      "begin" : 33,
      "end" : 39,
      "text" : "review",
      "tokenType" : "LowercaseAlphabetic",
      "lemma" : "review",
      "partOfSpeech" : "NN",
      "whiteSpace" : false
    }, {
      "id" : "s0-t13",
      "begin" : 40,
      "end" : 41,
      "text" : "-",
      "tokenType" : "Punctuation",
      "partOfSpeech" : ":",
      "whiteSpace" : false
    }, {
      "id" : "s0-t14",
      "begin" : 42,
      "end" : 44,
      "text" : "so",
      "tokenType" : "LowercaseAlphabetic",
      "lemma" : "so",
      "partOfSpeech" : "IN",
      "whiteSpace" : false
    }, {
      "id" : "s0-t15",
      "begin" : 45,
      "end" : 49,
      "text" : "much",
      "tokenType" : "LowercaseAlphabetic",
      "lemma" : "much",
      "partOfSpeech" : "JJ",
      "whiteSpace" : false
    }, {
      "id" : "s0-t16",
      "begin" : 50,
      "end" : 53,
      "text" : "has",
      "tokenType" : "LowercaseAlphabetic",
      "lemma" : "have",
      "partOfSpeech" : "VBZ",
      "whiteSpace" : false
    }, {
      "id" : "s0-t17",
      "begin" : 54,
      "end" : 62,
      "text" : "happened",
      "tokenType" : "LowercaseAlphabetic",
      "lemma" : "happen",
      "partOfSpeech" : "VBN",
      "whiteSpace" : false
    }, {
      "id" : "s0-t18",
      "begin" : 63,
      "end" : 67,
      "text" : "with",
      "tokenType" : "LowercaseAlphabetic",
      "lemma" : "with",
      "partOfSpeech" : "IN",
      "whiteSpace" : false
    }, {
      "id" : "s0-t19",
      "begin" : 68,
      "end" : 71,
      "text" : "TCL",
      "tokenType" : "UppercaseAlphabetic",
      "lemma" : "TCL",
      "partOfSpeech" : "NNP",
      "whiteSpace" : false
    }, {
      "id" : "s0-t20",
      "begin" : 72,
      "end" : 80,
      "text" : "Customer",
      "tokenType" : "TitlecaseAlphabetic",
      "lemma" : "customer",
      "partOfSpeech" : "NN",
      "whiteSpace" : false
    }, {
      "id" : "s0-t21",
      "begin" : 81,
      "end" : 88,
      "text" : "Support",
      "tokenType" : "TitlecaseAlphabetic",
      "lemma" : "support",
      "partOfSpeech" : "NN",
      "whiteSpace" : false
    }, {
      "id" : "s0-t22",
      "begin" : 89,
      "end" : 94,
      "text" : "since",
      "tokenType" : "LowercaseAlphabetic",
      "lemma" : "since",
      "partOfSpeech" : "IN",
      "whiteSpace" : false
    }, {
      "id" : "s0-t23",
      "begin" : 95,
      "end" : 102,
      "text" : "writing",
      "tokenType" : "LowercaseAlphabetic",
      "lemma" : "write",
      "partOfSpeech" : "VBG",
      "whiteSpace" : false
    }, {
      "id" : "s0-t24",
      "begin" : 103,
      "end" : 105,
      "text" : "my",
      "tokenType" : "LowercaseAlphabetic",
      "lemma" : "my",
      "partOfSpeech" : "PRP$",
      "whiteSpace" : false
    }, {
      "id" : "s0-t25",
      "begin" : 106,
      "end" : 114,
      "text" : "original",
      "tokenType" : "LowercaseAlphabetic",
      "lemma" : "original",
      "partOfSpeech" : "JJ",
      "whiteSpace" : false
    }, {
      "id" : "s0-t26",
      "begin" : 115,
      "end" : 121,
      "text" : "review",
      "tokenType" : "LowercaseAlphabetic",
      "lemma" : "review",
      "partOfSpeech" : "NN",
      "whiteSpace" : false
    }, {
      "id" : "s0-t27",
      "begin" : 121,
      "end" : 124,
      "text" : "...",
      "tokenType" : "ClauseEndingPunctuation",
      "partOfSpeech" : ".",
      "whiteSpace" : false
    }, {
      "id" : "s0-t28",
      "begin" : 124,
      "end" : 125,
      "text" : "I",
      "tokenType" : "UppercaseAlphabetic",
      "lemma" : "I",
      "partOfSpeech" : "PRP",
      "whiteSpace" : false
    }, {
      "id" : "s0-t29",
      "begin" : 126,
      "end" : 130,
      "text" : "must",
      "tokenType" : "LowercaseAlphabetic",
      "lemma" : "must",
      "partOfSpeech" : "MD",
      "whiteSpace" : false
    }, {
      "id" : "s0-t30",
      "begin" : 131,
      "end" : 134,
      "text" : "say",
      "tokenType" : "LowercaseAlphabetic",
      "lemma" : "say",
      "partOfSpeech" : "VB",
      "whiteSpace" : false
    }, {
      "id" : "s0-t31",
      "begin" : 135,
      "end" : 136,
      "text" : "I",
      "tokenType" : "UppercaseAlphabetic",
      "lemma" : "I",
      "partOfSpeech" : "PRP",
      "whiteSpace" : false
    }, {
      "id" : "s0-t32",
      "begin" : 137,
      "end" : 141,
      "text" : "have",
      "tokenType" : "LowercaseAlphabetic",
      "lemma" : "have",
      "partOfSpeech" : "VBP",
      "whiteSpace" : false
    }, {
      "id" : "s0-t33",
      "begin" : 142,
      "end" : 147,
      "text" : "never",
      "tokenType" : "LowercaseAlphabetic",
      "lemma" : "never",
      "partOfSpeech" : "RB",
      "whiteSpace" : false
    }, {
      "id" : "s0-t34",
      "begin" : 148,
      "end" : 159,
      "text" : "experienced",
      "tokenType" : "LowercaseAlphabetic",
      "lemma" : "experience",
      "partOfSpeech" : "VBN",
      "whiteSpace" : false
    }, {
      "id" : "s0-t35",
      "begin" : 160,
      "end" : 164,
      "text" : "such",
      "tokenType" : "LowercaseAlphabetic",
      "lemma" : "such",
      "partOfSpeech" : "JJ",
      "whiteSpace" : false
    }, {
      "id" : "s0-t36",
      "begin" : 165,
      "end" : 176,
      "text" : "OUTSTANDING",
      "tokenType" : "UppercaseAlphabetic",
      "lemma" : "outstanding",
      "partOfSpeech" : "JJ",
      "whiteSpace" : false
    }, {
      "id" : "s0-t37",
      "begin" : 177,
      "end" : 185,
      "text" : "Customer",
      "tokenType" : "TitlecaseAlphabetic",
      "lemma" : "customer",
      "partOfSpeech" : "NN",
      "whiteSpace" : false
    }, {
      "id" : "s0-t38",
      "begin" : 186,
      "end" : 193,
      "text" : "Service",
      "tokenType" : "TitlecaseAlphabetic",
      "lemma" : "service",
      "partOfSpeech" : "NN",
      "whiteSpace" : false
    }, {
      "id" : "s0-t39",
      "begin" : 193,
      "end" : 196,
      "text" : "!!!",
      "tokenType" : "ClauseEndingPunctuation",
      "partOfSpeech" : ".",
      "whiteSpace" : false
    } ]
  }, {
    "id" : "s1",
    "begin" : 197,
    "end" : 483,
    "text" : "After seeing my review, TCL asked me to contact them regarding the problem TV, stating this was definitely an uncommon issue, and they wanted to do everything possible to remedy the situation -- not only just for me, but to make sure no other customers had to experience the same issue.",
    "tokens" : [ {
      "id" : "s1-t0",
      "begin" : 197,
      "end" : 202,
      "text" : "After",
      "tokenType" : "TitlecaseAlphabetic",
      "lemma" : "after",
      "partOfSpeech" : "IN",
      "whiteSpace" : false
    }, {
      "id" : "s1-t1",
      "begin" : 203,
      "end" : 209,
      "text" : "seeing",
      "tokenType" : "LowercaseAlphabetic",
      "lemma" : "see",
      "partOfSpeech" : "VBG",
      "whiteSpace" : false
    }, {
      "id" : "s1-t2",
      "begin" : 210,
      "end" : 212,
      "text" : "my",
      "tokenType" : "LowercaseAlphabetic",
      "lemma" : "my",
      "partOfSpeech" : "PRP$",
      "whiteSpace" : false
    }, {
      "id" : "s1-t3",
      "begin" : 213,
      "end" : 219,
      "text" : "review",
      "tokenType" : "LowercaseAlphabetic",
      "lemma" : "review",
      "partOfSpeech" : "NN",
      "whiteSpace" : false
    }, {
      "id" : "s1-t4",
      "begin" : 219,
      "end" : 220,
      "text" : ",",
      "tokenType" : "ClauseEndingPunctuation",
      "partOfSpeech" : ",",
      "whiteSpace" : false
    }, {
      "id" : "s1-t5",
      "begin" : 221,
      "end" : 224,
      "text" : "TCL",
      "tokenType" : "UppercaseAlphabetic",
      "lemma" : "TCL",
      "partOfSpeech" : "NNP",
      "whiteSpace" : false
    }, {
      "id" : "s1-t6",
      "begin" : 225,
      "end" : 230,
      "text" : "asked",
      "tokenType" : "LowercaseAlphabetic",
      "lemma" : "ask",
      "partOfSpeech" : "VBD",
      "whiteSpace" : false
    }, {
      "id" : "s1-t7",
      "begin" : 231,
      "end" : 233,
      "text" : "me",
      "tokenType" : "LowercaseAlphabetic",
      "lemma" : "I",
      "partOfSpeech" : "PRP",
      "whiteSpace" : false
    }, {
      "id" : "s1-t8",
      "begin" : 234,
      "end" : 236,
      "text" : "to",
      "tokenType" : "LowercaseAlphabetic",
      "lemma" : "to",
      "partOfSpeech" : "TO",
      "whiteSpace" : false
    }, {
      "id" : "s1-t9",
      "begin" : 237,
      "end" : 244,
      "text" : "contact",
      "tokenType" : "LowercaseAlphabetic",
      "lemma" : "contact",
      "partOfSpeech" : "VB",
      "whiteSpace" : false
    }, {
      "id" : "s1-t10",
      "begin" : 245,
      "end" : 249,
      "text" : "them",
      "tokenType" : "LowercaseAlphabetic",
      "lemma" : "they",
      "partOfSpeech" : "PRP",
      "whiteSpace" : false
    }, {
      "id" : "s1-t11",
      "begin" : 250,
      "end" : 259,
      "text" : "regarding",
      "tokenType" : "LowercaseAlphabetic",
      "lemma" : "regard",
      "partOfSpeech" : "VBG",
      "whiteSpace" : false
    }, {
      "id" : "s1-t12",
      "begin" : 260,
      "end" : 263,
      "text" : "the",
      "tokenType" : "LowercaseAlphabetic",
      "lemma" : "the",
      "partOfSpeech" : "DT",
      "whiteSpace" : false
    }, {
      "id" : "s1-t13",
      "begin" : 264,
      "end" : 271,
      "text" : "problem",
      "tokenType" : "LowercaseAlphabetic",
      "lemma" : "problem",
      "partOfSpeech" : "NN",
      "whiteSpace" : false
    }, {
      "id" : "s1-t14",
      "begin" : 272,
      "end" : 274,
      "text" : "TV",
      "tokenType" : "UppercaseAlphabetic",
      "lemma" : "television",
      "partOfSpeech" : "NN",
      "whiteSpace" : false
    }, {
      "id" : "s1-t15",
      "begin" : 274,
      "end" : 275,
      "text" : ",",
      "tokenType" : "ClauseEndingPunctuation",
      "partOfSpeech" : ",",
      "whiteSpace" : false
    }, {
      "id" : "s1-t16",
      "begin" : 276,
      "end" : 283,
      "text" : "stating",
      "tokenType" : "LowercaseAlphabetic",
      "lemma" : "state",
      "partOfSpeech" : "VBG",
      "whiteSpace" : false
    }, {
      "id" : "s1-t17",
      "begin" : 284,
      "end" : 288,
      "text" : "this",
      "tokenType" : "LowercaseAlphabetic",
      "lemma" : "this",
      "partOfSpeech" : "DT",
      "whiteSpace" : false
    }, {
      "id" : "s1-t18",
      "begin" : 289,
      "end" : 292,
      "text" : "was",
      "tokenType" : "LowercaseAlphabetic",
      "lemma" : "be",
      "partOfSpeech" : "VBD",
      "whiteSpace" : false
    }, {
      "id" : "s1-t19",
      "begin" : 293,
      "end" : 303,
      "text" : "definitely",
      "tokenType" : "LowercaseAlphabetic",
      "lemma" : "definitely",
      "partOfSpeech" : "RB",
      "whiteSpace" : false
    }, {
      "id" : "s1-t20",
      "begin" : 304,
      "end" : 306,
      "text" : "an",
      "tokenType" : "LowercaseAlphabetic",
      "lemma" : "an",
      "partOfSpeech" : "DT",
      "whiteSpace" : false
    }, {
      "id" : "s1-t21",
      "begin" : 307,
      "end" : 315,
      "text" : "uncommon",
      "tokenType" : "LowercaseAlphabetic",
      "lemma" : "uncommon",
      "partOfSpeech" : "JJ",
      "whiteSpace" : false
    }, {
      "id" : "s1-t22",
      "begin" : 316,
      "end" : 321,
      "text" : "issue",
      "tokenType" : "LowercaseAlphabetic",
      "lemma" : "issue",
      "partOfSpeech" : "NN",
      "whiteSpace" : false
    }, {
      "id" : "s1-t23",
      "begin" : 321,
      "end" : 322,
      "text" : ",",
      "tokenType" : "ClauseEndingPunctuation",
      "partOfSpeech" : ",",
      "whiteSpace" : false
    }, {
      "id" : "s1-t24",
      "begin" : 323,
      "end" : 326,
      "text" : "and",
      "tokenType" : "LowercaseAlphabetic",
      "lemma" : "and",
      "partOfSpeech" : "CC",
      "whiteSpace" : false
    }, {
      "id" : "s1-t25",
      "begin" : 327,
      "end" : 331,
      "text" : "they",
      "tokenType" : "LowercaseAlphabetic",
      "lemma" : "they",
      "partOfSpeech" : "PRP",
      "whiteSpace" : false
    }, {
      "id" : "s1-t26",
      "begin" : 332,
      "end" : 338,
      "text" : "wanted",
      "tokenType" : "LowercaseAlphabetic",
      "lemma" : "want",
      "partOfSpeech" : "VBD",
      "whiteSpace" : false
    }, {
      "id" : "s1-t27",
      "begin" : 339,
      "end" : 341,
      "text" : "to",
      "tokenType" : "LowercaseAlphabetic",
      "lemma" : "to",
      "partOfSpeech" : "TO",
      "whiteSpace" : false
    }, {
      "id" : "s1-t28",
      "begin" : 342,
      "end" : 344,
      "text" : "do",
      "tokenType" : "LowercaseAlphabetic",
      "lemma" : "do",
      "partOfSpeech" : "VB",
      "whiteSpace" : false
    }, {
      "id" : "s1-t29",
      "begin" : 345,
      "end" : 355,
      "text" : "everything",
      "tokenType" : "LowercaseAlphabetic",
      "lemma" : "everything",
      "partOfSpeech" : "NN",
      "whiteSpace" : false
    }, {
      "id" : "s1-t30",
      "begin" : 356,
      "end" : 364,
      "text" : "possible",
      "tokenType" : "LowercaseAlphabetic",
      "lemma" : "possible",
      "partOfSpeech" : "JJ",
      "whiteSpace" : false
    }, {
      "id" : "s1-t31",
      "begin" : 365,
      "end" : 367,
      "text" : "to",
      "tokenType" : "LowercaseAlphabetic",
      "lemma" : "to",
      "partOfSpeech" : "TO",
      "whiteSpace" : false
    }, {
      "id" : "s1-t32",
      "begin" : 368,
      "end" : 374,
      "text" : "remedy",
      "tokenType" : "LowercaseAlphabetic",
      "lemma" : "remedy",
      "partOfSpeech" : "VB",
      "whiteSpace" : false
    }, {
      "id" : "s1-t33",
      "begin" : 375,
      "end" : 378,
      "text" : "the",
      "tokenType" : "LowercaseAlphabetic",
      "lemma" : "the",
      "partOfSpeech" : "DT",
      "whiteSpace" : false
    }, {
      "id" : "s1-t34",
      "begin" : 379,
      "end" : 388,
      "text" : "situation",
      "tokenType" : "LowercaseAlphabetic",
      "lemma" : "situation",
      "partOfSpeech" : "NN",
      "whiteSpace" : false
    }, {
      "id" : "s1-t35",
      "begin" : 389,
      "end" : 391,
      "text" : "--",
      "tokenType" : "Punctuation",
      "partOfSpeech" : ":",
      "whiteSpace" : false
    }, {
      "id" : "s1-t36",
      "begin" : 392,
      "end" : 395,
      "text" : "not",
      "tokenType" : "LowercaseAlphabetic",
      "lemma" : "not",
      "partOfSpeech" : "RB",
      "whiteSpace" : false
    }, {
      "id" : "s1-t37",
      "begin" : 396,
      "end" : 400,
      "text" : "only",
      "tokenType" : "LowercaseAlphabetic",
      "lemma" : "only",
      "partOfSpeech" : "RB",
      "whiteSpace" : false
    }, {
      "id" : "s1-t38",
      "begin" : 401,
      "end" : 405,
      "text" : "just",
      "tokenType" : "LowercaseAlphabetic",
      "lemma" : "just",
      "partOfSpeech" : "RB",
      "whiteSpace" : false
    }, {
      "id" : "s1-t39",
      "begin" : 406,
      "end" : 409,
      "text" : "for",
      "tokenType" : "LowercaseAlphabetic",
      "lemma" : "for",
      "partOfSpeech" : "IN",
      "whiteSpace" : false
    }, {
      "id" : "s1-t40",
      "begin" : 410,
      "end" : 412,
      "text" : "me",
      "tokenType" : "LowercaseAlphabetic",
      "lemma" : "I",
      "partOfSpeech" : "PRP",
      "whiteSpace" : false
    }, {
      "id" : "s1-t41",
      "begin" : 412,
      "end" : 413,
      "text" : ",",
      "tokenType" : "ClauseEndingPunctuation",
      "partOfSpeech" : ",",
      "whiteSpace" : false
    }, {
      "id" : "s1-t42",
      "begin" : 414,
      "end" : 417,
      "text" : "but",
      "tokenType" : "LowercaseAlphabetic",
      "lemma" : "but",
      "partOfSpeech" : "CC",
      "whiteSpace" : false
    }, {
      "id" : "s1-t43",
      "begin" : 418,
      "end" : 420,
      "text" : "to",
      "tokenType" : "LowercaseAlphabetic",
      "lemma" : "to",
      "partOfSpeech" : "TO",
      "whiteSpace" : false
    }, {
      "id" : "s1-t44",
      "begin" : 421,
      "end" : 425,
      "text" : "make",
      "tokenType" : "LowercaseAlphabetic",
      "lemma" : "make",
      "partOfSpeech" : "VB",
      "whiteSpace" : false
    }, {
      "id" : "s1-t45",
      "begin" : 426,
      "end" : 430,
      "text" : "sure",
      "tokenType" : "LowercaseAlphabetic",
      "lemma" : "sure",
      "partOfSpeech" : "RB",
      "whiteSpace" : false
    }, {
      "id" : "s1-t46",
      "begin" : 431,
      "end" : 433,
      "text" : "no",
      "tokenType" : "LowercaseAlphabetic",
      "lemma" : "no",
      "partOfSpeech" : "DT",
      "whiteSpace" : false
    }, {
      "id" : "s1-t47",
      "begin" : 434,
      "end" : 439,
      "text" : "other",
      "tokenType" : "LowercaseAlphabetic",
      "lemma" : "other",
      "partOfSpeech" : "JJ",
      "whiteSpace" : false
    }, {
      "id" : "s1-t48",
      "begin" : 440,
      "end" : 449,
      "text" : "customers",
      "tokenType" : "LowercaseAlphabetic",
      "lemma" : "customer",
      "partOfSpeech" : "NNS",
      "whiteSpace" : false
    }, {
      "id" : "s1-t49",
      "begin" : 450,
      "end" : 453,
      "text" : "had",
      "tokenType" : "LowercaseAlphabetic",
      "lemma" : "have",
      "partOfSpeech" : "VBD",
      "whiteSpace" : false
    }, {
      "id" : "s1-t50",
      "begin" : 454,
      "end" : 456,
      "text" : "to",
      "tokenType" : "LowercaseAlphabetic",
      "lemma" : "to",
      "partOfSpeech" : "TO",
      "whiteSpace" : false
    }, {
      "id" : "s1-t51",
      "begin" : 457,
      "end" : 467,
      "text" : "experience",
      "tokenType" : "LowercaseAlphabetic",
      "lemma" : "experience",
      "partOfSpeech" : "VB",
      "whiteSpace" : false
    }, {
      "id" : "s1-t52",
      "begin" : 468,
      "end" : 471,
      "text" : "the",
      "tokenType" : "LowercaseAlphabetic",
      "lemma" : "the",
      "partOfSpeech" : "DT",
      "whiteSpace" : false
    }, {
      "id" : "s1-t53",
      "begin" : 472,
      "end" : 476,
      "text" : "same",
      "tokenType" : "LowercaseAlphabetic",
      "lemma" : "same",
      "partOfSpeech" : "JJ",
      "whiteSpace" : false
    }, {
      "id" : "s1-t54",
      "begin" : 477,
      "end" : 482,
      "text" : "issue",
      "tokenType" : "LowercaseAlphabetic",
      "lemma" : "issue",
      "partOfSpeech" : "NN",
      "whiteSpace" : false
    }, {
      "id" : "s1-t55",
      "begin" : 482,
      "end" : 483,
      "text" : ".",
      "tokenType" : "ClauseEndingPunctuation",
      "partOfSpeech" : ".",
      "whiteSpace" : false
    } ]
  } ],
  "mentions" : [ {
    "id" : "s0-m0",
    "properties" : {
      "SIRE_MENTION_CLASS" : "SPC",
      "SIRE_ENTITY_SUBTYPE" : "NONE",
      "SIRE_MENTION_TYPE" : "NONE",
      "SIRE_MENTION_ROLE" : "Consumer"
    },
    "type" : "Consumer",
    "begin" : 17,
    "end" : 18,
    "inCoref" : true
  }, {
    "id" : "s0-m1",
    "properties" : {
      "SIRE_MENTION_CLASS" : "SPC",
      "SIRE_ENTITY_SUBTYPE" : "NONE",
      "SIRE_MENTION_TYPE" : "NONE",
      "SIRE_MENTION_ROLE" : "Company"
    },
    "type" : "Company",
    "begin" : 68,
    "end" : 71,
    "inCoref" : true
  }, {
    "id" : "s0-m6",
    "properties" : {
      "SIRE_MENTION_ROLE" : "Customer_Service",
      "SIRE_ENTITY_SUBTYPE" : "NONE",
      "SIRE_MENTION_TYPE" : "NONE",
      "SIRE_MENTION_CLASS" : "SPC"
    },
    "type" : "Customer_Service",
    "begin" : 72,
    "end" : 88,
    "inCoref" : true
  }, {
    "id" : "s0-m2",
    "properties" : {
      "SIRE_MENTION_CLASS" : "SPC",
      "SIRE_ENTITY_SUBTYPE" : "NONE",
      "SIRE_MENTION_TYPE" : "NONE",
      "SIRE_MENTION_ROLE" : "Consumer"
    },
    "type" : "Consumer",
    "begin" : 124,
    "end" : 125,
    "inCoref" : true
  }, {
    "id" : "s0-m3",
    "properties" : {
      "SIRE_MENTION_CLASS" : "SPC",
      "SIRE_ENTITY_SUBTYPE" : "NONE",
      "SIRE_MENTION_TYPE" : "NONE",
      "SIRE_MENTION_ROLE" : "Consumer"
    },
    "type" : "Consumer",
    "begin" : 135,
    "end" : 136,
    "inCoref" : true
  }, {
    "id" : "s0-m7",
    "properties" : {
      "SIRE_MENTION_ROLE" : "Descriptor",
      "SIRE_ENTITY_SUBTYPE" : "NONE",
      "SIRE_MENTION_TYPE" : "NONE",
      "SIRE_MENTION_CLASS" : "SPC"
    },
    "type" : "Descriptor",
    "begin" : 165,
    "end" : 176,
    "inCoref" : false
  }, {
    "id" : "s0-m4",
    "properties" : {
      "SIRE_MENTION_CLASS" : "SPC",
      "SIRE_ENTITY_SUBTYPE" : "NONE",
      "SIRE_MENTION_TYPE" : "NONE",
      "SIRE_MENTION_ROLE" : "Customer_Service"
    },
    "type" : "Customer_Service",
    "begin" : 177,
    "end" : 193,
    "inCoref" : true
  }, {
    "id" : "s1-m0",
    "properties" : {
      "SIRE_MENTION_ROLE" : "Customer_Service",
      "SIRE_ENTITY_SUBTYPE" : "NONE",
      "SIRE_MENTION_TYPE" : "NONE",
      "SIRE_MENTION_CLASS" : "SPC"
    },
    "type" : "Company",
    "begin" : 221,
    "end" : 224,
    "inCoref" : true
  }, {
    "id" : "s1-m1",
    "properties" : {
      "SIRE_MENTION_CLASS" : "SPC",
      "SIRE_ENTITY_SUBTYPE" : "NONE",
      "SIRE_MENTION_TYPE" : "NONE",
      "SIRE_MENTION_ROLE" : "Consumer"
    },
    "type" : "Consumer",
    "begin" : 231,
    "end" : 233,
    "inCoref" : true
  }, {
    "id" : "s1-m5",
    "properties" : {
      "SIRE_MENTION_ROLE" : "Descriptor",
      "SIRE_ENTITY_SUBTYPE" : "NONE",
      "SIRE_MENTION_TYPE" : "NONE",
      "SIRE_MENTION_CLASS" : "SPC"
    },
    "type" : "Descriptor",
    "begin" : 264,
    "end" : 271,
    "inCoref" : false
  }, {
    "id" : "s1-m2",
    "properties" : {
      "SIRE_MENTION_CLASS" : "SPC",
      "SIRE_ENTITY_SUBTYPE" : "NONE",
      "SIRE_MENTION_TYPE" : "NONE",
      "SIRE_MENTION_ROLE" : "Product"
    },
    "type" : "Product",
    "begin" : 272,
    "end" : 274,
    "inCoref" : false
  }, {
    "id" : "s1-m6",
    "properties" : {
      "SIRE_MENTION_ROLE" : "Feature",
      "SIRE_ENTITY_SUBTYPE" : "NONE",
      "SIRE_MENTION_TYPE" : "NONE",
      "SIRE_MENTION_CLASS" : "SPC"
    },
    "type" : "Feature",
    "begin" : 284,
    "end" : 288,
    "inCoref" : false
  }, {
    "id" : "s1-m7",
    "properties" : {
      "SIRE_MENTION_ROLE" : "Descriptor",
      "SIRE_ENTITY_SUBTYPE" : "NONE",
      "SIRE_MENTION_TYPE" : "NONE",
      "SIRE_MENTION_CLASS" : "SPC"
    },
    "type" : "Descriptor",
    "begin" : 307,
    "end" : 315,
    "inCoref" : false
  }, {
    "id" : "s1-m3",
    "properties" : {
      "SIRE_MENTION_CLASS" : "SPC",
      "SIRE_ENTITY_SUBTYPE" : "NONE",
      "SIRE_MENTION_TYPE" : "NONE",
      "SIRE_MENTION_ROLE" : "Consumer"
    },
    "type" : "Consumer",
    "begin" : 410,
    "end" : 412,
    "inCoref" : true
  } ],
  "relations" : [ {
    "id" : "s0-r1",
    "properties" : { },
    "type" : "isAPartOf",
    "args" : [ "s0-m6", "s0-m1" ]
  }, {
    "id" : "s0-r2",
    "properties" : { },
    "type" : "isAPartOf",
    "args" : [ "s0-m4", "s0-m1" ]
  }, {
    "id" : "s0-r3",
    "properties" : { },
    "type" : "hasQuality",
    "args" : [ "s0-m4", "s0-m7" ]
  }, {
    "id" : "s0-r4",
    "properties" : { },
    "type" : "hasQuality",
    "args" : [ "s0-m6", "s0-m7" ]
  }, {
    "id" : "s1-r1",
    "properties" : { },
    "type" : "madeBy",
    "args" : [ "s1-m2", "s1-m0" ]
  }, {
    "id" : "s1-r2",
    "properties" : { },
    "type" : "hasQuality",
    "args" : [ "s1-m2", "s1-m5" ]
  }, {
    "id" : "s1-r3",
    "properties" : { },
    "type" : "hasQuality",
    "args" : [ "s1-m6", "s1-m7" ]
  } ],
  "corefs" : [ {
    "id" : "c1",
    "properties" : { },
    "mentions" : [ "s0-m6", "s0-m4" ]
  }, {
    "id" : "c2",
    "properties" : { },
    "mentions" : [ "s1-m0", "s0-m1" ]
  }, {
    "id" : "c3",
    "properties" : { },
    "mentions" : [ "s0-m0", "s1-m1", "s1-m3", "s0-m2", "s0-m3" ]
  } ],
  "typeResolved" : true,
  "userResolved" : true
}