{
  "id" : "a4d67795-6a55-4af2-8249-ff84f7863130-23",
  "modifiedDate" : 1467904281811,
  "name" : "review98.txt",
  "version" : 2,
  "text" : "Like the TV, has easy setup and great picture. My only complaint is an LED line of light at the very top of the screen, about 7\" long. It's like the outside frame doesn't quite cover the screen. Doesn't detract too much, but a little annoying. I have not contacted customer service yet, but need to. I'm in a foreign country, so not too sure what they will do.\n",
  "docLength" : 361,
  "language" : "EN",
  "status" : "SUBMITTED",
  "documentSet" : [ ],
  "sentences" : [ {
    "id" : "s0",
    "begin" : 0,
    "end" : 46,
    "text" : "Like the TV, has easy setup and great picture.",
    "tokens" : [ {
      "id" : "s0-t0",
      "begin" : 0,
      "end" : 4,
      "text" : "Like",
      "tokenType" : "TitlecaseAlphabetic",
      "lemma" : "like",
      "partOfSpeech" : "IN",
      "whiteSpace" : false
    }, {
      "id" : "s0-t1",
      "begin" : 5,
      "end" : 8,
      "text" : "the",
      "tokenType" : "LowercaseAlphabetic",
      "lemma" : "the",
      "partOfSpeech" : "DT",
      "whiteSpace" : false
    }, {
      "id" : "s0-t2",
      "begin" : 9,
      "end" : 11,
      "text" : "TV",
      "tokenType" : "UppercaseAlphabetic",
      "lemma" : "television",
      "partOfSpeech" : "NN",
      "whiteSpace" : false
    }, {
      "id" : "s0-t3",
      "begin" : 11,
      "end" : 12,
      "text" : ",",
      "tokenType" : "ClauseEndingPunctuation",
      "partOfSpeech" : ",",
      "whiteSpace" : false
    }, {
      "id" : "s0-t4",
      "begin" : 13,
      "end" : 16,
      "text" : "has",
      "tokenType" : "LowercaseAlphabetic",
      "lemma" : "have",
      "partOfSpeech" : "VBZ",
      "whiteSpace" : false
    }, {
      "id" : "s0-t5",
      "begin" : 17,
      "end" : 21,
      "text" : "easy",
      "tokenType" : "LowercaseAlphabetic",
      "lemma" : "easy",
      "partOfSpeech" : "JJ",
      "whiteSpace" : false
    }, {
      "id" : "s0-t6",
      "begin" : 22,
      "end" : 27,
      "text" : "setup",
      "tokenType" : "LowercaseAlphabetic",
      "lemma" : "setup",
      "partOfSpeech" : "NN",
      "whiteSpace" : false
    }, {
      "id" : "s0-t7",
      "begin" : 28,
      "end" : 31,
      "text" : "and",
      "tokenType" : "LowercaseAlphabetic",
      "lemma" : "and",
      "partOfSpeech" : "CC",
      "whiteSpace" : false
    }, {
      "id" : "s0-t8",
      "begin" : 32,
      "end" : 37,
      "text" : "great",
      "tokenType" : "LowercaseAlphabetic",
      "lemma" : "great",
      "partOfSpeech" : "JJ",
      "whiteSpace" : false
    }, {
      "id" : "s0-t9",
      "begin" : 38,
      "end" : 45,
      "text" : "picture",
      "tokenType" : "LowercaseAlphabetic",
      "lemma" : "picture",
      "partOfSpeech" : "NN",
      "whiteSpace" : false
    }, {
      "id" : "s0-t10",
      "begin" : 45,
      "end" : 46,
      "text" : ".",
      "tokenType" : "ClauseEndingPunctuation",
      "partOfSpeech" : ".",
      "whiteSpace" : false
    } ]
  }, {
    "id" : "s1",
    "begin" : 47,
    "end" : 134,
    "text" : "My only complaint is an LED line of light at the very top of the screen, about 7\" long.",
    "tokens" : [ {
      "id" : "s1-t0",
      "begin" : 47,
      "end" : 49,
      "text" : "My",
      "tokenType" : "TitlecaseAlphabetic",
      "lemma" : "my",
      "partOfSpeech" : "PRP$",
      "whiteSpace" : false
    }, {
      "id" : "s1-t1",
      "begin" : 50,
      "end" : 54,
      "text" : "only",
      "tokenType" : "LowercaseAlphabetic",
      "lemma" : "only",
      "partOfSpeech" : "JJ",
      "whiteSpace" : false
    }, {
      "id" : "s1-t2",
      "begin" : 55,
      "end" : 64,
      "text" : "complaint",
      "tokenType" : "LowercaseAlphabetic",
      "lemma" : "complaint",
      "partOfSpeech" : "NN",
      "whiteSpace" : false
    }, {
      "id" : "s1-t3",
      "begin" : 65,
      "end" : 67,
      "text" : "is",
      "tokenType" : "LowercaseAlphabetic",
      "lemma" : "be",
      "partOfSpeech" : "VBZ",
      "whiteSpace" : false
    }, {
      "id" : "s1-t4",
      "begin" : 68,
      "end" : 70,
      "text" : "an",
      "tokenType" : "LowercaseAlphabetic",
      "lemma" : "an",
      "partOfSpeech" : "DT",
      "whiteSpace" : false
    }, {
      "id" : "s1-t5",
      "begin" : 71,
      "end" : 74,
      "text" : "LED",
      "tokenType" : "UppercaseAlphabetic",
      "lemma" : "led",
      "partOfSpeech" : "JJ",
      "whiteSpace" : false
    }, {
      "id" : "s1-t6",
      "begin" : 75,
      "end" : 79,
      "text" : "line",
      "tokenType" : "LowercaseAlphabetic",
      "lemma" : "line",
      "partOfSpeech" : "NN",
      "whiteSpace" : false
    }, {
      "id" : "s1-t7",
      "begin" : 80,
      "end" : 82,
      "text" : "of",
      "tokenType" : "LowercaseAlphabetic",
      "lemma" : "of",
      "partOfSpeech" : "IN",
      "whiteSpace" : false
    }, {
      "id" : "s1-t8",
      "begin" : 83,
      "end" : 88,
      "text" : "light",
      "tokenType" : "LowercaseAlphabetic",
      "lemma" : "light",
      "partOfSpeech" : "NN",
      "whiteSpace" : false
    }, {
      "id" : "s1-t9",
      "begin" : 89,
      "end" : 91,
      "text" : "at",
      "tokenType" : "LowercaseAlphabetic",
      "lemma" : "at",
      "partOfSpeech" : "IN",
      "whiteSpace" : false
    }, {
      "id" : "s1-t10",
      "begin" : 92,
      "end" : 95,
      "text" : "the",
      "tokenType" : "LowercaseAlphabetic",
      "lemma" : "the",
      "partOfSpeech" : "DT",
      "whiteSpace" : false
    }, {
      "id" : "s1-t11",
      "begin" : 96,
      "end" : 100,
      "text" : "very",
      "tokenType" : "LowercaseAlphabetic",
      "lemma" : "very",
      "partOfSpeech" : "JJ",
      "whiteSpace" : false
    }, {
      "id" : "s1-t12",
      "begin" : 101,
      "end" : 104,
      "text" : "top",
      "tokenType" : "LowercaseAlphabetic",
      "lemma" : "top",
      "partOfSpeech" : "NN",
      "whiteSpace" : false
    }, {
      "id" : "s1-t13",
      "begin" : 105,
      "end" : 107,
      "text" : "of",
      "tokenType" : "LowercaseAlphabetic",
      "lemma" : "of",
      "partOfSpeech" : "IN",
      "whiteSpace" : false
    }, {
      "id" : "s1-t14",
      "begin" : 108,
      "end" : 111,
      "text" : "the",
      "tokenType" : "LowercaseAlphabetic",
      "lemma" : "the",
      "partOfSpeech" : "DT",
      "whiteSpace" : false
    }, {
      "id" : "s1-t15",
      "begin" : 112,
      "end" : 118,
      "text" : "screen",
      "tokenType" : "LowercaseAlphabetic",
      "lemma" : "screen",
      "partOfSpeech" : "NN",
      "whiteSpace" : false
    }, {
      "id" : "s1-t16",
      "begin" : 118,
      "end" : 119,
      "text" : ",",
      "tokenType" : "ClauseEndingPunctuation",
      "partOfSpeech" : ",",
      "whiteSpace" : false
    }, {
      "id" : "s1-t17",
      "begin" : 120,
      "end" : 125,
      "text" : "about",
      "tokenType" : "LowercaseAlphabetic",
      "lemma" : "about",
      "partOfSpeech" : "IN",
      "whiteSpace" : false
    }, {
      "id" : "s1-t18",
      "begin" : 126,
      "end" : 127,
      "text" : "7",
      "tokenType" : "Numeric",
      "partOfSpeech" : "CD",
      "whiteSpace" : false
    }, {
      "id" : "s1-t19",
      "begin" : 127,
      "end" : 128,
      "text" : "\"",
      "tokenType" : "Punctuation",
      "partOfSpeech" : "''",
      "whiteSpace" : false
    }, {
      "id" : "s1-t20",
      "begin" : 129,
      "end" : 133,
      "text" : "long",
      "tokenType" : "LowercaseAlphabetic",
      "lemma" : "long",
      "partOfSpeech" : "RB",
      "whiteSpace" : false
    }, {
      "id" : "s1-t21",
      "begin" : 133,
      "end" : 134,
      "text" : ".",
      "tokenType" : "ClauseEndingPunctuation",
      "partOfSpeech" : ".",
      "whiteSpace" : false
    } ]
  }, {
    "id" : "s2",
    "begin" : 135,
    "end" : 194,
    "text" : "It's like the outside frame doesn't quite cover the screen.",
    "tokens" : [ {
      "id" : "s2-t0",
      "begin" : 135,
      "end" : 137,
      "text" : "It",
      "tokenType" : "TitlecaseAlphabetic",
      "lemma" : "it",
      "partOfSpeech" : "PRP",
      "whiteSpace" : false
    }, {
      "id" : "s2-t1",
      "begin" : 137,
      "end" : 139,
      "text" : "'s",
      "tokenType" : "TokenAnnotation",
      "lemma" : "be",
      "partOfSpeech" : "VBZ",
      "whiteSpace" : false
    }, {
      "id" : "s2-t2",
      "begin" : 140,
      "end" : 144,
      "text" : "like",
      "tokenType" : "LowercaseAlphabetic",
      "lemma" : "like",
      "partOfSpeech" : "IN",
      "whiteSpace" : false
    }, {
      "id" : "s2-t3",
      "begin" : 145,
      "end" : 148,
      "text" : "the",
      "tokenType" : "LowercaseAlphabetic",
      "lemma" : "the",
      "partOfSpeech" : "DT",
      "whiteSpace" : false
    }, {
      "id" : "s2-t4",
      "begin" : 149,
      "end" : 156,
      "text" : "outside",
      "tokenType" : "LowercaseAlphabetic",
      "lemma" : "outside",
      "partOfSpeech" : "JJ",
      "whiteSpace" : false
    }, {
      "id" : "s2-t5",
      "begin" : 157,
      "end" : 162,
      "text" : "frame",
      "tokenType" : "LowercaseAlphabetic",
      "lemma" : "frame",
      "partOfSpeech" : "NN",
      "whiteSpace" : false
    }, {
      "id" : "s2-t6",
      "begin" : 163,
      "end" : 167,
      "text" : "does",
      "tokenType" : "LowercaseAlphabetic",
      "lemma" : "do",
      "partOfSpeech" : "VBZ",
      "whiteSpace" : false
    }, {
      "id" : "s2-t7",
      "begin" : 167,
      "end" : 170,
      "text" : "n't",
      "tokenType" : "TokenAnnotation",
      "lemma" : "not",
      "partOfSpeech" : "RB",
      "whiteSpace" : false
    }, {
      "id" : "s2-t8",
      "begin" : 171,
      "end" : 176,
      "text" : "quite",
      "tokenType" : "LowercaseAlphabetic",
      "lemma" : "quite",
      "partOfSpeech" : "RB",
      "whiteSpace" : false
    }, {
      "id" : "s2-t9",
      "begin" : 177,
      "end" : 182,
      "text" : "cover",
      "tokenType" : "LowercaseAlphabetic",
      "lemma" : "cover",
      "partOfSpeech" : "VB",
      "whiteSpace" : false
    }, {
      "id" : "s2-t10",
      "begin" : 183,
      "end" : 186,
      "text" : "the",
      "tokenType" : "LowercaseAlphabetic",
      "lemma" : "the",
      "partOfSpeech" : "DT",
      "whiteSpace" : false
    }, {
      "id" : "s2-t11",
      "begin" : 187,
      "end" : 193,
      "text" : "screen",
      "tokenType" : "LowercaseAlphabetic",
      "lemma" : "screen",
      "partOfSpeech" : "NN",
      "whiteSpace" : false
    }, {
      "id" : "s2-t12",
      "begin" : 193,
      "end" : 194,
      "text" : ".",
      "tokenType" : "ClauseEndingPunctuation",
      "partOfSpeech" : ".",
      "whiteSpace" : false
    } ]
  }, {
    "id" : "s3",
    "begin" : 195,
    "end" : 243,
    "text" : "Doesn't detract too much, but a little annoying.",
    "tokens" : [ {
      "id" : "s3-t0",
      "begin" : 195,
      "end" : 199,
      "text" : "Does",
      "tokenType" : "TitlecaseAlphabetic",
      "lemma" : "do",
      "partOfSpeech" : "VBZ",
      "whiteSpace" : false
    }, {
      "id" : "s3-t1",
      "begin" : 199,
      "end" : 202,
      "text" : "n't",
      "tokenType" : "TokenAnnotation",
      "lemma" : "not",
      "partOfSpeech" : "RB",
      "whiteSpace" : false
    }, {
      "id" : "s3-t2",
      "begin" : 203,
      "end" : 210,
      "text" : "detract",
      "tokenType" : "LowercaseAlphabetic",
      "lemma" : "detract",
      "partOfSpeech" : "VB",
      "whiteSpace" : false
    }, {
      "id" : "s3-t3",
      "begin" : 211,
      "end" : 214,
      "text" : "too",
      "tokenType" : "LowercaseAlphabetic",
      "lemma" : "too",
      "partOfSpeech" : "RB",
      "whiteSpace" : false
    }, {
      "id" : "s3-t4",
      "begin" : 215,
      "end" : 219,
      "text" : "much",
      "tokenType" : "LowercaseAlphabetic",
      "lemma" : "much",
      "partOfSpeech" : "JJ",
      "whiteSpace" : false
    }, {
      "id" : "s3-t5",
      "begin" : 219,
      "end" : 220,
      "text" : ",",
      "tokenType" : "ClauseEndingPunctuation",
      "partOfSpeech" : ",",
      "whiteSpace" : false
    }, {
      "id" : "s3-t6",
      "begin" : 221,
      "end" : 224,
      "text" : "but",
      "tokenType" : "LowercaseAlphabetic",
      "lemma" : "but",
      "partOfSpeech" : "CC",
      "whiteSpace" : false
    }, {
      "id" : "s3-t7",
      "begin" : 225,
      "end" : 226,
      "text" : "a",
      "tokenType" : "LowercaseAlphabetic",
      "lemma" : "a",
      "partOfSpeech" : "DT",
      "whiteSpace" : false
    }, {
      "id" : "s3-t8",
      "begin" : 227,
      "end" : 233,
      "text" : "little",
      "tokenType" : "LowercaseAlphabetic",
      "lemma" : "little",
      "partOfSpeech" : "JJ",
      "whiteSpace" : false
    }, {
      "id" : "s3-t9",
      "begin" : 234,
      "end" : 242,
      "text" : "annoying",
      "tokenType" : "LowercaseAlphabetic",
      "lemma" : "annoying",
      "partOfSpeech" : "JJ",
      "whiteSpace" : false
    }, {
      "id" : "s3-t10",
      "begin" : 242,
      "end" : 243,
      "text" : ".",
      "tokenType" : "ClauseEndingPunctuation",
      "partOfSpeech" : ".",
      "whiteSpace" : false
    } ]
  }, {
    "id" : "s4",
    "begin" : 244,
    "end" : 299,
    "text" : "I have not contacted customer service yet, but need to.",
    "tokens" : [ {
      "id" : "s4-t0",
      "begin" : 244,
      "end" : 245,
      "text" : "I",
      "tokenType" : "UppercaseAlphabetic",
      "lemma" : "I",
      "partOfSpeech" : "PRP",
      "whiteSpace" : false
    }, {
      "id" : "s4-t1",
      "begin" : 246,
      "end" : 250,
      "text" : "have",
      "tokenType" : "LowercaseAlphabetic",
      "lemma" : "have",
      "partOfSpeech" : "VBP",
      "whiteSpace" : false
    }, {
      "id" : "s4-t2",
      "begin" : 251,
      "end" : 254,
      "text" : "not",
      "tokenType" : "LowercaseAlphabetic",
      "lemma" : "not",
      "partOfSpeech" : "RB",
      "whiteSpace" : false
    }, {
      "id" : "s4-t3",
      "begin" : 255,
      "end" : 264,
      "text" : "contacted",
      "tokenType" : "LowercaseAlphabetic",
      "lemma" : "contact",
      "partOfSpeech" : "VBN",
      "whiteSpace" : false
    }, {
      "id" : "s4-t4",
      "begin" : 265,
      "end" : 273,
      "text" : "customer",
      "tokenType" : "LowercaseAlphabetic",
      "lemma" : "customer",
      "partOfSpeech" : "NN",
      "whiteSpace" : false
    }, {
      "id" : "s4-t5",
      "begin" : 274,
      "end" : 281,
      "text" : "service",
      "tokenType" : "LowercaseAlphabetic",
      "lemma" : "service",
      "partOfSpeech" : "NN",
      "whiteSpace" : false
    }, {
      "id" : "s4-t6",
      "begin" : 282,
      "end" : 285,
      "text" : "yet",
      "tokenType" : "LowercaseAlphabetic",
      "lemma" : "yet",
      "partOfSpeech" : "RB",
      "whiteSpace" : false
    }, {
      "id" : "s4-t7",
      "begin" : 285,
      "end" : 286,
      "text" : ",",
      "tokenType" : "ClauseEndingPunctuation",
      "partOfSpeech" : ",",
      "whiteSpace" : false
    }, {
      "id" : "s4-t8",
      "begin" : 287,
      "end" : 290,
      "text" : "but",
      "tokenType" : "LowercaseAlphabetic",
      "lemma" : "but",
      "partOfSpeech" : "CC",
      "whiteSpace" : false
    }, {
      "id" : "s4-t9",
      "begin" : 291,
      "end" : 295,
      "text" : "need",
      "tokenType" : "LowercaseAlphabetic",
      "lemma" : "need",
      "partOfSpeech" : "VBP",
      "whiteSpace" : false
    }, {
      "id" : "s4-t10",
      "begin" : 296,
      "end" : 298,
      "text" : "to",
      "tokenType" : "LowercaseAlphabetic",
      "lemma" : "to",
      "partOfSpeech" : "IN",
      "whiteSpace" : false
    }, {
      "id" : "s4-t11",
      "begin" : 298,
      "end" : 299,
      "text" : ".",
      "tokenType" : "ClauseEndingPunctuation",
      "partOfSpeech" : ".",
      "whiteSpace" : false
    } ]
  }, {
    "id" : "s5",
    "begin" : 300,
    "end" : 360,
    "text" : "I'm in a foreign country, so not too sure what they will do.",
    "tokens" : [ {
      "id" : "s5-t0",
      "begin" : 300,
      "end" : 301,
      "text" : "I",
      "tokenType" : "UppercaseAlphabetic",
      "lemma" : "I",
      "partOfSpeech" : "PRP",
      "whiteSpace" : false
    }, {
      "id" : "s5-t1",
      "begin" : 301,
      "end" : 303,
      "text" : "'m",
      "tokenType" : "TokenAnnotation",
      "lemma" : "be",
      "partOfSpeech" : "VBP",
      "whiteSpace" : false
    }, {
      "id" : "s5-t2",
      "begin" : 304,
      "end" : 306,
      "text" : "in",
      "tokenType" : "LowercaseAlphabetic",
      "lemma" : "in",
      "partOfSpeech" : "IN",
      "whiteSpace" : false
    }, {
      "id" : "s5-t3",
      "begin" : 307,
      "end" : 308,
      "text" : "a",
      "tokenType" : "LowercaseAlphabetic",
      "lemma" : "a",
      "partOfSpeech" : "DT",
      "whiteSpace" : false
    }, {
      "id" : "s5-t4",
      "begin" : 309,
      "end" : 316,
      "text" : "foreign",
      "tokenType" : "LowercaseAlphabetic",
      "lemma" : "foreign",
      "partOfSpeech" : "JJ",
      "whiteSpace" : false
    }, {
      "id" : "s5-t5",
      "begin" : 317,
      "end" : 324,
      "text" : "country",
      "tokenType" : "LowercaseAlphabetic",
      "lemma" : "country",
      "partOfSpeech" : "NN",
      "whiteSpace" : false
    }, {
      "id" : "s5-t6",
      "begin" : 324,
      "end" : 325,
      "text" : ",",
      "tokenType" : "ClauseEndingPunctuation",
      "partOfSpeech" : ",",
      "whiteSpace" : false
    }, {
      "id" : "s5-t7",
      "begin" : 326,
      "end" : 328,
      "text" : "so",
      "tokenType" : "LowercaseAlphabetic",
      "lemma" : "so",
      "partOfSpeech" : "RB",
      "whiteSpace" : false
    }, {
      "id" : "s5-t8",
      "begin" : 329,
      "end" : 332,
      "text" : "not",
      "tokenType" : "LowercaseAlphabetic",
      "lemma" : "not",
      "partOfSpeech" : "RB",
      "whiteSpace" : false
    }, {
      "id" : "s5-t9",
      "begin" : 333,
      "end" : 336,
      "text" : "too",
      "tokenType" : "LowercaseAlphabetic",
      "lemma" : "too",
      "partOfSpeech" : "RB",
      "whiteSpace" : false
    }, {
      "id" : "s5-t10",
      "begin" : 337,
      "end" : 341,
      "text" : "sure",
      "tokenType" : "LowercaseAlphabetic",
      "lemma" : "sure",
      "partOfSpeech" : "RB",
      "whiteSpace" : false
    }, {
      "id" : "s5-t11",
      "begin" : 342,
      "end" : 346,
      "text" : "what",
      "tokenType" : "LowercaseAlphabetic",
      "lemma" : "what",
      "partOfSpeech" : "WP",
      "whiteSpace" : false
    }, {
      "id" : "s5-t12",
      "begin" : 347,
      "end" : 351,
      "text" : "they",
      "tokenType" : "LowercaseAlphabetic",
      "lemma" : "they",
      "partOfSpeech" : "PRP",
      "whiteSpace" : false
    }, {
      "id" : "s5-t13",
      "begin" : 352,
      "end" : 356,
      "text" : "will",
      "tokenType" : "LowercaseAlphabetic",
      "lemma" : "will",
      "partOfSpeech" : "MD",
      "whiteSpace" : false
    }, {
      "id" : "s5-t14",
      "begin" : 357,
      "end" : 359,
      "text" : "do",
      "tokenType" : "LowercaseAlphabetic",
      "lemma" : "do",
      "partOfSpeech" : "VB",
      "whiteSpace" : false
    }, {
      "id" : "s5-t15",
      "begin" : 359,
      "end" : 360,
      "text" : ".",
      "tokenType" : "ClauseEndingPunctuation",
      "partOfSpeech" : ".",
      "whiteSpace" : false
    } ]
  } ],
  "mentions" : [ {
    "id" : "s0-m0",
    "properties" : {
      "SIRE_MENTION_CLASS" : "SPC",
      "SIRE_ENTITY_SUBTYPE" : "NONE",
      "SIRE_MENTION_TYPE" : "NONE",
      "SIRE_MENTION_ROLE" : "Product"
    },
    "type" : "Product",
    "begin" : 9,
    "end" : 11,
    "inCoref" : false
  }, {
    "id" : "s0-m5",
    "properties" : {
      "SIRE_MENTION_ROLE" : "Descriptor",
      "SIRE_ENTITY_SUBTYPE" : "NONE",
      "SIRE_MENTION_TYPE" : "NONE",
      "SIRE_MENTION_CLASS" : "SPC"
    },
    "type" : "Descriptor",
    "begin" : 17,
    "end" : 21,
    "inCoref" : false
  }, {
    "id" : "s0-m2",
    "properties" : {
      "SIRE_MENTION_ROLE" : "Feature",
      "SIRE_ENTITY_SUBTYPE" : "NONE",
      "SIRE_MENTION_TYPE" : "NONE",
      "SIRE_MENTION_CLASS" : "SPC"
    },
    "type" : "Feature",
    "begin" : 22,
    "end" : 27,
    "inCoref" : false
  }, {
    "id" : "s0-m4",
    "properties" : {
      "SIRE_MENTION_ROLE" : "Descriptor",
      "SIRE_ENTITY_SUBTYPE" : "NONE",
      "SIRE_MENTION_TYPE" : "NONE",
      "SIRE_MENTION_CLASS" : "SPC"
    },
    "type" : "Descriptor",
    "begin" : 32,
    "end" : 37,
    "inCoref" : false
  }, {
    "id" : "s0-m3",
    "properties" : {
      "SIRE_MENTION_ROLE" : "Feature",
      "SIRE_ENTITY_SUBTYPE" : "NONE",
      "SIRE_MENTION_TYPE" : "NONE",
      "SIRE_MENTION_CLASS" : "SPC"
    },
    "type" : "Feature",
    "begin" : 38,
    "end" : 45,
    "inCoref" : false
  }, {
    "id" : "s1-m4",
    "properties" : {
      "SIRE_MENTION_ROLE" : "Consumer",
      "SIRE_ENTITY_SUBTYPE" : "NONE",
      "SIRE_MENTION_TYPE" : "NONE",
      "SIRE_MENTION_CLASS" : "SPC"
    },
    "type" : "Consumer",
    "begin" : 47,
    "end" : 49,
    "inCoref" : true
  }, {
    "id" : "s1-m1",
    "properties" : {
      "SIRE_MENTION_ROLE" : "Feature",
      "SIRE_ENTITY_SUBTYPE" : "NONE",
      "SIRE_MENTION_TYPE" : "NONE",
      "SIRE_MENTION_CLASS" : "SPC"
    },
    "type" : "Feature",
    "begin" : 71,
    "end" : 88,
    "inCoref" : false
  }, {
    "id" : "s1-m2",
    "properties" : {
      "SIRE_MENTION_ROLE" : "Descriptor",
      "SIRE_ENTITY_SUBTYPE" : "NONE",
      "SIRE_MENTION_TYPE" : "NONE",
      "SIRE_MENTION_CLASS" : "SPC"
    },
    "type" : "Descriptor",
    "begin" : 101,
    "end" : 118,
    "inCoref" : false
  }, {
    "id" : "s1-m3",
    "properties" : {
      "SIRE_MENTION_ROLE" : "Descriptor",
      "SIRE_ENTITY_SUBTYPE" : "NONE",
      "SIRE_MENTION_TYPE" : "NONE",
      "SIRE_MENTION_CLASS" : "SPC"
    },
    "type" : "Descriptor",
    "begin" : 126,
    "end" : 133,
    "inCoref" : false
  }, {
    "id" : "s2-m2",
    "properties" : {
      "SIRE_MENTION_ROLE" : "Feature",
      "SIRE_ENTITY_SUBTYPE" : "NONE",
      "SIRE_MENTION_TYPE" : "NONE",
      "SIRE_MENTION_CLASS" : "SPC"
    },
    "type" : "Feature",
    "begin" : 149,
    "end" : 162,
    "inCoref" : false
  }, {
    "id" : "s2-m3",
    "properties" : {
      "SIRE_MENTION_ROLE" : "Feature",
      "SIRE_ENTITY_SUBTYPE" : "NONE",
      "SIRE_MENTION_TYPE" : "NONE",
      "SIRE_MENTION_CLASS" : "NEG"
    },
    "type" : "Feature",
    "begin" : 177,
    "end" : 193,
    "inCoref" : false
  }, {
    "id" : "s3-m1",
    "properties" : {
      "SIRE_MENTION_ROLE" : "Descriptor",
      "SIRE_ENTITY_SUBTYPE" : "NONE",
      "SIRE_MENTION_TYPE" : "NONE",
      "SIRE_MENTION_CLASS" : "SPC"
    },
    "type" : "Descriptor",
    "begin" : 227,
    "end" : 242,
    "inCoref" : false
  }, {
    "id" : "s4-m0",
    "properties" : {
      "SIRE_MENTION_CLASS" : "SPC",
      "SIRE_ENTITY_SUBTYPE" : "NONE",
      "SIRE_MENTION_TYPE" : "NONE",
      "SIRE_MENTION_ROLE" : "Consumer"
    },
    "type" : "Consumer",
    "begin" : 244,
    "end" : 245,
    "inCoref" : true
  }, {
    "id" : "s4-m1",
    "properties" : {
      "SIRE_MENTION_CLASS" : "SPC",
      "SIRE_ENTITY_SUBTYPE" : "NONE",
      "SIRE_MENTION_TYPE" : "NONE",
      "SIRE_MENTION_ROLE" : "Customer_Service"
    },
    "type" : "Customer_Service",
    "begin" : 265,
    "end" : 281,
    "inCoref" : true
  }, {
    "id" : "s5-m0",
    "properties" : {
      "SIRE_MENTION_CLASS" : "SPC",
      "SIRE_ENTITY_SUBTYPE" : "NONE",
      "SIRE_MENTION_TYPE" : "NONE",
      "SIRE_MENTION_ROLE" : "Consumer"
    },
    "type" : "Consumer",
    "begin" : 300,
    "end" : 301,
    "inCoref" : true
  }, {
    "id" : "s5-m2",
    "properties" : {
      "SIRE_MENTION_ROLE" : "Customer_Service",
      "SIRE_ENTITY_SUBTYPE" : "NONE",
      "SIRE_MENTION_TYPE" : "NONE",
      "SIRE_MENTION_CLASS" : "SPC"
    },
    "type" : "Customer_Service",
    "begin" : 347,
    "end" : 351,
    "inCoref" : true
  } ],
  "relations" : [ {
    "id" : "s0-r1",
    "properties" : { },
    "type" : "hasFeature",
    "args" : [ "s0-m0", "s0-m2" ]
  }, {
    "id" : "s0-r2",
    "properties" : { },
    "type" : "hasFeature",
    "args" : [ "s0-m0", "s0-m3" ]
  }, {
    "id" : "s0-r3",
    "properties" : { },
    "type" : "hasQuality",
    "args" : [ "s0-m3", "s0-m4" ]
  }, {
    "id" : "s0-r4",
    "properties" : { },
    "type" : "hasQuality",
    "args" : [ "s0-m2", "s0-m5" ]
  }, {
    "id" : "s1-r1",
    "properties" : { },
    "type" : "hasQuality",
    "args" : [ "s1-m1", "s1-m2" ]
  }, {
    "id" : "s1-r2",
    "properties" : { },
    "type" : "hasQuality",
    "args" : [ "s1-m1", "s1-m3" ]
  } ],
  "corefs" : [ {
    "id" : "c1",
    "properties" : { },
    "mentions" : [ "s4-m1", "s5-m2" ]
  }, {
    "id" : "c2",
    "properties" : { },
    "mentions" : [ "s5-m0", "s4-m0", "s1-m4" ]
  } ],
  "typeResolved" : true,
  "userResolved" : true
}