{
  "id" : "a4d67795-6a55-4af2-8249-ff84f7863130-24",
  "modifiedDate" : 1467904860259,
  "name" : "review99.txt",
  "version" : 2,
  "text" : "The TV is very nice but the Smart TV features are not satisfactory. I can't get HBOGO to work on the TV although it works fine on my computer. My cable company told me the problem was with the TV. I contacted Samsung's customer service and it was terrible. The service technician I finally got on the phone after about an hour was not able to help. He told me the problem needed to be escalated to a different tier of customer service and I would be called back within 48 hours. As expected, no one ever called back.\n",
  "docLength" : 517,
  "language" : "EN",
  "status" : "SUBMITTED",
  "documentSet" : [ ],
  "sentences" : [ {
    "id" : "s0",
    "begin" : 0,
    "end" : 67,
    "text" : "The TV is very nice but the Smart TV features are not satisfactory.",
    "tokens" : [ {
      "id" : "s0-t0",
      "begin" : 0,
      "end" : 3,
      "text" : "The",
      "tokenType" : "TitlecaseAlphabetic",
      "lemma" : "the",
      "partOfSpeech" : "DT",
      "whiteSpace" : false
    }, {
      "id" : "s0-t1",
      "begin" : 4,
      "end" : 6,
      "text" : "TV",
      "tokenType" : "UppercaseAlphabetic",
      "lemma" : "television",
      "partOfSpeech" : "NN",
      "whiteSpace" : false
    }, {
      "id" : "s0-t2",
      "begin" : 7,
      "end" : 9,
      "text" : "is",
      "tokenType" : "LowercaseAlphabetic",
      "lemma" : "be",
      "partOfSpeech" : "VBZ",
      "whiteSpace" : false
    }, {
      "id" : "s0-t3",
      "begin" : 10,
      "end" : 14,
      "text" : "very",
      "tokenType" : "LowercaseAlphabetic",
      "lemma" : "very",
      "partOfSpeech" : "RB",
      "whiteSpace" : false
    }, {
      "id" : "s0-t4",
      "begin" : 15,
      "end" : 19,
      "text" : "nice",
      "tokenType" : "LowercaseAlphabetic",
      "lemma" : "nice",
      "partOfSpeech" : "RB",
      "whiteSpace" : false
    }, {
      "id" : "s0-t5",
      "begin" : 20,
      "end" : 23,
      "text" : "but",
      "tokenType" : "LowercaseAlphabetic",
      "lemma" : "but",
      "partOfSpeech" : "CC",
      "whiteSpace" : false
    }, {
      "id" : "s0-t6",
      "begin" : 24,
      "end" : 27,
      "text" : "the",
      "tokenType" : "LowercaseAlphabetic",
      "lemma" : "the",
      "partOfSpeech" : "DT",
      "whiteSpace" : false
    }, {
      "id" : "s0-t7",
      "begin" : 28,
      "end" : 33,
      "text" : "Smart",
      "tokenType" : "TitlecaseAlphabetic",
      "lemma" : "smart",
      "partOfSpeech" : "JJ",
      "whiteSpace" : false
    }, {
      "id" : "s0-t8",
      "begin" : 34,
      "end" : 36,
      "text" : "TV",
      "tokenType" : "UppercaseAlphabetic",
      "lemma" : "television",
      "partOfSpeech" : "NN",
      "whiteSpace" : false
    }, {
      "id" : "s0-t9",
      "begin" : 37,
      "end" : 45,
      "text" : "features",
      "tokenType" : "LowercaseAlphabetic",
      "lemma" : "feature",
      "partOfSpeech" : "NNS",
      "whiteSpace" : false
    }, {
      "id" : "s0-t10",
      "begin" : 46,
      "end" : 49,
      "text" : "are",
      "tokenType" : "LowercaseAlphabetic",
      "lemma" : "be",
      "partOfSpeech" : "VBP",
      "whiteSpace" : false
    }, {
      "id" : "s0-t11",
      "begin" : 50,
      "end" : 53,
      "text" : "not",
      "tokenType" : "LowercaseAlphabetic",
      "lemma" : "not",
      "partOfSpeech" : "RB",
      "whiteSpace" : false
    }, {
      "id" : "s0-t12",
      "begin" : 54,
      "end" : 66,
      "text" : "satisfactory",
      "tokenType" : "LowercaseAlphabetic",
      "lemma" : "satisfactory",
      "partOfSpeech" : "JJ",
      "whiteSpace" : false
    }, {
      "id" : "s0-t13",
      "begin" : 66,
      "end" : 67,
      "text" : ".",
      "tokenType" : "ClauseEndingPunctuation",
      "partOfSpeech" : ".",
      "whiteSpace" : false
    } ]
  }, {
    "id" : "s1",
    "begin" : 68,
    "end" : 142,
    "text" : "I can't get HBOGO to work on the TV although it works fine on my computer.",
    "tokens" : [ {
      "id" : "s1-t0",
      "begin" : 68,
      "end" : 69,
      "text" : "I",
      "tokenType" : "UppercaseAlphabetic",
      "lemma" : "I",
      "partOfSpeech" : "PRP",
      "whiteSpace" : false
    }, {
      "id" : "s1-t1",
      "begin" : 70,
      "end" : 72,
      "text" : "ca",
      "tokenType" : "LowercaseAlphabetic",
      "lemma" : "can",
      "partOfSpeech" : "MD",
      "whiteSpace" : false
    }, {
      "id" : "s1-t2",
      "begin" : 72,
      "end" : 75,
      "text" : "n't",
      "tokenType" : "TokenAnnotation",
      "lemma" : "not",
      "partOfSpeech" : "RB",
      "whiteSpace" : false
    }, {
      "id" : "s1-t3",
      "begin" : 76,
      "end" : 79,
      "text" : "get",
      "tokenType" : "LowercaseAlphabetic",
      "lemma" : "get",
      "partOfSpeech" : "VB",
      "whiteSpace" : false
    }, {
      "id" : "s1-t4",
      "begin" : 80,
      "end" : 85,
      "text" : "HBOGO",
      "tokenType" : "UppercaseAlphabetic",
      "lemma" : "hbogo",
      "partOfSpeech" : "NNP",
      "whiteSpace" : false
    }, {
      "id" : "s1-t5",
      "begin" : 86,
      "end" : 88,
      "text" : "to",
      "tokenType" : "LowercaseAlphabetic",
      "lemma" : "to",
      "partOfSpeech" : "TO",
      "whiteSpace" : false
    }, {
      "id" : "s1-t6",
      "begin" : 89,
      "end" : 93,
      "text" : "work",
      "tokenType" : "LowercaseAlphabetic",
      "lemma" : "work",
      "partOfSpeech" : "VB",
      "whiteSpace" : false
    }, {
      "id" : "s1-t7",
      "begin" : 94,
      "end" : 96,
      "text" : "on",
      "tokenType" : "LowercaseAlphabetic",
      "lemma" : "on",
      "partOfSpeech" : "IN",
      "whiteSpace" : false
    }, {
      "id" : "s1-t8",
      "begin" : 97,
      "end" : 100,
      "text" : "the",
      "tokenType" : "LowercaseAlphabetic",
      "lemma" : "the",
      "partOfSpeech" : "DT",
      "whiteSpace" : false
    }, {
      "id" : "s1-t9",
      "begin" : 101,
      "end" : 103,
      "text" : "TV",
      "tokenType" : "UppercaseAlphabetic",
      "lemma" : "television",
      "partOfSpeech" : "NN",
      "whiteSpace" : false
    }, {
      "id" : "s1-t10",
      "begin" : 104,
      "end" : 112,
      "text" : "although",
      "tokenType" : "LowercaseAlphabetic",
      "lemma" : "although",
      "partOfSpeech" : "CC",
      "whiteSpace" : false
    }, {
      "id" : "s1-t11",
      "begin" : 113,
      "end" : 115,
      "text" : "it",
      "tokenType" : "LowercaseAlphabetic",
      "lemma" : "it",
      "partOfSpeech" : "PRP",
      "whiteSpace" : false
    }, {
      "id" : "s1-t12",
      "begin" : 116,
      "end" : 121,
      "text" : "works",
      "tokenType" : "LowercaseAlphabetic",
      "lemma" : "work",
      "partOfSpeech" : "VBZ",
      "whiteSpace" : false
    }, {
      "id" : "s1-t13",
      "begin" : 122,
      "end" : 126,
      "text" : "fine",
      "tokenType" : "LowercaseAlphabetic",
      "lemma" : "fine",
      "partOfSpeech" : "JJ",
      "whiteSpace" : false
    }, {
      "id" : "s1-t14",
      "begin" : 127,
      "end" : 129,
      "text" : "on",
      "tokenType" : "LowercaseAlphabetic",
      "lemma" : "on",
      "partOfSpeech" : "IN",
      "whiteSpace" : false
    }, {
      "id" : "s1-t15",
      "begin" : 130,
      "end" : 132,
      "text" : "my",
      "tokenType" : "LowercaseAlphabetic",
      "lemma" : "my",
      "partOfSpeech" : "PRP$",
      "whiteSpace" : false
    }, {
      "id" : "s1-t16",
      "begin" : 133,
      "end" : 141,
      "text" : "computer",
      "tokenType" : "LowercaseAlphabetic",
      "lemma" : "computer",
      "partOfSpeech" : "NN",
      "whiteSpace" : false
    }, {
      "id" : "s1-t17",
      "begin" : 141,
      "end" : 142,
      "text" : ".",
      "tokenType" : "ClauseEndingPunctuation",
      "partOfSpeech" : ".",
      "whiteSpace" : false
    } ]
  }, {
    "id" : "s2",
    "begin" : 143,
    "end" : 196,
    "text" : "My cable company told me the problem was with the TV.",
    "tokens" : [ {
      "id" : "s2-t0",
      "begin" : 143,
      "end" : 145,
      "text" : "My",
      "tokenType" : "TitlecaseAlphabetic",
      "lemma" : "my",
      "partOfSpeech" : "PRP$",
      "whiteSpace" : false
    }, {
      "id" : "s2-t1",
      "begin" : 146,
      "end" : 151,
      "text" : "cable",
      "tokenType" : "LowercaseAlphabetic",
      "lemma" : "cable",
      "partOfSpeech" : "NN",
      "whiteSpace" : false
    }, {
      "id" : "s2-t2",
      "begin" : 152,
      "end" : 159,
      "text" : "company",
      "tokenType" : "LowercaseAlphabetic",
      "lemma" : "company",
      "partOfSpeech" : "NN",
      "whiteSpace" : false
    }, {
      "id" : "s2-t3",
      "begin" : 160,
      "end" : 164,
      "text" : "told",
      "tokenType" : "LowercaseAlphabetic",
      "lemma" : "tell",
      "partOfSpeech" : "VBD",
      "whiteSpace" : false
    }, {
      "id" : "s2-t4",
      "begin" : 165,
      "end" : 167,
      "text" : "me",
      "tokenType" : "LowercaseAlphabetic",
      "lemma" : "I",
      "partOfSpeech" : "PRP",
      "whiteSpace" : false
    }, {
      "id" : "s2-t5",
      "begin" : 168,
      "end" : 171,
      "text" : "the",
      "tokenType" : "LowercaseAlphabetic",
      "lemma" : "the",
      "partOfSpeech" : "DT",
      "whiteSpace" : false
    }, {
      "id" : "s2-t6",
      "begin" : 172,
      "end" : 179,
      "text" : "problem",
      "tokenType" : "LowercaseAlphabetic",
      "lemma" : "problem",
      "partOfSpeech" : "NN",
      "whiteSpace" : false
    }, {
      "id" : "s2-t7",
      "begin" : 180,
      "end" : 183,
      "text" : "was",
      "tokenType" : "LowercaseAlphabetic",
      "lemma" : "be",
      "partOfSpeech" : "VBD",
      "whiteSpace" : false
    }, {
      "id" : "s2-t8",
      "begin" : 184,
      "end" : 188,
      "text" : "with",
      "tokenType" : "LowercaseAlphabetic",
      "lemma" : "with",
      "partOfSpeech" : "IN",
      "whiteSpace" : false
    }, {
      "id" : "s2-t9",
      "begin" : 189,
      "end" : 192,
      "text" : "the",
      "tokenType" : "LowercaseAlphabetic",
      "lemma" : "the",
      "partOfSpeech" : "DT",
      "whiteSpace" : false
    }, {
      "id" : "s2-t10",
      "begin" : 193,
      "end" : 195,
      "text" : "TV",
      "tokenType" : "UppercaseAlphabetic",
      "lemma" : "television",
      "partOfSpeech" : "NN",
      "whiteSpace" : false
    }, {
      "id" : "s2-t11",
      "begin" : 195,
      "end" : 196,
      "text" : ".",
      "tokenType" : "ClauseEndingPunctuation",
      "partOfSpeech" : ".",
      "whiteSpace" : false
    } ]
  }, {
    "id" : "s3",
    "begin" : 197,
    "end" : 256,
    "text" : "I contacted Samsung's customer service and it was terrible.",
    "tokens" : [ {
      "id" : "s3-t0",
      "begin" : 197,
      "end" : 198,
      "text" : "I",
      "tokenType" : "UppercaseAlphabetic",
      "lemma" : "I",
      "partOfSpeech" : "PRP",
      "whiteSpace" : false
    }, {
      "id" : "s3-t1",
      "begin" : 199,
      "end" : 208,
      "text" : "contacted",
      "tokenType" : "LowercaseAlphabetic",
      "lemma" : "contact",
      "partOfSpeech" : "VBD",
      "whiteSpace" : false
    }, {
      "id" : "s3-t2",
      "begin" : 209,
      "end" : 216,
      "text" : "Samsung",
      "tokenType" : "TitlecaseAlphabetic",
      "lemma" : "Samsung",
      "partOfSpeech" : "NNP",
      "whiteSpace" : false
    }, {
      "id" : "s3-t3",
      "begin" : 216,
      "end" : 218,
      "text" : "'s",
      "tokenType" : "TokenAnnotation",
      "lemma" : "'s",
      "partOfSpeech" : "POS",
      "whiteSpace" : false
    }, {
      "id" : "s3-t4",
      "begin" : 219,
      "end" : 227,
      "text" : "customer",
      "tokenType" : "LowercaseAlphabetic",
      "lemma" : "customer",
      "partOfSpeech" : "NN",
      "whiteSpace" : false
    }, {
      "id" : "s3-t5",
      "begin" : 228,
      "end" : 235,
      "text" : "service",
      "tokenType" : "LowercaseAlphabetic",
      "lemma" : "service",
      "partOfSpeech" : "NN",
      "whiteSpace" : false
    }, {
      "id" : "s3-t6",
      "begin" : 236,
      "end" : 239,
      "text" : "and",
      "tokenType" : "LowercaseAlphabetic",
      "lemma" : "and",
      "partOfSpeech" : "CC",
      "whiteSpace" : false
    }, {
      "id" : "s3-t7",
      "begin" : 240,
      "end" : 242,
      "text" : "it",
      "tokenType" : "LowercaseAlphabetic",
      "lemma" : "it",
      "partOfSpeech" : "PRP",
      "whiteSpace" : false
    }, {
      "id" : "s3-t8",
      "begin" : 243,
      "end" : 246,
      "text" : "was",
      "tokenType" : "LowercaseAlphabetic",
      "lemma" : "be",
      "partOfSpeech" : "VBD",
      "whiteSpace" : false
    }, {
      "id" : "s3-t9",
      "begin" : 247,
      "end" : 255,
      "text" : "terrible",
      "tokenType" : "LowercaseAlphabetic",
      "lemma" : "terrible",
      "partOfSpeech" : "JJ",
      "whiteSpace" : false
    }, {
      "id" : "s3-t10",
      "begin" : 255,
      "end" : 256,
      "text" : ".",
      "tokenType" : "ClauseEndingPunctuation",
      "partOfSpeech" : ".",
      "whiteSpace" : false
    } ]
  }, {
    "id" : "s4",
    "begin" : 257,
    "end" : 348,
    "text" : "The service technician I finally got on the phone after about an hour was not able to help.",
    "tokens" : [ {
      "id" : "s4-t0",
      "begin" : 257,
      "end" : 260,
      "text" : "The",
      "tokenType" : "TitlecaseAlphabetic",
      "lemma" : "the",
      "partOfSpeech" : "DT",
      "whiteSpace" : false
    }, {
      "id" : "s4-t1",
      "begin" : 261,
      "end" : 268,
      "text" : "service",
      "tokenType" : "LowercaseAlphabetic",
      "lemma" : "service",
      "partOfSpeech" : "NN",
      "whiteSpace" : false
    }, {
      "id" : "s4-t2",
      "begin" : 269,
      "end" : 279,
      "text" : "technician",
      "tokenType" : "LowercaseAlphabetic",
      "lemma" : "customer service",
      "partOfSpeech" : "NN",
      "whiteSpace" : false
    }, {
      "id" : "s4-t3",
      "begin" : 280,
      "end" : 281,
      "text" : "I",
      "tokenType" : "UppercaseAlphabetic",
      "lemma" : "I",
      "partOfSpeech" : "PRP",
      "whiteSpace" : false
    }, {
      "id" : "s4-t4",
      "begin" : 282,
      "end" : 289,
      "text" : "finally",
      "tokenType" : "LowercaseAlphabetic",
      "lemma" : "finally",
      "partOfSpeech" : "RB",
      "whiteSpace" : false
    }, {
      "id" : "s4-t5",
      "begin" : 290,
      "end" : 293,
      "text" : "got",
      "tokenType" : "LowercaseAlphabetic",
      "lemma" : "get",
      "partOfSpeech" : "VBN",
      "whiteSpace" : false
    }, {
      "id" : "s4-t6",
      "begin" : 294,
      "end" : 296,
      "text" : "on",
      "tokenType" : "LowercaseAlphabetic",
      "lemma" : "on",
      "partOfSpeech" : "IN",
      "whiteSpace" : false
    }, {
      "id" : "s4-t7",
      "begin" : 297,
      "end" : 300,
      "text" : "the",
      "tokenType" : "LowercaseAlphabetic",
      "lemma" : "the",
      "partOfSpeech" : "DT",
      "whiteSpace" : false
    }, {
      "id" : "s4-t8",
      "begin" : 301,
      "end" : 306,
      "text" : "phone",
      "tokenType" : "LowercaseAlphabetic",
      "lemma" : "telephone",
      "partOfSpeech" : "NN",
      "whiteSpace" : false
    }, {
      "id" : "s4-t9",
      "begin" : 307,
      "end" : 312,
      "text" : "after",
      "tokenType" : "LowercaseAlphabetic",
      "lemma" : "after",
      "partOfSpeech" : "IN",
      "whiteSpace" : false
    }, {
      "id" : "s4-t10",
      "begin" : 313,
      "end" : 318,
      "text" : "about",
      "tokenType" : "LowercaseAlphabetic",
      "lemma" : "about",
      "partOfSpeech" : "IN",
      "whiteSpace" : false
    }, {
      "id" : "s4-t11",
      "begin" : 319,
      "end" : 321,
      "text" : "an",
      "tokenType" : "LowercaseAlphabetic",
      "lemma" : "an",
      "partOfSpeech" : "DT",
      "whiteSpace" : false
    }, {
      "id" : "s4-t12",
      "begin" : 322,
      "end" : 326,
      "text" : "hour",
      "tokenType" : "LowercaseAlphabetic",
      "lemma" : "hour",
      "partOfSpeech" : "NN",
      "whiteSpace" : false
    }, {
      "id" : "s4-t13",
      "begin" : 327,
      "end" : 330,
      "text" : "was",
      "tokenType" : "LowercaseAlphabetic",
      "lemma" : "be",
      "partOfSpeech" : "VBD",
      "whiteSpace" : false
    }, {
      "id" : "s4-t14",
      "begin" : 331,
      "end" : 334,
      "text" : "not",
      "tokenType" : "LowercaseAlphabetic",
      "lemma" : "not",
      "partOfSpeech" : "RB",
      "whiteSpace" : false
    }, {
      "id" : "s4-t15",
      "begin" : 335,
      "end" : 339,
      "text" : "able",
      "tokenType" : "LowercaseAlphabetic",
      "lemma" : "able",
      "partOfSpeech" : "JJ",
      "whiteSpace" : false
    }, {
      "id" : "s4-t16",
      "begin" : 340,
      "end" : 342,
      "text" : "to",
      "tokenType" : "LowercaseAlphabetic",
      "lemma" : "to",
      "partOfSpeech" : "TO",
      "whiteSpace" : false
    }, {
      "id" : "s4-t17",
      "begin" : 343,
      "end" : 347,
      "text" : "help",
      "tokenType" : "LowercaseAlphabetic",
      "lemma" : "help",
      "partOfSpeech" : "VB",
      "whiteSpace" : false
    }, {
      "id" : "s4-t18",
      "begin" : 347,
      "end" : 348,
      "text" : ".",
      "tokenType" : "ClauseEndingPunctuation",
      "partOfSpeech" : ".",
      "whiteSpace" : false
    } ]
  }, {
    "id" : "s5",
    "begin" : 349,
    "end" : 478,
    "text" : "He told me the problem needed to be escalated to a different tier of customer service and I would be called back within 48 hours.",
    "tokens" : [ {
      "id" : "s5-t0",
      "begin" : 349,
      "end" : 351,
      "text" : "He",
      "tokenType" : "TitlecaseAlphabetic",
      "lemma" : "he",
      "partOfSpeech" : "PRP",
      "whiteSpace" : false
    }, {
      "id" : "s5-t1",
      "begin" : 352,
      "end" : 356,
      "text" : "told",
      "tokenType" : "LowercaseAlphabetic",
      "lemma" : "tell",
      "partOfSpeech" : "VBD",
      "whiteSpace" : false
    }, {
      "id" : "s5-t2",
      "begin" : 357,
      "end" : 359,
      "text" : "me",
      "tokenType" : "LowercaseAlphabetic",
      "lemma" : "I",
      "partOfSpeech" : "PRP",
      "whiteSpace" : false
    }, {
      "id" : "s5-t3",
      "begin" : 360,
      "end" : 363,
      "text" : "the",
      "tokenType" : "LowercaseAlphabetic",
      "lemma" : "the",
      "partOfSpeech" : "DT",
      "whiteSpace" : false
    }, {
      "id" : "s5-t4",
      "begin" : 364,
      "end" : 371,
      "text" : "problem",
      "tokenType" : "LowercaseAlphabetic",
      "lemma" : "problem",
      "partOfSpeech" : "NN",
      "whiteSpace" : false
    }, {
      "id" : "s5-t5",
      "begin" : 372,
      "end" : 378,
      "text" : "needed",
      "tokenType" : "LowercaseAlphabetic",
      "lemma" : "need",
      "partOfSpeech" : "VBD",
      "whiteSpace" : false
    }, {
      "id" : "s5-t6",
      "begin" : 379,
      "end" : 381,
      "text" : "to",
      "tokenType" : "LowercaseAlphabetic",
      "lemma" : "to",
      "partOfSpeech" : "TO",
      "whiteSpace" : false
    }, {
      "id" : "s5-t7",
      "begin" : 382,
      "end" : 384,
      "text" : "be",
      "tokenType" : "LowercaseAlphabetic",
      "lemma" : "be",
      "partOfSpeech" : "VB",
      "whiteSpace" : false
    }, {
      "id" : "s5-t8",
      "begin" : 385,
      "end" : 394,
      "text" : "escalated",
      "tokenType" : "LowercaseAlphabetic",
      "lemma" : "escalate",
      "partOfSpeech" : "VBN",
      "whiteSpace" : false
    }, {
      "id" : "s5-t9",
      "begin" : 395,
      "end" : 397,
      "text" : "to",
      "tokenType" : "LowercaseAlphabetic",
      "lemma" : "to",
      "partOfSpeech" : "IN",
      "whiteSpace" : false
    }, {
      "id" : "s5-t10",
      "begin" : 398,
      "end" : 399,
      "text" : "a",
      "tokenType" : "LowercaseAlphabetic",
      "lemma" : "a",
      "partOfSpeech" : "DT",
      "whiteSpace" : false
    }, {
      "id" : "s5-t11",
      "begin" : 400,
      "end" : 409,
      "text" : "different",
      "tokenType" : "LowercaseAlphabetic",
      "lemma" : "different",
      "partOfSpeech" : "JJ",
      "whiteSpace" : false
    }, {
      "id" : "s5-t12",
      "begin" : 410,
      "end" : 414,
      "text" : "tier",
      "tokenType" : "LowercaseAlphabetic",
      "lemma" : "tier",
      "partOfSpeech" : "NN",
      "whiteSpace" : false
    }, {
      "id" : "s5-t13",
      "begin" : 415,
      "end" : 417,
      "text" : "of",
      "tokenType" : "LowercaseAlphabetic",
      "lemma" : "of",
      "partOfSpeech" : "IN",
      "whiteSpace" : false
    }, {
      "id" : "s5-t14",
      "begin" : 418,
      "end" : 426,
      "text" : "customer",
      "tokenType" : "LowercaseAlphabetic",
      "lemma" : "customer",
      "partOfSpeech" : "NN",
      "whiteSpace" : false
    }, {
      "id" : "s5-t15",
      "begin" : 427,
      "end" : 434,
      "text" : "service",
      "tokenType" : "LowercaseAlphabetic",
      "lemma" : "service",
      "partOfSpeech" : "NN",
      "whiteSpace" : false
    }, {
      "id" : "s5-t16",
      "begin" : 435,
      "end" : 438,
      "text" : "and",
      "tokenType" : "LowercaseAlphabetic",
      "lemma" : "and",
      "partOfSpeech" : "CC",
      "whiteSpace" : false
    }, {
      "id" : "s5-t17",
      "begin" : 439,
      "end" : 440,
      "text" : "I",
      "tokenType" : "UppercaseAlphabetic",
      "lemma" : "I",
      "partOfSpeech" : "PRP",
      "whiteSpace" : false
    }, {
      "id" : "s5-t18",
      "begin" : 441,
      "end" : 446,
      "text" : "would",
      "tokenType" : "LowercaseAlphabetic",
      "lemma" : "will",
      "partOfSpeech" : "MD",
      "whiteSpace" : false
    }, {
      "id" : "s5-t19",
      "begin" : 447,
      "end" : 449,
      "text" : "be",
      "tokenType" : "LowercaseAlphabetic",
      "lemma" : "be",
      "partOfSpeech" : "VB",
      "whiteSpace" : false
    }, {
      "id" : "s5-t20",
      "begin" : 450,
      "end" : 456,
      "text" : "called",
      "tokenType" : "LowercaseAlphabetic",
      "lemma" : "call",
      "partOfSpeech" : "VBN",
      "whiteSpace" : false
    }, {
      "id" : "s5-t21",
      "begin" : 457,
      "end" : 461,
      "text" : "back",
      "tokenType" : "LowercaseAlphabetic",
      "lemma" : "back",
      "partOfSpeech" : "RB",
      "whiteSpace" : false
    }, {
      "id" : "s5-t22",
      "begin" : 462,
      "end" : 468,
      "text" : "within",
      "tokenType" : "LowercaseAlphabetic",
      "lemma" : "within",
      "partOfSpeech" : "IN",
      "whiteSpace" : false
    }, {
      "id" : "s5-t23",
      "begin" : 469,
      "end" : 471,
      "text" : "48",
      "tokenType" : "Numeric",
      "partOfSpeech" : "CD",
      "whiteSpace" : false
    }, {
      "id" : "s5-t24",
      "begin" : 472,
      "end" : 477,
      "text" : "hours",
      "tokenType" : "LowercaseAlphabetic",
      "lemma" : "hour",
      "partOfSpeech" : "NNS",
      "whiteSpace" : false
    }, {
      "id" : "s5-t25",
      "begin" : 477,
      "end" : 478,
      "text" : ".",
      "tokenType" : "ClauseEndingPunctuation",
      "partOfSpeech" : ".",
      "whiteSpace" : false
    } ]
  }, {
    "id" : "s6",
    "begin" : 479,
    "end" : 516,
    "text" : "As expected, no one ever called back.",
    "tokens" : [ {
      "id" : "s6-t0",
      "begin" : 479,
      "end" : 481,
      "text" : "As",
      "tokenType" : "TitlecaseAlphabetic",
      "lemma" : "as",
      "partOfSpeech" : "IN",
      "whiteSpace" : false
    }, {
      "id" : "s6-t1",
      "begin" : 482,
      "end" : 490,
      "text" : "expected",
      "tokenType" : "LowercaseAlphabetic",
      "lemma" : "expect",
      "partOfSpeech" : "VBN",
      "whiteSpace" : false
    }, {
      "id" : "s6-t2",
      "begin" : 490,
      "end" : 491,
      "text" : ",",
      "tokenType" : "ClauseEndingPunctuation",
      "partOfSpeech" : ",",
      "whiteSpace" : false
    }, {
      "id" : "s6-t3",
      "begin" : 492,
      "end" : 494,
      "text" : "no",
      "tokenType" : "LowercaseAlphabetic",
      "lemma" : "no",
      "partOfSpeech" : "DT",
      "whiteSpace" : false
    }, {
      "id" : "s6-t4",
      "begin" : 495,
      "end" : 498,
      "text" : "one",
      "tokenType" : "LowercaseAlphabetic",
      "lemma" : "one",
      "partOfSpeech" : "NN",
      "whiteSpace" : false
    }, {
      "id" : "s6-t5",
      "begin" : 499,
      "end" : 503,
      "text" : "ever",
      "tokenType" : "LowercaseAlphabetic",
      "lemma" : "ever",
      "partOfSpeech" : "RB",
      "whiteSpace" : false
    }, {
      "id" : "s6-t6",
      "begin" : 504,
      "end" : 510,
      "text" : "called",
      "tokenType" : "LowercaseAlphabetic",
      "lemma" : "call",
      "partOfSpeech" : "VBN",
      "whiteSpace" : false
    }, {
      "id" : "s6-t7",
      "begin" : 511,
      "end" : 515,
      "text" : "back",
      "tokenType" : "LowercaseAlphabetic",
      "lemma" : "back",
      "partOfSpeech" : "RB",
      "whiteSpace" : false
    }, {
      "id" : "s6-t8",
      "begin" : 515,
      "end" : 516,
      "text" : ".",
      "tokenType" : "ClauseEndingPunctuation",
      "partOfSpeech" : ".",
      "whiteSpace" : false
    } ]
  } ],
  "mentions" : [ {
    "id" : "s0-m0",
    "properties" : {
      "SIRE_MENTION_CLASS" : "SPC",
      "SIRE_ENTITY_SUBTYPE" : "NONE",
      "SIRE_MENTION_TYPE" : "NONE",
      "SIRE_MENTION_ROLE" : "Product"
    },
    "type" : "Product",
    "begin" : 4,
    "end" : 6,
    "inCoref" : true
  }, {
    "id" : "s0-m3",
    "properties" : {
      "SIRE_MENTION_ROLE" : "Feature",
      "SIRE_ENTITY_SUBTYPE" : "NONE",
      "SIRE_MENTION_TYPE" : "NONE",
      "SIRE_MENTION_CLASS" : "SPC"
    },
    "type" : "Feature",
    "begin" : 28,
    "end" : 33,
    "inCoref" : false
  }, {
    "id" : "s0-m1",
    "properties" : {
      "SIRE_MENTION_CLASS" : "SPC",
      "SIRE_ENTITY_SUBTYPE" : "NONE",
      "SIRE_MENTION_TYPE" : "NONE",
      "SIRE_MENTION_ROLE" : "Product"
    },
    "type" : "Product",
    "begin" : 34,
    "end" : 36,
    "inCoref" : true
  }, {
    "id" : "s0-m4",
    "properties" : {
      "SIRE_MENTION_ROLE" : "Descriptor",
      "SIRE_ENTITY_SUBTYPE" : "NONE",
      "SIRE_MENTION_TYPE" : "NONE",
      "SIRE_MENTION_CLASS" : "SPC"
    },
    "type" : "Descriptor",
    "begin" : 50,
    "end" : 66,
    "inCoref" : false
  }, {
    "id" : "s1-m0",
    "properties" : {
      "SIRE_MENTION_CLASS" : "SPC",
      "SIRE_ENTITY_SUBTYPE" : "NONE",
      "SIRE_MENTION_TYPE" : "NONE",
      "SIRE_MENTION_ROLE" : "Consumer"
    },
    "type" : "Consumer",
    "begin" : 68,
    "end" : 69,
    "inCoref" : false
  }, {
    "id" : "s1-m4",
    "properties" : {
      "SIRE_MENTION_ROLE" : "Feature",
      "SIRE_ENTITY_SUBTYPE" : "NONE",
      "SIRE_MENTION_TYPE" : "NONE",
      "SIRE_MENTION_CLASS" : "SPC"
    },
    "type" : "Feature",
    "begin" : 80,
    "end" : 85,
    "inCoref" : true
  }, {
    "id" : "s1-m1",
    "properties" : {
      "SIRE_MENTION_CLASS" : "SPC",
      "SIRE_ENTITY_SUBTYPE" : "NONE",
      "SIRE_MENTION_TYPE" : "NONE",
      "SIRE_MENTION_ROLE" : "Product"
    },
    "type" : "Product",
    "begin" : 101,
    "end" : 103,
    "inCoref" : true
  }, {
    "id" : "s1-m5",
    "properties" : {
      "SIRE_MENTION_ROLE" : "Feature",
      "SIRE_ENTITY_SUBTYPE" : "NONE",
      "SIRE_MENTION_TYPE" : "NONE",
      "SIRE_MENTION_CLASS" : "SPC"
    },
    "type" : "Feature",
    "begin" : 113,
    "end" : 115,
    "inCoref" : true
  }, {
    "id" : "s1-m6",
    "properties" : {
      "SIRE_MENTION_ROLE" : "Descriptor",
      "SIRE_ENTITY_SUBTYPE" : "NONE",
      "SIRE_MENTION_TYPE" : "NONE",
      "SIRE_MENTION_CLASS" : "SPC"
    },
    "type" : "Descriptor",
    "begin" : 116,
    "end" : 126,
    "inCoref" : false
  }, {
    "id" : "s1-m2",
    "properties" : {
      "SIRE_MENTION_CLASS" : "SPC",
      "SIRE_ENTITY_SUBTYPE" : "NONE",
      "SIRE_MENTION_TYPE" : "NONE",
      "SIRE_MENTION_ROLE" : "Product"
    },
    "type" : "Product",
    "begin" : 133,
    "end" : 141,
    "inCoref" : false
  }, {
    "id" : "s2-m3",
    "properties" : {
      "SIRE_MENTION_ROLE" : "Company",
      "SIRE_ENTITY_SUBTYPE" : "a_3rd_Party_Company",
      "SIRE_MENTION_TYPE" : "NONE",
      "SIRE_MENTION_CLASS" : "SPC"
    },
    "type" : "Company",
    "begin" : 146,
    "end" : 159,
    "inCoref" : false
  }, {
    "id" : "s2-m0",
    "properties" : {
      "SIRE_MENTION_CLASS" : "SPC",
      "SIRE_ENTITY_SUBTYPE" : "NONE",
      "SIRE_MENTION_TYPE" : "NONE",
      "SIRE_MENTION_ROLE" : "Consumer"
    },
    "type" : "Consumer",
    "begin" : 165,
    "end" : 167,
    "inCoref" : false
  }, {
    "id" : "s2-m1",
    "properties" : {
      "SIRE_MENTION_CLASS" : "SPC",
      "SIRE_ENTITY_SUBTYPE" : "NONE",
      "SIRE_MENTION_TYPE" : "NONE",
      "SIRE_MENTION_ROLE" : "Product"
    },
    "type" : "Product",
    "begin" : 193,
    "end" : 195,
    "inCoref" : true
  }, {
    "id" : "s3-m0",
    "properties" : {
      "SIRE_MENTION_CLASS" : "SPC",
      "SIRE_ENTITY_SUBTYPE" : "NONE",
      "SIRE_MENTION_TYPE" : "NONE",
      "SIRE_MENTION_ROLE" : "Consumer"
    },
    "type" : "Consumer",
    "begin" : 197,
    "end" : 198,
    "inCoref" : false
  }, {
    "id" : "s3-m1",
    "properties" : {
      "SIRE_MENTION_CLASS" : "SPC",
      "SIRE_ENTITY_SUBTYPE" : "NONE",
      "SIRE_MENTION_TYPE" : "NONE",
      "SIRE_MENTION_ROLE" : "Company"
    },
    "type" : "Company",
    "begin" : 209,
    "end" : 216,
    "inCoref" : false
  }, {
    "id" : "s3-m2",
    "properties" : {
      "SIRE_MENTION_CLASS" : "SPC",
      "SIRE_ENTITY_SUBTYPE" : "NONE",
      "SIRE_MENTION_TYPE" : "NONE",
      "SIRE_MENTION_ROLE" : "Customer_Service"
    },
    "type" : "Customer_Service",
    "begin" : 219,
    "end" : 235,
    "inCoref" : true
  }, {
    "id" : "s3-m4",
    "properties" : {
      "SIRE_MENTION_ROLE" : "Customer_Service",
      "SIRE_ENTITY_SUBTYPE" : "NONE",
      "SIRE_MENTION_TYPE" : "NONE",
      "SIRE_MENTION_CLASS" : "SPC"
    },
    "type" : "Customer_Service",
    "begin" : 240,
    "end" : 242,
    "inCoref" : true
  }, {
    "id" : "s3-m5",
    "properties" : {
      "SIRE_MENTION_ROLE" : "Descriptor",
      "SIRE_ENTITY_SUBTYPE" : "NONE",
      "SIRE_MENTION_TYPE" : "NONE",
      "SIRE_MENTION_CLASS" : "SPC"
    },
    "type" : "Descriptor",
    "begin" : 243,
    "end" : 255,
    "inCoref" : false
  }, {
    "id" : "s4-m0",
    "properties" : {
      "SIRE_MENTION_CLASS" : "SPC",
      "SIRE_ENTITY_SUBTYPE" : "NONE",
      "SIRE_MENTION_TYPE" : "NONE",
      "SIRE_MENTION_ROLE" : "Customer_Service"
    },
    "type" : "Customer_Service",
    "begin" : 261,
    "end" : 279,
    "inCoref" : true
  }, {
    "id" : "s4-m1",
    "properties" : {
      "SIRE_MENTION_CLASS" : "SPC",
      "SIRE_ENTITY_SUBTYPE" : "NONE",
      "SIRE_MENTION_TYPE" : "NONE",
      "SIRE_MENTION_ROLE" : "Consumer"
    },
    "type" : "Consumer",
    "begin" : 280,
    "end" : 281,
    "inCoref" : false
  }, {
    "id" : "s4-m2",
    "properties" : {
      "SIRE_MENTION_CLASS" : "SPC",
      "SIRE_ENTITY_SUBTYPE" : "NONE",
      "SIRE_MENTION_TYPE" : "NONE",
      "SIRE_MENTION_ROLE" : "Product"
    },
    "type" : "Product",
    "begin" : 301,
    "end" : 306,
    "inCoref" : false
  }, {
    "id" : "s4-m4",
    "properties" : {
      "SIRE_MENTION_ROLE" : "Descriptor",
      "SIRE_ENTITY_SUBTYPE" : "NONE",
      "SIRE_MENTION_TYPE" : "NONE",
      "SIRE_MENTION_CLASS" : "NEG"
    },
    "type" : "Descriptor",
    "begin" : 335,
    "end" : 347,
    "inCoref" : false
  }, {
    "id" : "s5-m4",
    "properties" : {
      "SIRE_MENTION_ROLE" : "Customer_Service",
      "SIRE_ENTITY_SUBTYPE" : "NONE",
      "SIRE_MENTION_TYPE" : "NONE",
      "SIRE_MENTION_CLASS" : "SPC"
    },
    "type" : "Customer_Service",
    "begin" : 349,
    "end" : 351,
    "inCoref" : true
  }, {
    "id" : "s5-m0",
    "properties" : {
      "SIRE_MENTION_CLASS" : "SPC",
      "SIRE_ENTITY_SUBTYPE" : "NONE",
      "SIRE_MENTION_TYPE" : "NONE",
      "SIRE_MENTION_ROLE" : "Consumer"
    },
    "type" : "Consumer",
    "begin" : 357,
    "end" : 359,
    "inCoref" : false
  }, {
    "id" : "s5-m1",
    "properties" : {
      "SIRE_MENTION_CLASS" : "SPC",
      "SIRE_ENTITY_SUBTYPE" : "NONE",
      "SIRE_MENTION_TYPE" : "NONE",
      "SIRE_MENTION_ROLE" : "Customer_Service"
    },
    "type" : "Customer_Service",
    "begin" : 418,
    "end" : 434,
    "inCoref" : true
  }, {
    "id" : "s5-m2",
    "properties" : {
      "SIRE_MENTION_CLASS" : "SPC",
      "SIRE_ENTITY_SUBTYPE" : "NONE",
      "SIRE_MENTION_TYPE" : "NONE",
      "SIRE_MENTION_ROLE" : "Consumer"
    },
    "type" : "Consumer",
    "begin" : 439,
    "end" : 440,
    "inCoref" : false
  }, {
    "id" : "s6-m1",
    "properties" : {
      "SIRE_MENTION_ROLE" : "Customer_Service",
      "SIRE_ENTITY_SUBTYPE" : "NONE",
      "SIRE_MENTION_TYPE" : "NONE",
      "SIRE_MENTION_CLASS" : "SPC"
    },
    "type" : "Customer_Service",
    "begin" : 492,
    "end" : 498,
    "inCoref" : true
  } ],
  "relations" : [ {
    "id" : "s0-r1",
    "properties" : { },
    "type" : "hasFeature",
    "args" : [ "s0-m0", "s0-m3" ]
  }, {
    "id" : "s0-r2",
    "properties" : { },
    "type" : "hasFeature",
    "args" : [ "s0-m1", "s0-m3" ]
  }, {
    "id" : "s0-r3",
    "properties" : { },
    "type" : "hasQuality",
    "args" : [ "s0-m3", "s0-m4" ]
  }, {
    "id" : "s1-r1",
    "properties" : { },
    "type" : "hasFeature",
    "args" : [ "s1-m1", "s1-m4" ]
  }, {
    "id" : "s1-r2",
    "properties" : { },
    "type" : "hasFeature",
    "args" : [ "s1-m1", "s1-m5" ]
  }, {
    "id" : "s1-r4",
    "properties" : { },
    "type" : "hasFeature",
    "args" : [ "s1-m2", "s1-m5" ]
  }, {
    "id" : "s1-r5",
    "properties" : { },
    "type" : "hasFeature",
    "args" : [ "s1-m2", "s1-m4" ]
  }, {
    "id" : "s3-r1",
    "properties" : { },
    "type" : "isAPartOf",
    "args" : [ "s3-m2", "s3-m1" ]
  }, {
    "id" : "s3-r2",
    "properties" : { },
    "type" : "isAPartOf",
    "args" : [ "s3-m4", "s3-m1" ]
  }, {
    "id" : "s3-r3",
    "properties" : { },
    "type" : "hasQuality",
    "args" : [ "s3-m2", "s3-m5" ]
  }, {
    "id" : "s3-r4",
    "properties" : { },
    "type" : "hasQuality",
    "args" : [ "s3-m4", "s3-m5" ]
  }, {
    "id" : "s4-r1",
    "properties" : { },
    "type" : "hasQuality",
    "args" : [ "s4-m0", "s4-m4" ]
  } ],
  "corefs" : [ {
    "id" : "c1",
    "properties" : { },
    "mentions" : [ "s5-m4", "s4-m0", "s3-m2", "s3-m4", "s5-m1", "s6-m1" ]
  }, {
    "id" : "c2",
    "properties" : { },
    "mentions" : [ "s0-m0", "s1-m1", "s0-m1", "s2-m1" ]
  }, {
    "id" : "c3",
    "properties" : { },
    "mentions" : [ "s1-m5", "s1-m4" ]
  } ],
  "typeResolved" : true,
  "userResolved" : true
}