{
  "id" : "a4d67795-6a55-4af2-8249-ff84f7863130-20",
  "modifiedDate" : 1467907995044,
  "name" : "review95.txt",
  "version" : 2,
  "text" : "This football is a great quality product that does exactly what it says it does. Once you have the LED installed and the patch installed (all quick and easy) one smack on the ball lights it up for fun throw-in-the-dark playing. The LED seems to be on a timer that lasts a couple of minutes and turns off if it doesn't sense any more motion. However, if it continues to sense motion it stays on.\n",
  "docLength" : 395,
  "language" : "EN",
  "status" : "SUBMITTED",
  "documentSet" : [ ],
  "sentences" : [ {
    "id" : "s0",
    "begin" : 0,
    "end" : 80,
    "text" : "This football is a great quality product that does exactly what it says it does.",
    "tokens" : [ {
      "id" : "s0-t0",
      "begin" : 0,
      "end" : 4,
      "text" : "This",
      "tokenType" : "TitlecaseAlphabetic",
      "lemma" : "this",
      "partOfSpeech" : "DT",
      "whiteSpace" : false
    }, {
      "id" : "s0-t1",
      "begin" : 5,
      "end" : 13,
      "text" : "football",
      "tokenType" : "LowercaseAlphabetic",
      "lemma" : "football",
      "partOfSpeech" : "NN",
      "whiteSpace" : false
    }, {
      "id" : "s0-t2",
      "begin" : 14,
      "end" : 16,
      "text" : "is",
      "tokenType" : "LowercaseAlphabetic",
      "lemma" : "be",
      "partOfSpeech" : "VBZ",
      "whiteSpace" : false
    }, {
      "id" : "s0-t3",
      "begin" : 17,
      "end" : 18,
      "text" : "a",
      "tokenType" : "LowercaseAlphabetic",
      "lemma" : "a",
      "partOfSpeech" : "DT",
      "whiteSpace" : false
    }, {
      "id" : "s0-t4",
      "begin" : 19,
      "end" : 24,
      "text" : "great",
      "tokenType" : "LowercaseAlphabetic",
      "lemma" : "great",
      "partOfSpeech" : "JJ",
      "whiteSpace" : false
    }, {
      "id" : "s0-t5",
      "begin" : 25,
      "end" : 32,
      "text" : "quality",
      "tokenType" : "LowercaseAlphabetic",
      "lemma" : "quality",
      "partOfSpeech" : "NN",
      "whiteSpace" : false
    }, {
      "id" : "s0-t6",
      "begin" : 33,
      "end" : 40,
      "text" : "product",
      "tokenType" : "LowercaseAlphabetic",
      "lemma" : "product",
      "partOfSpeech" : "NN",
      "whiteSpace" : false
    }, {
      "id" : "s0-t7",
      "begin" : 41,
      "end" : 45,
      "text" : "that",
      "tokenType" : "LowercaseAlphabetic",
      "lemma" : "that",
      "partOfSpeech" : "WDT",
      "whiteSpace" : false
    }, {
      "id" : "s0-t8",
      "begin" : 46,
      "end" : 50,
      "text" : "does",
      "tokenType" : "LowercaseAlphabetic",
      "lemma" : "do",
      "partOfSpeech" : "VBZ",
      "whiteSpace" : false
    }, {
      "id" : "s0-t9",
      "begin" : 51,
      "end" : 58,
      "text" : "exactly",
      "tokenType" : "LowercaseAlphabetic",
      "lemma" : "exactly",
      "partOfSpeech" : "RB",
      "whiteSpace" : false
    }, {
      "id" : "s0-t10",
      "begin" : 59,
      "end" : 63,
      "text" : "what",
      "tokenType" : "LowercaseAlphabetic",
      "lemma" : "what",
      "partOfSpeech" : "WP",
      "whiteSpace" : false
    }, {
      "id" : "s0-t11",
      "begin" : 64,
      "end" : 66,
      "text" : "it",
      "tokenType" : "LowercaseAlphabetic",
      "lemma" : "it",
      "partOfSpeech" : "PRP",
      "whiteSpace" : false
    }, {
      "id" : "s0-t12",
      "begin" : 67,
      "end" : 71,
      "text" : "says",
      "tokenType" : "LowercaseAlphabetic",
      "lemma" : "say",
      "partOfSpeech" : "VBZ",
      "whiteSpace" : false
    }, {
      "id" : "s0-t13",
      "begin" : 72,
      "end" : 74,
      "text" : "it",
      "tokenType" : "LowercaseAlphabetic",
      "lemma" : "it",
      "partOfSpeech" : "PRP",
      "whiteSpace" : false
    }, {
      "id" : "s0-t14",
      "begin" : 75,
      "end" : 79,
      "text" : "does",
      "tokenType" : "LowercaseAlphabetic",
      "lemma" : "do",
      "partOfSpeech" : "VBZ",
      "whiteSpace" : false
    }, {
      "id" : "s0-t15",
      "begin" : 79,
      "end" : 80,
      "text" : ".",
      "tokenType" : "ClauseEndingPunctuation",
      "partOfSpeech" : ".",
      "whiteSpace" : false
    } ]
  }, {
    "id" : "s1",
    "begin" : 81,
    "end" : 227,
    "text" : "Once you have the LED installed and the patch installed (all quick and easy) one smack on the ball lights it up for fun throw-in-the-dark playing.",
    "tokens" : [ {
      "id" : "s1-t0",
      "begin" : 81,
      "end" : 85,
      "text" : "Once",
      "tokenType" : "TitlecaseAlphabetic",
      "lemma" : "once",
      "partOfSpeech" : "IN",
      "whiteSpace" : false
    }, {
      "id" : "s1-t1",
      "begin" : 86,
      "end" : 89,
      "text" : "you",
      "tokenType" : "LowercaseAlphabetic",
      "lemma" : "you",
      "partOfSpeech" : "PRP",
      "whiteSpace" : false
    }, {
      "id" : "s1-t2",
      "begin" : 90,
      "end" : 94,
      "text" : "have",
      "tokenType" : "LowercaseAlphabetic",
      "lemma" : "have",
      "partOfSpeech" : "VBP",
      "whiteSpace" : false
    }, {
      "id" : "s1-t3",
      "begin" : 95,
      "end" : 98,
      "text" : "the",
      "tokenType" : "LowercaseAlphabetic",
      "lemma" : "the",
      "partOfSpeech" : "DT",
      "whiteSpace" : false
    }, {
      "id" : "s1-t4",
      "begin" : 99,
      "end" : 102,
      "text" : "LED",
      "tokenType" : "UppercaseAlphabetic",
      "lemma" : "lead",
      "partOfSpeech" : "VBD",
      "whiteSpace" : false
    }, {
      "id" : "s1-t5",
      "begin" : 103,
      "end" : 112,
      "text" : "installed",
      "tokenType" : "LowercaseAlphabetic",
      "lemma" : "install",
      "partOfSpeech" : "VBN",
      "whiteSpace" : false
    }, {
      "id" : "s1-t6",
      "begin" : 113,
      "end" : 116,
      "text" : "and",
      "tokenType" : "LowercaseAlphabetic",
      "lemma" : "and",
      "partOfSpeech" : "CC",
      "whiteSpace" : false
    }, {
      "id" : "s1-t7",
      "begin" : 117,
      "end" : 120,
      "text" : "the",
      "tokenType" : "LowercaseAlphabetic",
      "lemma" : "the",
      "partOfSpeech" : "DT",
      "whiteSpace" : false
    }, {
      "id" : "s1-t8",
      "begin" : 121,
      "end" : 126,
      "text" : "patch",
      "tokenType" : "LowercaseAlphabetic",
      "lemma" : "patch",
      "partOfSpeech" : "NN",
      "whiteSpace" : false
    }, {
      "id" : "s1-t9",
      "begin" : 127,
      "end" : 136,
      "text" : "installed",
      "tokenType" : "LowercaseAlphabetic",
      "lemma" : "install",
      "partOfSpeech" : "VBD",
      "whiteSpace" : false
    }, {
      "id" : "s1-t10",
      "begin" : 137,
      "end" : 138,
      "text" : "(",
      "tokenType" : "Punctuation",
      "partOfSpeech" : "(",
      "whiteSpace" : false
    }, {
      "id" : "s1-t11",
      "begin" : 138,
      "end" : 141,
      "text" : "all",
      "tokenType" : "LowercaseAlphabetic",
      "lemma" : "all",
      "partOfSpeech" : "QT",
      "whiteSpace" : false
    }, {
      "id" : "s1-t12",
      "begin" : 142,
      "end" : 147,
      "text" : "quick",
      "tokenType" : "LowercaseAlphabetic",
      "lemma" : "quick",
      "partOfSpeech" : "JJ",
      "whiteSpace" : false
    }, {
      "id" : "s1-t13",
      "begin" : 148,
      "end" : 151,
      "text" : "and",
      "tokenType" : "LowercaseAlphabetic",
      "lemma" : "and",
      "partOfSpeech" : "CC",
      "whiteSpace" : false
    }, {
      "id" : "s1-t14",
      "begin" : 152,
      "end" : 156,
      "text" : "easy",
      "tokenType" : "LowercaseAlphabetic",
      "lemma" : "easy",
      "partOfSpeech" : "JJ",
      "whiteSpace" : false
    }, {
      "id" : "s1-t15",
      "begin" : 156,
      "end" : 157,
      "text" : ")",
      "tokenType" : "Punctuation",
      "partOfSpeech" : ")",
      "whiteSpace" : false
    }, {
      "id" : "s1-t16",
      "begin" : 158,
      "end" : 161,
      "text" : "one",
      "tokenType" : "LowercaseAlphabetic",
      "lemma" : "one",
      "partOfSpeech" : "QT",
      "whiteSpace" : false
    }, {
      "id" : "s1-t17",
      "begin" : 162,
      "end" : 167,
      "text" : "smack",
      "tokenType" : "LowercaseAlphabetic",
      "lemma" : "smack",
      "partOfSpeech" : "NN",
      "whiteSpace" : false
    }, {
      "id" : "s1-t18",
      "begin" : 168,
      "end" : 170,
      "text" : "on",
      "tokenType" : "LowercaseAlphabetic",
      "lemma" : "on",
      "partOfSpeech" : "IN",
      "whiteSpace" : false
    }, {
      "id" : "s1-t19",
      "begin" : 171,
      "end" : 174,
      "text" : "the",
      "tokenType" : "LowercaseAlphabetic",
      "lemma" : "the",
      "partOfSpeech" : "DT",
      "whiteSpace" : false
    }, {
      "id" : "s1-t20",
      "begin" : 175,
      "end" : 179,
      "text" : "ball",
      "tokenType" : "LowercaseAlphabetic",
      "lemma" : "ball",
      "partOfSpeech" : "NN",
      "whiteSpace" : false
    }, {
      "id" : "s1-t21",
      "begin" : 180,
      "end" : 186,
      "text" : "lights",
      "tokenType" : "LowercaseAlphabetic",
      "lemma" : "light",
      "partOfSpeech" : "VBZ",
      "whiteSpace" : false
    }, {
      "id" : "s1-t22",
      "begin" : 187,
      "end" : 189,
      "text" : "it",
      "tokenType" : "LowercaseAlphabetic",
      "lemma" : "it",
      "partOfSpeech" : "PRP",
      "whiteSpace" : false
    }, {
      "id" : "s1-t23",
      "begin" : 190,
      "end" : 192,
      "text" : "up",
      "tokenType" : "LowercaseAlphabetic",
      "lemma" : "up",
      "partOfSpeech" : "IN",
      "whiteSpace" : false
    }, {
      "id" : "s1-t24",
      "begin" : 193,
      "end" : 196,
      "text" : "for",
      "tokenType" : "LowercaseAlphabetic",
      "lemma" : "for",
      "partOfSpeech" : "IN",
      "whiteSpace" : false
    }, {
      "id" : "s1-t25",
      "begin" : 197,
      "end" : 200,
      "text" : "fun",
      "tokenType" : "LowercaseAlphabetic",
      "lemma" : "fun",
      "partOfSpeech" : "NN",
      "whiteSpace" : false
    }, {
      "id" : "s1-t26",
      "begin" : 201,
      "end" : 209,
      "text" : "throw-in",
      "tokenType" : "TokenAnnotation",
      "lemma" : "throw-in",
      "partOfSpeech" : "NN",
      "whiteSpace" : false
    }, {
      "id" : "s1-t27",
      "begin" : 209,
      "end" : 210,
      "text" : "-",
      "tokenType" : "Punctuation",
      "partOfSpeech" : ":",
      "whiteSpace" : false
    }, {
      "id" : "s1-t28",
      "begin" : 210,
      "end" : 213,
      "text" : "the",
      "tokenType" : "LowercaseAlphabetic",
      "lemma" : "the",
      "partOfSpeech" : "DT",
      "whiteSpace" : false
    }, {
      "id" : "s1-t29",
      "begin" : 213,
      "end" : 214,
      "text" : "-",
      "tokenType" : "Punctuation",
      "partOfSpeech" : ":",
      "whiteSpace" : false
    }, {
      "id" : "s1-t30",
      "begin" : 214,
      "end" : 218,
      "text" : "dark",
      "tokenType" : "LowercaseAlphabetic",
      "lemma" : "dark",
      "partOfSpeech" : "JJ",
      "whiteSpace" : false
    }, {
      "id" : "s1-t31",
      "begin" : 219,
      "end" : 226,
      "text" : "playing",
      "tokenType" : "LowercaseAlphabetic",
      "lemma" : "play",
      "partOfSpeech" : "NN",
      "whiteSpace" : false
    }, {
      "id" : "s1-t32",
      "begin" : 226,
      "end" : 227,
      "text" : ".",
      "tokenType" : "ClauseEndingPunctuation",
      "partOfSpeech" : ".",
      "whiteSpace" : false
    } ]
  }, {
    "id" : "s2",
    "begin" : 228,
    "end" : 340,
    "text" : "The LED seems to be on a timer that lasts a couple of minutes and turns off if it doesn't sense any more motion.",
    "tokens" : [ {
      "id" : "s2-t0",
      "begin" : 228,
      "end" : 231,
      "text" : "The",
      "tokenType" : "TitlecaseAlphabetic",
      "lemma" : "the",
      "partOfSpeech" : "DT",
      "whiteSpace" : false
    }, {
      "id" : "s2-t1",
      "begin" : 232,
      "end" : 235,
      "text" : "LED",
      "tokenType" : "UppercaseAlphabetic",
      "lemma" : "lead",
      "partOfSpeech" : "VBD",
      "whiteSpace" : false
    }, {
      "id" : "s2-t2",
      "begin" : 236,
      "end" : 241,
      "text" : "seems",
      "tokenType" : "LowercaseAlphabetic",
      "lemma" : "seem",
      "partOfSpeech" : "VBZ",
      "whiteSpace" : false
    }, {
      "id" : "s2-t3",
      "begin" : 242,
      "end" : 244,
      "text" : "to",
      "tokenType" : "LowercaseAlphabetic",
      "lemma" : "to",
      "partOfSpeech" : "TO",
      "whiteSpace" : false
    }, {
      "id" : "s2-t4",
      "begin" : 245,
      "end" : 247,
      "text" : "be",
      "tokenType" : "LowercaseAlphabetic",
      "lemma" : "be",
      "partOfSpeech" : "VB",
      "whiteSpace" : false
    }, {
      "id" : "s2-t5",
      "begin" : 248,
      "end" : 250,
      "text" : "on",
      "tokenType" : "LowercaseAlphabetic",
      "lemma" : "on",
      "partOfSpeech" : "IN",
      "whiteSpace" : false
    }, {
      "id" : "s2-t6",
      "begin" : 251,
      "end" : 252,
      "text" : "a",
      "tokenType" : "LowercaseAlphabetic",
      "lemma" : "a",
      "partOfSpeech" : "DT",
      "whiteSpace" : false
    }, {
      "id" : "s2-t7",
      "begin" : 253,
      "end" : 258,
      "text" : "timer",
      "tokenType" : "LowercaseAlphabetic",
      "lemma" : "timer",
      "partOfSpeech" : "NN",
      "whiteSpace" : false
    }, {
      "id" : "s2-t8",
      "begin" : 259,
      "end" : 263,
      "text" : "that",
      "tokenType" : "LowercaseAlphabetic",
      "lemma" : "that",
      "partOfSpeech" : "WDT",
      "whiteSpace" : false
    }, {
      "id" : "s2-t9",
      "begin" : 264,
      "end" : 269,
      "text" : "lasts",
      "tokenType" : "LowercaseAlphabetic",
      "lemma" : "last",
      "partOfSpeech" : "VBZ",
      "whiteSpace" : false
    }, {
      "id" : "s2-t10",
      "begin" : 270,
      "end" : 271,
      "text" : "a",
      "tokenType" : "LowercaseAlphabetic",
      "lemma" : "a",
      "partOfSpeech" : "DT",
      "whiteSpace" : false
    }, {
      "id" : "s2-t11",
      "begin" : 272,
      "end" : 278,
      "text" : "couple",
      "tokenType" : "LowercaseAlphabetic",
      "lemma" : "couple",
      "partOfSpeech" : "NN",
      "whiteSpace" : false
    }, {
      "id" : "s2-t12",
      "begin" : 279,
      "end" : 281,
      "text" : "of",
      "tokenType" : "LowercaseAlphabetic",
      "lemma" : "of",
      "partOfSpeech" : "IN",
      "whiteSpace" : false
    }, {
      "id" : "s2-t13",
      "begin" : 282,
      "end" : 289,
      "text" : "minutes",
      "tokenType" : "LowercaseAlphabetic",
      "lemma" : "minute",
      "partOfSpeech" : "NNS",
      "whiteSpace" : false
    }, {
      "id" : "s2-t14",
      "begin" : 290,
      "end" : 293,
      "text" : "and",
      "tokenType" : "LowercaseAlphabetic",
      "lemma" : "and",
      "partOfSpeech" : "CC",
      "whiteSpace" : false
    }, {
      "id" : "s2-t15",
      "begin" : 294,
      "end" : 299,
      "text" : "turns",
      "tokenType" : "LowercaseAlphabetic",
      "lemma" : "turn",
      "partOfSpeech" : "NNS",
      "whiteSpace" : false
    }, {
      "id" : "s2-t16",
      "begin" : 300,
      "end" : 303,
      "text" : "off",
      "tokenType" : "LowercaseAlphabetic",
      "lemma" : "off",
      "partOfSpeech" : "RB",
      "whiteSpace" : false
    }, {
      "id" : "s2-t17",
      "begin" : 304,
      "end" : 306,
      "text" : "if",
      "tokenType" : "LowercaseAlphabetic",
      "lemma" : "if",
      "partOfSpeech" : "IN",
      "whiteSpace" : false
    }, {
      "id" : "s2-t18",
      "begin" : 307,
      "end" : 309,
      "text" : "it",
      "tokenType" : "LowercaseAlphabetic",
      "lemma" : "it",
      "partOfSpeech" : "PRP",
      "whiteSpace" : false
    }, {
      "id" : "s2-t19",
      "begin" : 310,
      "end" : 314,
      "text" : "does",
      "tokenType" : "LowercaseAlphabetic",
      "lemma" : "do",
      "partOfSpeech" : "VBZ",
      "whiteSpace" : false
    }, {
      "id" : "s2-t20",
      "begin" : 314,
      "end" : 317,
      "text" : "n't",
      "tokenType" : "TokenAnnotation",
      "lemma" : "not",
      "partOfSpeech" : "RB",
      "whiteSpace" : false
    }, {
      "id" : "s2-t21",
      "begin" : 318,
      "end" : 323,
      "text" : "sense",
      "tokenType" : "LowercaseAlphabetic",
      "lemma" : "sense",
      "partOfSpeech" : "VB",
      "whiteSpace" : false
    }, {
      "id" : "s2-t22",
      "begin" : 324,
      "end" : 327,
      "text" : "any",
      "tokenType" : "LowercaseAlphabetic",
      "lemma" : "any",
      "partOfSpeech" : "QT",
      "whiteSpace" : false
    }, {
      "id" : "s2-t23",
      "begin" : 328,
      "end" : 332,
      "text" : "more",
      "tokenType" : "LowercaseAlphabetic",
      "lemma" : "more",
      "partOfSpeech" : "QT",
      "whiteSpace" : false
    }, {
      "id" : "s2-t24",
      "begin" : 333,
      "end" : 339,
      "text" : "motion",
      "tokenType" : "LowercaseAlphabetic",
      "lemma" : "motion",
      "partOfSpeech" : "NN",
      "whiteSpace" : false
    }, {
      "id" : "s2-t25",
      "begin" : 339,
      "end" : 340,
      "text" : ".",
      "tokenType" : "ClauseEndingPunctuation",
      "partOfSpeech" : ".",
      "whiteSpace" : false
    } ]
  }, {
    "id" : "s3",
    "begin" : 341,
    "end" : 394,
    "text" : "However, if it continues to sense motion it stays on.",
    "tokens" : [ {
      "id" : "s3-t0",
      "begin" : 341,
      "end" : 348,
      "text" : "However",
      "tokenType" : "TitlecaseAlphabetic",
      "lemma" : "however",
      "partOfSpeech" : "RB",
      "whiteSpace" : false
    }, {
      "id" : "s3-t1",
      "begin" : 348,
      "end" : 349,
      "text" : ",",
      "tokenType" : "ClauseEndingPunctuation",
      "partOfSpeech" : ",",
      "whiteSpace" : false
    }, {
      "id" : "s3-t2",
      "begin" : 350,
      "end" : 352,
      "text" : "if",
      "tokenType" : "LowercaseAlphabetic",
      "lemma" : "if",
      "partOfSpeech" : "IN",
      "whiteSpace" : false
    }, {
      "id" : "s3-t3",
      "begin" : 353,
      "end" : 355,
      "text" : "it",
      "tokenType" : "LowercaseAlphabetic",
      "lemma" : "it",
      "partOfSpeech" : "PRP",
      "whiteSpace" : false
    }, {
      "id" : "s3-t4",
      "begin" : 356,
      "end" : 365,
      "text" : "continues",
      "tokenType" : "LowercaseAlphabetic",
      "lemma" : "continue",
      "partOfSpeech" : "VBZ",
      "whiteSpace" : false
    }, {
      "id" : "s3-t5",
      "begin" : 366,
      "end" : 368,
      "text" : "to",
      "tokenType" : "LowercaseAlphabetic",
      "lemma" : "to",
      "partOfSpeech" : "TO",
      "whiteSpace" : false
    }, {
      "id" : "s3-t6",
      "begin" : 369,
      "end" : 374,
      "text" : "sense",
      "tokenType" : "LowercaseAlphabetic",
      "lemma" : "sense",
      "partOfSpeech" : "VB",
      "whiteSpace" : false
    }, {
      "id" : "s3-t7",
      "begin" : 375,
      "end" : 381,
      "text" : "motion",
      "tokenType" : "LowercaseAlphabetic",
      "lemma" : "motion",
      "partOfSpeech" : "NN",
      "whiteSpace" : false
    }, {
      "id" : "s3-t8",
      "begin" : 382,
      "end" : 384,
      "text" : "it",
      "tokenType" : "LowercaseAlphabetic",
      "lemma" : "it",
      "partOfSpeech" : "PRP",
      "whiteSpace" : false
    }, {
      "id" : "s3-t9",
      "begin" : 385,
      "end" : 390,
      "text" : "stays",
      "tokenType" : "LowercaseAlphabetic",
      "lemma" : "stay",
      "partOfSpeech" : "VBZ",
      "whiteSpace" : false
    }, {
      "id" : "s3-t10",
      "begin" : 391,
      "end" : 393,
      "text" : "on",
      "tokenType" : "LowercaseAlphabetic",
      "lemma" : "on",
      "partOfSpeech" : "IN",
      "whiteSpace" : false
    }, {
      "id" : "s3-t11",
      "begin" : 393,
      "end" : 394,
      "text" : ".",
      "tokenType" : "ClauseEndingPunctuation",
      "partOfSpeech" : ".",
      "whiteSpace" : false
    } ]
  } ],
  "mentions" : [ {
    "id" : "s0-m1",
    "properties" : {
      "SIRE_MENTION_ROLE" : "Product",
      "SIRE_ENTITY_SUBTYPE" : "NONE",
      "SIRE_MENTION_TYPE" : "NONE",
      "SIRE_MENTION_CLASS" : "SPC"
    },
    "type" : "Product",
    "begin" : 0,
    "end" : 13,
    "inCoref" : true
  }, {
    "id" : "s0-m2",
    "properties" : {
      "SIRE_MENTION_ROLE" : "Descriptor",
      "SIRE_ENTITY_SUBTYPE" : "NONE",
      "SIRE_MENTION_TYPE" : "NONE",
      "SIRE_MENTION_CLASS" : "SPC"
    },
    "type" : "Descriptor",
    "begin" : 19,
    "end" : 32,
    "inCoref" : false
  }, {
    "id" : "s0-m3",
    "properties" : {
      "SIRE_MENTION_ROLE" : "Product",
      "SIRE_ENTITY_SUBTYPE" : "NONE",
      "SIRE_MENTION_TYPE" : "NONE",
      "SIRE_MENTION_CLASS" : "SPC"
    },
    "type" : "Product",
    "begin" : 33,
    "end" : 40,
    "inCoref" : true
  }, {
    "id" : "s0-m5",
    "properties" : {
      "SIRE_MENTION_ROLE" : "Product",
      "SIRE_ENTITY_SUBTYPE" : "NONE",
      "SIRE_MENTION_TYPE" : "NONE",
      "SIRE_MENTION_CLASS" : "SPC"
    },
    "type" : "Product",
    "begin" : 64,
    "end" : 66,
    "inCoref" : true
  }, {
    "id" : "s0-m4",
    "properties" : {
      "SIRE_MENTION_ROLE" : "Product",
      "SIRE_ENTITY_SUBTYPE" : "NONE",
      "SIRE_MENTION_TYPE" : "NONE",
      "SIRE_MENTION_CLASS" : "SPC"
    },
    "type" : "Product",
    "begin" : 72,
    "end" : 74,
    "inCoref" : true
  }, {
    "id" : "s1-m2",
    "properties" : {
      "SIRE_MENTION_ROLE" : "Feature",
      "SIRE_ENTITY_SUBTYPE" : "NONE",
      "SIRE_MENTION_TYPE" : "NONE",
      "SIRE_MENTION_CLASS" : "SPC"
    },
    "type" : "Feature",
    "begin" : 99,
    "end" : 102,
    "inCoref" : true
  }, {
    "id" : "s1-m3",
    "properties" : {
      "SIRE_MENTION_ROLE" : "Feature",
      "SIRE_ENTITY_SUBTYPE" : "NONE",
      "SIRE_MENTION_TYPE" : "NONE",
      "SIRE_MENTION_CLASS" : "SPC"
    },
    "type" : "Feature",
    "begin" : 117,
    "end" : 126,
    "inCoref" : false
  }, {
    "id" : "s1-m4",
    "properties" : {
      "SIRE_MENTION_ROLE" : "Descriptor",
      "SIRE_ENTITY_SUBTYPE" : "NONE",
      "SIRE_MENTION_TYPE" : "NONE",
      "SIRE_MENTION_CLASS" : "SPC"
    },
    "type" : "Descriptor",
    "begin" : 142,
    "end" : 147,
    "inCoref" : false
  }, {
    "id" : "s1-m5",
    "properties" : {
      "SIRE_MENTION_ROLE" : "Descriptor",
      "SIRE_ENTITY_SUBTYPE" : "NONE",
      "SIRE_MENTION_TYPE" : "NONE",
      "SIRE_MENTION_CLASS" : "SPC"
    },
    "type" : "Descriptor",
    "begin" : 152,
    "end" : 156,
    "inCoref" : false
  }, {
    "id" : "s1-m6",
    "properties" : {
      "SIRE_MENTION_ROLE" : "Feature",
      "SIRE_ENTITY_SUBTYPE" : "NONE",
      "SIRE_MENTION_TYPE" : "NONE",
      "SIRE_MENTION_CLASS" : "SPC"
    },
    "type" : "Feature",
    "begin" : 162,
    "end" : 167,
    "inCoref" : false
  }, {
    "id" : "s1-m1",
    "properties" : {
      "SIRE_MENTION_ROLE" : "Product",
      "SIRE_ENTITY_SUBTYPE" : "NONE",
      "SIRE_MENTION_TYPE" : "NONE",
      "SIRE_MENTION_CLASS" : "SPC"
    },
    "type" : "Product",
    "begin" : 171,
    "end" : 179,
    "inCoref" : true
  }, {
    "id" : "s1-m7",
    "properties" : {
      "SIRE_MENTION_ROLE" : "Feature",
      "SIRE_ENTITY_SUBTYPE" : "NONE",
      "SIRE_MENTION_TYPE" : "NONE",
      "SIRE_MENTION_CLASS" : "SPC"
    },
    "type" : "Feature",
    "begin" : 180,
    "end" : 192,
    "inCoref" : false
  }, {
    "id" : "s1-m8",
    "properties" : {
      "SIRE_MENTION_ROLE" : "Descriptor",
      "SIRE_ENTITY_SUBTYPE" : "NONE",
      "SIRE_MENTION_TYPE" : "NONE",
      "SIRE_MENTION_CLASS" : "SPC"
    },
    "type" : "Descriptor",
    "begin" : 197,
    "end" : 200,
    "inCoref" : false
  }, {
    "id" : "s2-m1",
    "properties" : {
      "SIRE_MENTION_ROLE" : "Feature",
      "SIRE_ENTITY_SUBTYPE" : "NONE",
      "SIRE_MENTION_TYPE" : "NONE",
      "SIRE_MENTION_CLASS" : "SPC"
    },
    "type" : "Feature",
    "begin" : 232,
    "end" : 235,
    "inCoref" : true
  }, {
    "id" : "s2-m2",
    "properties" : {
      "SIRE_MENTION_ROLE" : "Feature",
      "SIRE_ENTITY_SUBTYPE" : "NONE",
      "SIRE_MENTION_TYPE" : "NONE",
      "SIRE_MENTION_CLASS" : "SPC"
    },
    "type" : "Feature",
    "begin" : 253,
    "end" : 258,
    "inCoref" : true
  }, {
    "id" : "s2-m3",
    "properties" : {
      "SIRE_MENTION_ROLE" : "Descriptor",
      "SIRE_ENTITY_SUBTYPE" : "NONE",
      "SIRE_MENTION_TYPE" : "NONE",
      "SIRE_MENTION_CLASS" : "SPC"
    },
    "type" : "Descriptor",
    "begin" : 264,
    "end" : 289,
    "inCoref" : false
  }, {
    "id" : "s2-m4",
    "properties" : {
      "SIRE_MENTION_ROLE" : "Feature",
      "SIRE_ENTITY_SUBTYPE" : "NONE",
      "SIRE_MENTION_TYPE" : "NONE",
      "SIRE_MENTION_CLASS" : "SPC"
    },
    "type" : "Feature",
    "begin" : 307,
    "end" : 309,
    "inCoref" : true
  }, {
    "id" : "s3-m1",
    "properties" : {
      "SIRE_MENTION_ROLE" : "Product",
      "SIRE_ENTITY_SUBTYPE" : "NONE",
      "SIRE_MENTION_TYPE" : "NONE",
      "SIRE_MENTION_CLASS" : "SPC"
    },
    "type" : "Product",
    "begin" : 353,
    "end" : 355,
    "inCoref" : true
  }, {
    "id" : "s3-m3",
    "properties" : {
      "SIRE_MENTION_ROLE" : "Feature",
      "SIRE_ENTITY_SUBTYPE" : "NONE",
      "SIRE_MENTION_TYPE" : "NONE",
      "SIRE_MENTION_CLASS" : "SPC"
    },
    "type" : "Feature",
    "begin" : 369,
    "end" : 381,
    "inCoref" : false
  }, {
    "id" : "s3-m2",
    "properties" : {
      "SIRE_MENTION_ROLE" : "Product",
      "SIRE_ENTITY_SUBTYPE" : "NONE",
      "SIRE_MENTION_TYPE" : "NONE",
      "SIRE_MENTION_CLASS" : "SPC"
    },
    "type" : "Product",
    "begin" : 382,
    "end" : 384,
    "inCoref" : true
  } ],
  "relations" : [ {
    "id" : "s0-r1",
    "properties" : { },
    "type" : "hasQuality",
    "args" : [ "s0-m1", "s0-m2" ]
  }, {
    "id" : "s0-r2",
    "properties" : { },
    "type" : "hasQuality",
    "args" : [ "s0-m3", "s0-m2" ]
  }, {
    "id" : "s0-r3",
    "properties" : { },
    "type" : "hasQuality",
    "args" : [ "s0-m5", "s0-m2" ]
  }, {
    "id" : "s0-r4",
    "properties" : { },
    "type" : "hasQuality",
    "args" : [ "s0-m4", "s0-m2" ]
  }, {
    "id" : "s1-r1",
    "properties" : { },
    "type" : "hasQuality",
    "args" : [ "s1-m3", "s1-m4" ]
  }, {
    "id" : "s1-r2",
    "properties" : { },
    "type" : "hasQuality",
    "args" : [ "s1-m3", "s1-m5" ]
  }, {
    "id" : "s1-r3",
    "properties" : { },
    "type" : "hasQuality",
    "args" : [ "s1-m2", "s1-m4" ]
  }, {
    "id" : "s1-r4",
    "properties" : { },
    "type" : "hasQuality",
    "args" : [ "s1-m2", "s1-m5" ]
  }, {
    "id" : "s1-r5",
    "properties" : { },
    "type" : "hasQuality",
    "args" : [ "s1-m1", "s1-m8" ]
  }, {
    "id" : "s1-r6",
    "properties" : { },
    "type" : "hasFeature",
    "args" : [ "s1-m1", "s1-m7" ]
  }, {
    "id" : "s1-r7",
    "properties" : { },
    "type" : "hasFeature",
    "args" : [ "s1-m1", "s1-m6" ]
  }, {
    "id" : "s1-r8",
    "properties" : { },
    "type" : "hasFeature",
    "args" : [ "s1-m1", "s1-m2" ]
  }, {
    "id" : "s1-r9",
    "properties" : { },
    "type" : "hasFeature",
    "args" : [ "s1-m1", "s1-m3" ]
  }, {
    "id" : "s2-r1",
    "properties" : { },
    "type" : "hasQuality",
    "args" : [ "s2-m2", "s2-m3" ]
  }, {
    "id" : "s3-r1",
    "properties" : { },
    "type" : "hasFeature",
    "args" : [ "s3-m1", "s3-m3" ]
  }, {
    "id" : "s3-r2",
    "properties" : { },
    "type" : "hasFeature",
    "args" : [ "s3-m2", "s3-m3" ]
  } ],
  "corefs" : [ {
    "id" : "c1",
    "properties" : { },
    "mentions" : [ "s0-m1" ]
  }, {
    "id" : "c2",
    "properties" : { },
    "mentions" : [ "s3-m1", "s0-m3", "s3-m2", "s1-m1", "s0-m5", "s0-m4" ]
  }, {
    "id" : "c3",
    "properties" : { },
    "mentions" : [ "s2-m2", "s2-m4" ]
  }, {
    "id" : "c4",
    "properties" : { },
    "mentions" : [ "s1-m2", "s2-m1" ]
  } ],
  "typeResolved" : true,
  "userResolved" : true
}