{
  "id" : "a4d67795-6a55-4af2-8249-ff84f7863130-21",
  "modifiedDate" : 1467831824255,
  "name" : "review96.txt",
  "version" : 2,
  "text" : "I couldn't get the kids to stop wrestling over it once I popped it on in a dark room. I can't wait for the weather to warm up to try it outside at night! It is easy to start the ball ablaze with a tap. The plug was easy to install where the LED fixture is placed. The ball itself has a nice tack to it and almost looks like straw, the rubber is translucent with brown fibers through it.\n",
  "docLength" : 387,
  "language" : "EN",
  "status" : "SUBMITTED",
  "documentSet" : [ ],
  "sentences" : [ {
    "id" : "s0",
    "begin" : 0,
    "end" : 85,
    "text" : "I couldn't get the kids to stop wrestling over it once I popped it on in a dark room.",
    "tokens" : [ {
      "id" : "s0-t0",
      "begin" : 0,
      "end" : 1,
      "text" : "I",
      "tokenType" : "UppercaseAlphabetic",
      "lemma" : "I",
      "partOfSpeech" : "PRP",
      "whiteSpace" : false
    }, {
      "id" : "s0-t1",
      "begin" : 2,
      "end" : 7,
      "text" : "could",
      "tokenType" : "LowercaseAlphabetic",
      "lemma" : "can",
      "partOfSpeech" : "MD",
      "whiteSpace" : false
    }, {
      "id" : "s0-t2",
      "begin" : 7,
      "end" : 10,
      "text" : "n't",
      "tokenType" : "TokenAnnotation",
      "lemma" : "not",
      "partOfSpeech" : "RB",
      "whiteSpace" : false
    }, {
      "id" : "s0-t3",
      "begin" : 11,
      "end" : 14,
      "text" : "get",
      "tokenType" : "LowercaseAlphabetic",
      "lemma" : "get",
      "partOfSpeech" : "VB",
      "whiteSpace" : false
    }, {
      "id" : "s0-t4",
      "begin" : 15,
      "end" : 18,
      "text" : "the",
      "tokenType" : "LowercaseAlphabetic",
      "lemma" : "the",
      "partOfSpeech" : "DT",
      "whiteSpace" : false
    }, {
      "id" : "s0-t5",
      "begin" : 19,
      "end" : 23,
      "text" : "kids",
      "tokenType" : "LowercaseAlphabetic",
      "lemma" : "kid",
      "partOfSpeech" : "NNS",
      "whiteSpace" : false
    }, {
      "id" : "s0-t6",
      "begin" : 24,
      "end" : 26,
      "text" : "to",
      "tokenType" : "LowercaseAlphabetic",
      "lemma" : "to",
      "partOfSpeech" : "TO",
      "whiteSpace" : false
    }, {
      "id" : "s0-t7",
      "begin" : 27,
      "end" : 31,
      "text" : "stop",
      "tokenType" : "LowercaseAlphabetic",
      "lemma" : "stop",
      "partOfSpeech" : "VB",
      "whiteSpace" : false
    }, {
      "id" : "s0-t8",
      "begin" : 32,
      "end" : 41,
      "text" : "wrestling",
      "tokenType" : "LowercaseAlphabetic",
      "lemma" : "wrestle",
      "partOfSpeech" : "VBG",
      "whiteSpace" : false
    }, {
      "id" : "s0-t9",
      "begin" : 42,
      "end" : 46,
      "text" : "over",
      "tokenType" : "LowercaseAlphabetic",
      "lemma" : "over",
      "partOfSpeech" : "IN",
      "whiteSpace" : false
    }, {
      "id" : "s0-t10",
      "begin" : 47,
      "end" : 49,
      "text" : "it",
      "tokenType" : "LowercaseAlphabetic",
      "lemma" : "it",
      "partOfSpeech" : "PRP",
      "whiteSpace" : false
    }, {
      "id" : "s0-t11",
      "begin" : 50,
      "end" : 54,
      "text" : "once",
      "tokenType" : "LowercaseAlphabetic",
      "lemma" : "once",
      "partOfSpeech" : "RB",
      "whiteSpace" : false
    }, {
      "id" : "s0-t12",
      "begin" : 55,
      "end" : 56,
      "text" : "I",
      "tokenType" : "UppercaseAlphabetic",
      "lemma" : "I",
      "partOfSpeech" : "PRP",
      "whiteSpace" : false
    }, {
      "id" : "s0-t13",
      "begin" : 57,
      "end" : 63,
      "text" : "popped",
      "tokenType" : "LowercaseAlphabetic",
      "lemma" : "pop",
      "partOfSpeech" : "VBD",
      "whiteSpace" : false
    }, {
      "id" : "s0-t14",
      "begin" : 64,
      "end" : 66,
      "text" : "it",
      "tokenType" : "LowercaseAlphabetic",
      "lemma" : "it",
      "partOfSpeech" : "PRP",
      "whiteSpace" : false
    }, {
      "id" : "s0-t15",
      "begin" : 67,
      "end" : 69,
      "text" : "on",
      "tokenType" : "LowercaseAlphabetic",
      "lemma" : "on",
      "partOfSpeech" : "IN",
      "whiteSpace" : false
    }, {
      "id" : "s0-t16",
      "begin" : 70,
      "end" : 72,
      "text" : "in",
      "tokenType" : "LowercaseAlphabetic",
      "lemma" : "in",
      "partOfSpeech" : "IN",
      "whiteSpace" : false
    }, {
      "id" : "s0-t17",
      "begin" : 73,
      "end" : 74,
      "text" : "a",
      "tokenType" : "LowercaseAlphabetic",
      "lemma" : "a",
      "partOfSpeech" : "DT",
      "whiteSpace" : false
    }, {
      "id" : "s0-t18",
      "begin" : 75,
      "end" : 79,
      "text" : "dark",
      "tokenType" : "LowercaseAlphabetic",
      "lemma" : "dark",
      "partOfSpeech" : "JJ",
      "whiteSpace" : false
    }, {
      "id" : "s0-t19",
      "begin" : 80,
      "end" : 84,
      "text" : "room",
      "tokenType" : "LowercaseAlphabetic",
      "lemma" : "room",
      "partOfSpeech" : "NN",
      "whiteSpace" : false
    }, {
      "id" : "s0-t20",
      "begin" : 84,
      "end" : 85,
      "text" : ".",
      "tokenType" : "ClauseEndingPunctuation",
      "partOfSpeech" : ".",
      "whiteSpace" : false
    } ]
  }, {
    "id" : "s1",
    "begin" : 86,
    "end" : 153,
    "text" : "I can't wait for the weather to warm up to try it outside at night!",
    "tokens" : [ {
      "id" : "s1-t0",
      "begin" : 86,
      "end" : 87,
      "text" : "I",
      "tokenType" : "UppercaseAlphabetic",
      "lemma" : "I",
      "partOfSpeech" : "PRP",
      "whiteSpace" : false
    }, {
      "id" : "s1-t1",
      "begin" : 88,
      "end" : 90,
      "text" : "ca",
      "tokenType" : "LowercaseAlphabetic",
      "lemma" : "can",
      "partOfSpeech" : "MD",
      "whiteSpace" : false
    }, {
      "id" : "s1-t2",
      "begin" : 90,
      "end" : 93,
      "text" : "n't",
      "tokenType" : "TokenAnnotation",
      "lemma" : "not",
      "partOfSpeech" : "RB",
      "whiteSpace" : false
    }, {
      "id" : "s1-t3",
      "begin" : 94,
      "end" : 98,
      "text" : "wait",
      "tokenType" : "LowercaseAlphabetic",
      "lemma" : "wait",
      "partOfSpeech" : "VB",
      "whiteSpace" : false
    }, {
      "id" : "s1-t4",
      "begin" : 99,
      "end" : 102,
      "text" : "for",
      "tokenType" : "LowercaseAlphabetic",
      "lemma" : "for",
      "partOfSpeech" : "IN",
      "whiteSpace" : false
    }, {
      "id" : "s1-t5",
      "begin" : 103,
      "end" : 106,
      "text" : "the",
      "tokenType" : "LowercaseAlphabetic",
      "lemma" : "the",
      "partOfSpeech" : "DT",
      "whiteSpace" : false
    }, {
      "id" : "s1-t6",
      "begin" : 107,
      "end" : 114,
      "text" : "weather",
      "tokenType" : "LowercaseAlphabetic",
      "lemma" : "weather",
      "partOfSpeech" : "NN",
      "whiteSpace" : false
    }, {
      "id" : "s1-t7",
      "begin" : 115,
      "end" : 117,
      "text" : "to",
      "tokenType" : "LowercaseAlphabetic",
      "lemma" : "to",
      "partOfSpeech" : "IN",
      "whiteSpace" : false
    }, {
      "id" : "s1-t8",
      "begin" : 118,
      "end" : 122,
      "text" : "warm",
      "tokenType" : "LowercaseAlphabetic",
      "lemma" : "warm",
      "partOfSpeech" : "JJ",
      "whiteSpace" : false
    }, {
      "id" : "s1-t9",
      "begin" : 123,
      "end" : 125,
      "text" : "up",
      "tokenType" : "LowercaseAlphabetic",
      "lemma" : "up",
      "partOfSpeech" : "RB",
      "whiteSpace" : false
    }, {
      "id" : "s1-t10",
      "begin" : 126,
      "end" : 128,
      "text" : "to",
      "tokenType" : "LowercaseAlphabetic",
      "lemma" : "to",
      "partOfSpeech" : "TO",
      "whiteSpace" : false
    }, {
      "id" : "s1-t11",
      "begin" : 129,
      "end" : 132,
      "text" : "try",
      "tokenType" : "LowercaseAlphabetic",
      "lemma" : "try",
      "partOfSpeech" : "VB",
      "whiteSpace" : false
    }, {
      "id" : "s1-t12",
      "begin" : 133,
      "end" : 135,
      "text" : "it",
      "tokenType" : "LowercaseAlphabetic",
      "lemma" : "it",
      "partOfSpeech" : "PRP",
      "whiteSpace" : false
    }, {
      "id" : "s1-t13",
      "begin" : 136,
      "end" : 143,
      "text" : "outside",
      "tokenType" : "LowercaseAlphabetic",
      "lemma" : "outside",
      "partOfSpeech" : "RB",
      "whiteSpace" : false
    }, {
      "id" : "s1-t14",
      "begin" : 144,
      "end" : 146,
      "text" : "at",
      "tokenType" : "LowercaseAlphabetic",
      "lemma" : "at",
      "partOfSpeech" : "IN",
      "whiteSpace" : false
    }, {
      "id" : "s1-t15",
      "begin" : 147,
      "end" : 152,
      "text" : "night",
      "tokenType" : "LowercaseAlphabetic",
      "lemma" : "night",
      "partOfSpeech" : "NN",
      "whiteSpace" : false
    }, {
      "id" : "s1-t16",
      "begin" : 152,
      "end" : 153,
      "text" : "!",
      "tokenType" : "ClauseEndingPunctuation",
      "partOfSpeech" : ".",
      "whiteSpace" : false
    } ]
  }, {
    "id" : "s2",
    "begin" : 154,
    "end" : 201,
    "text" : "It is easy to start the ball ablaze with a tap.",
    "tokens" : [ {
      "id" : "s2-t0",
      "begin" : 154,
      "end" : 156,
      "text" : "It",
      "tokenType" : "TitlecaseAlphabetic",
      "lemma" : "it",
      "partOfSpeech" : "PRP",
      "whiteSpace" : false
    }, {
      "id" : "s2-t1",
      "begin" : 157,
      "end" : 159,
      "text" : "is",
      "tokenType" : "LowercaseAlphabetic",
      "lemma" : "be",
      "partOfSpeech" : "VBZ",
      "whiteSpace" : false
    }, {
      "id" : "s2-t2",
      "begin" : 160,
      "end" : 164,
      "text" : "easy",
      "tokenType" : "LowercaseAlphabetic",
      "lemma" : "easy",
      "partOfSpeech" : "JJ",
      "whiteSpace" : false
    }, {
      "id" : "s2-t3",
      "begin" : 165,
      "end" : 167,
      "text" : "to",
      "tokenType" : "LowercaseAlphabetic",
      "lemma" : "to",
      "partOfSpeech" : "TO",
      "whiteSpace" : false
    }, {
      "id" : "s2-t4",
      "begin" : 168,
      "end" : 173,
      "text" : "start",
      "tokenType" : "LowercaseAlphabetic",
      "lemma" : "start",
      "partOfSpeech" : "VB",
      "whiteSpace" : false
    }, {
      "id" : "s2-t5",
      "begin" : 174,
      "end" : 177,
      "text" : "the",
      "tokenType" : "LowercaseAlphabetic",
      "lemma" : "the",
      "partOfSpeech" : "DT",
      "whiteSpace" : false
    }, {
      "id" : "s2-t6",
      "begin" : 178,
      "end" : 182,
      "text" : "ball",
      "tokenType" : "LowercaseAlphabetic",
      "lemma" : "ball",
      "partOfSpeech" : "NN",
      "whiteSpace" : false
    }, {
      "id" : "s2-t7",
      "begin" : 183,
      "end" : 189,
      "text" : "ablaze",
      "tokenType" : "LowercaseAlphabetic",
      "lemma" : "ablaze",
      "partOfSpeech" : "RB",
      "whiteSpace" : false
    }, {
      "id" : "s2-t8",
      "begin" : 190,
      "end" : 194,
      "text" : "with",
      "tokenType" : "LowercaseAlphabetic",
      "lemma" : "with",
      "partOfSpeech" : "IN",
      "whiteSpace" : false
    }, {
      "id" : "s2-t9",
      "begin" : 195,
      "end" : 196,
      "text" : "a",
      "tokenType" : "LowercaseAlphabetic",
      "lemma" : "a",
      "partOfSpeech" : "DT",
      "whiteSpace" : false
    }, {
      "id" : "s2-t10",
      "begin" : 197,
      "end" : 200,
      "text" : "tap",
      "tokenType" : "LowercaseAlphabetic",
      "lemma" : "tap",
      "partOfSpeech" : "NN",
      "whiteSpace" : false
    }, {
      "id" : "s2-t11",
      "begin" : 200,
      "end" : 201,
      "text" : ".",
      "tokenType" : "ClauseEndingPunctuation",
      "partOfSpeech" : ".",
      "whiteSpace" : false
    } ]
  }, {
    "id" : "s3",
    "begin" : 202,
    "end" : 263,
    "text" : "The plug was easy to install where the LED fixture is placed.",
    "tokens" : [ {
      "id" : "s3-t0",
      "begin" : 202,
      "end" : 205,
      "text" : "The",
      "tokenType" : "TitlecaseAlphabetic",
      "lemma" : "the",
      "partOfSpeech" : "DT",
      "whiteSpace" : false
    }, {
      "id" : "s3-t1",
      "begin" : 206,
      "end" : 210,
      "text" : "plug",
      "tokenType" : "LowercaseAlphabetic",
      "lemma" : "plug",
      "partOfSpeech" : "NN",
      "whiteSpace" : false
    }, {
      "id" : "s3-t2",
      "begin" : 211,
      "end" : 214,
      "text" : "was",
      "tokenType" : "LowercaseAlphabetic",
      "lemma" : "be",
      "partOfSpeech" : "VBD",
      "whiteSpace" : false
    }, {
      "id" : "s3-t3",
      "begin" : 215,
      "end" : 219,
      "text" : "easy",
      "tokenType" : "LowercaseAlphabetic",
      "lemma" : "easy",
      "partOfSpeech" : "JJ",
      "whiteSpace" : false
    }, {
      "id" : "s3-t4",
      "begin" : 220,
      "end" : 222,
      "text" : "to",
      "tokenType" : "LowercaseAlphabetic",
      "lemma" : "to",
      "partOfSpeech" : "TO",
      "whiteSpace" : false
    }, {
      "id" : "s3-t5",
      "begin" : 223,
      "end" : 230,
      "text" : "install",
      "tokenType" : "LowercaseAlphabetic",
      "lemma" : "install",
      "partOfSpeech" : "VB",
      "whiteSpace" : false
    }, {
      "id" : "s3-t6",
      "begin" : 231,
      "end" : 236,
      "text" : "where",
      "tokenType" : "LowercaseAlphabetic",
      "lemma" : "where",
      "partOfSpeech" : "WRB",
      "whiteSpace" : false
    }, {
      "id" : "s3-t7",
      "begin" : 237,
      "end" : 240,
      "text" : "the",
      "tokenType" : "LowercaseAlphabetic",
      "lemma" : "the",
      "partOfSpeech" : "DT",
      "whiteSpace" : false
    }, {
      "id" : "s3-t8",
      "begin" : 241,
      "end" : 244,
      "text" : "LED",
      "tokenType" : "UppercaseAlphabetic",
      "lemma" : "led",
      "partOfSpeech" : "JJ",
      "whiteSpace" : false
    }, {
      "id" : "s3-t9",
      "begin" : 245,
      "end" : 252,
      "text" : "fixture",
      "tokenType" : "LowercaseAlphabetic",
      "lemma" : "fixture",
      "partOfSpeech" : "NN",
      "whiteSpace" : false
    }, {
      "id" : "s3-t10",
      "begin" : 253,
      "end" : 255,
      "text" : "is",
      "tokenType" : "LowercaseAlphabetic",
      "lemma" : "be",
      "partOfSpeech" : "VBZ",
      "whiteSpace" : false
    }, {
      "id" : "s3-t11",
      "begin" : 256,
      "end" : 262,
      "text" : "placed",
      "tokenType" : "LowercaseAlphabetic",
      "lemma" : "place",
      "partOfSpeech" : "VBN",
      "whiteSpace" : false
    }, {
      "id" : "s3-t12",
      "begin" : 262,
      "end" : 263,
      "text" : ".",
      "tokenType" : "ClauseEndingPunctuation",
      "partOfSpeech" : ".",
      "whiteSpace" : false
    } ]
  }, {
    "id" : "s4",
    "begin" : 264,
    "end" : 386,
    "text" : "The ball itself has a nice tack to it and almost looks like straw, the rubber is translucent with brown fibers through it.",
    "tokens" : [ {
      "id" : "s4-t0",
      "begin" : 264,
      "end" : 267,
      "text" : "The",
      "tokenType" : "TitlecaseAlphabetic",
      "lemma" : "the",
      "partOfSpeech" : "DT",
      "whiteSpace" : false
    }, {
      "id" : "s4-t1",
      "begin" : 268,
      "end" : 272,
      "text" : "ball",
      "tokenType" : "LowercaseAlphabetic",
      "lemma" : "ball",
      "partOfSpeech" : "NN",
      "whiteSpace" : false
    }, {
      "id" : "s4-t2",
      "begin" : 273,
      "end" : 279,
      "text" : "itself",
      "tokenType" : "LowercaseAlphabetic",
      "lemma" : "it",
      "partOfSpeech" : "PRP",
      "whiteSpace" : false
    }, {
      "id" : "s4-t3",
      "begin" : 280,
      "end" : 283,
      "text" : "has",
      "tokenType" : "LowercaseAlphabetic",
      "lemma" : "have",
      "partOfSpeech" : "VBZ",
      "whiteSpace" : false
    }, {
      "id" : "s4-t4",
      "begin" : 284,
      "end" : 285,
      "text" : "a",
      "tokenType" : "LowercaseAlphabetic",
      "lemma" : "a",
      "partOfSpeech" : "DT",
      "whiteSpace" : false
    }, {
      "id" : "s4-t5",
      "begin" : 286,
      "end" : 290,
      "text" : "nice",
      "tokenType" : "LowercaseAlphabetic",
      "lemma" : "nice",
      "partOfSpeech" : "JJ",
      "whiteSpace" : false
    }, {
      "id" : "s4-t6",
      "begin" : 291,
      "end" : 295,
      "text" : "tack",
      "tokenType" : "LowercaseAlphabetic",
      "lemma" : "tack",
      "partOfSpeech" : "NN",
      "whiteSpace" : false
    }, {
      "id" : "s4-t7",
      "begin" : 296,
      "end" : 298,
      "text" : "to",
      "tokenType" : "LowercaseAlphabetic",
      "lemma" : "to",
      "partOfSpeech" : "IN",
      "whiteSpace" : false
    }, {
      "id" : "s4-t8",
      "begin" : 299,
      "end" : 301,
      "text" : "it",
      "tokenType" : "LowercaseAlphabetic",
      "lemma" : "it",
      "partOfSpeech" : "PRP",
      "whiteSpace" : false
    }, {
      "id" : "s4-t9",
      "begin" : 302,
      "end" : 305,
      "text" : "and",
      "tokenType" : "LowercaseAlphabetic",
      "lemma" : "and",
      "partOfSpeech" : "CC",
      "whiteSpace" : false
    }, {
      "id" : "s4-t10",
      "begin" : 306,
      "end" : 312,
      "text" : "almost",
      "tokenType" : "LowercaseAlphabetic",
      "lemma" : "almost",
      "partOfSpeech" : "RB",
      "whiteSpace" : false
    }, {
      "id" : "s4-t11",
      "begin" : 313,
      "end" : 318,
      "text" : "looks",
      "tokenType" : "LowercaseAlphabetic",
      "lemma" : "look",
      "partOfSpeech" : "VBZ",
      "whiteSpace" : false
    }, {
      "id" : "s4-t12",
      "begin" : 319,
      "end" : 323,
      "text" : "like",
      "tokenType" : "LowercaseAlphabetic",
      "lemma" : "like",
      "partOfSpeech" : "IN",
      "whiteSpace" : false
    }, {
      "id" : "s4-t13",
      "begin" : 324,
      "end" : 329,
      "text" : "straw",
      "tokenType" : "LowercaseAlphabetic",
      "lemma" : "straw",
      "partOfSpeech" : "NN",
      "whiteSpace" : false
    }, {
      "id" : "s4-t14",
      "begin" : 329,
      "end" : 330,
      "text" : ",",
      "tokenType" : "ClauseEndingPunctuation",
      "partOfSpeech" : ",",
      "whiteSpace" : false
    }, {
      "id" : "s4-t15",
      "begin" : 331,
      "end" : 334,
      "text" : "the",
      "tokenType" : "LowercaseAlphabetic",
      "lemma" : "the",
      "partOfSpeech" : "DT",
      "whiteSpace" : false
    }, {
      "id" : "s4-t16",
      "begin" : 335,
      "end" : 341,
      "text" : "rubber",
      "tokenType" : "LowercaseAlphabetic",
      "lemma" : "rubber",
      "partOfSpeech" : "NN",
      "whiteSpace" : false
    }, {
      "id" : "s4-t17",
      "begin" : 342,
      "end" : 344,
      "text" : "is",
      "tokenType" : "LowercaseAlphabetic",
      "lemma" : "be",
      "partOfSpeech" : "VBZ",
      "whiteSpace" : false
    }, {
      "id" : "s4-t18",
      "begin" : 345,
      "end" : 356,
      "text" : "translucent",
      "tokenType" : "LowercaseAlphabetic",
      "lemma" : "translucent",
      "partOfSpeech" : "JJ",
      "whiteSpace" : false
    }, {
      "id" : "s4-t19",
      "begin" : 357,
      "end" : 361,
      "text" : "with",
      "tokenType" : "LowercaseAlphabetic",
      "lemma" : "with",
      "partOfSpeech" : "IN",
      "whiteSpace" : false
    }, {
      "id" : "s4-t20",
      "begin" : 362,
      "end" : 367,
      "text" : "brown",
      "tokenType" : "LowercaseAlphabetic",
      "lemma" : "brown",
      "partOfSpeech" : "JJ",
      "whiteSpace" : false
    }, {
      "id" : "s4-t21",
      "begin" : 368,
      "end" : 374,
      "text" : "fibers",
      "tokenType" : "LowercaseAlphabetic",
      "lemma" : "fiber",
      "partOfSpeech" : "NNS",
      "whiteSpace" : false
    }, {
      "id" : "s4-t22",
      "begin" : 375,
      "end" : 382,
      "text" : "through",
      "tokenType" : "LowercaseAlphabetic",
      "lemma" : "through",
      "partOfSpeech" : "IN",
      "whiteSpace" : false
    }, {
      "id" : "s4-t23",
      "begin" : 383,
      "end" : 385,
      "text" : "it",
      "tokenType" : "LowercaseAlphabetic",
      "lemma" : "it",
      "partOfSpeech" : "PRP",
      "whiteSpace" : false
    }, {
      "id" : "s4-t24",
      "begin" : 385,
      "end" : 386,
      "text" : ".",
      "tokenType" : "ClauseEndingPunctuation",
      "partOfSpeech" : ".",
      "whiteSpace" : false
    } ]
  } ],
  "mentions" : [ {
    "id" : "s0-m0",
    "properties" : {
      "SIRE_MENTION_CLASS" : "SPC",
      "SIRE_ENTITY_SUBTYPE" : "NONE",
      "SIRE_MENTION_TYPE" : "NONE",
      "SIRE_MENTION_ROLE" : "Consumer"
    },
    "type" : "Consumer",
    "begin" : 0,
    "end" : 1,
    "inCoref" : true
  }, {
    "id" : "s0-m3",
    "properties" : {
      "SIRE_MENTION_ROLE" : "Product",
      "SIRE_ENTITY_SUBTYPE" : "NONE",
      "SIRE_MENTION_TYPE" : "NONE",
      "SIRE_MENTION_CLASS" : "SPC"
    },
    "type" : "Product",
    "begin" : 47,
    "end" : 49,
    "inCoref" : true
  }, {
    "id" : "s0-m1",
    "properties" : {
      "SIRE_MENTION_CLASS" : "SPC",
      "SIRE_ENTITY_SUBTYPE" : "NONE",
      "SIRE_MENTION_TYPE" : "NONE",
      "SIRE_MENTION_ROLE" : "Consumer"
    },
    "type" : "Consumer",
    "begin" : 55,
    "end" : 56,
    "inCoref" : true
  }, {
    "id" : "s0-m4",
    "properties" : {
      "SIRE_MENTION_ROLE" : "Product",
      "SIRE_ENTITY_SUBTYPE" : "NONE",
      "SIRE_MENTION_TYPE" : "NONE",
      "SIRE_MENTION_CLASS" : "SPC"
    },
    "type" : "Product",
    "begin" : 64,
    "end" : 66,
    "inCoref" : true
  }, {
    "id" : "s1-m0",
    "properties" : {
      "SIRE_MENTION_CLASS" : "SPC",
      "SIRE_ENTITY_SUBTYPE" : "NONE",
      "SIRE_MENTION_TYPE" : "NONE",
      "SIRE_MENTION_ROLE" : "Consumer"
    },
    "type" : "Consumer",
    "begin" : 86,
    "end" : 87,
    "inCoref" : true
  }, {
    "id" : "s1-m2",
    "properties" : {
      "SIRE_MENTION_ROLE" : "Product",
      "SIRE_ENTITY_SUBTYPE" : "NONE",
      "SIRE_MENTION_TYPE" : "NONE",
      "SIRE_MENTION_CLASS" : "SPC"
    },
    "type" : "Product",
    "begin" : 133,
    "end" : 135,
    "inCoref" : true
  }, {
    "id" : "s2-m2",
    "properties" : {
      "SIRE_MENTION_ROLE" : "Descriptor",
      "SIRE_ENTITY_SUBTYPE" : "NONE",
      "SIRE_MENTION_TYPE" : "NONE",
      "SIRE_MENTION_CLASS" : "SPC"
    },
    "type" : "Descriptor",
    "begin" : 160,
    "end" : 164,
    "inCoref" : false
  }, {
    "id" : "s2-m3",
    "properties" : {
      "SIRE_MENTION_ROLE" : "Feature",
      "SIRE_ENTITY_SUBTYPE" : "NONE",
      "SIRE_MENTION_TYPE" : "NONE",
      "SIRE_MENTION_CLASS" : "SPC"
    },
    "type" : "Feature",
    "begin" : 168,
    "end" : 173,
    "inCoref" : false
  }, {
    "id" : "s2-m1",
    "properties" : {
      "SIRE_MENTION_ROLE" : "Product",
      "SIRE_ENTITY_SUBTYPE" : "NONE",
      "SIRE_MENTION_TYPE" : "NONE",
      "SIRE_MENTION_CLASS" : "SPC"
    },
    "type" : "Product",
    "begin" : 174,
    "end" : 182,
    "inCoref" : true
  }, {
    "id" : "s2-m4",
    "properties" : {
      "SIRE_MENTION_ROLE" : "Feature",
      "SIRE_ENTITY_SUBTYPE" : "NONE",
      "SIRE_MENTION_TYPE" : "NONE",
      "SIRE_MENTION_CLASS" : "SPC"
    },
    "type" : "Feature",
    "begin" : 183,
    "end" : 189,
    "inCoref" : false
  }, {
    "id" : "s2-m5",
    "properties" : {
      "SIRE_MENTION_ROLE" : "Feature",
      "SIRE_ENTITY_SUBTYPE" : "NONE",
      "SIRE_MENTION_TYPE" : "NONE",
      "SIRE_MENTION_CLASS" : "SPC"
    },
    "type" : "Feature",
    "begin" : 197,
    "end" : 200,
    "inCoref" : false
  }, {
    "id" : "s3-m1",
    "properties" : {
      "SIRE_MENTION_ROLE" : "Feature",
      "SIRE_ENTITY_SUBTYPE" : "NONE",
      "SIRE_MENTION_TYPE" : "NONE",
      "SIRE_MENTION_CLASS" : "SPC"
    },
    "type" : "Feature",
    "begin" : 206,
    "end" : 210,
    "inCoref" : false
  }, {
    "id" : "s3-m3",
    "properties" : {
      "SIRE_MENTION_ROLE" : "Descriptor",
      "SIRE_ENTITY_SUBTYPE" : "NONE",
      "SIRE_MENTION_TYPE" : "NONE",
      "SIRE_MENTION_CLASS" : "SPC"
    },
    "type" : "Descriptor",
    "begin" : 215,
    "end" : 219,
    "inCoref" : false
  }, {
    "id" : "s3-m4",
    "properties" : {
      "SIRE_MENTION_ROLE" : "Feature",
      "SIRE_ENTITY_SUBTYPE" : "NONE",
      "SIRE_MENTION_TYPE" : "NONE",
      "SIRE_MENTION_CLASS" : "SPC"
    },
    "type" : "Feature",
    "begin" : 223,
    "end" : 230,
    "inCoref" : false
  }, {
    "id" : "s3-m2",
    "properties" : {
      "SIRE_MENTION_ROLE" : "Feature",
      "SIRE_ENTITY_SUBTYPE" : "NONE",
      "SIRE_MENTION_TYPE" : "NONE",
      "SIRE_MENTION_CLASS" : "SPC"
    },
    "type" : "Feature",
    "begin" : 241,
    "end" : 252,
    "inCoref" : false
  }, {
    "id" : "s4-m1",
    "properties" : {
      "SIRE_MENTION_ROLE" : "Product",
      "SIRE_ENTITY_SUBTYPE" : "NONE",
      "SIRE_MENTION_TYPE" : "NONE",
      "SIRE_MENTION_CLASS" : "SPC"
    },
    "type" : "Product",
    "begin" : 264,
    "end" : 272,
    "inCoref" : true
  }, {
    "id" : "s4-m2",
    "properties" : {
      "SIRE_MENTION_ROLE" : "Descriptor",
      "SIRE_ENTITY_SUBTYPE" : "NONE",
      "SIRE_MENTION_TYPE" : "NONE",
      "SIRE_MENTION_CLASS" : "SPC"
    },
    "type" : "Descriptor",
    "begin" : 286,
    "end" : 295,
    "inCoref" : false
  }, {
    "id" : "s4-m3",
    "properties" : {
      "SIRE_MENTION_ROLE" : "Descriptor",
      "SIRE_ENTITY_SUBTYPE" : "NONE",
      "SIRE_MENTION_TYPE" : "NONE",
      "SIRE_MENTION_CLASS" : "SPC"
    },
    "type" : "Descriptor",
    "begin" : 313,
    "end" : 329,
    "inCoref" : false
  }, {
    "id" : "s4-m4",
    "properties" : {
      "SIRE_MENTION_ROLE" : "Feature",
      "SIRE_ENTITY_SUBTYPE" : "NONE",
      "SIRE_MENTION_TYPE" : "NONE",
      "SIRE_MENTION_CLASS" : "SPC"
    },
    "type" : "Feature",
    "begin" : 331,
    "end" : 341,
    "inCoref" : false
  }, {
    "id" : "s4-m5",
    "properties" : {
      "SIRE_MENTION_ROLE" : "Descriptor",
      "SIRE_ENTITY_SUBTYPE" : "NONE",
      "SIRE_MENTION_TYPE" : "NONE",
      "SIRE_MENTION_CLASS" : "SPC"
    },
    "type" : "Descriptor",
    "begin" : 345,
    "end" : 356,
    "inCoref" : false
  }, {
    "id" : "s4-m6",
    "properties" : {
      "SIRE_MENTION_ROLE" : "Descriptor",
      "SIRE_ENTITY_SUBTYPE" : "NONE",
      "SIRE_MENTION_TYPE" : "NONE",
      "SIRE_MENTION_CLASS" : "SPC"
    },
    "type" : "Descriptor",
    "begin" : 362,
    "end" : 374,
    "inCoref" : false
  } ],
  "relations" : [ {
    "id" : "s2-r1",
    "properties" : { },
    "type" : "hasQuality",
    "args" : [ "s2-m3", "s2-m2" ]
  }, {
    "id" : "s2-r2",
    "properties" : { },
    "type" : "hasFeature",
    "args" : [ "s2-m1", "s2-m3" ]
  }, {
    "id" : "s2-r3",
    "properties" : { },
    "type" : "hasFeature",
    "args" : [ "s2-m1", "s2-m4" ]
  }, {
    "id" : "s2-r4",
    "properties" : { },
    "type" : "hasFeature",
    "args" : [ "s2-m1", "s2-m5" ]
  }, {
    "id" : "s3-r1",
    "properties" : { },
    "type" : "hasQuality",
    "args" : [ "s3-m4", "s3-m3" ]
  }, {
    "id" : "s4-r1",
    "properties" : { },
    "type" : "hasQuality",
    "args" : [ "s4-m1", "s4-m2" ]
  }, {
    "id" : "s4-r2",
    "properties" : { },
    "type" : "hasQuality",
    "args" : [ "s4-m1", "s4-m3" ]
  }, {
    "id" : "s4-r4",
    "properties" : { },
    "type" : "hasQuality",
    "args" : [ "s4-m4", "s4-m5" ]
  }, {
    "id" : "s4-r5",
    "properties" : { },
    "type" : "hasQuality",
    "args" : [ "s4-m4", "s4-m6" ]
  }, {
    "id" : "s4-r6",
    "properties" : { },
    "type" : "hasFeature",
    "args" : [ "s4-m1", "s4-m4" ]
  } ],
  "corefs" : [ {
    "id" : "c1",
    "properties" : { },
    "mentions" : [ "s0-m0", "s1-m0", "s0-m1" ]
  }, {
    "id" : "c2",
    "properties" : { },
    "mentions" : [ "s2-m1", "s4-m1", "s1-m2", "s0-m3", "s0-m4" ]
  } ],
  "typeResolved" : true,
  "userResolved" : true
}