{
  "id" : "a4d67795-6a55-4af2-8249-ff84f7863130-25",
  "modifiedDate" : 1467833269386,
  "name" : "review100.txt",
  "version" : 2,
  "text" : "I have been using Shure earphones for the past few years (E5C, SE530, and now the SE535). Admittedly, I am hard on my earphones as I use them while running and working out. The performance of the Shure product speaks for itself. However, what really sets Shure apart, IMHO, is the way the company stands behind their product. If you purchased the product from an authorized dealer and ever have an issue with the product, Shure will take care of it without hesitation. Shure simply the best in terms of customer service and commitment to their customers! Other companies may offer nice products, but I cannot imagine anyone standing behind their product better than Shure and that is why I always buy their product!\n",
  "docLength" : 716,
  "language" : "EN",
  "status" : "SUBMITTED",
  "documentSet" : [ ],
  "sentences" : [ {
    "id" : "s0",
    "begin" : 0,
    "end" : 89,
    "text" : "I have been using Shure earphones for the past few years (E5C, SE530, and now the SE535).",
    "tokens" : [ {
      "id" : "s0-t0",
      "begin" : 0,
      "end" : 1,
      "text" : "I",
      "tokenType" : "UppercaseAlphabetic",
      "lemma" : "I",
      "partOfSpeech" : "PRP",
      "whiteSpace" : false
    }, {
      "id" : "s0-t1",
      "begin" : 2,
      "end" : 6,
      "text" : "have",
      "tokenType" : "LowercaseAlphabetic",
      "lemma" : "have",
      "partOfSpeech" : "VBP",
      "whiteSpace" : false
    }, {
      "id" : "s0-t2",
      "begin" : 7,
      "end" : 11,
      "text" : "been",
      "tokenType" : "LowercaseAlphabetic",
      "lemma" : "be",
      "partOfSpeech" : "VBN",
      "whiteSpace" : false
    }, {
      "id" : "s0-t3",
      "begin" : 12,
      "end" : 17,
      "text" : "using",
      "tokenType" : "LowercaseAlphabetic",
      "lemma" : "use",
      "partOfSpeech" : "VBG",
      "whiteSpace" : false
    }, {
      "id" : "s0-t4",
      "begin" : 18,
      "end" : 23,
      "text" : "Shure",
      "tokenType" : "TitlecaseAlphabetic",
      "lemma" : "Shure",
      "partOfSpeech" : "NNP",
      "whiteSpace" : false
    }, {
      "id" : "s0-t5",
      "begin" : 24,
      "end" : 33,
      "text" : "earphones",
      "tokenType" : "LowercaseAlphabetic",
      "lemma" : "earphone",
      "partOfSpeech" : "NNS",
      "whiteSpace" : false
    }, {
      "id" : "s0-t6",
      "begin" : 34,
      "end" : 37,
      "text" : "for",
      "tokenType" : "LowercaseAlphabetic",
      "lemma" : "for",
      "partOfSpeech" : "IN",
      "whiteSpace" : false
    }, {
      "id" : "s0-t7",
      "begin" : 38,
      "end" : 41,
      "text" : "the",
      "tokenType" : "LowercaseAlphabetic",
      "lemma" : "the",
      "partOfSpeech" : "DT",
      "whiteSpace" : false
    }, {
      "id" : "s0-t8",
      "begin" : 42,
      "end" : 46,
      "text" : "past",
      "tokenType" : "LowercaseAlphabetic",
      "lemma" : "past",
      "partOfSpeech" : "JJ",
      "whiteSpace" : false
    }, {
      "id" : "s0-t9",
      "begin" : 47,
      "end" : 50,
      "text" : "few",
      "tokenType" : "LowercaseAlphabetic",
      "lemma" : "few",
      "partOfSpeech" : "QT",
      "whiteSpace" : false
    }, {
      "id" : "s0-t10",
      "begin" : 51,
      "end" : 56,
      "text" : "years",
      "tokenType" : "LowercaseAlphabetic",
      "lemma" : "year",
      "partOfSpeech" : "NNS",
      "whiteSpace" : false
    }, {
      "id" : "s0-t11",
      "begin" : 57,
      "end" : 58,
      "text" : "(",
      "tokenType" : "Punctuation",
      "partOfSpeech" : "(",
      "whiteSpace" : false
    }, {
      "id" : "s0-t12",
      "begin" : 58,
      "end" : 61,
      "text" : "E5C",
      "tokenType" : "WordLikeToken",
      "partOfSpeech" : "UNKNOWN",
      "whiteSpace" : false
    }, {
      "id" : "s0-t13",
      "begin" : 61,
      "end" : 62,
      "text" : ",",
      "tokenType" : "ClauseEndingPunctuation",
      "partOfSpeech" : ",",
      "whiteSpace" : false
    }, {
      "id" : "s0-t14",
      "begin" : 63,
      "end" : 68,
      "text" : "SE530",
      "tokenType" : "WordLikeToken",
      "partOfSpeech" : "UNKNOWN",
      "whiteSpace" : false
    }, {
      "id" : "s0-t15",
      "begin" : 68,
      "end" : 69,
      "text" : ",",
      "tokenType" : "ClauseEndingPunctuation",
      "partOfSpeech" : ",",
      "whiteSpace" : false
    }, {
      "id" : "s0-t16",
      "begin" : 70,
      "end" : 73,
      "text" : "and",
      "tokenType" : "LowercaseAlphabetic",
      "lemma" : "and",
      "partOfSpeech" : "CC",
      "whiteSpace" : false
    }, {
      "id" : "s0-t17",
      "begin" : 74,
      "end" : 77,
      "text" : "now",
      "tokenType" : "LowercaseAlphabetic",
      "lemma" : "now",
      "partOfSpeech" : "RB",
      "whiteSpace" : false
    }, {
      "id" : "s0-t18",
      "begin" : 78,
      "end" : 81,
      "text" : "the",
      "tokenType" : "LowercaseAlphabetic",
      "lemma" : "the",
      "partOfSpeech" : "DT",
      "whiteSpace" : false
    }, {
      "id" : "s0-t19",
      "begin" : 82,
      "end" : 87,
      "text" : "SE535",
      "tokenType" : "WordLikeToken",
      "partOfSpeech" : "UNKNOWN",
      "whiteSpace" : false
    }, {
      "id" : "s0-t20",
      "begin" : 87,
      "end" : 88,
      "text" : ")",
      "tokenType" : "Punctuation",
      "partOfSpeech" : ")",
      "whiteSpace" : false
    }, {
      "id" : "s0-t21",
      "begin" : 88,
      "end" : 89,
      "text" : ".",
      "tokenType" : "ClauseEndingPunctuation",
      "partOfSpeech" : ".",
      "whiteSpace" : false
    } ]
  }, {
    "id" : "s1",
    "begin" : 90,
    "end" : 172,
    "text" : "Admittedly, I am hard on my earphones as I use them while running and working out.",
    "tokens" : [ {
      "id" : "s1-t0",
      "begin" : 90,
      "end" : 100,
      "text" : "Admittedly",
      "tokenType" : "TitlecaseAlphabetic",
      "lemma" : "admittedly",
      "partOfSpeech" : "RB",
      "whiteSpace" : false
    }, {
      "id" : "s1-t1",
      "begin" : 100,
      "end" : 101,
      "text" : ",",
      "tokenType" : "ClauseEndingPunctuation",
      "partOfSpeech" : ",",
      "whiteSpace" : false
    }, {
      "id" : "s1-t2",
      "begin" : 102,
      "end" : 103,
      "text" : "I",
      "tokenType" : "UppercaseAlphabetic",
      "lemma" : "I",
      "partOfSpeech" : "PRP",
      "whiteSpace" : false
    }, {
      "id" : "s1-t3",
      "begin" : 104,
      "end" : 106,
      "text" : "am",
      "tokenType" : "LowercaseAlphabetic",
      "lemma" : "be",
      "partOfSpeech" : "VBP",
      "whiteSpace" : false
    }, {
      "id" : "s1-t4",
      "begin" : 107,
      "end" : 111,
      "text" : "hard",
      "tokenType" : "LowercaseAlphabetic",
      "lemma" : "hard",
      "partOfSpeech" : "RB",
      "whiteSpace" : false
    }, {
      "id" : "s1-t5",
      "begin" : 112,
      "end" : 114,
      "text" : "on",
      "tokenType" : "LowercaseAlphabetic",
      "lemma" : "on",
      "partOfSpeech" : "IN",
      "whiteSpace" : false
    }, {
      "id" : "s1-t6",
      "begin" : 115,
      "end" : 117,
      "text" : "my",
      "tokenType" : "LowercaseAlphabetic",
      "lemma" : "my",
      "partOfSpeech" : "PRP$",
      "whiteSpace" : false
    }, {
      "id" : "s1-t7",
      "begin" : 118,
      "end" : 127,
      "text" : "earphones",
      "tokenType" : "LowercaseAlphabetic",
      "lemma" : "earphone",
      "partOfSpeech" : "NNS",
      "whiteSpace" : false
    }, {
      "id" : "s1-t8",
      "begin" : 128,
      "end" : 130,
      "text" : "as",
      "tokenType" : "LowercaseAlphabetic",
      "lemma" : "as",
      "partOfSpeech" : "IN",
      "whiteSpace" : false
    }, {
      "id" : "s1-t9",
      "begin" : 131,
      "end" : 132,
      "text" : "I",
      "tokenType" : "UppercaseAlphabetic",
      "lemma" : "I",
      "partOfSpeech" : "PRP",
      "whiteSpace" : false
    }, {
      "id" : "s1-t10",
      "begin" : 133,
      "end" : 136,
      "text" : "use",
      "tokenType" : "LowercaseAlphabetic",
      "lemma" : "use",
      "partOfSpeech" : "VBP",
      "whiteSpace" : false
    }, {
      "id" : "s1-t11",
      "begin" : 137,
      "end" : 141,
      "text" : "them",
      "tokenType" : "LowercaseAlphabetic",
      "lemma" : "they",
      "partOfSpeech" : "PRP",
      "whiteSpace" : false
    }, {
      "id" : "s1-t12",
      "begin" : 142,
      "end" : 147,
      "text" : "while",
      "tokenType" : "LowercaseAlphabetic",
      "lemma" : "while",
      "partOfSpeech" : "IN",
      "whiteSpace" : false
    }, {
      "id" : "s1-t13",
      "begin" : 148,
      "end" : 155,
      "text" : "running",
      "tokenType" : "LowercaseAlphabetic",
      "lemma" : "run",
      "partOfSpeech" : "VBG",
      "whiteSpace" : false
    }, {
      "id" : "s1-t14",
      "begin" : 156,
      "end" : 159,
      "text" : "and",
      "tokenType" : "LowercaseAlphabetic",
      "lemma" : "and",
      "partOfSpeech" : "CC",
      "whiteSpace" : false
    }, {
      "id" : "s1-t15",
      "begin" : 160,
      "end" : 167,
      "text" : "working",
      "tokenType" : "LowercaseAlphabetic",
      "lemma" : "work",
      "partOfSpeech" : "VBG",
      "whiteSpace" : false
    }, {
      "id" : "s1-t16",
      "begin" : 168,
      "end" : 171,
      "text" : "out",
      "tokenType" : "LowercaseAlphabetic",
      "lemma" : "out",
      "partOfSpeech" : "IN",
      "whiteSpace" : false
    }, {
      "id" : "s1-t17",
      "begin" : 171,
      "end" : 172,
      "text" : ".",
      "tokenType" : "ClauseEndingPunctuation",
      "partOfSpeech" : ".",
      "whiteSpace" : false
    } ]
  }, {
    "id" : "s2",
    "begin" : 173,
    "end" : 228,
    "text" : "The performance of the Shure product speaks for itself.",
    "tokens" : [ {
      "id" : "s2-t0",
      "begin" : 173,
      "end" : 176,
      "text" : "The",
      "tokenType" : "TitlecaseAlphabetic",
      "lemma" : "the",
      "partOfSpeech" : "DT",
      "whiteSpace" : false
    }, {
      "id" : "s2-t1",
      "begin" : 177,
      "end" : 188,
      "text" : "performance",
      "tokenType" : "LowercaseAlphabetic",
      "lemma" : "performance",
      "partOfSpeech" : "NN",
      "whiteSpace" : false
    }, {
      "id" : "s2-t2",
      "begin" : 189,
      "end" : 191,
      "text" : "of",
      "tokenType" : "LowercaseAlphabetic",
      "lemma" : "of",
      "partOfSpeech" : "IN",
      "whiteSpace" : false
    }, {
      "id" : "s2-t3",
      "begin" : 192,
      "end" : 195,
      "text" : "the",
      "tokenType" : "LowercaseAlphabetic",
      "lemma" : "the",
      "partOfSpeech" : "DT",
      "whiteSpace" : false
    }, {
      "id" : "s2-t4",
      "begin" : 196,
      "end" : 201,
      "text" : "Shure",
      "tokenType" : "TitlecaseAlphabetic",
      "lemma" : "Shure",
      "partOfSpeech" : "NNP",
      "whiteSpace" : false
    }, {
      "id" : "s2-t5",
      "begin" : 202,
      "end" : 209,
      "text" : "product",
      "tokenType" : "LowercaseAlphabetic",
      "lemma" : "product",
      "partOfSpeech" : "NN",
      "whiteSpace" : false
    }, {
      "id" : "s2-t6",
      "begin" : 210,
      "end" : 216,
      "text" : "speaks",
      "tokenType" : "LowercaseAlphabetic",
      "lemma" : "speak",
      "partOfSpeech" : "VBZ",
      "whiteSpace" : false
    }, {
      "id" : "s2-t7",
      "begin" : 217,
      "end" : 220,
      "text" : "for",
      "tokenType" : "LowercaseAlphabetic",
      "lemma" : "for",
      "partOfSpeech" : "IN",
      "whiteSpace" : false
    }, {
      "id" : "s2-t8",
      "begin" : 221,
      "end" : 227,
      "text" : "itself",
      "tokenType" : "LowercaseAlphabetic",
      "lemma" : "it",
      "partOfSpeech" : "PRP",
      "whiteSpace" : false
    }, {
      "id" : "s2-t9",
      "begin" : 227,
      "end" : 228,
      "text" : ".",
      "tokenType" : "ClauseEndingPunctuation",
      "partOfSpeech" : ".",
      "whiteSpace" : false
    } ]
  }, {
    "id" : "s3",
    "begin" : 229,
    "end" : 325,
    "text" : "However, what really sets Shure apart, IMHO, is the way the company stands behind their product.",
    "tokens" : [ {
      "id" : "s3-t0",
      "begin" : 229,
      "end" : 236,
      "text" : "However",
      "tokenType" : "TitlecaseAlphabetic",
      "lemma" : "however",
      "partOfSpeech" : "RB",
      "whiteSpace" : false
    }, {
      "id" : "s3-t1",
      "begin" : 236,
      "end" : 237,
      "text" : ",",
      "tokenType" : "ClauseEndingPunctuation",
      "partOfSpeech" : ",",
      "whiteSpace" : false
    }, {
      "id" : "s3-t2",
      "begin" : 238,
      "end" : 242,
      "text" : "what",
      "tokenType" : "LowercaseAlphabetic",
      "lemma" : "what",
      "partOfSpeech" : "WP",
      "whiteSpace" : false
    }, {
      "id" : "s3-t3",
      "begin" : 243,
      "end" : 249,
      "text" : "really",
      "tokenType" : "LowercaseAlphabetic",
      "lemma" : "really",
      "partOfSpeech" : "RB",
      "whiteSpace" : false
    }, {
      "id" : "s3-t4",
      "begin" : 250,
      "end" : 254,
      "text" : "sets",
      "tokenType" : "LowercaseAlphabetic",
      "lemma" : "set",
      "partOfSpeech" : "VBZ",
      "whiteSpace" : false
    }, {
      "id" : "s3-t5",
      "begin" : 255,
      "end" : 260,
      "text" : "Shure",
      "tokenType" : "TitlecaseAlphabetic",
      "lemma" : "Shure",
      "partOfSpeech" : "NNP",
      "whiteSpace" : false
    }, {
      "id" : "s3-t6",
      "begin" : 261,
      "end" : 266,
      "text" : "apart",
      "tokenType" : "LowercaseAlphabetic",
      "lemma" : "apart",
      "partOfSpeech" : "RB",
      "whiteSpace" : false
    }, {
      "id" : "s3-t7",
      "begin" : 266,
      "end" : 267,
      "text" : ",",
      "tokenType" : "ClauseEndingPunctuation",
      "partOfSpeech" : ",",
      "whiteSpace" : false
    }, {
      "id" : "s3-t8",
      "begin" : 268,
      "end" : 272,
      "text" : "IMHO",
      "tokenType" : "UppercaseAlphabetic",
      "partOfSpeech" : "NNP",
      "whiteSpace" : false
    }, {
      "id" : "s3-t9",
      "begin" : 272,
      "end" : 273,
      "text" : ",",
      "tokenType" : "ClauseEndingPunctuation",
      "partOfSpeech" : ",",
      "whiteSpace" : false
    }, {
      "id" : "s3-t10",
      "begin" : 274,
      "end" : 276,
      "text" : "is",
      "tokenType" : "LowercaseAlphabetic",
      "lemma" : "be",
      "partOfSpeech" : "VBZ",
      "whiteSpace" : false
    }, {
      "id" : "s3-t11",
      "begin" : 277,
      "end" : 280,
      "text" : "the",
      "tokenType" : "LowercaseAlphabetic",
      "lemma" : "the",
      "partOfSpeech" : "DT",
      "whiteSpace" : false
    }, {
      "id" : "s3-t12",
      "begin" : 281,
      "end" : 284,
      "text" : "way",
      "tokenType" : "LowercaseAlphabetic",
      "lemma" : "way",
      "partOfSpeech" : "NN",
      "whiteSpace" : false
    }, {
      "id" : "s3-t13",
      "begin" : 285,
      "end" : 288,
      "text" : "the",
      "tokenType" : "LowercaseAlphabetic",
      "lemma" : "the",
      "partOfSpeech" : "DT",
      "whiteSpace" : false
    }, {
      "id" : "s3-t14",
      "begin" : 289,
      "end" : 296,
      "text" : "company",
      "tokenType" : "LowercaseAlphabetic",
      "lemma" : "company",
      "partOfSpeech" : "NN",
      "whiteSpace" : false
    }, {
      "id" : "s3-t15",
      "begin" : 297,
      "end" : 303,
      "text" : "stands",
      "tokenType" : "LowercaseAlphabetic",
      "lemma" : "stand",
      "partOfSpeech" : "VBZ",
      "whiteSpace" : false
    }, {
      "id" : "s3-t16",
      "begin" : 304,
      "end" : 310,
      "text" : "behind",
      "tokenType" : "LowercaseAlphabetic",
      "lemma" : "behind",
      "partOfSpeech" : "IN",
      "whiteSpace" : false
    }, {
      "id" : "s3-t17",
      "begin" : 311,
      "end" : 316,
      "text" : "their",
      "tokenType" : "LowercaseAlphabetic",
      "lemma" : "their",
      "partOfSpeech" : "PRP$",
      "whiteSpace" : false
    }, {
      "id" : "s3-t18",
      "begin" : 317,
      "end" : 324,
      "text" : "product",
      "tokenType" : "LowercaseAlphabetic",
      "lemma" : "product",
      "partOfSpeech" : "NN",
      "whiteSpace" : false
    }, {
      "id" : "s3-t19",
      "begin" : 324,
      "end" : 325,
      "text" : ".",
      "tokenType" : "ClauseEndingPunctuation",
      "partOfSpeech" : ".",
      "whiteSpace" : false
    } ]
  }, {
    "id" : "s4",
    "begin" : 326,
    "end" : 468,
    "text" : "If you purchased the product from an authorized dealer and ever have an issue with the product, Shure will take care of it without hesitation.",
    "tokens" : [ {
      "id" : "s4-t0",
      "begin" : 326,
      "end" : 328,
      "text" : "If",
      "tokenType" : "TitlecaseAlphabetic",
      "lemma" : "if",
      "partOfSpeech" : "IN",
      "whiteSpace" : false
    }, {
      "id" : "s4-t1",
      "begin" : 329,
      "end" : 332,
      "text" : "you",
      "tokenType" : "LowercaseAlphabetic",
      "lemma" : "you",
      "partOfSpeech" : "PRP",
      "whiteSpace" : false
    }, {
      "id" : "s4-t2",
      "begin" : 333,
      "end" : 342,
      "text" : "purchased",
      "tokenType" : "LowercaseAlphabetic",
      "lemma" : "purchase",
      "partOfSpeech" : "VBD",
      "whiteSpace" : false
    }, {
      "id" : "s4-t3",
      "begin" : 343,
      "end" : 346,
      "text" : "the",
      "tokenType" : "LowercaseAlphabetic",
      "lemma" : "the",
      "partOfSpeech" : "DT",
      "whiteSpace" : false
    }, {
      "id" : "s4-t4",
      "begin" : 347,
      "end" : 354,
      "text" : "product",
      "tokenType" : "LowercaseAlphabetic",
      "lemma" : "product",
      "partOfSpeech" : "NN",
      "whiteSpace" : false
    }, {
      "id" : "s4-t5",
      "begin" : 355,
      "end" : 359,
      "text" : "from",
      "tokenType" : "LowercaseAlphabetic",
      "lemma" : "from",
      "partOfSpeech" : "IN",
      "whiteSpace" : false
    }, {
      "id" : "s4-t6",
      "begin" : 360,
      "end" : 362,
      "text" : "an",
      "tokenType" : "LowercaseAlphabetic",
      "lemma" : "an",
      "partOfSpeech" : "DT",
      "whiteSpace" : false
    }, {
      "id" : "s4-t7",
      "begin" : 363,
      "end" : 373,
      "text" : "authorized",
      "tokenType" : "LowercaseAlphabetic",
      "lemma" : "authorize",
      "partOfSpeech" : "JJ",
      "whiteSpace" : false
    }, {
      "id" : "s4-t8",
      "begin" : 374,
      "end" : 380,
      "text" : "dealer",
      "tokenType" : "LowercaseAlphabetic",
      "lemma" : "dealer",
      "partOfSpeech" : "NN",
      "whiteSpace" : false
    }, {
      "id" : "s4-t9",
      "begin" : 381,
      "end" : 384,
      "text" : "and",
      "tokenType" : "LowercaseAlphabetic",
      "lemma" : "and",
      "partOfSpeech" : "CC",
      "whiteSpace" : false
    }, {
      "id" : "s4-t10",
      "begin" : 385,
      "end" : 389,
      "text" : "ever",
      "tokenType" : "LowercaseAlphabetic",
      "lemma" : "ever",
      "partOfSpeech" : "RB",
      "whiteSpace" : false
    }, {
      "id" : "s4-t11",
      "begin" : 390,
      "end" : 394,
      "text" : "have",
      "tokenType" : "LowercaseAlphabetic",
      "lemma" : "have",
      "partOfSpeech" : "VBP",
      "whiteSpace" : false
    }, {
      "id" : "s4-t12",
      "begin" : 395,
      "end" : 397,
      "text" : "an",
      "tokenType" : "LowercaseAlphabetic",
      "lemma" : "an",
      "partOfSpeech" : "DT",
      "whiteSpace" : false
    }, {
      "id" : "s4-t13",
      "begin" : 398,
      "end" : 403,
      "text" : "issue",
      "tokenType" : "LowercaseAlphabetic",
      "lemma" : "issue",
      "partOfSpeech" : "NN",
      "whiteSpace" : false
    }, {
      "id" : "s4-t14",
      "begin" : 404,
      "end" : 408,
      "text" : "with",
      "tokenType" : "LowercaseAlphabetic",
      "lemma" : "with",
      "partOfSpeech" : "IN",
      "whiteSpace" : false
    }, {
      "id" : "s4-t15",
      "begin" : 409,
      "end" : 412,
      "text" : "the",
      "tokenType" : "LowercaseAlphabetic",
      "lemma" : "the",
      "partOfSpeech" : "DT",
      "whiteSpace" : false
    }, {
      "id" : "s4-t16",
      "begin" : 413,
      "end" : 420,
      "text" : "product",
      "tokenType" : "LowercaseAlphabetic",
      "lemma" : "product",
      "partOfSpeech" : "NN",
      "whiteSpace" : false
    }, {
      "id" : "s4-t17",
      "begin" : 420,
      "end" : 421,
      "text" : ",",
      "tokenType" : "ClauseEndingPunctuation",
      "partOfSpeech" : ",",
      "whiteSpace" : false
    }, {
      "id" : "s4-t18",
      "begin" : 422,
      "end" : 427,
      "text" : "Shure",
      "tokenType" : "TitlecaseAlphabetic",
      "lemma" : "Shure",
      "partOfSpeech" : "NNP",
      "whiteSpace" : false
    }, {
      "id" : "s4-t19",
      "begin" : 428,
      "end" : 432,
      "text" : "will",
      "tokenType" : "LowercaseAlphabetic",
      "lemma" : "will",
      "partOfSpeech" : "MD",
      "whiteSpace" : false
    }, {
      "id" : "s4-t20",
      "begin" : 433,
      "end" : 437,
      "text" : "take",
      "tokenType" : "LowercaseAlphabetic",
      "lemma" : "take",
      "partOfSpeech" : "VB",
      "whiteSpace" : false
    }, {
      "id" : "s4-t21",
      "begin" : 438,
      "end" : 442,
      "text" : "care",
      "tokenType" : "LowercaseAlphabetic",
      "lemma" : "care",
      "partOfSpeech" : "NN",
      "whiteSpace" : false
    }, {
      "id" : "s4-t22",
      "begin" : 443,
      "end" : 445,
      "text" : "of",
      "tokenType" : "LowercaseAlphabetic",
      "lemma" : "of",
      "partOfSpeech" : "IN",
      "whiteSpace" : false
    }, {
      "id" : "s4-t23",
      "begin" : 446,
      "end" : 448,
      "text" : "it",
      "tokenType" : "LowercaseAlphabetic",
      "lemma" : "it",
      "partOfSpeech" : "PRP",
      "whiteSpace" : false
    }, {
      "id" : "s4-t24",
      "begin" : 449,
      "end" : 456,
      "text" : "without",
      "tokenType" : "LowercaseAlphabetic",
      "lemma" : "without",
      "partOfSpeech" : "IN",
      "whiteSpace" : false
    }, {
      "id" : "s4-t25",
      "begin" : 457,
      "end" : 467,
      "text" : "hesitation",
      "tokenType" : "LowercaseAlphabetic",
      "lemma" : "hesitation",
      "partOfSpeech" : "NN",
      "whiteSpace" : false
    }, {
      "id" : "s4-t26",
      "begin" : 467,
      "end" : 468,
      "text" : ".",
      "tokenType" : "ClauseEndingPunctuation",
      "partOfSpeech" : ".",
      "whiteSpace" : false
    } ]
  }, {
    "id" : "s5",
    "begin" : 469,
    "end" : 554,
    "text" : "Shure simply the best in terms of customer service and commitment to their customers!",
    "tokens" : [ {
      "id" : "s5-t0",
      "begin" : 469,
      "end" : 474,
      "text" : "Shure",
      "tokenType" : "TitlecaseAlphabetic",
      "lemma" : "Shure",
      "partOfSpeech" : "NNP",
      "whiteSpace" : false
    }, {
      "id" : "s5-t1",
      "begin" : 475,
      "end" : 481,
      "text" : "simply",
      "tokenType" : "LowercaseAlphabetic",
      "lemma" : "simply",
      "partOfSpeech" : "RB",
      "whiteSpace" : false
    }, {
      "id" : "s5-t2",
      "begin" : 482,
      "end" : 485,
      "text" : "the",
      "tokenType" : "LowercaseAlphabetic",
      "lemma" : "the",
      "partOfSpeech" : "DT",
      "whiteSpace" : false
    }, {
      "id" : "s5-t3",
      "begin" : 486,
      "end" : 490,
      "text" : "best",
      "tokenType" : "LowercaseAlphabetic",
      "lemma" : "good",
      "partOfSpeech" : "JJS",
      "whiteSpace" : false
    }, {
      "id" : "s5-t4",
      "begin" : 491,
      "end" : 493,
      "text" : "in",
      "tokenType" : "LowercaseAlphabetic",
      "lemma" : "in",
      "partOfSpeech" : "IN",
      "whiteSpace" : false
    }, {
      "id" : "s5-t5",
      "begin" : 494,
      "end" : 499,
      "text" : "terms",
      "tokenType" : "LowercaseAlphabetic",
      "lemma" : "term",
      "partOfSpeech" : "NNS",
      "whiteSpace" : false
    }, {
      "id" : "s5-t6",
      "begin" : 500,
      "end" : 502,
      "text" : "of",
      "tokenType" : "LowercaseAlphabetic",
      "lemma" : "of",
      "partOfSpeech" : "IN",
      "whiteSpace" : false
    }, {
      "id" : "s5-t7",
      "begin" : 503,
      "end" : 511,
      "text" : "customer",
      "tokenType" : "LowercaseAlphabetic",
      "lemma" : "customer",
      "partOfSpeech" : "NN",
      "whiteSpace" : false
    }, {
      "id" : "s5-t8",
      "begin" : 512,
      "end" : 519,
      "text" : "service",
      "tokenType" : "LowercaseAlphabetic",
      "lemma" : "service",
      "partOfSpeech" : "NN",
      "whiteSpace" : false
    }, {
      "id" : "s5-t9",
      "begin" : 520,
      "end" : 523,
      "text" : "and",
      "tokenType" : "LowercaseAlphabetic",
      "lemma" : "and",
      "partOfSpeech" : "CC",
      "whiteSpace" : false
    }, {
      "id" : "s5-t10",
      "begin" : 524,
      "end" : 534,
      "text" : "commitment",
      "tokenType" : "LowercaseAlphabetic",
      "lemma" : "commitment",
      "partOfSpeech" : "NN",
      "whiteSpace" : false
    }, {
      "id" : "s5-t11",
      "begin" : 535,
      "end" : 537,
      "text" : "to",
      "tokenType" : "LowercaseAlphabetic",
      "lemma" : "to",
      "partOfSpeech" : "IN",
      "whiteSpace" : false
    }, {
      "id" : "s5-t12",
      "begin" : 538,
      "end" : 543,
      "text" : "their",
      "tokenType" : "LowercaseAlphabetic",
      "lemma" : "their",
      "partOfSpeech" : "PRP$",
      "whiteSpace" : false
    }, {
      "id" : "s5-t13",
      "begin" : 544,
      "end" : 553,
      "text" : "customers",
      "tokenType" : "LowercaseAlphabetic",
      "lemma" : "customer",
      "partOfSpeech" : "NNS",
      "whiteSpace" : false
    }, {
      "id" : "s5-t14",
      "begin" : 553,
      "end" : 554,
      "text" : "!",
      "tokenType" : "ClauseEndingPunctuation",
      "partOfSpeech" : ".",
      "whiteSpace" : false
    } ]
  }, {
    "id" : "s6",
    "begin" : 555,
    "end" : 715,
    "text" : "Other companies may offer nice products, but I cannot imagine anyone standing behind their product better than Shure and that is why I always buy their product!",
    "tokens" : [ {
      "id" : "s6-t0",
      "begin" : 555,
      "end" : 560,
      "text" : "Other",
      "tokenType" : "TitlecaseAlphabetic",
      "lemma" : "other",
      "partOfSpeech" : "JJ",
      "whiteSpace" : false
    }, {
      "id" : "s6-t1",
      "begin" : 561,
      "end" : 570,
      "text" : "companies",
      "tokenType" : "LowercaseAlphabetic",
      "lemma" : "company",
      "partOfSpeech" : "NNS",
      "whiteSpace" : false
    }, {
      "id" : "s6-t2",
      "begin" : 571,
      "end" : 574,
      "text" : "may",
      "tokenType" : "LowercaseAlphabetic",
      "lemma" : "may",
      "partOfSpeech" : "MD",
      "whiteSpace" : false
    }, {
      "id" : "s6-t3",
      "begin" : 575,
      "end" : 580,
      "text" : "offer",
      "tokenType" : "LowercaseAlphabetic",
      "lemma" : "offer",
      "partOfSpeech" : "VB",
      "whiteSpace" : false
    }, {
      "id" : "s6-t4",
      "begin" : 581,
      "end" : 585,
      "text" : "nice",
      "tokenType" : "LowercaseAlphabetic",
      "lemma" : "nice",
      "partOfSpeech" : "JJ",
      "whiteSpace" : false
    }, {
      "id" : "s6-t5",
      "begin" : 586,
      "end" : 594,
      "text" : "products",
      "tokenType" : "LowercaseAlphabetic",
      "lemma" : "product",
      "partOfSpeech" : "NNS",
      "whiteSpace" : false
    }, {
      "id" : "s6-t6",
      "begin" : 594,
      "end" : 595,
      "text" : ",",
      "tokenType" : "ClauseEndingPunctuation",
      "partOfSpeech" : ",",
      "whiteSpace" : false
    }, {
      "id" : "s6-t7",
      "begin" : 596,
      "end" : 599,
      "text" : "but",
      "tokenType" : "LowercaseAlphabetic",
      "lemma" : "but",
      "partOfSpeech" : "CC",
      "whiteSpace" : false
    }, {
      "id" : "s6-t8",
      "begin" : 600,
      "end" : 601,
      "text" : "I",
      "tokenType" : "UppercaseAlphabetic",
      "lemma" : "I",
      "partOfSpeech" : "PRP",
      "whiteSpace" : false
    }, {
      "id" : "s6-t9",
      "begin" : 602,
      "end" : 605,
      "text" : "can",
      "tokenType" : "LowercaseAlphabetic",
      "lemma" : "can",
      "partOfSpeech" : "MD",
      "whiteSpace" : false
    }, {
      "id" : "s6-t10",
      "begin" : 605,
      "end" : 608,
      "text" : "not",
      "tokenType" : "LowercaseAlphabetic",
      "lemma" : "not",
      "partOfSpeech" : "RB",
      "whiteSpace" : false
    }, {
      "id" : "s6-t11",
      "begin" : 609,
      "end" : 616,
      "text" : "imagine",
      "tokenType" : "LowercaseAlphabetic",
      "lemma" : "imagine",
      "partOfSpeech" : "VB",
      "whiteSpace" : false
    }, {
      "id" : "s6-t12",
      "begin" : 617,
      "end" : 623,
      "text" : "anyone",
      "tokenType" : "LowercaseAlphabetic",
      "lemma" : "anyone",
      "partOfSpeech" : "NN",
      "whiteSpace" : false
    }, {
      "id" : "s6-t13",
      "begin" : 624,
      "end" : 632,
      "text" : "standing",
      "tokenType" : "LowercaseAlphabetic",
      "lemma" : "standing",
      "partOfSpeech" : "NN",
      "whiteSpace" : false
    }, {
      "id" : "s6-t14",
      "begin" : 633,
      "end" : 639,
      "text" : "behind",
      "tokenType" : "LowercaseAlphabetic",
      "lemma" : "behind",
      "partOfSpeech" : "IN",
      "whiteSpace" : false
    }, {
      "id" : "s6-t15",
      "begin" : 640,
      "end" : 645,
      "text" : "their",
      "tokenType" : "LowercaseAlphabetic",
      "lemma" : "their",
      "partOfSpeech" : "PRP$",
      "whiteSpace" : false
    }, {
      "id" : "s6-t16",
      "begin" : 646,
      "end" : 653,
      "text" : "product",
      "tokenType" : "LowercaseAlphabetic",
      "lemma" : "product",
      "partOfSpeech" : "NN",
      "whiteSpace" : false
    }, {
      "id" : "s6-t17",
      "begin" : 654,
      "end" : 660,
      "text" : "better",
      "tokenType" : "LowercaseAlphabetic",
      "lemma" : "good",
      "partOfSpeech" : "JJR",
      "whiteSpace" : false
    }, {
      "id" : "s6-t18",
      "begin" : 661,
      "end" : 665,
      "text" : "than",
      "tokenType" : "LowercaseAlphabetic",
      "lemma" : "than",
      "partOfSpeech" : "IN",
      "whiteSpace" : false
    }, {
      "id" : "s6-t19",
      "begin" : 666,
      "end" : 671,
      "text" : "Shure",
      "tokenType" : "TitlecaseAlphabetic",
      "lemma" : "Shure",
      "partOfSpeech" : "NNP",
      "whiteSpace" : false
    }, {
      "id" : "s6-t20",
      "begin" : 672,
      "end" : 675,
      "text" : "and",
      "tokenType" : "LowercaseAlphabetic",
      "lemma" : "and",
      "partOfSpeech" : "CC",
      "whiteSpace" : false
    }, {
      "id" : "s6-t21",
      "begin" : 676,
      "end" : 680,
      "text" : "that",
      "tokenType" : "LowercaseAlphabetic",
      "lemma" : "that",
      "partOfSpeech" : "DT",
      "whiteSpace" : false
    }, {
      "id" : "s6-t22",
      "begin" : 681,
      "end" : 683,
      "text" : "is",
      "tokenType" : "LowercaseAlphabetic",
      "lemma" : "be",
      "partOfSpeech" : "VBZ",
      "whiteSpace" : false
    }, {
      "id" : "s6-t23",
      "begin" : 684,
      "end" : 687,
      "text" : "why",
      "tokenType" : "LowercaseAlphabetic",
      "lemma" : "why",
      "partOfSpeech" : "WRB",
      "whiteSpace" : false
    }, {
      "id" : "s6-t24",
      "begin" : 688,
      "end" : 689,
      "text" : "I",
      "tokenType" : "UppercaseAlphabetic",
      "lemma" : "I",
      "partOfSpeech" : "PRP",
      "whiteSpace" : false
    }, {
      "id" : "s6-t25",
      "begin" : 690,
      "end" : 696,
      "text" : "always",
      "tokenType" : "LowercaseAlphabetic",
      "lemma" : "always",
      "partOfSpeech" : "RB",
      "whiteSpace" : false
    }, {
      "id" : "s6-t26",
      "begin" : 697,
      "end" : 700,
      "text" : "buy",
      "tokenType" : "LowercaseAlphabetic",
      "lemma" : "buy",
      "partOfSpeech" : "VBP",
      "whiteSpace" : false
    }, {
      "id" : "s6-t27",
      "begin" : 701,
      "end" : 706,
      "text" : "their",
      "tokenType" : "LowercaseAlphabetic",
      "lemma" : "their",
      "partOfSpeech" : "PRP$",
      "whiteSpace" : false
    }, {
      "id" : "s6-t28",
      "begin" : 707,
      "end" : 714,
      "text" : "product",
      "tokenType" : "LowercaseAlphabetic",
      "lemma" : "product",
      "partOfSpeech" : "NN",
      "whiteSpace" : false
    }, {
      "id" : "s6-t29",
      "begin" : 714,
      "end" : 715,
      "text" : "!",
      "tokenType" : "ClauseEndingPunctuation",
      "partOfSpeech" : ".",
      "whiteSpace" : false
    } ]
  } ],
  "mentions" : [ {
    "id" : "s0-m0",
    "properties" : {
      "SIRE_MENTION_CLASS" : "SPC",
      "SIRE_ENTITY_SUBTYPE" : "NONE",
      "SIRE_MENTION_TYPE" : "NONE",
      "SIRE_MENTION_ROLE" : "Consumer"
    },
    "type" : "Consumer",
    "begin" : 0,
    "end" : 1,
    "inCoref" : false
  }, {
    "id" : "s0-m1",
    "properties" : {
      "SIRE_MENTION_CLASS" : "SPC",
      "SIRE_ENTITY_SUBTYPE" : "NONE",
      "SIRE_MENTION_TYPE" : "NONE",
      "SIRE_MENTION_ROLE" : "Company"
    },
    "type" : "Company",
    "begin" : 18,
    "end" : 23,
    "inCoref" : true
  }, {
    "id" : "s0-m3",
    "properties" : {
      "SIRE_MENTION_ROLE" : "Product",
      "SIRE_ENTITY_SUBTYPE" : "NONE",
      "SIRE_MENTION_TYPE" : "NONE",
      "SIRE_MENTION_CLASS" : "SPC"
    },
    "type" : "Product",
    "begin" : 24,
    "end" : 33,
    "inCoref" : false
  }, {
    "id" : "s0-m4",
    "properties" : {
      "SIRE_MENTION_ROLE" : "Product",
      "SIRE_ENTITY_SUBTYPE" : "NONE",
      "SIRE_MENTION_TYPE" : "NONE",
      "SIRE_MENTION_CLASS" : "SPC"
    },
    "type" : "Product",
    "begin" : 58,
    "end" : 61,
    "inCoref" : false
  }, {
    "id" : "s0-m5",
    "properties" : {
      "SIRE_MENTION_ROLE" : "Product",
      "SIRE_ENTITY_SUBTYPE" : "NONE",
      "SIRE_MENTION_TYPE" : "NONE",
      "SIRE_MENTION_CLASS" : "SPC"
    },
    "type" : "Product",
    "begin" : 63,
    "end" : 68,
    "inCoref" : false
  }, {
    "id" : "s0-m6",
    "properties" : {
      "SIRE_MENTION_ROLE" : "Product",
      "SIRE_ENTITY_SUBTYPE" : "NONE",
      "SIRE_MENTION_TYPE" : "NONE",
      "SIRE_MENTION_CLASS" : "SPC"
    },
    "type" : "Product",
    "begin" : 82,
    "end" : 87,
    "inCoref" : false
  }, {
    "id" : "s1-m0",
    "properties" : {
      "SIRE_MENTION_CLASS" : "SPC",
      "SIRE_ENTITY_SUBTYPE" : "NONE",
      "SIRE_MENTION_TYPE" : "NONE",
      "SIRE_MENTION_ROLE" : "Consumer"
    },
    "type" : "Consumer",
    "begin" : 102,
    "end" : 103,
    "inCoref" : false
  }, {
    "id" : "s1-m3",
    "properties" : {
      "SIRE_MENTION_ROLE" : "Product",
      "SIRE_ENTITY_SUBTYPE" : "NONE",
      "SIRE_MENTION_TYPE" : "NONE",
      "SIRE_MENTION_CLASS" : "SPC"
    },
    "type" : "Product",
    "begin" : 118,
    "end" : 127,
    "inCoref" : false
  }, {
    "id" : "s1-m1",
    "properties" : {
      "SIRE_MENTION_CLASS" : "SPC",
      "SIRE_ENTITY_SUBTYPE" : "NONE",
      "SIRE_MENTION_TYPE" : "NONE",
      "SIRE_MENTION_ROLE" : "Consumer"
    },
    "type" : "Consumer",
    "begin" : 131,
    "end" : 132,
    "inCoref" : false
  }, {
    "id" : "s2-m2",
    "properties" : {
      "SIRE_MENTION_ROLE" : "Feature",
      "SIRE_ENTITY_SUBTYPE" : "NONE",
      "SIRE_MENTION_TYPE" : "NONE",
      "SIRE_MENTION_CLASS" : "SPC"
    },
    "type" : "Feature",
    "begin" : 177,
    "end" : 188,
    "inCoref" : false
  }, {
    "id" : "s2-m0",
    "properties" : {
      "SIRE_MENTION_CLASS" : "SPC",
      "SIRE_ENTITY_SUBTYPE" : "NONE",
      "SIRE_MENTION_TYPE" : "NONE",
      "SIRE_MENTION_ROLE" : "Company"
    },
    "type" : "Company",
    "begin" : 196,
    "end" : 201,
    "inCoref" : true
  }, {
    "id" : "s2-m3",
    "properties" : {
      "SIRE_MENTION_ROLE" : "Product",
      "SIRE_ENTITY_SUBTYPE" : "NONE",
      "SIRE_MENTION_TYPE" : "NONE",
      "SIRE_MENTION_CLASS" : "SPC"
    },
    "type" : "Product",
    "begin" : 202,
    "end" : 209,
    "inCoref" : true
  }, {
    "id" : "s2-m4",
    "properties" : {
      "SIRE_MENTION_ROLE" : "Product",
      "SIRE_ENTITY_SUBTYPE" : "NONE",
      "SIRE_MENTION_TYPE" : "NONE",
      "SIRE_MENTION_CLASS" : "SPC"
    },
    "type" : "Product",
    "begin" : 221,
    "end" : 227,
    "inCoref" : true
  }, {
    "id" : "s3-m0",
    "properties" : {
      "SIRE_MENTION_CLASS" : "SPC",
      "SIRE_ENTITY_SUBTYPE" : "NONE",
      "SIRE_MENTION_TYPE" : "NONE",
      "SIRE_MENTION_ROLE" : "Company"
    },
    "type" : "Company",
    "begin" : 255,
    "end" : 260,
    "inCoref" : true
  }, {
    "id" : "s3-m2",
    "properties" : {
      "SIRE_MENTION_ROLE" : "Company",
      "SIRE_ENTITY_SUBTYPE" : "NONE",
      "SIRE_MENTION_TYPE" : "NONE",
      "SIRE_MENTION_CLASS" : "SPC"
    },
    "type" : "Company",
    "begin" : 289,
    "end" : 296,
    "inCoref" : true
  }, {
    "id" : "s3-m3",
    "properties" : {
      "SIRE_MENTION_ROLE" : "Company",
      "SIRE_ENTITY_SUBTYPE" : "NONE",
      "SIRE_MENTION_TYPE" : "NONE",
      "SIRE_MENTION_CLASS" : "SPC"
    },
    "type" : "Company",
    "begin" : 311,
    "end" : 316,
    "inCoref" : true
  }, {
    "id" : "s3-m4",
    "properties" : {
      "SIRE_MENTION_ROLE" : "Product",
      "SIRE_ENTITY_SUBTYPE" : "NONE",
      "SIRE_MENTION_TYPE" : "NONE",
      "SIRE_MENTION_CLASS" : "SPC"
    },
    "type" : "Product",
    "begin" : 317,
    "end" : 324,
    "inCoref" : true
  }, {
    "id" : "s4-m2",
    "properties" : {
      "SIRE_MENTION_ROLE" : "Product",
      "SIRE_ENTITY_SUBTYPE" : "NONE",
      "SIRE_MENTION_TYPE" : "NONE",
      "SIRE_MENTION_CLASS" : "SPC"
    },
    "type" : "Product",
    "begin" : 343,
    "end" : 354,
    "inCoref" : true
  }, {
    "id" : "s4-m0",
    "properties" : {
      "SIRE_MENTION_CLASS" : "SPC",
      "SIRE_ENTITY_SUBTYPE" : "NONE",
      "SIRE_MENTION_TYPE" : "NONE",
      "SIRE_MENTION_ROLE" : "Company"
    },
    "type" : "Company",
    "begin" : 422,
    "end" : 427,
    "inCoref" : true
  }, {
    "id" : "s4-m3",
    "properties" : {
      "SIRE_MENTION_ROLE" : "Product",
      "SIRE_ENTITY_SUBTYPE" : "NONE",
      "SIRE_MENTION_TYPE" : "NONE",
      "SIRE_MENTION_CLASS" : "SPC"
    },
    "type" : "Product",
    "begin" : 446,
    "end" : 448,
    "inCoref" : true
  }, {
    "id" : "s5-m0",
    "properties" : {
      "SIRE_MENTION_CLASS" : "SPC",
      "SIRE_ENTITY_SUBTYPE" : "NONE",
      "SIRE_MENTION_TYPE" : "NONE",
      "SIRE_MENTION_ROLE" : "Company"
    },
    "type" : "Company",
    "begin" : 469,
    "end" : 474,
    "inCoref" : true
  }, {
    "id" : "s5-m3",
    "properties" : {
      "SIRE_MENTION_ROLE" : "Descriptor",
      "SIRE_ENTITY_SUBTYPE" : "NONE",
      "SIRE_MENTION_TYPE" : "NONE",
      "SIRE_MENTION_CLASS" : "SPC"
    },
    "type" : "Descriptor",
    "begin" : 486,
    "end" : 490,
    "inCoref" : false
  }, {
    "id" : "s5-m1",
    "properties" : {
      "SIRE_MENTION_CLASS" : "SPC",
      "SIRE_ENTITY_SUBTYPE" : "NONE",
      "SIRE_MENTION_TYPE" : "NONE",
      "SIRE_MENTION_ROLE" : "Customer_Service"
    },
    "type" : "Customer_Service",
    "begin" : 503,
    "end" : 519,
    "inCoref" : false
  }, {
    "id" : "s5-m4",
    "properties" : {
      "SIRE_MENTION_ROLE" : "Descriptor",
      "SIRE_ENTITY_SUBTYPE" : "NONE",
      "SIRE_MENTION_TYPE" : "NONE",
      "SIRE_MENTION_CLASS" : "SPC"
    },
    "type" : "Descriptor",
    "begin" : 524,
    "end" : 553,
    "inCoref" : false
  }, {
    "id" : "s6-m0",
    "properties" : {
      "SIRE_MENTION_CLASS" : "SPC",
      "SIRE_ENTITY_SUBTYPE" : "NONE",
      "SIRE_MENTION_TYPE" : "NONE",
      "SIRE_MENTION_ROLE" : "Consumer"
    },
    "type" : "Consumer",
    "begin" : 600,
    "end" : 601,
    "inCoref" : false
  }, {
    "id" : "s6-m4",
    "properties" : {
      "SIRE_MENTION_ROLE" : "Descriptor",
      "SIRE_ENTITY_SUBTYPE" : "NONE",
      "SIRE_MENTION_TYPE" : "NONE",
      "SIRE_MENTION_CLASS" : "SPC"
    },
    "type" : "Descriptor",
    "begin" : 624,
    "end" : 639,
    "inCoref" : false
  }, {
    "id" : "s6-m1",
    "properties" : {
      "SIRE_MENTION_CLASS" : "SPC",
      "SIRE_ENTITY_SUBTYPE" : "NONE",
      "SIRE_MENTION_TYPE" : "NONE",
      "SIRE_MENTION_ROLE" : "Company"
    },
    "type" : "Company",
    "begin" : 666,
    "end" : 671,
    "inCoref" : true
  }, {
    "id" : "s6-m5",
    "properties" : {
      "SIRE_MENTION_ROLE" : "Descriptor",
      "SIRE_ENTITY_SUBTYPE" : "NONE",
      "SIRE_MENTION_TYPE" : "NONE",
      "SIRE_MENTION_CLASS" : "SPC"
    },
    "type" : "Descriptor",
    "begin" : 684,
    "end" : 714,
    "inCoref" : false
  }, {
    "id" : "s6-m2",
    "properties" : {
      "SIRE_MENTION_CLASS" : "SPC",
      "SIRE_ENTITY_SUBTYPE" : "NONE",
      "SIRE_MENTION_TYPE" : "NONE",
      "SIRE_MENTION_ROLE" : "Consumer"
    },
    "type" : "Consumer",
    "begin" : 688,
    "end" : 689,
    "inCoref" : false
  } ],
  "relations" : [ {
    "id" : "s0-r1",
    "properties" : { },
    "type" : "madeBy",
    "args" : [ "s0-m3", "s0-m1" ]
  }, {
    "id" : "s0-r2",
    "properties" : { },
    "type" : "madeBy",
    "args" : [ "s0-m6", "s0-m1" ]
  }, {
    "id" : "s0-r3",
    "properties" : { },
    "type" : "madeBy",
    "args" : [ "s0-m4", "s0-m1" ]
  }, {
    "id" : "s0-r4",
    "properties" : { },
    "type" : "madeBy",
    "args" : [ "s0-m5", "s0-m1" ]
  }, {
    "id" : "s2-r1",
    "properties" : { },
    "type" : "hasFeature",
    "args" : [ "s2-m3", "s2-m2" ]
  }, {
    "id" : "s2-r2",
    "properties" : { },
    "type" : "hasFeature",
    "args" : [ "s2-m4", "s2-m2" ]
  }, {
    "id" : "s2-r3",
    "properties" : { },
    "type" : "madeBy",
    "args" : [ "s2-m3", "s2-m0" ]
  }, {
    "id" : "s2-r4",
    "properties" : { },
    "type" : "madeBy",
    "args" : [ "s2-m4", "s2-m0" ]
  }, {
    "id" : "s3-r1",
    "properties" : { },
    "type" : "madeBy",
    "args" : [ "s3-m4", "s3-m3" ]
  }, {
    "id" : "s3-r2",
    "properties" : { },
    "type" : "madeBy",
    "args" : [ "s3-m4", "s3-m0" ]
  }, {
    "id" : "s3-r3",
    "properties" : { },
    "type" : "madeBy",
    "args" : [ "s3-m4", "s3-m2" ]
  }, {
    "id" : "s4-r1",
    "properties" : { },
    "type" : "madeBy",
    "args" : [ "s4-m2", "s4-m0" ]
  }, {
    "id" : "s4-r2",
    "properties" : { },
    "type" : "madeBy",
    "args" : [ "s4-m3", "s4-m0" ]
  }, {
    "id" : "s5-r1",
    "properties" : { },
    "type" : "hasQuality",
    "args" : [ "s5-m0", "s5-m3" ]
  }, {
    "id" : "s5-r2",
    "properties" : { },
    "type" : "hasQuality",
    "args" : [ "s5-m0", "s5-m4" ]
  }, {
    "id" : "s5-r3",
    "properties" : { },
    "type" : "hasQuality",
    "args" : [ "s5-m1", "s5-m3" ]
  }, {
    "id" : "s5-r4",
    "properties" : { },
    "type" : "hasQuality",
    "args" : [ "s5-m1", "s5-m4" ]
  }, {
    "id" : "s5-r5",
    "properties" : { },
    "type" : "isAPartOf",
    "args" : [ "s5-m1", "s5-m0" ]
  }, {
    "id" : "s6-r1",
    "properties" : { },
    "type" : "hasQuality",
    "args" : [ "s6-m1", "s6-m4" ]
  }, {
    "id" : "s6-r2",
    "properties" : { },
    "type" : "hasQuality",
    "args" : [ "s6-m1", "s6-m5" ]
  } ],
  "corefs" : [ {
    "id" : "c1",
    "properties" : { },
    "mentions" : [ "s0-m1", "s2-m0", "s3-m3", "s5-m0", "s4-m0", "s3-m0", "s6-m1", "s3-m2" ]
  }, {
    "id" : "c2",
    "properties" : { },
    "mentions" : [ "s2-m4", "s2-m3", "s4-m2", "s3-m4", "s4-m3" ]
  } ],
  "typeResolved" : true,
  "userResolved" : true
}