{
  "id" : "a4d67795-6a55-4af2-8249-ff84f7863130-13",
  "modifiedDate" : 1467904617910,
  "name" : "review88.txt",
  "version" : 2,
  "text" : "Just FYI for anyone who reads reviews for information before purchasing (as I do), at this point a lot of the reviews posted here for the gel nimbus 17 are actually old reviews for the gel kayano 17. If you sort the reviews chronologically, \"newest first\", the one dated March 14, 2015 is for the nimbus 17. The next one is dated June 15, 2013 and is for the kayano 17, therefore it and all the others after it will not help you decide about this shoe.\n\nThis shoe is the newest nimbus and a very recent release. I did not purchase mine from Amazon and have not worn them yet except around the house to insure the fit is right. They are very cushioned and fit well. I bought the same size I have been wearing in the nimbus 15, of which I have about 6 pairs. I also wear the kayano and have several pairs of the 19s and the 20s.\n\nAssuming the nimbus 17 performs like the 15 has for me, I will be looking to purchase more in the future.\n\nPerhaps Amazon will correct the issue with the reviews. If not, just be aware.",
  "docLength" : 1013,
  "language" : "EN",
  "status" : "SUBMITTED",
  "documentSet" : [ ],
  "sentences" : [ {
    "id" : "s0",
    "begin" : 0,
    "end" : 199,
    "text" : "Just FYI for anyone who reads reviews for information before purchasing (as I do), at this point a lot of the reviews posted here for the gel nimbus 17 are actually old reviews for the gel kayano 17.",
    "tokens" : [ {
      "id" : "s0-t0",
      "begin" : 0,
      "end" : 4,
      "text" : "Just",
      "tokenType" : "TitlecaseAlphabetic",
      "lemma" : "just",
      "partOfSpeech" : "RB",
      "whiteSpace" : false
    }, {
      "id" : "s0-t1",
      "begin" : 5,
      "end" : 8,
      "text" : "FYI",
      "tokenType" : "UppercaseAlphabetic",
      "partOfSpeech" : "NNP",
      "whiteSpace" : false
    }, {
      "id" : "s0-t2",
      "begin" : 9,
      "end" : 12,
      "text" : "for",
      "tokenType" : "LowercaseAlphabetic",
      "lemma" : "for",
      "partOfSpeech" : "IN",
      "whiteSpace" : false
    }, {
      "id" : "s0-t3",
      "begin" : 13,
      "end" : 19,
      "text" : "anyone",
      "tokenType" : "LowercaseAlphabetic",
      "lemma" : "anyone",
      "partOfSpeech" : "NN",
      "whiteSpace" : false
    }, {
      "id" : "s0-t4",
      "begin" : 20,
      "end" : 23,
      "text" : "who",
      "tokenType" : "LowercaseAlphabetic",
      "lemma" : "who",
      "partOfSpeech" : "WP",
      "whiteSpace" : false
    }, {
      "id" : "s0-t5",
      "begin" : 24,
      "end" : 29,
      "text" : "reads",
      "tokenType" : "LowercaseAlphabetic",
      "lemma" : "read",
      "partOfSpeech" : "VBZ",
      "whiteSpace" : false
    }, {
      "id" : "s0-t6",
      "begin" : 30,
      "end" : 37,
      "text" : "reviews",
      "tokenType" : "LowercaseAlphabetic",
      "lemma" : "review",
      "partOfSpeech" : "NNS",
      "whiteSpace" : false
    }, {
      "id" : "s0-t7",
      "begin" : 38,
      "end" : 41,
      "text" : "for",
      "tokenType" : "LowercaseAlphabetic",
      "lemma" : "for",
      "partOfSpeech" : "IN",
      "whiteSpace" : false
    }, {
      "id" : "s0-t8",
      "begin" : 42,
      "end" : 53,
      "text" : "information",
      "tokenType" : "LowercaseAlphabetic",
      "lemma" : "information",
      "partOfSpeech" : "NN",
      "whiteSpace" : false
    }, {
      "id" : "s0-t9",
      "begin" : 54,
      "end" : 60,
      "text" : "before",
      "tokenType" : "LowercaseAlphabetic",
      "lemma" : "before",
      "partOfSpeech" : "IN",
      "whiteSpace" : false
    }, {
      "id" : "s0-t10",
      "begin" : 61,
      "end" : 71,
      "text" : "purchasing",
      "tokenType" : "LowercaseAlphabetic",
      "lemma" : "purchase",
      "partOfSpeech" : "VBG",
      "whiteSpace" : false
    }, {
      "id" : "s0-t11",
      "begin" : 72,
      "end" : 73,
      "text" : "(",
      "tokenType" : "Punctuation",
      "partOfSpeech" : "(",
      "whiteSpace" : false
    }, {
      "id" : "s0-t12",
      "begin" : 73,
      "end" : 75,
      "text" : "as",
      "tokenType" : "LowercaseAlphabetic",
      "lemma" : "as",
      "partOfSpeech" : "IN",
      "whiteSpace" : false
    }, {
      "id" : "s0-t13",
      "begin" : 76,
      "end" : 77,
      "text" : "I",
      "tokenType" : "UppercaseAlphabetic",
      "lemma" : "I",
      "partOfSpeech" : "PRP",
      "whiteSpace" : false
    }, {
      "id" : "s0-t14",
      "begin" : 78,
      "end" : 80,
      "text" : "do",
      "tokenType" : "LowercaseAlphabetic",
      "lemma" : "do",
      "partOfSpeech" : "VBP",
      "whiteSpace" : false
    }, {
      "id" : "s0-t15",
      "begin" : 80,
      "end" : 81,
      "text" : ")",
      "tokenType" : "Punctuation",
      "partOfSpeech" : ")",
      "whiteSpace" : false
    }, {
      "id" : "s0-t16",
      "begin" : 81,
      "end" : 82,
      "text" : ",",
      "tokenType" : "ClauseEndingPunctuation",
      "partOfSpeech" : ",",
      "whiteSpace" : false
    }, {
      "id" : "s0-t17",
      "begin" : 83,
      "end" : 85,
      "text" : "at",
      "tokenType" : "LowercaseAlphabetic",
      "lemma" : "at",
      "partOfSpeech" : "IN",
      "whiteSpace" : false
    }, {
      "id" : "s0-t18",
      "begin" : 86,
      "end" : 90,
      "text" : "this",
      "tokenType" : "LowercaseAlphabetic",
      "lemma" : "this",
      "partOfSpeech" : "DT",
      "whiteSpace" : false
    }, {
      "id" : "s0-t19",
      "begin" : 91,
      "end" : 96,
      "text" : "point",
      "tokenType" : "LowercaseAlphabetic",
      "lemma" : "point",
      "partOfSpeech" : "NN",
      "whiteSpace" : false
    }, {
      "id" : "s0-t20",
      "begin" : 97,
      "end" : 98,
      "text" : "a",
      "tokenType" : "LowercaseAlphabetic",
      "lemma" : "a",
      "partOfSpeech" : "DT",
      "whiteSpace" : false
    }, {
      "id" : "s0-t21",
      "begin" : 99,
      "end" : 102,
      "text" : "lot",
      "tokenType" : "LowercaseAlphabetic",
      "lemma" : "lot",
      "partOfSpeech" : "NN",
      "whiteSpace" : false
    }, {
      "id" : "s0-t22",
      "begin" : 103,
      "end" : 105,
      "text" : "of",
      "tokenType" : "LowercaseAlphabetic",
      "lemma" : "of",
      "partOfSpeech" : "IN",
      "whiteSpace" : false
    }, {
      "id" : "s0-t23",
      "begin" : 106,
      "end" : 109,
      "text" : "the",
      "tokenType" : "LowercaseAlphabetic",
      "lemma" : "the",
      "partOfSpeech" : "DT",
      "whiteSpace" : false
    }, {
      "id" : "s0-t24",
      "begin" : 110,
      "end" : 117,
      "text" : "reviews",
      "tokenType" : "LowercaseAlphabetic",
      "lemma" : "review",
      "partOfSpeech" : "NNS",
      "whiteSpace" : false
    }, {
      "id" : "s0-t25",
      "begin" : 118,
      "end" : 124,
      "text" : "posted",
      "tokenType" : "LowercaseAlphabetic",
      "lemma" : "post",
      "partOfSpeech" : "VBD",
      "whiteSpace" : false
    }, {
      "id" : "s0-t26",
      "begin" : 125,
      "end" : 129,
      "text" : "here",
      "tokenType" : "LowercaseAlphabetic",
      "lemma" : "here",
      "partOfSpeech" : "RB",
      "whiteSpace" : false
    }, {
      "id" : "s0-t27",
      "begin" : 130,
      "end" : 133,
      "text" : "for",
      "tokenType" : "LowercaseAlphabetic",
      "lemma" : "for",
      "partOfSpeech" : "IN",
      "whiteSpace" : false
    }, {
      "id" : "s0-t28",
      "begin" : 134,
      "end" : 137,
      "text" : "the",
      "tokenType" : "LowercaseAlphabetic",
      "lemma" : "the",
      "partOfSpeech" : "DT",
      "whiteSpace" : false
    }, {
      "id" : "s0-t29",
      "begin" : 138,
      "end" : 141,
      "text" : "gel",
      "tokenType" : "LowercaseAlphabetic",
      "lemma" : "gel",
      "partOfSpeech" : "NN",
      "whiteSpace" : false
    }, {
      "id" : "s0-t30",
      "begin" : 142,
      "end" : 148,
      "text" : "nimbus",
      "tokenType" : "LowercaseAlphabetic",
      "lemma" : "nimbus",
      "partOfSpeech" : "NN",
      "whiteSpace" : false
    }, {
      "id" : "s0-t31",
      "begin" : 149,
      "end" : 151,
      "text" : "17",
      "tokenType" : "Numeric",
      "partOfSpeech" : "CD",
      "whiteSpace" : false
    }, {
      "id" : "s0-t32",
      "begin" : 152,
      "end" : 155,
      "text" : "are",
      "tokenType" : "LowercaseAlphabetic",
      "lemma" : "be",
      "partOfSpeech" : "VBP",
      "whiteSpace" : false
    }, {
      "id" : "s0-t33",
      "begin" : 156,
      "end" : 164,
      "text" : "actually",
      "tokenType" : "LowercaseAlphabetic",
      "lemma" : "actually",
      "partOfSpeech" : "RB",
      "whiteSpace" : false
    }, {
      "id" : "s0-t34",
      "begin" : 165,
      "end" : 168,
      "text" : "old",
      "tokenType" : "LowercaseAlphabetic",
      "lemma" : "old",
      "partOfSpeech" : "JJ",
      "whiteSpace" : false
    }, {
      "id" : "s0-t35",
      "begin" : 169,
      "end" : 176,
      "text" : "reviews",
      "tokenType" : "LowercaseAlphabetic",
      "lemma" : "review",
      "partOfSpeech" : "NNS",
      "whiteSpace" : false
    }, {
      "id" : "s0-t36",
      "begin" : 177,
      "end" : 180,
      "text" : "for",
      "tokenType" : "LowercaseAlphabetic",
      "lemma" : "for",
      "partOfSpeech" : "IN",
      "whiteSpace" : false
    }, {
      "id" : "s0-t37",
      "begin" : 181,
      "end" : 184,
      "text" : "the",
      "tokenType" : "LowercaseAlphabetic",
      "lemma" : "the",
      "partOfSpeech" : "DT",
      "whiteSpace" : false
    }, {
      "id" : "s0-t38",
      "begin" : 185,
      "end" : 188,
      "text" : "gel",
      "tokenType" : "LowercaseAlphabetic",
      "lemma" : "gel",
      "partOfSpeech" : "NN",
      "whiteSpace" : false
    }, {
      "id" : "s0-t39",
      "begin" : 189,
      "end" : 195,
      "text" : "kayano",
      "tokenType" : "LowercaseAlphabetic",
      "lemma" : "kayano",
      "partOfSpeech" : "NN",
      "whiteSpace" : false
    }, {
      "id" : "s0-t40",
      "begin" : 196,
      "end" : 198,
      "text" : "17",
      "tokenType" : "Numeric",
      "partOfSpeech" : "CD",
      "whiteSpace" : false
    }, {
      "id" : "s0-t41",
      "begin" : 198,
      "end" : 199,
      "text" : ".",
      "tokenType" : "ClauseEndingPunctuation",
      "partOfSpeech" : ".",
      "whiteSpace" : false
    } ]
  }, {
    "id" : "s1",
    "begin" : 200,
    "end" : 307,
    "text" : "If you sort the reviews chronologically, \"newest first\", the one dated March 14, 2015 is for the nimbus 17.",
    "tokens" : [ {
      "id" : "s1-t0",
      "begin" : 200,
      "end" : 202,
      "text" : "If",
      "tokenType" : "TitlecaseAlphabetic",
      "lemma" : "if",
      "partOfSpeech" : "IN",
      "whiteSpace" : false
    }, {
      "id" : "s1-t1",
      "begin" : 203,
      "end" : 206,
      "text" : "you",
      "tokenType" : "LowercaseAlphabetic",
      "lemma" : "you",
      "partOfSpeech" : "PRP",
      "whiteSpace" : false
    }, {
      "id" : "s1-t2",
      "begin" : 207,
      "end" : 211,
      "text" : "sort",
      "tokenType" : "LowercaseAlphabetic",
      "lemma" : "sort",
      "partOfSpeech" : "VBP",
      "whiteSpace" : false
    }, {
      "id" : "s1-t3",
      "begin" : 212,
      "end" : 215,
      "text" : "the",
      "tokenType" : "LowercaseAlphabetic",
      "lemma" : "the",
      "partOfSpeech" : "DT",
      "whiteSpace" : false
    }, {
      "id" : "s1-t4",
      "begin" : 216,
      "end" : 223,
      "text" : "reviews",
      "tokenType" : "LowercaseAlphabetic",
      "lemma" : "review",
      "partOfSpeech" : "NNS",
      "whiteSpace" : false
    }, {
      "id" : "s1-t5",
      "begin" : 224,
      "end" : 239,
      "text" : "chronologically",
      "tokenType" : "LowercaseAlphabetic",
      "lemma" : "chronologically",
      "partOfSpeech" : "RB",
      "whiteSpace" : false
    }, {
      "id" : "s1-t6",
      "begin" : 239,
      "end" : 240,
      "text" : ",",
      "tokenType" : "ClauseEndingPunctuation",
      "partOfSpeech" : ",",
      "whiteSpace" : false
    }, {
      "id" : "s1-t7",
      "begin" : 241,
      "end" : 242,
      "text" : "\"",
      "tokenType" : "Punctuation",
      "partOfSpeech" : "''",
      "whiteSpace" : false
    }, {
      "id" : "s1-t8",
      "begin" : 242,
      "end" : 248,
      "text" : "newest",
      "tokenType" : "LowercaseAlphabetic",
      "lemma" : "new",
      "partOfSpeech" : "JJS",
      "whiteSpace" : false
    }, {
      "id" : "s1-t9",
      "begin" : 249,
      "end" : 254,
      "text" : "first",
      "tokenType" : "LowercaseAlphabetic",
      "lemma" : "first",
      "partOfSpeech" : "JJ",
      "whiteSpace" : false
    }, {
      "id" : "s1-t10",
      "begin" : 254,
      "end" : 255,
      "text" : "\"",
      "tokenType" : "Punctuation",
      "partOfSpeech" : "''",
      "whiteSpace" : false
    }, {
      "id" : "s1-t11",
      "begin" : 255,
      "end" : 256,
      "text" : ",",
      "tokenType" : "ClauseEndingPunctuation",
      "partOfSpeech" : ",",
      "whiteSpace" : false
    }, {
      "id" : "s1-t12",
      "begin" : 257,
      "end" : 260,
      "text" : "the",
      "tokenType" : "LowercaseAlphabetic",
      "lemma" : "the",
      "partOfSpeech" : "DT",
      "whiteSpace" : false
    }, {
      "id" : "s1-t13",
      "begin" : 261,
      "end" : 264,
      "text" : "one",
      "tokenType" : "LowercaseAlphabetic",
      "lemma" : "one",
      "partOfSpeech" : "NN",
      "whiteSpace" : false
    }, {
      "id" : "s1-t14",
      "begin" : 265,
      "end" : 270,
      "text" : "dated",
      "tokenType" : "LowercaseAlphabetic",
      "lemma" : "date",
      "partOfSpeech" : "VBD",
      "whiteSpace" : false
    }, {
      "id" : "s1-t15",
      "begin" : 271,
      "end" : 276,
      "text" : "March",
      "tokenType" : "TitlecaseAlphabetic",
      "lemma" : "March",
      "partOfSpeech" : "NNP",
      "whiteSpace" : false
    }, {
      "id" : "s1-t16",
      "begin" : 277,
      "end" : 279,
      "text" : "14",
      "tokenType" : "Numeric",
      "partOfSpeech" : "CD",
      "whiteSpace" : false
    }, {
      "id" : "s1-t17",
      "begin" : 279,
      "end" : 280,
      "text" : ",",
      "tokenType" : "ClauseEndingPunctuation",
      "partOfSpeech" : ",",
      "whiteSpace" : false
    }, {
      "id" : "s1-t18",
      "begin" : 281,
      "end" : 285,
      "text" : "2015",
      "tokenType" : "Numeric",
      "partOfSpeech" : "CD",
      "whiteSpace" : false
    }, {
      "id" : "s1-t19",
      "begin" : 286,
      "end" : 288,
      "text" : "is",
      "tokenType" : "LowercaseAlphabetic",
      "lemma" : "be",
      "partOfSpeech" : "VBZ",
      "whiteSpace" : false
    }, {
      "id" : "s1-t20",
      "begin" : 289,
      "end" : 292,
      "text" : "for",
      "tokenType" : "LowercaseAlphabetic",
      "lemma" : "for",
      "partOfSpeech" : "IN",
      "whiteSpace" : false
    }, {
      "id" : "s1-t21",
      "begin" : 293,
      "end" : 296,
      "text" : "the",
      "tokenType" : "LowercaseAlphabetic",
      "lemma" : "the",
      "partOfSpeech" : "DT",
      "whiteSpace" : false
    }, {
      "id" : "s1-t22",
      "begin" : 297,
      "end" : 303,
      "text" : "nimbus",
      "tokenType" : "LowercaseAlphabetic",
      "lemma" : "nimbus",
      "partOfSpeech" : "NN",
      "whiteSpace" : false
    }, {
      "id" : "s1-t23",
      "begin" : 304,
      "end" : 306,
      "text" : "17",
      "tokenType" : "Numeric",
      "partOfSpeech" : "CD",
      "whiteSpace" : false
    }, {
      "id" : "s1-t24",
      "begin" : 306,
      "end" : 307,
      "text" : ".",
      "tokenType" : "ClauseEndingPunctuation",
      "partOfSpeech" : ".",
      "whiteSpace" : false
    } ]
  }, {
    "id" : "s2",
    "begin" : 308,
    "end" : 452,
    "text" : "The next one is dated June 15, 2013 and is for the kayano 17, therefore it and all the others after it will not help you decide about this shoe.",
    "tokens" : [ {
      "id" : "s2-t0",
      "begin" : 308,
      "end" : 311,
      "text" : "The",
      "tokenType" : "TitlecaseAlphabetic",
      "lemma" : "the",
      "partOfSpeech" : "DT",
      "whiteSpace" : false
    }, {
      "id" : "s2-t1",
      "begin" : 312,
      "end" : 316,
      "text" : "next",
      "tokenType" : "LowercaseAlphabetic",
      "lemma" : "next",
      "partOfSpeech" : "JJ",
      "whiteSpace" : false
    }, {
      "id" : "s2-t2",
      "begin" : 317,
      "end" : 320,
      "text" : "one",
      "tokenType" : "LowercaseAlphabetic",
      "lemma" : "one",
      "partOfSpeech" : "NN",
      "whiteSpace" : false
    }, {
      "id" : "s2-t3",
      "begin" : 321,
      "end" : 323,
      "text" : "is",
      "tokenType" : "LowercaseAlphabetic",
      "lemma" : "be",
      "partOfSpeech" : "VBZ",
      "whiteSpace" : false
    }, {
      "id" : "s2-t4",
      "begin" : 324,
      "end" : 329,
      "text" : "dated",
      "tokenType" : "LowercaseAlphabetic",
      "lemma" : "date",
      "partOfSpeech" : "VBN",
      "whiteSpace" : false
    }, {
      "id" : "s2-t5",
      "begin" : 330,
      "end" : 334,
      "text" : "June",
      "tokenType" : "TitlecaseAlphabetic",
      "lemma" : "June",
      "partOfSpeech" : "NNP",
      "whiteSpace" : false
    }, {
      "id" : "s2-t6",
      "begin" : 335,
      "end" : 337,
      "text" : "15",
      "tokenType" : "Numeric",
      "partOfSpeech" : "CD",
      "whiteSpace" : false
    }, {
      "id" : "s2-t7",
      "begin" : 337,
      "end" : 338,
      "text" : ",",
      "tokenType" : "ClauseEndingPunctuation",
      "partOfSpeech" : ",",
      "whiteSpace" : false
    }, {
      "id" : "s2-t8",
      "begin" : 339,
      "end" : 343,
      "text" : "2013",
      "tokenType" : "Numeric",
      "partOfSpeech" : "CD",
      "whiteSpace" : false
    }, {
      "id" : "s2-t9",
      "begin" : 344,
      "end" : 347,
      "text" : "and",
      "tokenType" : "LowercaseAlphabetic",
      "lemma" : "and",
      "partOfSpeech" : "CC",
      "whiteSpace" : false
    }, {
      "id" : "s2-t10",
      "begin" : 348,
      "end" : 350,
      "text" : "is",
      "tokenType" : "LowercaseAlphabetic",
      "lemma" : "be",
      "partOfSpeech" : "VBZ",
      "whiteSpace" : false
    }, {
      "id" : "s2-t11",
      "begin" : 351,
      "end" : 354,
      "text" : "for",
      "tokenType" : "LowercaseAlphabetic",
      "lemma" : "for",
      "partOfSpeech" : "IN",
      "whiteSpace" : false
    }, {
      "id" : "s2-t12",
      "begin" : 355,
      "end" : 358,
      "text" : "the",
      "tokenType" : "LowercaseAlphabetic",
      "lemma" : "the",
      "partOfSpeech" : "DT",
      "whiteSpace" : false
    }, {
      "id" : "s2-t13",
      "begin" : 359,
      "end" : 365,
      "text" : "kayano",
      "tokenType" : "LowercaseAlphabetic",
      "lemma" : "kayano",
      "partOfSpeech" : "NN",
      "whiteSpace" : false
    }, {
      "id" : "s2-t14",
      "begin" : 366,
      "end" : 368,
      "text" : "17",
      "tokenType" : "Numeric",
      "partOfSpeech" : "CD",
      "whiteSpace" : false
    }, {
      "id" : "s2-t15",
      "begin" : 368,
      "end" : 369,
      "text" : ",",
      "tokenType" : "ClauseEndingPunctuation",
      "partOfSpeech" : ",",
      "whiteSpace" : false
    }, {
      "id" : "s2-t16",
      "begin" : 370,
      "end" : 379,
      "text" : "therefore",
      "tokenType" : "LowercaseAlphabetic",
      "lemma" : "therefore",
      "partOfSpeech" : "RB",
      "whiteSpace" : false
    }, {
      "id" : "s2-t17",
      "begin" : 380,
      "end" : 382,
      "text" : "it",
      "tokenType" : "LowercaseAlphabetic",
      "lemma" : "it",
      "partOfSpeech" : "PRP",
      "whiteSpace" : false
    }, {
      "id" : "s2-t18",
      "begin" : 383,
      "end" : 386,
      "text" : "and",
      "tokenType" : "LowercaseAlphabetic",
      "lemma" : "and",
      "partOfSpeech" : "CC",
      "whiteSpace" : false
    }, {
      "id" : "s2-t19",
      "begin" : 387,
      "end" : 390,
      "text" : "all",
      "tokenType" : "LowercaseAlphabetic",
      "lemma" : "all",
      "partOfSpeech" : "QT",
      "whiteSpace" : false
    }, {
      "id" : "s2-t20",
      "begin" : 391,
      "end" : 394,
      "text" : "the",
      "tokenType" : "LowercaseAlphabetic",
      "lemma" : "the",
      "partOfSpeech" : "DT",
      "whiteSpace" : false
    }, {
      "id" : "s2-t21",
      "begin" : 395,
      "end" : 401,
      "text" : "others",
      "tokenType" : "LowercaseAlphabetic",
      "lemma" : "other",
      "partOfSpeech" : "NNS",
      "whiteSpace" : false
    }, {
      "id" : "s2-t22",
      "begin" : 402,
      "end" : 407,
      "text" : "after",
      "tokenType" : "LowercaseAlphabetic",
      "lemma" : "after",
      "partOfSpeech" : "IN",
      "whiteSpace" : false
    }, {
      "id" : "s2-t23",
      "begin" : 408,
      "end" : 410,
      "text" : "it",
      "tokenType" : "LowercaseAlphabetic",
      "lemma" : "it",
      "partOfSpeech" : "PRP",
      "whiteSpace" : false
    }, {
      "id" : "s2-t24",
      "begin" : 411,
      "end" : 415,
      "text" : "will",
      "tokenType" : "LowercaseAlphabetic",
      "lemma" : "will",
      "partOfSpeech" : "MD",
      "whiteSpace" : false
    }, {
      "id" : "s2-t25",
      "begin" : 416,
      "end" : 419,
      "text" : "not",
      "tokenType" : "LowercaseAlphabetic",
      "lemma" : "not",
      "partOfSpeech" : "RB",
      "whiteSpace" : false
    }, {
      "id" : "s2-t26",
      "begin" : 420,
      "end" : 424,
      "text" : "help",
      "tokenType" : "LowercaseAlphabetic",
      "lemma" : "help",
      "partOfSpeech" : "VB",
      "whiteSpace" : false
    }, {
      "id" : "s2-t27",
      "begin" : 425,
      "end" : 428,
      "text" : "you",
      "tokenType" : "LowercaseAlphabetic",
      "lemma" : "you",
      "partOfSpeech" : "PRP",
      "whiteSpace" : false
    }, {
      "id" : "s2-t28",
      "begin" : 429,
      "end" : 435,
      "text" : "decide",
      "tokenType" : "LowercaseAlphabetic",
      "lemma" : "decide",
      "partOfSpeech" : "VB",
      "whiteSpace" : false
    }, {
      "id" : "s2-t29",
      "begin" : 436,
      "end" : 441,
      "text" : "about",
      "tokenType" : "LowercaseAlphabetic",
      "lemma" : "about",
      "partOfSpeech" : "IN",
      "whiteSpace" : false
    }, {
      "id" : "s2-t30",
      "begin" : 442,
      "end" : 446,
      "text" : "this",
      "tokenType" : "LowercaseAlphabetic",
      "lemma" : "this",
      "partOfSpeech" : "DT",
      "whiteSpace" : false
    }, {
      "id" : "s2-t31",
      "begin" : 447,
      "end" : 451,
      "text" : "shoe",
      "tokenType" : "LowercaseAlphabetic",
      "lemma" : "shoe",
      "partOfSpeech" : "NN",
      "whiteSpace" : false
    }, {
      "id" : "s2-t32",
      "begin" : 451,
      "end" : 452,
      "text" : ".",
      "tokenType" : "ClauseEndingPunctuation",
      "partOfSpeech" : ".",
      "whiteSpace" : false
    } ]
  }, {
    "id" : "s3",
    "begin" : 454,
    "end" : 511,
    "text" : "This shoe is the newest nimbus and a very recent release.",
    "tokens" : [ {
      "id" : "s3-t0",
      "begin" : 454,
      "end" : 458,
      "text" : "This",
      "tokenType" : "TitlecaseAlphabetic",
      "lemma" : "this",
      "partOfSpeech" : "DT",
      "whiteSpace" : false
    }, {
      "id" : "s3-t1",
      "begin" : 459,
      "end" : 463,
      "text" : "shoe",
      "tokenType" : "LowercaseAlphabetic",
      "lemma" : "shoe",
      "partOfSpeech" : "NN",
      "whiteSpace" : false
    }, {
      "id" : "s3-t2",
      "begin" : 464,
      "end" : 466,
      "text" : "is",
      "tokenType" : "LowercaseAlphabetic",
      "lemma" : "be",
      "partOfSpeech" : "VBZ",
      "whiteSpace" : false
    }, {
      "id" : "s3-t3",
      "begin" : 467,
      "end" : 470,
      "text" : "the",
      "tokenType" : "LowercaseAlphabetic",
      "lemma" : "the",
      "partOfSpeech" : "DT",
      "whiteSpace" : false
    }, {
      "id" : "s3-t4",
      "begin" : 471,
      "end" : 477,
      "text" : "newest",
      "tokenType" : "LowercaseAlphabetic",
      "lemma" : "new",
      "partOfSpeech" : "JJS",
      "whiteSpace" : false
    }, {
      "id" : "s3-t5",
      "begin" : 478,
      "end" : 484,
      "text" : "nimbus",
      "tokenType" : "LowercaseAlphabetic",
      "lemma" : "nimbus",
      "partOfSpeech" : "NN",
      "whiteSpace" : false
    }, {
      "id" : "s3-t6",
      "begin" : 485,
      "end" : 488,
      "text" : "and",
      "tokenType" : "LowercaseAlphabetic",
      "lemma" : "and",
      "partOfSpeech" : "CC",
      "whiteSpace" : false
    }, {
      "id" : "s3-t7",
      "begin" : 489,
      "end" : 490,
      "text" : "a",
      "tokenType" : "LowercaseAlphabetic",
      "lemma" : "a",
      "partOfSpeech" : "DT",
      "whiteSpace" : false
    }, {
      "id" : "s3-t8",
      "begin" : 491,
      "end" : 495,
      "text" : "very",
      "tokenType" : "LowercaseAlphabetic",
      "lemma" : "very",
      "partOfSpeech" : "RB",
      "whiteSpace" : false
    }, {
      "id" : "s3-t9",
      "begin" : 496,
      "end" : 502,
      "text" : "recent",
      "tokenType" : "LowercaseAlphabetic",
      "lemma" : "recent",
      "partOfSpeech" : "JJ",
      "whiteSpace" : false
    }, {
      "id" : "s3-t10",
      "begin" : 503,
      "end" : 510,
      "text" : "release",
      "tokenType" : "LowercaseAlphabetic",
      "lemma" : "release",
      "partOfSpeech" : "NN",
      "whiteSpace" : false
    }, {
      "id" : "s3-t11",
      "begin" : 510,
      "end" : 511,
      "text" : ".",
      "tokenType" : "ClauseEndingPunctuation",
      "partOfSpeech" : ".",
      "whiteSpace" : false
    } ]
  }, {
    "id" : "s4",
    "begin" : 512,
    "end" : 626,
    "text" : "I did not purchase mine from Amazon and have not worn them yet except around the house to insure the fit is right.",
    "tokens" : [ {
      "id" : "s4-t0",
      "begin" : 512,
      "end" : 513,
      "text" : "I",
      "tokenType" : "UppercaseAlphabetic",
      "lemma" : "I",
      "partOfSpeech" : "PRP",
      "whiteSpace" : false
    }, {
      "id" : "s4-t1",
      "begin" : 514,
      "end" : 517,
      "text" : "did",
      "tokenType" : "LowercaseAlphabetic",
      "lemma" : "do",
      "partOfSpeech" : "VBD",
      "whiteSpace" : false
    }, {
      "id" : "s4-t2",
      "begin" : 518,
      "end" : 521,
      "text" : "not",
      "tokenType" : "LowercaseAlphabetic",
      "lemma" : "not",
      "partOfSpeech" : "RB",
      "whiteSpace" : false
    }, {
      "id" : "s4-t3",
      "begin" : 522,
      "end" : 530,
      "text" : "purchase",
      "tokenType" : "LowercaseAlphabetic",
      "lemma" : "purchase",
      "partOfSpeech" : "VB",
      "whiteSpace" : false
    }, {
      "id" : "s4-t4",
      "begin" : 531,
      "end" : 535,
      "text" : "mine",
      "tokenType" : "LowercaseAlphabetic",
      "lemma" : "I",
      "partOfSpeech" : "RB",
      "whiteSpace" : false
    }, {
      "id" : "s4-t5",
      "begin" : 536,
      "end" : 540,
      "text" : "from",
      "tokenType" : "LowercaseAlphabetic",
      "lemma" : "from",
      "partOfSpeech" : "IN",
      "whiteSpace" : false
    }, {
      "id" : "s4-t6",
      "begin" : 541,
      "end" : 547,
      "text" : "Amazon",
      "tokenType" : "TitlecaseAlphabetic",
      "lemma" : "Amazon",
      "partOfSpeech" : "NN",
      "whiteSpace" : false
    }, {
      "id" : "s4-t7",
      "begin" : 548,
      "end" : 551,
      "text" : "and",
      "tokenType" : "LowercaseAlphabetic",
      "lemma" : "and",
      "partOfSpeech" : "CC",
      "whiteSpace" : false
    }, {
      "id" : "s4-t8",
      "begin" : 552,
      "end" : 556,
      "text" : "have",
      "tokenType" : "LowercaseAlphabetic",
      "lemma" : "have",
      "partOfSpeech" : "VBP",
      "whiteSpace" : false
    }, {
      "id" : "s4-t9",
      "begin" : 557,
      "end" : 560,
      "text" : "not",
      "tokenType" : "LowercaseAlphabetic",
      "lemma" : "not",
      "partOfSpeech" : "RB",
      "whiteSpace" : false
    }, {
      "id" : "s4-t10",
      "begin" : 561,
      "end" : 565,
      "text" : "worn",
      "tokenType" : "LowercaseAlphabetic",
      "lemma" : "wear",
      "partOfSpeech" : "VBN",
      "whiteSpace" : false
    }, {
      "id" : "s4-t11",
      "begin" : 566,
      "end" : 570,
      "text" : "them",
      "tokenType" : "LowercaseAlphabetic",
      "lemma" : "they",
      "partOfSpeech" : "PRP",
      "whiteSpace" : false
    }, {
      "id" : "s4-t12",
      "begin" : 571,
      "end" : 574,
      "text" : "yet",
      "tokenType" : "LowercaseAlphabetic",
      "lemma" : "yet",
      "partOfSpeech" : "RB",
      "whiteSpace" : false
    }, {
      "id" : "s4-t13",
      "begin" : 575,
      "end" : 581,
      "text" : "except",
      "tokenType" : "LowercaseAlphabetic",
      "lemma" : "except",
      "partOfSpeech" : "RB",
      "whiteSpace" : false
    }, {
      "id" : "s4-t14",
      "begin" : 582,
      "end" : 588,
      "text" : "around",
      "tokenType" : "LowercaseAlphabetic",
      "lemma" : "around",
      "partOfSpeech" : "IN",
      "whiteSpace" : false
    }, {
      "id" : "s4-t15",
      "begin" : 589,
      "end" : 592,
      "text" : "the",
      "tokenType" : "LowercaseAlphabetic",
      "lemma" : "the",
      "partOfSpeech" : "DT",
      "whiteSpace" : false
    }, {
      "id" : "s4-t16",
      "begin" : 593,
      "end" : 598,
      "text" : "house",
      "tokenType" : "LowercaseAlphabetic",
      "lemma" : "house",
      "partOfSpeech" : "NN",
      "whiteSpace" : false
    }, {
      "id" : "s4-t17",
      "begin" : 599,
      "end" : 601,
      "text" : "to",
      "tokenType" : "LowercaseAlphabetic",
      "lemma" : "to",
      "partOfSpeech" : "TO",
      "whiteSpace" : false
    }, {
      "id" : "s4-t18",
      "begin" : 602,
      "end" : 608,
      "text" : "insure",
      "tokenType" : "LowercaseAlphabetic",
      "lemma" : "insure",
      "partOfSpeech" : "VB",
      "whiteSpace" : false
    }, {
      "id" : "s4-t19",
      "begin" : 609,
      "end" : 612,
      "text" : "the",
      "tokenType" : "LowercaseAlphabetic",
      "lemma" : "the",
      "partOfSpeech" : "DT",
      "whiteSpace" : false
    }, {
      "id" : "s4-t20",
      "begin" : 613,
      "end" : 616,
      "text" : "fit",
      "tokenType" : "LowercaseAlphabetic",
      "lemma" : "fit",
      "partOfSpeech" : "NN",
      "whiteSpace" : false
    }, {
      "id" : "s4-t21",
      "begin" : 617,
      "end" : 619,
      "text" : "is",
      "tokenType" : "LowercaseAlphabetic",
      "lemma" : "be",
      "partOfSpeech" : "VBZ",
      "whiteSpace" : false
    }, {
      "id" : "s4-t22",
      "begin" : 620,
      "end" : 625,
      "text" : "right",
      "tokenType" : "LowercaseAlphabetic",
      "lemma" : "right",
      "partOfSpeech" : "JJ",
      "whiteSpace" : false
    }, {
      "id" : "s4-t23",
      "begin" : 625,
      "end" : 626,
      "text" : ".",
      "tokenType" : "ClauseEndingPunctuation",
      "partOfSpeech" : ".",
      "whiteSpace" : false
    } ]
  }, {
    "id" : "s5",
    "begin" : 627,
    "end" : 664,
    "text" : "They are very cushioned and fit well.",
    "tokens" : [ {
      "id" : "s5-t0",
      "begin" : 627,
      "end" : 631,
      "text" : "They",
      "tokenType" : "TitlecaseAlphabetic",
      "lemma" : "they",
      "partOfSpeech" : "PRP",
      "whiteSpace" : false
    }, {
      "id" : "s5-t1",
      "begin" : 632,
      "end" : 635,
      "text" : "are",
      "tokenType" : "LowercaseAlphabetic",
      "lemma" : "be",
      "partOfSpeech" : "VBP",
      "whiteSpace" : false
    }, {
      "id" : "s5-t2",
      "begin" : 636,
      "end" : 640,
      "text" : "very",
      "tokenType" : "LowercaseAlphabetic",
      "lemma" : "very",
      "partOfSpeech" : "RB",
      "whiteSpace" : false
    }, {
      "id" : "s5-t3",
      "begin" : 641,
      "end" : 650,
      "text" : "cushioned",
      "tokenType" : "LowercaseAlphabetic",
      "lemma" : "cushion",
      "partOfSpeech" : "VBN",
      "whiteSpace" : false
    }, {
      "id" : "s5-t4",
      "begin" : 651,
      "end" : 654,
      "text" : "and",
      "tokenType" : "LowercaseAlphabetic",
      "lemma" : "and",
      "partOfSpeech" : "CC",
      "whiteSpace" : false
    }, {
      "id" : "s5-t5",
      "begin" : 655,
      "end" : 658,
      "text" : "fit",
      "tokenType" : "LowercaseAlphabetic",
      "lemma" : "fit",
      "partOfSpeech" : "JJ",
      "whiteSpace" : false
    }, {
      "id" : "s5-t6",
      "begin" : 659,
      "end" : 663,
      "text" : "well",
      "tokenType" : "LowercaseAlphabetic",
      "lemma" : "well",
      "partOfSpeech" : "RB",
      "whiteSpace" : false
    }, {
      "id" : "s5-t7",
      "begin" : 663,
      "end" : 664,
      "text" : ".",
      "tokenType" : "ClauseEndingPunctuation",
      "partOfSpeech" : ".",
      "whiteSpace" : false
    } ]
  }, {
    "id" : "s6",
    "begin" : 665,
    "end" : 756,
    "text" : "I bought the same size I have been wearing in the nimbus 15, of which I have about 6 pairs.",
    "tokens" : [ {
      "id" : "s6-t0",
      "begin" : 665,
      "end" : 666,
      "text" : "I",
      "tokenType" : "UppercaseAlphabetic",
      "lemma" : "I",
      "partOfSpeech" : "PRP",
      "whiteSpace" : false
    }, {
      "id" : "s6-t1",
      "begin" : 667,
      "end" : 673,
      "text" : "bought",
      "tokenType" : "LowercaseAlphabetic",
      "lemma" : "buy",
      "partOfSpeech" : "VBD",
      "whiteSpace" : false
    }, {
      "id" : "s6-t2",
      "begin" : 674,
      "end" : 677,
      "text" : "the",
      "tokenType" : "LowercaseAlphabetic",
      "lemma" : "the",
      "partOfSpeech" : "DT",
      "whiteSpace" : false
    }, {
      "id" : "s6-t3",
      "begin" : 678,
      "end" : 682,
      "text" : "same",
      "tokenType" : "LowercaseAlphabetic",
      "lemma" : "same",
      "partOfSpeech" : "JJ",
      "whiteSpace" : false
    }, {
      "id" : "s6-t4",
      "begin" : 683,
      "end" : 687,
      "text" : "size",
      "tokenType" : "LowercaseAlphabetic",
      "lemma" : "size",
      "partOfSpeech" : "NN",
      "whiteSpace" : false
    }, {
      "id" : "s6-t5",
      "begin" : 688,
      "end" : 689,
      "text" : "I",
      "tokenType" : "UppercaseAlphabetic",
      "lemma" : "I",
      "partOfSpeech" : "PRP",
      "whiteSpace" : false
    }, {
      "id" : "s6-t6",
      "begin" : 690,
      "end" : 694,
      "text" : "have",
      "tokenType" : "LowercaseAlphabetic",
      "lemma" : "have",
      "partOfSpeech" : "VBP",
      "whiteSpace" : false
    }, {
      "id" : "s6-t7",
      "begin" : 695,
      "end" : 699,
      "text" : "been",
      "tokenType" : "LowercaseAlphabetic",
      "lemma" : "be",
      "partOfSpeech" : "VBN",
      "whiteSpace" : false
    }, {
      "id" : "s6-t8",
      "begin" : 700,
      "end" : 707,
      "text" : "wearing",
      "tokenType" : "LowercaseAlphabetic",
      "lemma" : "wear",
      "partOfSpeech" : "VBG",
      "whiteSpace" : false
    }, {
      "id" : "s6-t9",
      "begin" : 708,
      "end" : 710,
      "text" : "in",
      "tokenType" : "LowercaseAlphabetic",
      "lemma" : "in",
      "partOfSpeech" : "IN",
      "whiteSpace" : false
    }, {
      "id" : "s6-t10",
      "begin" : 711,
      "end" : 714,
      "text" : "the",
      "tokenType" : "LowercaseAlphabetic",
      "lemma" : "the",
      "partOfSpeech" : "DT",
      "whiteSpace" : false
    }, {
      "id" : "s6-t11",
      "begin" : 715,
      "end" : 721,
      "text" : "nimbus",
      "tokenType" : "LowercaseAlphabetic",
      "lemma" : "nimbus",
      "partOfSpeech" : "NN",
      "whiteSpace" : false
    }, {
      "id" : "s6-t12",
      "begin" : 722,
      "end" : 724,
      "text" : "15",
      "tokenType" : "Numeric",
      "partOfSpeech" : "CD",
      "whiteSpace" : false
    }, {
      "id" : "s6-t13",
      "begin" : 724,
      "end" : 725,
      "text" : ",",
      "tokenType" : "ClauseEndingPunctuation",
      "partOfSpeech" : ",",
      "whiteSpace" : false
    }, {
      "id" : "s6-t14",
      "begin" : 726,
      "end" : 728,
      "text" : "of",
      "tokenType" : "LowercaseAlphabetic",
      "lemma" : "of",
      "partOfSpeech" : "IN",
      "whiteSpace" : false
    }, {
      "id" : "s6-t15",
      "begin" : 729,
      "end" : 734,
      "text" : "which",
      "tokenType" : "LowercaseAlphabetic",
      "lemma" : "which",
      "partOfSpeech" : "WDT",
      "whiteSpace" : false
    }, {
      "id" : "s6-t16",
      "begin" : 735,
      "end" : 736,
      "text" : "I",
      "tokenType" : "UppercaseAlphabetic",
      "lemma" : "I",
      "partOfSpeech" : "PRP",
      "whiteSpace" : false
    }, {
      "id" : "s6-t17",
      "begin" : 737,
      "end" : 741,
      "text" : "have",
      "tokenType" : "LowercaseAlphabetic",
      "lemma" : "have",
      "partOfSpeech" : "VBP",
      "whiteSpace" : false
    }, {
      "id" : "s6-t18",
      "begin" : 742,
      "end" : 747,
      "text" : "about",
      "tokenType" : "LowercaseAlphabetic",
      "lemma" : "about",
      "partOfSpeech" : "IN",
      "whiteSpace" : false
    }, {
      "id" : "s6-t19",
      "begin" : 748,
      "end" : 749,
      "text" : "6",
      "tokenType" : "Numeric",
      "partOfSpeech" : "CD",
      "whiteSpace" : false
    }, {
      "id" : "s6-t20",
      "begin" : 750,
      "end" : 755,
      "text" : "pairs",
      "tokenType" : "LowercaseAlphabetic",
      "lemma" : "pair",
      "partOfSpeech" : "NNS",
      "whiteSpace" : false
    }, {
      "id" : "s6-t21",
      "begin" : 755,
      "end" : 756,
      "text" : ".",
      "tokenType" : "ClauseEndingPunctuation",
      "partOfSpeech" : ".",
      "whiteSpace" : false
    } ]
  }, {
    "id" : "s7",
    "begin" : 757,
    "end" : 826,
    "text" : "I also wear the kayano and have several pairs of the 19s and the 20s.",
    "tokens" : [ {
      "id" : "s7-t0",
      "begin" : 757,
      "end" : 758,
      "text" : "I",
      "tokenType" : "UppercaseAlphabetic",
      "lemma" : "I",
      "partOfSpeech" : "PRP",
      "whiteSpace" : false
    }, {
      "id" : "s7-t1",
      "begin" : 759,
      "end" : 763,
      "text" : "also",
      "tokenType" : "LowercaseAlphabetic",
      "lemma" : "also",
      "partOfSpeech" : "RB",
      "whiteSpace" : false
    }, {
      "id" : "s7-t2",
      "begin" : 764,
      "end" : 768,
      "text" : "wear",
      "tokenType" : "LowercaseAlphabetic",
      "lemma" : "wear",
      "partOfSpeech" : "VBP",
      "whiteSpace" : false
    }, {
      "id" : "s7-t3",
      "begin" : 769,
      "end" : 772,
      "text" : "the",
      "tokenType" : "LowercaseAlphabetic",
      "lemma" : "the",
      "partOfSpeech" : "DT",
      "whiteSpace" : false
    }, {
      "id" : "s7-t4",
      "begin" : 773,
      "end" : 779,
      "text" : "kayano",
      "tokenType" : "LowercaseAlphabetic",
      "lemma" : "kayano",
      "partOfSpeech" : "NN",
      "whiteSpace" : false
    }, {
      "id" : "s7-t5",
      "begin" : 780,
      "end" : 783,
      "text" : "and",
      "tokenType" : "LowercaseAlphabetic",
      "lemma" : "and",
      "partOfSpeech" : "CC",
      "whiteSpace" : false
    }, {
      "id" : "s7-t6",
      "begin" : 784,
      "end" : 788,
      "text" : "have",
      "tokenType" : "LowercaseAlphabetic",
      "lemma" : "have",
      "partOfSpeech" : "VBP",
      "whiteSpace" : false
    }, {
      "id" : "s7-t7",
      "begin" : 789,
      "end" : 796,
      "text" : "several",
      "tokenType" : "LowercaseAlphabetic",
      "lemma" : "several",
      "partOfSpeech" : "QT",
      "whiteSpace" : false
    }, {
      "id" : "s7-t8",
      "begin" : 797,
      "end" : 802,
      "text" : "pairs",
      "tokenType" : "LowercaseAlphabetic",
      "lemma" : "pair",
      "partOfSpeech" : "NNS",
      "whiteSpace" : false
    }, {
      "id" : "s7-t9",
      "begin" : 803,
      "end" : 805,
      "text" : "of",
      "tokenType" : "LowercaseAlphabetic",
      "lemma" : "of",
      "partOfSpeech" : "IN",
      "whiteSpace" : false
    }, {
      "id" : "s7-t10",
      "begin" : 806,
      "end" : 809,
      "text" : "the",
      "tokenType" : "LowercaseAlphabetic",
      "lemma" : "the",
      "partOfSpeech" : "DT",
      "whiteSpace" : false
    }, {
      "id" : "s7-t11",
      "begin" : 810,
      "end" : 813,
      "text" : "19s",
      "tokenType" : "WordLikeToken",
      "partOfSpeech" : "UNKNOWN",
      "whiteSpace" : false
    }, {
      "id" : "s7-t12",
      "begin" : 814,
      "end" : 817,
      "text" : "and",
      "tokenType" : "LowercaseAlphabetic",
      "lemma" : "and",
      "partOfSpeech" : "CC",
      "whiteSpace" : false
    }, {
      "id" : "s7-t13",
      "begin" : 818,
      "end" : 821,
      "text" : "the",
      "tokenType" : "LowercaseAlphabetic",
      "lemma" : "the",
      "partOfSpeech" : "DT",
      "whiteSpace" : false
    }, {
      "id" : "s7-t14",
      "begin" : 822,
      "end" : 825,
      "text" : "20s",
      "tokenType" : "WordLikeToken",
      "partOfSpeech" : "UNKNOWN",
      "whiteSpace" : false
    }, {
      "id" : "s7-t15",
      "begin" : 825,
      "end" : 826,
      "text" : ".",
      "tokenType" : "ClauseEndingPunctuation",
      "partOfSpeech" : ".",
      "whiteSpace" : false
    } ]
  }, {
    "id" : "s8",
    "begin" : 828,
    "end" : 933,
    "text" : "Assuming the nimbus 17 performs like the 15 has for me, I will be looking to purchase more in the future.",
    "tokens" : [ {
      "id" : "s8-t0",
      "begin" : 828,
      "end" : 836,
      "text" : "Assuming",
      "tokenType" : "TitlecaseAlphabetic",
      "lemma" : "assume",
      "partOfSpeech" : "VBG",
      "whiteSpace" : false
    }, {
      "id" : "s8-t1",
      "begin" : 837,
      "end" : 840,
      "text" : "the",
      "tokenType" : "LowercaseAlphabetic",
      "lemma" : "the",
      "partOfSpeech" : "DT",
      "whiteSpace" : false
    }, {
      "id" : "s8-t2",
      "begin" : 841,
      "end" : 847,
      "text" : "nimbus",
      "tokenType" : "LowercaseAlphabetic",
      "lemma" : "nimbus",
      "partOfSpeech" : "NN",
      "whiteSpace" : false
    }, {
      "id" : "s8-t3",
      "begin" : 848,
      "end" : 850,
      "text" : "17",
      "tokenType" : "Numeric",
      "partOfSpeech" : "CD",
      "whiteSpace" : false
    }, {
      "id" : "s8-t4",
      "begin" : 851,
      "end" : 859,
      "text" : "performs",
      "tokenType" : "LowercaseAlphabetic",
      "lemma" : "perform",
      "partOfSpeech" : "VBZ",
      "whiteSpace" : false
    }, {
      "id" : "s8-t5",
      "begin" : 860,
      "end" : 864,
      "text" : "like",
      "tokenType" : "LowercaseAlphabetic",
      "lemma" : "like",
      "partOfSpeech" : "IN",
      "whiteSpace" : false
    }, {
      "id" : "s8-t6",
      "begin" : 865,
      "end" : 868,
      "text" : "the",
      "tokenType" : "LowercaseAlphabetic",
      "lemma" : "the",
      "partOfSpeech" : "DT",
      "whiteSpace" : false
    }, {
      "id" : "s8-t7",
      "begin" : 869,
      "end" : 871,
      "text" : "15",
      "tokenType" : "Numeric",
      "partOfSpeech" : "CD",
      "whiteSpace" : false
    }, {
      "id" : "s8-t8",
      "begin" : 872,
      "end" : 875,
      "text" : "has",
      "tokenType" : "LowercaseAlphabetic",
      "lemma" : "have",
      "partOfSpeech" : "VBZ",
      "whiteSpace" : false
    }, {
      "id" : "s8-t9",
      "begin" : 876,
      "end" : 879,
      "text" : "for",
      "tokenType" : "LowercaseAlphabetic",
      "lemma" : "for",
      "partOfSpeech" : "IN",
      "whiteSpace" : false
    }, {
      "id" : "s8-t10",
      "begin" : 880,
      "end" : 882,
      "text" : "me",
      "tokenType" : "LowercaseAlphabetic",
      "lemma" : "I",
      "partOfSpeech" : "PRP",
      "whiteSpace" : false
    }, {
      "id" : "s8-t11",
      "begin" : 882,
      "end" : 883,
      "text" : ",",
      "tokenType" : "ClauseEndingPunctuation",
      "partOfSpeech" : ",",
      "whiteSpace" : false
    }, {
      "id" : "s8-t12",
      "begin" : 884,
      "end" : 885,
      "text" : "I",
      "tokenType" : "UppercaseAlphabetic",
      "lemma" : "I",
      "partOfSpeech" : "PRP",
      "whiteSpace" : false
    }, {
      "id" : "s8-t13",
      "begin" : 886,
      "end" : 890,
      "text" : "will",
      "tokenType" : "LowercaseAlphabetic",
      "lemma" : "will",
      "partOfSpeech" : "MD",
      "whiteSpace" : false
    }, {
      "id" : "s8-t14",
      "begin" : 891,
      "end" : 893,
      "text" : "be",
      "tokenType" : "LowercaseAlphabetic",
      "lemma" : "be",
      "partOfSpeech" : "VB",
      "whiteSpace" : false
    }, {
      "id" : "s8-t15",
      "begin" : 894,
      "end" : 901,
      "text" : "looking",
      "tokenType" : "LowercaseAlphabetic",
      "lemma" : "look",
      "partOfSpeech" : "VBG",
      "whiteSpace" : false
    }, {
      "id" : "s8-t16",
      "begin" : 902,
      "end" : 904,
      "text" : "to",
      "tokenType" : "LowercaseAlphabetic",
      "lemma" : "to",
      "partOfSpeech" : "TO",
      "whiteSpace" : false
    }, {
      "id" : "s8-t17",
      "begin" : 905,
      "end" : 913,
      "text" : "purchase",
      "tokenType" : "LowercaseAlphabetic",
      "lemma" : "purchase",
      "partOfSpeech" : "VB",
      "whiteSpace" : false
    }, {
      "id" : "s8-t18",
      "begin" : 914,
      "end" : 918,
      "text" : "more",
      "tokenType" : "LowercaseAlphabetic",
      "lemma" : "much",
      "partOfSpeech" : "RBR",
      "whiteSpace" : false
    }, {
      "id" : "s8-t19",
      "begin" : 919,
      "end" : 921,
      "text" : "in",
      "tokenType" : "LowercaseAlphabetic",
      "lemma" : "in",
      "partOfSpeech" : "IN",
      "whiteSpace" : false
    }, {
      "id" : "s8-t20",
      "begin" : 922,
      "end" : 925,
      "text" : "the",
      "tokenType" : "LowercaseAlphabetic",
      "lemma" : "the",
      "partOfSpeech" : "DT",
      "whiteSpace" : false
    }, {
      "id" : "s8-t21",
      "begin" : 926,
      "end" : 932,
      "text" : "future",
      "tokenType" : "LowercaseAlphabetic",
      "lemma" : "future",
      "partOfSpeech" : "NN",
      "whiteSpace" : false
    }, {
      "id" : "s8-t22",
      "begin" : 932,
      "end" : 933,
      "text" : ".",
      "tokenType" : "ClauseEndingPunctuation",
      "partOfSpeech" : ".",
      "whiteSpace" : false
    } ]
  }, {
    "id" : "s9",
    "begin" : 935,
    "end" : 990,
    "text" : "Perhaps Amazon will correct the issue with the reviews.",
    "tokens" : [ {
      "id" : "s9-t0",
      "begin" : 935,
      "end" : 942,
      "text" : "Perhaps",
      "tokenType" : "TitlecaseAlphabetic",
      "lemma" : "perhaps",
      "partOfSpeech" : "RB",
      "whiteSpace" : false
    }, {
      "id" : "s9-t1",
      "begin" : 943,
      "end" : 949,
      "text" : "Amazon",
      "tokenType" : "TitlecaseAlphabetic",
      "lemma" : "Amazon",
      "partOfSpeech" : "NN",
      "whiteSpace" : false
    }, {
      "id" : "s9-t2",
      "begin" : 950,
      "end" : 954,
      "text" : "will",
      "tokenType" : "LowercaseAlphabetic",
      "lemma" : "will",
      "partOfSpeech" : "MD",
      "whiteSpace" : false
    }, {
      "id" : "s9-t3",
      "begin" : 955,
      "end" : 962,
      "text" : "correct",
      "tokenType" : "LowercaseAlphabetic",
      "lemma" : "correct",
      "partOfSpeech" : "VB",
      "whiteSpace" : false
    }, {
      "id" : "s9-t4",
      "begin" : 963,
      "end" : 966,
      "text" : "the",
      "tokenType" : "LowercaseAlphabetic",
      "lemma" : "the",
      "partOfSpeech" : "DT",
      "whiteSpace" : false
    }, {
      "id" : "s9-t5",
      "begin" : 967,
      "end" : 972,
      "text" : "issue",
      "tokenType" : "LowercaseAlphabetic",
      "lemma" : "issue",
      "partOfSpeech" : "NN",
      "whiteSpace" : false
    }, {
      "id" : "s9-t6",
      "begin" : 973,
      "end" : 977,
      "text" : "with",
      "tokenType" : "LowercaseAlphabetic",
      "lemma" : "with",
      "partOfSpeech" : "IN",
      "whiteSpace" : false
    }, {
      "id" : "s9-t7",
      "begin" : 978,
      "end" : 981,
      "text" : "the",
      "tokenType" : "LowercaseAlphabetic",
      "lemma" : "the",
      "partOfSpeech" : "DT",
      "whiteSpace" : false
    }, {
      "id" : "s9-t8",
      "begin" : 982,
      "end" : 989,
      "text" : "reviews",
      "tokenType" : "LowercaseAlphabetic",
      "lemma" : "review",
      "partOfSpeech" : "NNS",
      "whiteSpace" : false
    }, {
      "id" : "s9-t9",
      "begin" : 989,
      "end" : 990,
      "text" : ".",
      "tokenType" : "ClauseEndingPunctuation",
      "partOfSpeech" : ".",
      "whiteSpace" : false
    } ]
  }, {
    "id" : "s10",
    "begin" : 991,
    "end" : 1013,
    "text" : "If not, just be aware.",
    "tokens" : [ {
      "id" : "s10-t0",
      "begin" : 991,
      "end" : 993,
      "text" : "If",
      "tokenType" : "TitlecaseAlphabetic",
      "lemma" : "if",
      "partOfSpeech" : "IN",
      "whiteSpace" : false
    }, {
      "id" : "s10-t1",
      "begin" : 994,
      "end" : 997,
      "text" : "not",
      "tokenType" : "LowercaseAlphabetic",
      "lemma" : "not",
      "partOfSpeech" : "RB",
      "whiteSpace" : false
    }, {
      "id" : "s10-t2",
      "begin" : 997,
      "end" : 998,
      "text" : ",",
      "tokenType" : "ClauseEndingPunctuation",
      "partOfSpeech" : ",",
      "whiteSpace" : false
    }, {
      "id" : "s10-t3",
      "begin" : 999,
      "end" : 1003,
      "text" : "just",
      "tokenType" : "LowercaseAlphabetic",
      "lemma" : "just",
      "partOfSpeech" : "RB",
      "whiteSpace" : false
    }, {
      "id" : "s10-t4",
      "begin" : 1004,
      "end" : 1006,
      "text" : "be",
      "tokenType" : "LowercaseAlphabetic",
      "lemma" : "be",
      "partOfSpeech" : "VB",
      "whiteSpace" : false
    }, {
      "id" : "s10-t5",
      "begin" : 1007,
      "end" : 1012,
      "text" : "aware",
      "tokenType" : "LowercaseAlphabetic",
      "lemma" : "aware",
      "partOfSpeech" : "JJ",
      "whiteSpace" : false
    }, {
      "id" : "s10-t6",
      "begin" : 1012,
      "end" : 1013,
      "text" : ".",
      "tokenType" : "ClauseEndingPunctuation",
      "partOfSpeech" : ".",
      "whiteSpace" : false
    } ]
  } ],
  "mentions" : [ {
    "id" : "s0-m0",
    "properties" : {
      "SIRE_MENTION_CLASS" : "SPC",
      "SIRE_ENTITY_SUBTYPE" : "NONE",
      "SIRE_MENTION_TYPE" : "NONE",
      "SIRE_MENTION_ROLE" : "Consumer"
    },
    "type" : "Consumer",
    "begin" : 76,
    "end" : 77,
    "inCoref" : true
  }, {
    "id" : "s0-m2",
    "properties" : {
      "SIRE_MENTION_ROLE" : "Product",
      "SIRE_ENTITY_SUBTYPE" : "NONE",
      "SIRE_MENTION_TYPE" : "NONE",
      "SIRE_MENTION_CLASS" : "SPC"
    },
    "type" : "Product",
    "begin" : 138,
    "end" : 151,
    "inCoref" : true
  }, {
    "id" : "s0-m3",
    "properties" : {
      "SIRE_MENTION_ROLE" : "Product",
      "SIRE_ENTITY_SUBTYPE" : "NONE",
      "SIRE_MENTION_TYPE" : "NONE",
      "SIRE_MENTION_CLASS" : "SPC"
    },
    "type" : "Product",
    "begin" : 185,
    "end" : 198,
    "inCoref" : false
  }, {
    "id" : "s1-m1",
    "properties" : {
      "SIRE_MENTION_ROLE" : "Product",
      "SIRE_ENTITY_SUBTYPE" : "NONE",
      "SIRE_MENTION_TYPE" : "NONE",
      "SIRE_MENTION_CLASS" : "SPC"
    },
    "type" : "Product",
    "begin" : 297,
    "end" : 306,
    "inCoref" : true
  }, {
    "id" : "s2-m1",
    "properties" : {
      "SIRE_MENTION_ROLE" : "Product",
      "SIRE_ENTITY_SUBTYPE" : "NONE",
      "SIRE_MENTION_TYPE" : "NONE",
      "SIRE_MENTION_CLASS" : "SPC"
    },
    "type" : "Product",
    "begin" : 359,
    "end" : 368,
    "inCoref" : false
  }, {
    "id" : "s2-m3",
    "properties" : {
      "SIRE_MENTION_ROLE" : "Product",
      "SIRE_ENTITY_SUBTYPE" : "NONE",
      "SIRE_MENTION_TYPE" : "NONE",
      "SIRE_MENTION_CLASS" : "SPC"
    },
    "type" : "Product",
    "begin" : 380,
    "end" : 382,
    "inCoref" : false
  }, {
    "id" : "s2-m4",
    "properties" : {
      "SIRE_MENTION_ROLE" : "Product",
      "SIRE_ENTITY_SUBTYPE" : "NONE",
      "SIRE_MENTION_TYPE" : "NONE",
      "SIRE_MENTION_CLASS" : "SPC"
    },
    "type" : "Product",
    "begin" : 387,
    "end" : 401,
    "inCoref" : false
  }, {
    "id" : "s2-m5",
    "properties" : {
      "SIRE_MENTION_ROLE" : "Product",
      "SIRE_ENTITY_SUBTYPE" : "NONE",
      "SIRE_MENTION_TYPE" : "NONE",
      "SIRE_MENTION_CLASS" : "SPC"
    },
    "type" : "Product",
    "begin" : 408,
    "end" : 410,
    "inCoref" : false
  }, {
    "id" : "s2-m2",
    "properties" : {
      "SIRE_MENTION_ROLE" : "Product",
      "SIRE_ENTITY_SUBTYPE" : "NONE",
      "SIRE_MENTION_TYPE" : "NONE",
      "SIRE_MENTION_CLASS" : "SPC"
    },
    "type" : "Product",
    "begin" : 442,
    "end" : 451,
    "inCoref" : true
  }, {
    "id" : "s3-m1",
    "properties" : {
      "SIRE_MENTION_ROLE" : "Product",
      "SIRE_ENTITY_SUBTYPE" : "NONE",
      "SIRE_MENTION_TYPE" : "NONE",
      "SIRE_MENTION_CLASS" : "SPC"
    },
    "type" : "Product",
    "begin" : 454,
    "end" : 463,
    "inCoref" : true
  }, {
    "id" : "s3-m2",
    "properties" : {
      "SIRE_MENTION_ROLE" : "Product",
      "SIRE_ENTITY_SUBTYPE" : "NONE",
      "SIRE_MENTION_TYPE" : "NONE",
      "SIRE_MENTION_CLASS" : "SPC"
    },
    "type" : "Product",
    "begin" : 478,
    "end" : 484,
    "inCoref" : true
  }, {
    "id" : "s4-m0",
    "properties" : {
      "SIRE_MENTION_CLASS" : "SPC",
      "SIRE_ENTITY_SUBTYPE" : "NONE",
      "SIRE_MENTION_TYPE" : "NONE",
      "SIRE_MENTION_ROLE" : "Consumer"
    },
    "type" : "Consumer",
    "begin" : 512,
    "end" : 513,
    "inCoref" : true
  }, {
    "id" : "s4-m3",
    "properties" : {
      "SIRE_MENTION_ROLE" : "Product",
      "SIRE_ENTITY_SUBTYPE" : "NONE",
      "SIRE_MENTION_TYPE" : "NONE",
      "SIRE_MENTION_CLASS" : "SPC"
    },
    "type" : "Product",
    "begin" : 531,
    "end" : 535,
    "inCoref" : true
  }, {
    "id" : "s4-m1",
    "properties" : {
      "SIRE_MENTION_CLASS" : "SPC",
      "SIRE_ENTITY_SUBTYPE" : "NONE",
      "SIRE_MENTION_TYPE" : "NONE",
      "SIRE_MENTION_ROLE" : "Company"
    },
    "type" : "Company",
    "begin" : 541,
    "end" : 547,
    "inCoref" : false
  }, {
    "id" : "s4-m4",
    "properties" : {
      "SIRE_MENTION_ROLE" : "Product",
      "SIRE_ENTITY_SUBTYPE" : "NONE",
      "SIRE_MENTION_TYPE" : "NONE",
      "SIRE_MENTION_CLASS" : "SPC"
    },
    "type" : "Product",
    "begin" : 566,
    "end" : 570,
    "inCoref" : true
  }, {
    "id" : "s4-m5",
    "properties" : {
      "SIRE_MENTION_ROLE" : "Feature",
      "SIRE_ENTITY_SUBTYPE" : "NONE",
      "SIRE_MENTION_TYPE" : "NONE",
      "SIRE_MENTION_CLASS" : "SPC"
    },
    "type" : "Feature",
    "begin" : 609,
    "end" : 616,
    "inCoref" : false
  }, {
    "id" : "s4-m6",
    "properties" : {
      "SIRE_MENTION_ROLE" : "Descriptor",
      "SIRE_ENTITY_SUBTYPE" : "NONE",
      "SIRE_MENTION_TYPE" : "NONE",
      "SIRE_MENTION_CLASS" : "SPC"
    },
    "type" : "Descriptor",
    "begin" : 620,
    "end" : 625,
    "inCoref" : false
  }, {
    "id" : "s5-m1",
    "properties" : {
      "SIRE_MENTION_ROLE" : "Product",
      "SIRE_ENTITY_SUBTYPE" : "NONE",
      "SIRE_MENTION_TYPE" : "NONE",
      "SIRE_MENTION_CLASS" : "SPC"
    },
    "type" : "Product",
    "begin" : 627,
    "end" : 631,
    "inCoref" : true
  }, {
    "id" : "s5-m2",
    "properties" : {
      "SIRE_MENTION_ROLE" : "Feature",
      "SIRE_ENTITY_SUBTYPE" : "NONE",
      "SIRE_MENTION_TYPE" : "NONE",
      "SIRE_MENTION_CLASS" : "SPC"
    },
    "type" : "Feature",
    "begin" : 636,
    "end" : 650,
    "inCoref" : false
  }, {
    "id" : "s5-m3",
    "properties" : {
      "SIRE_MENTION_ROLE" : "Feature",
      "SIRE_ENTITY_SUBTYPE" : "NONE",
      "SIRE_MENTION_TYPE" : "NONE",
      "SIRE_MENTION_CLASS" : "SPC"
    },
    "type" : "Feature",
    "begin" : 655,
    "end" : 663,
    "inCoref" : false
  }, {
    "id" : "s6-m0",
    "properties" : {
      "SIRE_MENTION_CLASS" : "SPC",
      "SIRE_ENTITY_SUBTYPE" : "NONE",
      "SIRE_MENTION_TYPE" : "NONE",
      "SIRE_MENTION_ROLE" : "Consumer"
    },
    "type" : "Consumer",
    "begin" : 665,
    "end" : 666,
    "inCoref" : true
  }, {
    "id" : "s6-m4",
    "properties" : {
      "SIRE_MENTION_ROLE" : "Feature",
      "SIRE_ENTITY_SUBTYPE" : "NONE",
      "SIRE_MENTION_TYPE" : "NONE",
      "SIRE_MENTION_CLASS" : "SPC"
    },
    "type" : "Feature",
    "begin" : 678,
    "end" : 687,
    "inCoref" : false
  }, {
    "id" : "s6-m1",
    "properties" : {
      "SIRE_MENTION_CLASS" : "SPC",
      "SIRE_ENTITY_SUBTYPE" : "NONE",
      "SIRE_MENTION_TYPE" : "NONE",
      "SIRE_MENTION_ROLE" : "Consumer"
    },
    "type" : "Consumer",
    "begin" : 688,
    "end" : 689,
    "inCoref" : true
  }, {
    "id" : "s6-m5",
    "properties" : {
      "SIRE_MENTION_ROLE" : "Product",
      "SIRE_ENTITY_SUBTYPE" : "NONE",
      "SIRE_MENTION_TYPE" : "NONE",
      "SIRE_MENTION_CLASS" : "SPC"
    },
    "type" : "Product",
    "begin" : 715,
    "end" : 724,
    "inCoref" : false
  }, {
    "id" : "s6-m2",
    "properties" : {
      "SIRE_MENTION_CLASS" : "SPC",
      "SIRE_ENTITY_SUBTYPE" : "NONE",
      "SIRE_MENTION_TYPE" : "NONE",
      "SIRE_MENTION_ROLE" : "Consumer"
    },
    "type" : "Consumer",
    "begin" : 735,
    "end" : 736,
    "inCoref" : true
  }, {
    "id" : "s7-m0",
    "properties" : {
      "SIRE_MENTION_CLASS" : "SPC",
      "SIRE_ENTITY_SUBTYPE" : "NONE",
      "SIRE_MENTION_TYPE" : "NONE",
      "SIRE_MENTION_ROLE" : "Consumer"
    },
    "type" : "Consumer",
    "begin" : 757,
    "end" : 758,
    "inCoref" : true
  }, {
    "id" : "s7-m2",
    "properties" : {
      "SIRE_MENTION_ROLE" : "Product",
      "SIRE_ENTITY_SUBTYPE" : "NONE",
      "SIRE_MENTION_TYPE" : "NONE",
      "SIRE_MENTION_CLASS" : "SPC"
    },
    "type" : "Product",
    "begin" : 773,
    "end" : 779,
    "inCoref" : false
  }, {
    "id" : "s7-m4",
    "properties" : {
      "SIRE_MENTION_ROLE" : "Product",
      "SIRE_ENTITY_SUBTYPE" : "NONE",
      "SIRE_MENTION_TYPE" : "NONE",
      "SIRE_MENTION_CLASS" : "SPC"
    },
    "type" : "Product",
    "begin" : 810,
    "end" : 825,
    "inCoref" : false
  }, {
    "id" : "s8-m3",
    "properties" : {
      "SIRE_MENTION_ROLE" : "Product",
      "SIRE_ENTITY_SUBTYPE" : "NONE",
      "SIRE_MENTION_TYPE" : "NONE",
      "SIRE_MENTION_CLASS" : "SPC"
    },
    "type" : "Product",
    "begin" : 841,
    "end" : 850,
    "inCoref" : true
  }, {
    "id" : "s8-m4",
    "properties" : {
      "SIRE_MENTION_ROLE" : "Product",
      "SIRE_ENTITY_SUBTYPE" : "NONE",
      "SIRE_MENTION_TYPE" : "NONE",
      "SIRE_MENTION_CLASS" : "SPC"
    },
    "type" : "Product",
    "begin" : 869,
    "end" : 871,
    "inCoref" : false
  }, {
    "id" : "s8-m0",
    "properties" : {
      "SIRE_MENTION_CLASS" : "SPC",
      "SIRE_ENTITY_SUBTYPE" : "NONE",
      "SIRE_MENTION_TYPE" : "NONE",
      "SIRE_MENTION_ROLE" : "Consumer"
    },
    "type" : "Consumer",
    "begin" : 880,
    "end" : 882,
    "inCoref" : true
  }, {
    "id" : "s8-m1",
    "properties" : {
      "SIRE_MENTION_CLASS" : "SPC",
      "SIRE_ENTITY_SUBTYPE" : "NONE",
      "SIRE_MENTION_TYPE" : "NONE",
      "SIRE_MENTION_ROLE" : "Consumer"
    },
    "type" : "Consumer",
    "begin" : 884,
    "end" : 885,
    "inCoref" : true
  }, {
    "id" : "s9-m0",
    "properties" : {
      "SIRE_MENTION_CLASS" : "SPC",
      "SIRE_ENTITY_SUBTYPE" : "NONE",
      "SIRE_MENTION_TYPE" : "NONE",
      "SIRE_MENTION_ROLE" : "Company"
    },
    "type" : "Company",
    "begin" : 943,
    "end" : 949,
    "inCoref" : false
  } ],
  "relations" : [ {
    "id" : "s4-r1",
    "properties" : { },
    "type" : "hasFeature",
    "args" : [ "s4-m4", "s4-m5" ]
  }, {
    "id" : "s4-r2",
    "properties" : { },
    "type" : "hasQuality",
    "args" : [ "s4-m5", "s4-m6" ]
  }, {
    "id" : "s5-r1",
    "properties" : { },
    "type" : "hasFeature",
    "args" : [ "s5-m1", "s5-m2" ]
  }, {
    "id" : "s5-r2",
    "properties" : { },
    "type" : "hasFeature",
    "args" : [ "s5-m1", "s5-m3" ]
  } ],
  "corefs" : [ {
    "id" : "c3",
    "properties" : { },
    "mentions" : [ "s8-m0", "s8-m1", "s7-m0", "s6-m2", "s6-m1", "s6-m0", "s4-m0", "s0-m0" ]
  }, {
    "id" : "c4",
    "properties" : { },
    "mentions" : [ "s8-m3", "s0-m2", "s1-m1", "s2-m2", "s3-m1", "s3-m2", "s4-m3", "s4-m4", "s5-m1" ]
  } ],
  "typeResolved" : true,
  "userResolved" : true
}