{
  "id" : "b9223ee4-fe27-4d77-b915-0c3bca08b2fa-13",
  "modifiedDate" : 1467931514851,
  "name" : "review14.txt",
  "version" : 2,
  "text" : "I bought this as a pet tracker even though they don't necessarily recommend it for that use. I have a cat that tends to wander off but never very far. I figured with a 100 foot radius + me walking around enough I'd be able to track her down.\n\nI tested it like crazy with all her usual hiding spots to make sure it'd work for me and that I wouldn't have to return it and was very impressed that it surpassed the 100 foot range by quite a bit. I didn't actually measure, but I counted my steps. 95 steps away and it still kept a connection. Excellent!\n\nBefore I put it on her collar, several times a day I'd activate it with her nearby so it plays its tune, and I'd give her a treat. Hoping she'd learn to hear the tune and come home for a treat. Well that part worked. When she's in range, I click \"find\" to play the tune and she runs home for her treat. Or perhaps she's running home because she's freaked out about this music that's chasing her. Either way, success!\n\nThe only downfall is that sometimes she's 10 feet away and it will say \"out of range\". If I stand there long enough it does usually connect, but it's frustrating to wait for it to catch up. Also, the dotted circle that's supposed to tell you if you're getting hot or cold isn't always very accurate. So I find myself walking back and forth quite a bit feeling like I'm being punk'd by my own cat.\n\nAll in all, it's surpassed my expectations. I've been able to find her every time. Sometimes it takes a lot longer since it has trouble connecting at times. I'd give it 4.5 stars if I could, but since I can't, I'll give it 5 since I'm using it for something it's not even advertised to do, and it's still doing it quite well.",
  "docLength" : 1692,
  "language" : "EN",
  "status" : "SUBMITTED",
  "documentSet" : [ ],
  "sentences" : [ {
    "id" : "s0",
    "begin" : 0,
    "end" : 92,
    "text" : "I bought this as a pet tracker even though they don't necessarily recommend it for that use.",
    "tokens" : [ {
      "id" : "s0-t0",
      "begin" : 0,
      "end" : 1,
      "text" : "I",
      "whiteSpace" : false
    }, {
      "id" : "s0-t1",
      "begin" : 2,
      "end" : 8,
      "text" : "bought",
      "whiteSpace" : false
    }, {
      "id" : "s0-t2",
      "begin" : 9,
      "end" : 13,
      "text" : "this",
      "whiteSpace" : false
    }, {
      "id" : "s0-t3",
      "begin" : 14,
      "end" : 16,
      "text" : "as",
      "whiteSpace" : false
    }, {
      "id" : "s0-t4",
      "begin" : 17,
      "end" : 18,
      "text" : "a",
      "whiteSpace" : false
    }, {
      "id" : "s0-t5",
      "begin" : 19,
      "end" : 22,
      "text" : "pet",
      "whiteSpace" : false
    }, {
      "id" : "s0-t6",
      "begin" : 23,
      "end" : 30,
      "text" : "tracker",
      "whiteSpace" : false
    }, {
      "id" : "s0-t7",
      "begin" : 31,
      "end" : 35,
      "text" : "even",
      "whiteSpace" : false
    }, {
      "id" : "s0-t8",
      "begin" : 36,
      "end" : 42,
      "text" : "though",
      "whiteSpace" : false
    }, {
      "id" : "s0-t9",
      "begin" : 43,
      "end" : 47,
      "text" : "they",
      "whiteSpace" : false
    }, {
      "id" : "s0-t10",
      "begin" : 48,
      "end" : 50,
      "text" : "do",
      "whiteSpace" : false
    }, {
      "id" : "s0-t11",
      "begin" : 50,
      "end" : 53,
      "text" : "n't",
      "whiteSpace" : false
    }, {
      "id" : "s0-t12",
      "begin" : 54,
      "end" : 65,
      "text" : "necessarily",
      "whiteSpace" : false
    }, {
      "id" : "s0-t13",
      "begin" : 66,
      "end" : 75,
      "text" : "recommend",
      "whiteSpace" : false
    }, {
      "id" : "s0-t14",
      "begin" : 76,
      "end" : 78,
      "text" : "it",
      "whiteSpace" : false
    }, {
      "id" : "s0-t15",
      "begin" : 79,
      "end" : 82,
      "text" : "for",
      "whiteSpace" : false
    }, {
      "id" : "s0-t16",
      "begin" : 83,
      "end" : 87,
      "text" : "that",
      "whiteSpace" : false
    }, {
      "id" : "s0-t17",
      "begin" : 88,
      "end" : 91,
      "text" : "use",
      "whiteSpace" : false
    }, {
      "id" : "s0-t18",
      "begin" : 91,
      "end" : 92,
      "text" : ".",
      "whiteSpace" : false
    } ]
  }, {
    "id" : "s1",
    "begin" : 93,
    "end" : 150,
    "text" : "I have a cat that tends to wander off but never very far.",
    "tokens" : [ {
      "id" : "s1-t0",
      "begin" : 93,
      "end" : 94,
      "text" : "I",
      "whiteSpace" : false
    }, {
      "id" : "s1-t1",
      "begin" : 95,
      "end" : 99,
      "text" : "have",
      "whiteSpace" : false
    }, {
      "id" : "s1-t2",
      "begin" : 100,
      "end" : 101,
      "text" : "a",
      "whiteSpace" : false
    }, {
      "id" : "s1-t3",
      "begin" : 102,
      "end" : 105,
      "text" : "cat",
      "whiteSpace" : false
    }, {
      "id" : "s1-t4",
      "begin" : 106,
      "end" : 110,
      "text" : "that",
      "whiteSpace" : false
    }, {
      "id" : "s1-t5",
      "begin" : 111,
      "end" : 116,
      "text" : "tends",
      "whiteSpace" : false
    }, {
      "id" : "s1-t6",
      "begin" : 117,
      "end" : 119,
      "text" : "to",
      "whiteSpace" : false
    }, {
      "id" : "s1-t7",
      "begin" : 120,
      "end" : 126,
      "text" : "wander",
      "whiteSpace" : false
    }, {
      "id" : "s1-t8",
      "begin" : 127,
      "end" : 130,
      "text" : "off",
      "whiteSpace" : false
    }, {
      "id" : "s1-t9",
      "begin" : 131,
      "end" : 134,
      "text" : "but",
      "whiteSpace" : false
    }, {
      "id" : "s1-t10",
      "begin" : 135,
      "end" : 140,
      "text" : "never",
      "whiteSpace" : false
    }, {
      "id" : "s1-t11",
      "begin" : 141,
      "end" : 145,
      "text" : "very",
      "whiteSpace" : false
    }, {
      "id" : "s1-t12",
      "begin" : 146,
      "end" : 149,
      "text" : "far",
      "whiteSpace" : false
    }, {
      "id" : "s1-t13",
      "begin" : 149,
      "end" : 150,
      "text" : ".",
      "whiteSpace" : false
    } ]
  }, {
    "id" : "s2",
    "begin" : 151,
    "end" : 241,
    "text" : "I figured with a 100 foot radius + me walking around enough I'd be able to track her down.",
    "tokens" : [ {
      "id" : "s2-t0",
      "begin" : 151,
      "end" : 152,
      "text" : "I",
      "whiteSpace" : false
    }, {
      "id" : "s2-t1",
      "begin" : 153,
      "end" : 160,
      "text" : "figured",
      "whiteSpace" : false
    }, {
      "id" : "s2-t2",
      "begin" : 161,
      "end" : 165,
      "text" : "with",
      "whiteSpace" : false
    }, {
      "id" : "s2-t3",
      "begin" : 166,
      "end" : 167,
      "text" : "a",
      "whiteSpace" : false
    }, {
      "id" : "s2-t4",
      "begin" : 168,
      "end" : 171,
      "text" : "100",
      "whiteSpace" : false
    }, {
      "id" : "s2-t5",
      "begin" : 172,
      "end" : 176,
      "text" : "foot",
      "whiteSpace" : false
    }, {
      "id" : "s2-t6",
      "begin" : 177,
      "end" : 183,
      "text" : "radius",
      "whiteSpace" : false
    }, {
      "id" : "s2-t7",
      "begin" : 184,
      "end" : 185,
      "text" : "+",
      "whiteSpace" : false
    }, {
      "id" : "s2-t8",
      "begin" : 186,
      "end" : 188,
      "text" : "me",
      "whiteSpace" : false
    }, {
      "id" : "s2-t9",
      "begin" : 189,
      "end" : 196,
      "text" : "walking",
      "whiteSpace" : false
    }, {
      "id" : "s2-t10",
      "begin" : 197,
      "end" : 203,
      "text" : "around",
      "whiteSpace" : false
    }, {
      "id" : "s2-t11",
      "begin" : 204,
      "end" : 210,
      "text" : "enough",
      "whiteSpace" : false
    }, {
      "id" : "s2-t12",
      "begin" : 211,
      "end" : 212,
      "text" : "I",
      "whiteSpace" : false
    }, {
      "id" : "s2-t13",
      "begin" : 212,
      "end" : 214,
      "text" : "'d",
      "whiteSpace" : false
    }, {
      "id" : "s2-t14",
      "begin" : 215,
      "end" : 217,
      "text" : "be",
      "whiteSpace" : false
    }, {
      "id" : "s2-t15",
      "begin" : 218,
      "end" : 222,
      "text" : "able",
      "whiteSpace" : false
    }, {
      "id" : "s2-t16",
      "begin" : 223,
      "end" : 225,
      "text" : "to",
      "whiteSpace" : false
    }, {
      "id" : "s2-t17",
      "begin" : 226,
      "end" : 231,
      "text" : "track",
      "whiteSpace" : false
    }, {
      "id" : "s2-t18",
      "begin" : 232,
      "end" : 235,
      "text" : "her",
      "whiteSpace" : false
    }, {
      "id" : "s2-t19",
      "begin" : 236,
      "end" : 240,
      "text" : "down",
      "whiteSpace" : false
    }, {
      "id" : "s2-t20",
      "begin" : 240,
      "end" : 241,
      "text" : ".",
      "whiteSpace" : false
    } ]
  }, {
    "id" : "s3",
    "begin" : 243,
    "end" : 441,
    "text" : "I tested it like crazy with all her usual hiding spots to make sure it'd work for me and that I wouldn't have to return it and was very impressed that it surpassed the 100 foot range by quite a bit.",
    "tokens" : [ {
      "id" : "s3-t0",
      "begin" : 243,
      "end" : 244,
      "text" : "I",
      "whiteSpace" : false
    }, {
      "id" : "s3-t1",
      "begin" : 245,
      "end" : 251,
      "text" : "tested",
      "whiteSpace" : false
    }, {
      "id" : "s3-t2",
      "begin" : 252,
      "end" : 254,
      "text" : "it",
      "whiteSpace" : false
    }, {
      "id" : "s3-t3",
      "begin" : 255,
      "end" : 259,
      "text" : "like",
      "whiteSpace" : false
    }, {
      "id" : "s3-t4",
      "begin" : 260,
      "end" : 265,
      "text" : "crazy",
      "whiteSpace" : false
    }, {
      "id" : "s3-t5",
      "begin" : 266,
      "end" : 270,
      "text" : "with",
      "whiteSpace" : false
    }, {
      "id" : "s3-t6",
      "begin" : 271,
      "end" : 274,
      "text" : "all",
      "whiteSpace" : false
    }, {
      "id" : "s3-t7",
      "begin" : 275,
      "end" : 278,
      "text" : "her",
      "whiteSpace" : false
    }, {
      "id" : "s3-t8",
      "begin" : 279,
      "end" : 284,
      "text" : "usual",
      "whiteSpace" : false
    }, {
      "id" : "s3-t9",
      "begin" : 285,
      "end" : 291,
      "text" : "hiding",
      "whiteSpace" : false
    }, {
      "id" : "s3-t10",
      "begin" : 292,
      "end" : 297,
      "text" : "spots",
      "whiteSpace" : false
    }, {
      "id" : "s3-t11",
      "begin" : 298,
      "end" : 300,
      "text" : "to",
      "whiteSpace" : false
    }, {
      "id" : "s3-t12",
      "begin" : 301,
      "end" : 305,
      "text" : "make",
      "whiteSpace" : false
    }, {
      "id" : "s3-t13",
      "begin" : 306,
      "end" : 310,
      "text" : "sure",
      "whiteSpace" : false
    }, {
      "id" : "s3-t14",
      "begin" : 311,
      "end" : 313,
      "text" : "it",
      "whiteSpace" : false
    }, {
      "id" : "s3-t15",
      "begin" : 313,
      "end" : 315,
      "text" : "'d",
      "whiteSpace" : false
    }, {
      "id" : "s3-t16",
      "begin" : 316,
      "end" : 320,
      "text" : "work",
      "whiteSpace" : false
    }, {
      "id" : "s3-t17",
      "begin" : 321,
      "end" : 324,
      "text" : "for",
      "whiteSpace" : false
    }, {
      "id" : "s3-t18",
      "begin" : 325,
      "end" : 327,
      "text" : "me",
      "whiteSpace" : false
    }, {
      "id" : "s3-t19",
      "begin" : 328,
      "end" : 331,
      "text" : "and",
      "whiteSpace" : false
    }, {
      "id" : "s3-t20",
      "begin" : 332,
      "end" : 336,
      "text" : "that",
      "whiteSpace" : false
    }, {
      "id" : "s3-t21",
      "begin" : 337,
      "end" : 338,
      "text" : "I",
      "whiteSpace" : false
    }, {
      "id" : "s3-t22",
      "begin" : 339,
      "end" : 344,
      "text" : "would",
      "whiteSpace" : false
    }, {
      "id" : "s3-t23",
      "begin" : 344,
      "end" : 347,
      "text" : "n't",
      "whiteSpace" : false
    }, {
      "id" : "s3-t24",
      "begin" : 348,
      "end" : 352,
      "text" : "have",
      "whiteSpace" : false
    }, {
      "id" : "s3-t25",
      "begin" : 353,
      "end" : 355,
      "text" : "to",
      "whiteSpace" : false
    }, {
      "id" : "s3-t26",
      "begin" : 356,
      "end" : 362,
      "text" : "return",
      "whiteSpace" : false
    }, {
      "id" : "s3-t27",
      "begin" : 363,
      "end" : 365,
      "text" : "it",
      "whiteSpace" : false
    }, {
      "id" : "s3-t28",
      "begin" : 366,
      "end" : 369,
      "text" : "and",
      "whiteSpace" : false
    }, {
      "id" : "s3-t29",
      "begin" : 370,
      "end" : 373,
      "text" : "was",
      "whiteSpace" : false
    }, {
      "id" : "s3-t30",
      "begin" : 374,
      "end" : 378,
      "text" : "very",
      "whiteSpace" : false
    }, {
      "id" : "s3-t31",
      "begin" : 379,
      "end" : 388,
      "text" : "impressed",
      "whiteSpace" : false
    }, {
      "id" : "s3-t32",
      "begin" : 389,
      "end" : 393,
      "text" : "that",
      "whiteSpace" : false
    }, {
      "id" : "s3-t33",
      "begin" : 394,
      "end" : 396,
      "text" : "it",
      "whiteSpace" : false
    }, {
      "id" : "s3-t34",
      "begin" : 397,
      "end" : 406,
      "text" : "surpassed",
      "whiteSpace" : false
    }, {
      "id" : "s3-t35",
      "begin" : 407,
      "end" : 410,
      "text" : "the",
      "whiteSpace" : false
    }, {
      "id" : "s3-t36",
      "begin" : 411,
      "end" : 414,
      "text" : "100",
      "whiteSpace" : false
    }, {
      "id" : "s3-t37",
      "begin" : 415,
      "end" : 419,
      "text" : "foot",
      "whiteSpace" : false
    }, {
      "id" : "s3-t38",
      "begin" : 420,
      "end" : 425,
      "text" : "range",
      "whiteSpace" : false
    }, {
      "id" : "s3-t39",
      "begin" : 426,
      "end" : 428,
      "text" : "by",
      "whiteSpace" : false
    }, {
      "id" : "s3-t40",
      "begin" : 429,
      "end" : 434,
      "text" : "quite",
      "whiteSpace" : false
    }, {
      "id" : "s3-t41",
      "begin" : 435,
      "end" : 436,
      "text" : "a",
      "whiteSpace" : false
    }, {
      "id" : "s3-t42",
      "begin" : 437,
      "end" : 440,
      "text" : "bit",
      "whiteSpace" : false
    }, {
      "id" : "s3-t43",
      "begin" : 440,
      "end" : 441,
      "text" : ".",
      "whiteSpace" : false
    } ]
  }, {
    "id" : "s4",
    "begin" : 442,
    "end" : 492,
    "text" : "I didn't actually measure, but I counted my steps.",
    "tokens" : [ {
      "id" : "s4-t0",
      "begin" : 442,
      "end" : 443,
      "text" : "I",
      "whiteSpace" : false
    }, {
      "id" : "s4-t1",
      "begin" : 444,
      "end" : 447,
      "text" : "did",
      "whiteSpace" : false
    }, {
      "id" : "s4-t2",
      "begin" : 447,
      "end" : 450,
      "text" : "n't",
      "whiteSpace" : false
    }, {
      "id" : "s4-t3",
      "begin" : 451,
      "end" : 459,
      "text" : "actually",
      "whiteSpace" : false
    }, {
      "id" : "s4-t4",
      "begin" : 460,
      "end" : 467,
      "text" : "measure",
      "whiteSpace" : false
    }, {
      "id" : "s4-t5",
      "begin" : 467,
      "end" : 468,
      "text" : ",",
      "whiteSpace" : false
    }, {
      "id" : "s4-t6",
      "begin" : 469,
      "end" : 472,
      "text" : "but",
      "whiteSpace" : false
    }, {
      "id" : "s4-t7",
      "begin" : 473,
      "end" : 474,
      "text" : "I",
      "whiteSpace" : false
    }, {
      "id" : "s4-t8",
      "begin" : 475,
      "end" : 482,
      "text" : "counted",
      "whiteSpace" : false
    }, {
      "id" : "s4-t9",
      "begin" : 483,
      "end" : 485,
      "text" : "my",
      "whiteSpace" : false
    }, {
      "id" : "s4-t10",
      "begin" : 486,
      "end" : 491,
      "text" : "steps",
      "whiteSpace" : false
    }, {
      "id" : "s4-t11",
      "begin" : 491,
      "end" : 492,
      "text" : ".",
      "whiteSpace" : false
    } ]
  }, {
    "id" : "s5",
    "begin" : 493,
    "end" : 538,
    "text" : "95 steps away and it still kept a connection.",
    "tokens" : [ {
      "id" : "s5-t0",
      "begin" : 493,
      "end" : 495,
      "text" : "95",
      "whiteSpace" : false
    }, {
      "id" : "s5-t1",
      "begin" : 496,
      "end" : 501,
      "text" : "steps",
      "whiteSpace" : false
    }, {
      "id" : "s5-t2",
      "begin" : 502,
      "end" : 506,
      "text" : "away",
      "whiteSpace" : false
    }, {
      "id" : "s5-t3",
      "begin" : 507,
      "end" : 510,
      "text" : "and",
      "whiteSpace" : false
    }, {
      "id" : "s5-t4",
      "begin" : 511,
      "end" : 513,
      "text" : "it",
      "whiteSpace" : false
    }, {
      "id" : "s5-t5",
      "begin" : 514,
      "end" : 519,
      "text" : "still",
      "whiteSpace" : false
    }, {
      "id" : "s5-t6",
      "begin" : 520,
      "end" : 524,
      "text" : "kept",
      "whiteSpace" : false
    }, {
      "id" : "s5-t7",
      "begin" : 525,
      "end" : 526,
      "text" : "a",
      "whiteSpace" : false
    }, {
      "id" : "s5-t8",
      "begin" : 527,
      "end" : 537,
      "text" : "connection",
      "whiteSpace" : false
    }, {
      "id" : "s5-t9",
      "begin" : 537,
      "end" : 538,
      "text" : ".",
      "whiteSpace" : false
    } ]
  }, {
    "id" : "s6",
    "begin" : 539,
    "end" : 549,
    "text" : "Excellent!",
    "tokens" : [ {
      "id" : "s6-t0",
      "begin" : 539,
      "end" : 548,
      "text" : "Excellent",
      "whiteSpace" : false
    }, {
      "id" : "s6-t1",
      "begin" : 548,
      "end" : 549,
      "text" : "!",
      "whiteSpace" : false
    } ]
  }, {
    "id" : "s7",
    "begin" : 551,
    "end" : 681,
    "text" : "Before I put it on her collar, several times a day I'd activate it with her nearby so it plays its tune, and I'd give her a treat.",
    "tokens" : [ {
      "id" : "s7-t0",
      "begin" : 551,
      "end" : 557,
      "text" : "Before",
      "whiteSpace" : false
    }, {
      "id" : "s7-t1",
      "begin" : 558,
      "end" : 559,
      "text" : "I",
      "whiteSpace" : false
    }, {
      "id" : "s7-t2",
      "begin" : 560,
      "end" : 563,
      "text" : "put",
      "whiteSpace" : false
    }, {
      "id" : "s7-t3",
      "begin" : 564,
      "end" : 566,
      "text" : "it",
      "whiteSpace" : false
    }, {
      "id" : "s7-t4",
      "begin" : 567,
      "end" : 569,
      "text" : "on",
      "whiteSpace" : false
    }, {
      "id" : "s7-t5",
      "begin" : 570,
      "end" : 573,
      "text" : "her",
      "whiteSpace" : false
    }, {
      "id" : "s7-t6",
      "begin" : 574,
      "end" : 580,
      "text" : "collar",
      "whiteSpace" : false
    }, {
      "id" : "s7-t7",
      "begin" : 580,
      "end" : 581,
      "text" : ",",
      "whiteSpace" : false
    }, {
      "id" : "s7-t8",
      "begin" : 582,
      "end" : 589,
      "text" : "several",
      "whiteSpace" : false
    }, {
      "id" : "s7-t9",
      "begin" : 590,
      "end" : 595,
      "text" : "times",
      "whiteSpace" : false
    }, {
      "id" : "s7-t10",
      "begin" : 596,
      "end" : 597,
      "text" : "a",
      "whiteSpace" : false
    }, {
      "id" : "s7-t11",
      "begin" : 598,
      "end" : 601,
      "text" : "day",
      "whiteSpace" : false
    }, {
      "id" : "s7-t12",
      "begin" : 602,
      "end" : 603,
      "text" : "I",
      "whiteSpace" : false
    }, {
      "id" : "s7-t13",
      "begin" : 603,
      "end" : 605,
      "text" : "'d",
      "whiteSpace" : false
    }, {
      "id" : "s7-t14",
      "begin" : 606,
      "end" : 614,
      "text" : "activate",
      "whiteSpace" : false
    }, {
      "id" : "s7-t15",
      "begin" : 615,
      "end" : 617,
      "text" : "it",
      "whiteSpace" : false
    }, {
      "id" : "s7-t16",
      "begin" : 618,
      "end" : 622,
      "text" : "with",
      "whiteSpace" : false
    }, {
      "id" : "s7-t17",
      "begin" : 623,
      "end" : 626,
      "text" : "her",
      "whiteSpace" : false
    }, {
      "id" : "s7-t18",
      "begin" : 627,
      "end" : 633,
      "text" : "nearby",
      "whiteSpace" : false
    }, {
      "id" : "s7-t19",
      "begin" : 634,
      "end" : 636,
      "text" : "so",
      "whiteSpace" : false
    }, {
      "id" : "s7-t20",
      "begin" : 637,
      "end" : 639,
      "text" : "it",
      "whiteSpace" : false
    }, {
      "id" : "s7-t21",
      "begin" : 640,
      "end" : 645,
      "text" : "plays",
      "whiteSpace" : false
    }, {
      "id" : "s7-t22",
      "begin" : 646,
      "end" : 649,
      "text" : "its",
      "whiteSpace" : false
    }, {
      "id" : "s7-t23",
      "begin" : 650,
      "end" : 654,
      "text" : "tune",
      "whiteSpace" : false
    }, {
      "id" : "s7-t24",
      "begin" : 654,
      "end" : 655,
      "text" : ",",
      "whiteSpace" : false
    }, {
      "id" : "s7-t25",
      "begin" : 656,
      "end" : 659,
      "text" : "and",
      "whiteSpace" : false
    }, {
      "id" : "s7-t26",
      "begin" : 660,
      "end" : 661,
      "text" : "I",
      "whiteSpace" : false
    }, {
      "id" : "s7-t27",
      "begin" : 661,
      "end" : 663,
      "text" : "'d",
      "whiteSpace" : false
    }, {
      "id" : "s7-t28",
      "begin" : 664,
      "end" : 668,
      "text" : "give",
      "whiteSpace" : false
    }, {
      "id" : "s7-t29",
      "begin" : 669,
      "end" : 672,
      "text" : "her",
      "whiteSpace" : false
    }, {
      "id" : "s7-t30",
      "begin" : 673,
      "end" : 674,
      "text" : "a",
      "whiteSpace" : false
    }, {
      "id" : "s7-t31",
      "begin" : 675,
      "end" : 680,
      "text" : "treat",
      "whiteSpace" : false
    }, {
      "id" : "s7-t32",
      "begin" : 680,
      "end" : 681,
      "text" : ".",
      "whiteSpace" : false
    } ]
  }, {
    "id" : "s8",
    "begin" : 682,
    "end" : 744,
    "text" : "Hoping she'd learn to hear the tune and come home for a treat.",
    "tokens" : [ {
      "id" : "s8-t0",
      "begin" : 682,
      "end" : 688,
      "text" : "Hoping",
      "whiteSpace" : false
    }, {
      "id" : "s8-t1",
      "begin" : 689,
      "end" : 692,
      "text" : "she",
      "whiteSpace" : false
    }, {
      "id" : "s8-t2",
      "begin" : 692,
      "end" : 694,
      "text" : "'d",
      "whiteSpace" : false
    }, {
      "id" : "s8-t3",
      "begin" : 695,
      "end" : 700,
      "text" : "learn",
      "whiteSpace" : false
    }, {
      "id" : "s8-t4",
      "begin" : 701,
      "end" : 703,
      "text" : "to",
      "whiteSpace" : false
    }, {
      "id" : "s8-t5",
      "begin" : 704,
      "end" : 708,
      "text" : "hear",
      "whiteSpace" : false
    }, {
      "id" : "s8-t6",
      "begin" : 709,
      "end" : 712,
      "text" : "the",
      "whiteSpace" : false
    }, {
      "id" : "s8-t7",
      "begin" : 713,
      "end" : 717,
      "text" : "tune",
      "whiteSpace" : false
    }, {
      "id" : "s8-t8",
      "begin" : 718,
      "end" : 721,
      "text" : "and",
      "whiteSpace" : false
    }, {
      "id" : "s8-t9",
      "begin" : 722,
      "end" : 726,
      "text" : "come",
      "whiteSpace" : false
    }, {
      "id" : "s8-t10",
      "begin" : 727,
      "end" : 731,
      "text" : "home",
      "whiteSpace" : false
    }, {
      "id" : "s8-t11",
      "begin" : 732,
      "end" : 735,
      "text" : "for",
      "whiteSpace" : false
    }, {
      "id" : "s8-t12",
      "begin" : 736,
      "end" : 737,
      "text" : "a",
      "whiteSpace" : false
    }, {
      "id" : "s8-t13",
      "begin" : 738,
      "end" : 743,
      "text" : "treat",
      "whiteSpace" : false
    }, {
      "id" : "s8-t14",
      "begin" : 743,
      "end" : 744,
      "text" : ".",
      "whiteSpace" : false
    } ]
  }, {
    "id" : "s9",
    "begin" : 745,
    "end" : 767,
    "text" : "Well that part worked.",
    "tokens" : [ {
      "id" : "s9-t0",
      "begin" : 745,
      "end" : 749,
      "text" : "Well",
      "whiteSpace" : false
    }, {
      "id" : "s9-t1",
      "begin" : 750,
      "end" : 754,
      "text" : "that",
      "whiteSpace" : false
    }, {
      "id" : "s9-t2",
      "begin" : 755,
      "end" : 759,
      "text" : "part",
      "whiteSpace" : false
    }, {
      "id" : "s9-t3",
      "begin" : 760,
      "end" : 766,
      "text" : "worked",
      "whiteSpace" : false
    }, {
      "id" : "s9-t4",
      "begin" : 766,
      "end" : 767,
      "text" : ".",
      "whiteSpace" : false
    } ]
  }, {
    "id" : "s10",
    "begin" : 768,
    "end" : 853,
    "text" : "When she's in range, I click \"find\" to play the tune and she runs home for her treat.",
    "tokens" : [ {
      "id" : "s10-t0",
      "begin" : 768,
      "end" : 772,
      "text" : "When",
      "whiteSpace" : false
    }, {
      "id" : "s10-t1",
      "begin" : 773,
      "end" : 776,
      "text" : "she",
      "whiteSpace" : false
    }, {
      "id" : "s10-t2",
      "begin" : 776,
      "end" : 778,
      "text" : "'s",
      "whiteSpace" : false
    }, {
      "id" : "s10-t3",
      "begin" : 779,
      "end" : 781,
      "text" : "in",
      "whiteSpace" : false
    }, {
      "id" : "s10-t4",
      "begin" : 782,
      "end" : 787,
      "text" : "range",
      "whiteSpace" : false
    }, {
      "id" : "s10-t5",
      "begin" : 787,
      "end" : 788,
      "text" : ",",
      "whiteSpace" : false
    }, {
      "id" : "s10-t6",
      "begin" : 789,
      "end" : 790,
      "text" : "I",
      "whiteSpace" : false
    }, {
      "id" : "s10-t7",
      "begin" : 791,
      "end" : 796,
      "text" : "click",
      "whiteSpace" : false
    }, {
      "id" : "s10-t8",
      "begin" : 797,
      "end" : 798,
      "text" : "\"",
      "whiteSpace" : false
    }, {
      "id" : "s10-t9",
      "begin" : 798,
      "end" : 802,
      "text" : "find",
      "whiteSpace" : false
    }, {
      "id" : "s10-t10",
      "begin" : 802,
      "end" : 803,
      "text" : "\"",
      "whiteSpace" : false
    }, {
      "id" : "s10-t11",
      "begin" : 804,
      "end" : 806,
      "text" : "to",
      "whiteSpace" : false
    }, {
      "id" : "s10-t12",
      "begin" : 807,
      "end" : 811,
      "text" : "play",
      "whiteSpace" : false
    }, {
      "id" : "s10-t13",
      "begin" : 812,
      "end" : 815,
      "text" : "the",
      "whiteSpace" : false
    }, {
      "id" : "s10-t14",
      "begin" : 816,
      "end" : 820,
      "text" : "tune",
      "whiteSpace" : false
    }, {
      "id" : "s10-t15",
      "begin" : 821,
      "end" : 824,
      "text" : "and",
      "whiteSpace" : false
    }, {
      "id" : "s10-t16",
      "begin" : 825,
      "end" : 828,
      "text" : "she",
      "whiteSpace" : false
    }, {
      "id" : "s10-t17",
      "begin" : 829,
      "end" : 833,
      "text" : "runs",
      "whiteSpace" : false
    }, {
      "id" : "s10-t18",
      "begin" : 834,
      "end" : 838,
      "text" : "home",
      "whiteSpace" : false
    }, {
      "id" : "s10-t19",
      "begin" : 839,
      "end" : 842,
      "text" : "for",
      "whiteSpace" : false
    }, {
      "id" : "s10-t20",
      "begin" : 843,
      "end" : 846,
      "text" : "her",
      "whiteSpace" : false
    }, {
      "id" : "s10-t21",
      "begin" : 847,
      "end" : 852,
      "text" : "treat",
      "whiteSpace" : false
    }, {
      "id" : "s10-t22",
      "begin" : 852,
      "end" : 853,
      "text" : ".",
      "whiteSpace" : false
    } ]
  }, {
    "id" : "s11",
    "begin" : 854,
    "end" : 946,
    "text" : "Or perhaps she's running home because she's freaked out about this music that's chasing her.",
    "tokens" : [ {
      "id" : "s11-t0",
      "begin" : 854,
      "end" : 856,
      "text" : "Or",
      "whiteSpace" : false
    }, {
      "id" : "s11-t1",
      "begin" : 857,
      "end" : 864,
      "text" : "perhaps",
      "whiteSpace" : false
    }, {
      "id" : "s11-t2",
      "begin" : 865,
      "end" : 868,
      "text" : "she",
      "whiteSpace" : false
    }, {
      "id" : "s11-t3",
      "begin" : 868,
      "end" : 870,
      "text" : "'s",
      "whiteSpace" : false
    }, {
      "id" : "s11-t4",
      "begin" : 871,
      "end" : 878,
      "text" : "running",
      "whiteSpace" : false
    }, {
      "id" : "s11-t5",
      "begin" : 879,
      "end" : 883,
      "text" : "home",
      "whiteSpace" : false
    }, {
      "id" : "s11-t6",
      "begin" : 884,
      "end" : 891,
      "text" : "because",
      "whiteSpace" : false
    }, {
      "id" : "s11-t7",
      "begin" : 892,
      "end" : 895,
      "text" : "she",
      "whiteSpace" : false
    }, {
      "id" : "s11-t8",
      "begin" : 895,
      "end" : 897,
      "text" : "'s",
      "whiteSpace" : false
    }, {
      "id" : "s11-t9",
      "begin" : 898,
      "end" : 905,
      "text" : "freaked",
      "whiteSpace" : false
    }, {
      "id" : "s11-t10",
      "begin" : 906,
      "end" : 909,
      "text" : "out",
      "whiteSpace" : false
    }, {
      "id" : "s11-t11",
      "begin" : 910,
      "end" : 915,
      "text" : "about",
      "whiteSpace" : false
    }, {
      "id" : "s11-t12",
      "begin" : 916,
      "end" : 920,
      "text" : "this",
      "whiteSpace" : false
    }, {
      "id" : "s11-t13",
      "begin" : 921,
      "end" : 926,
      "text" : "music",
      "whiteSpace" : false
    }, {
      "id" : "s11-t14",
      "begin" : 927,
      "end" : 931,
      "text" : "that",
      "whiteSpace" : false
    }, {
      "id" : "s11-t15",
      "begin" : 931,
      "end" : 933,
      "text" : "'s",
      "whiteSpace" : false
    }, {
      "id" : "s11-t16",
      "begin" : 934,
      "end" : 941,
      "text" : "chasing",
      "whiteSpace" : false
    }, {
      "id" : "s11-t17",
      "begin" : 942,
      "end" : 945,
      "text" : "her",
      "whiteSpace" : false
    }, {
      "id" : "s11-t18",
      "begin" : 945,
      "end" : 946,
      "text" : ".",
      "whiteSpace" : false
    } ]
  }, {
    "id" : "s12",
    "begin" : 947,
    "end" : 967,
    "text" : "Either way, success!",
    "tokens" : [ {
      "id" : "s12-t0",
      "begin" : 947,
      "end" : 953,
      "text" : "Either",
      "whiteSpace" : false
    }, {
      "id" : "s12-t1",
      "begin" : 954,
      "end" : 957,
      "text" : "way",
      "whiteSpace" : false
    }, {
      "id" : "s12-t2",
      "begin" : 957,
      "end" : 958,
      "text" : ",",
      "whiteSpace" : false
    }, {
      "id" : "s12-t3",
      "begin" : 959,
      "end" : 966,
      "text" : "success",
      "whiteSpace" : false
    }, {
      "id" : "s12-t4",
      "begin" : 966,
      "end" : 967,
      "text" : "!",
      "whiteSpace" : false
    } ]
  }, {
    "id" : "s13",
    "begin" : 969,
    "end" : 1055,
    "text" : "The only downfall is that sometimes she's 10 feet away and it will say \"out of range\".",
    "tokens" : [ {
      "id" : "s13-t0",
      "begin" : 969,
      "end" : 972,
      "text" : "The",
      "whiteSpace" : false
    }, {
      "id" : "s13-t1",
      "begin" : 973,
      "end" : 977,
      "text" : "only",
      "whiteSpace" : false
    }, {
      "id" : "s13-t2",
      "begin" : 978,
      "end" : 986,
      "text" : "downfall",
      "whiteSpace" : false
    }, {
      "id" : "s13-t3",
      "begin" : 987,
      "end" : 989,
      "text" : "is",
      "whiteSpace" : false
    }, {
      "id" : "s13-t4",
      "begin" : 990,
      "end" : 994,
      "text" : "that",
      "whiteSpace" : false
    }, {
      "id" : "s13-t5",
      "begin" : 995,
      "end" : 1004,
      "text" : "sometimes",
      "whiteSpace" : false
    }, {
      "id" : "s13-t6",
      "begin" : 1005,
      "end" : 1008,
      "text" : "she",
      "whiteSpace" : false
    }, {
      "id" : "s13-t7",
      "begin" : 1008,
      "end" : 1010,
      "text" : "'s",
      "whiteSpace" : false
    }, {
      "id" : "s13-t8",
      "begin" : 1011,
      "end" : 1013,
      "text" : "10",
      "whiteSpace" : false
    }, {
      "id" : "s13-t9",
      "begin" : 1014,
      "end" : 1018,
      "text" : "feet",
      "whiteSpace" : false
    }, {
      "id" : "s13-t10",
      "begin" : 1019,
      "end" : 1023,
      "text" : "away",
      "whiteSpace" : false
    }, {
      "id" : "s13-t11",
      "begin" : 1024,
      "end" : 1027,
      "text" : "and",
      "whiteSpace" : false
    }, {
      "id" : "s13-t12",
      "begin" : 1028,
      "end" : 1030,
      "text" : "it",
      "whiteSpace" : false
    }, {
      "id" : "s13-t13",
      "begin" : 1031,
      "end" : 1035,
      "text" : "will",
      "whiteSpace" : false
    }, {
      "id" : "s13-t14",
      "begin" : 1036,
      "end" : 1039,
      "text" : "say",
      "whiteSpace" : false
    }, {
      "id" : "s13-t15",
      "begin" : 1040,
      "end" : 1041,
      "text" : "\"",
      "whiteSpace" : false
    }, {
      "id" : "s13-t16",
      "begin" : 1041,
      "end" : 1044,
      "text" : "out",
      "whiteSpace" : false
    }, {
      "id" : "s13-t17",
      "begin" : 1045,
      "end" : 1047,
      "text" : "of",
      "whiteSpace" : false
    }, {
      "id" : "s13-t18",
      "begin" : 1048,
      "end" : 1053,
      "text" : "range",
      "whiteSpace" : false
    }, {
      "id" : "s13-t19",
      "begin" : 1053,
      "end" : 1054,
      "text" : "\"",
      "whiteSpace" : false
    }, {
      "id" : "s13-t20",
      "begin" : 1054,
      "end" : 1055,
      "text" : ".",
      "whiteSpace" : false
    } ]
  }, {
    "id" : "s14",
    "begin" : 1056,
    "end" : 1158,
    "text" : "If I stand there long enough it does usually connect, but it's frustrating to wait for it to catch up.",
    "tokens" : [ {
      "id" : "s14-t0",
      "begin" : 1056,
      "end" : 1058,
      "text" : "If",
      "whiteSpace" : false
    }, {
      "id" : "s14-t1",
      "begin" : 1059,
      "end" : 1060,
      "text" : "I",
      "whiteSpace" : false
    }, {
      "id" : "s14-t2",
      "begin" : 1061,
      "end" : 1066,
      "text" : "stand",
      "whiteSpace" : false
    }, {
      "id" : "s14-t3",
      "begin" : 1067,
      "end" : 1072,
      "text" : "there",
      "whiteSpace" : false
    }, {
      "id" : "s14-t4",
      "begin" : 1073,
      "end" : 1077,
      "text" : "long",
      "whiteSpace" : false
    }, {
      "id" : "s14-t5",
      "begin" : 1078,
      "end" : 1084,
      "text" : "enough",
      "whiteSpace" : false
    }, {
      "id" : "s14-t6",
      "begin" : 1085,
      "end" : 1087,
      "text" : "it",
      "whiteSpace" : false
    }, {
      "id" : "s14-t7",
      "begin" : 1088,
      "end" : 1092,
      "text" : "does",
      "whiteSpace" : false
    }, {
      "id" : "s14-t8",
      "begin" : 1093,
      "end" : 1100,
      "text" : "usually",
      "whiteSpace" : false
    }, {
      "id" : "s14-t9",
      "begin" : 1101,
      "end" : 1108,
      "text" : "connect",
      "whiteSpace" : false
    }, {
      "id" : "s14-t10",
      "begin" : 1108,
      "end" : 1109,
      "text" : ",",
      "whiteSpace" : false
    }, {
      "id" : "s14-t11",
      "begin" : 1110,
      "end" : 1113,
      "text" : "but",
      "whiteSpace" : false
    }, {
      "id" : "s14-t12",
      "begin" : 1114,
      "end" : 1116,
      "text" : "it",
      "whiteSpace" : false
    }, {
      "id" : "s14-t13",
      "begin" : 1116,
      "end" : 1118,
      "text" : "'s",
      "whiteSpace" : false
    }, {
      "id" : "s14-t14",
      "begin" : 1119,
      "end" : 1130,
      "text" : "frustrating",
      "whiteSpace" : false
    }, {
      "id" : "s14-t15",
      "begin" : 1131,
      "end" : 1133,
      "text" : "to",
      "whiteSpace" : false
    }, {
      "id" : "s14-t16",
      "begin" : 1134,
      "end" : 1138,
      "text" : "wait",
      "whiteSpace" : false
    }, {
      "id" : "s14-t17",
      "begin" : 1139,
      "end" : 1142,
      "text" : "for",
      "whiteSpace" : false
    }, {
      "id" : "s14-t18",
      "begin" : 1143,
      "end" : 1145,
      "text" : "it",
      "whiteSpace" : false
    }, {
      "id" : "s14-t19",
      "begin" : 1146,
      "end" : 1148,
      "text" : "to",
      "whiteSpace" : false
    }, {
      "id" : "s14-t20",
      "begin" : 1149,
      "end" : 1154,
      "text" : "catch",
      "whiteSpace" : false
    }, {
      "id" : "s14-t21",
      "begin" : 1155,
      "end" : 1157,
      "text" : "up",
      "whiteSpace" : false
    }, {
      "id" : "s14-t22",
      "begin" : 1157,
      "end" : 1158,
      "text" : ".",
      "whiteSpace" : false
    } ]
  }, {
    "id" : "s15",
    "begin" : 1159,
    "end" : 1268,
    "text" : "Also, the dotted circle that's supposed to tell you if you're getting hot or cold isn't always very accurate.",
    "tokens" : [ {
      "id" : "s15-t0",
      "begin" : 1159,
      "end" : 1163,
      "text" : "Also",
      "whiteSpace" : false
    }, {
      "id" : "s15-t1",
      "begin" : 1163,
      "end" : 1164,
      "text" : ",",
      "whiteSpace" : false
    }, {
      "id" : "s15-t2",
      "begin" : 1165,
      "end" : 1168,
      "text" : "the",
      "whiteSpace" : false
    }, {
      "id" : "s15-t3",
      "begin" : 1169,
      "end" : 1175,
      "text" : "dotted",
      "whiteSpace" : false
    }, {
      "id" : "s15-t4",
      "begin" : 1176,
      "end" : 1182,
      "text" : "circle",
      "whiteSpace" : false
    }, {
      "id" : "s15-t5",
      "begin" : 1183,
      "end" : 1187,
      "text" : "that",
      "whiteSpace" : false
    }, {
      "id" : "s15-t6",
      "begin" : 1187,
      "end" : 1189,
      "text" : "'s",
      "whiteSpace" : false
    }, {
      "id" : "s15-t7",
      "begin" : 1190,
      "end" : 1198,
      "text" : "supposed",
      "whiteSpace" : false
    }, {
      "id" : "s15-t8",
      "begin" : 1199,
      "end" : 1201,
      "text" : "to",
      "whiteSpace" : false
    }, {
      "id" : "s15-t9",
      "begin" : 1202,
      "end" : 1206,
      "text" : "tell",
      "whiteSpace" : false
    }, {
      "id" : "s15-t10",
      "begin" : 1207,
      "end" : 1210,
      "text" : "you",
      "whiteSpace" : false
    }, {
      "id" : "s15-t11",
      "begin" : 1211,
      "end" : 1213,
      "text" : "if",
      "whiteSpace" : false
    }, {
      "id" : "s15-t12",
      "begin" : 1214,
      "end" : 1217,
      "text" : "you",
      "whiteSpace" : false
    }, {
      "id" : "s15-t13",
      "begin" : 1217,
      "end" : 1220,
      "text" : "'re",
      "whiteSpace" : false
    }, {
      "id" : "s15-t14",
      "begin" : 1221,
      "end" : 1228,
      "text" : "getting",
      "whiteSpace" : false
    }, {
      "id" : "s15-t15",
      "begin" : 1229,
      "end" : 1232,
      "text" : "hot",
      "whiteSpace" : false
    }, {
      "id" : "s15-t16",
      "begin" : 1233,
      "end" : 1235,
      "text" : "or",
      "whiteSpace" : false
    }, {
      "id" : "s15-t17",
      "begin" : 1236,
      "end" : 1240,
      "text" : "cold",
      "whiteSpace" : false
    }, {
      "id" : "s15-t18",
      "begin" : 1241,
      "end" : 1243,
      "text" : "is",
      "whiteSpace" : false
    }, {
      "id" : "s15-t19",
      "begin" : 1243,
      "end" : 1246,
      "text" : "n't",
      "whiteSpace" : false
    }, {
      "id" : "s15-t20",
      "begin" : 1247,
      "end" : 1253,
      "text" : "always",
      "whiteSpace" : false
    }, {
      "id" : "s15-t21",
      "begin" : 1254,
      "end" : 1258,
      "text" : "very",
      "whiteSpace" : false
    }, {
      "id" : "s15-t22",
      "begin" : 1259,
      "end" : 1267,
      "text" : "accurate",
      "whiteSpace" : false
    }, {
      "id" : "s15-t23",
      "begin" : 1267,
      "end" : 1268,
      "text" : ".",
      "whiteSpace" : false
    } ]
  }, {
    "id" : "s16",
    "begin" : 1269,
    "end" : 1365,
    "text" : "So I find myself walking back and forth quite a bit feeling like I'm being punk'd by my own cat.",
    "tokens" : [ {
      "id" : "s16-t0",
      "begin" : 1269,
      "end" : 1271,
      "text" : "So",
      "whiteSpace" : false
    }, {
      "id" : "s16-t1",
      "begin" : 1272,
      "end" : 1273,
      "text" : "I",
      "whiteSpace" : false
    }, {
      "id" : "s16-t2",
      "begin" : 1274,
      "end" : 1278,
      "text" : "find",
      "whiteSpace" : false
    }, {
      "id" : "s16-t3",
      "begin" : 1279,
      "end" : 1285,
      "text" : "myself",
      "whiteSpace" : false
    }, {
      "id" : "s16-t4",
      "begin" : 1286,
      "end" : 1293,
      "text" : "walking",
      "whiteSpace" : false
    }, {
      "id" : "s16-t5",
      "begin" : 1294,
      "end" : 1298,
      "text" : "back",
      "whiteSpace" : false
    }, {
      "id" : "s16-t6",
      "begin" : 1299,
      "end" : 1302,
      "text" : "and",
      "whiteSpace" : false
    }, {
      "id" : "s16-t7",
      "begin" : 1303,
      "end" : 1308,
      "text" : "forth",
      "whiteSpace" : false
    }, {
      "id" : "s16-t8",
      "begin" : 1309,
      "end" : 1314,
      "text" : "quite",
      "whiteSpace" : false
    }, {
      "id" : "s16-t9",
      "begin" : 1315,
      "end" : 1316,
      "text" : "a",
      "whiteSpace" : false
    }, {
      "id" : "s16-t10",
      "begin" : 1317,
      "end" : 1320,
      "text" : "bit",
      "whiteSpace" : false
    }, {
      "id" : "s16-t11",
      "begin" : 1321,
      "end" : 1328,
      "text" : "feeling",
      "whiteSpace" : false
    }, {
      "id" : "s16-t12",
      "begin" : 1329,
      "end" : 1333,
      "text" : "like",
      "whiteSpace" : false
    }, {
      "id" : "s16-t13",
      "begin" : 1334,
      "end" : 1335,
      "text" : "I",
      "whiteSpace" : false
    }, {
      "id" : "s16-t14",
      "begin" : 1335,
      "end" : 1337,
      "text" : "'m",
      "whiteSpace" : false
    }, {
      "id" : "s16-t15",
      "begin" : 1338,
      "end" : 1343,
      "text" : "being",
      "whiteSpace" : false
    }, {
      "id" : "s16-t16",
      "begin" : 1344,
      "end" : 1348,
      "text" : "punk",
      "whiteSpace" : false
    }, {
      "id" : "s16-t17",
      "begin" : 1348,
      "end" : 1350,
      "text" : "'d",
      "whiteSpace" : false
    }, {
      "id" : "s16-t18",
      "begin" : 1351,
      "end" : 1353,
      "text" : "by",
      "whiteSpace" : false
    }, {
      "id" : "s16-t19",
      "begin" : 1354,
      "end" : 1356,
      "text" : "my",
      "whiteSpace" : false
    }, {
      "id" : "s16-t20",
      "begin" : 1357,
      "end" : 1360,
      "text" : "own",
      "whiteSpace" : false
    }, {
      "id" : "s16-t21",
      "begin" : 1361,
      "end" : 1364,
      "text" : "cat",
      "whiteSpace" : false
    }, {
      "id" : "s16-t22",
      "begin" : 1364,
      "end" : 1365,
      "text" : ".",
      "whiteSpace" : false
    } ]
  }, {
    "id" : "s17",
    "begin" : 1367,
    "end" : 1410,
    "text" : "All in all, it's surpassed my expectations.",
    "tokens" : [ {
      "id" : "s17-t0",
      "begin" : 1367,
      "end" : 1370,
      "text" : "All",
      "whiteSpace" : false
    }, {
      "id" : "s17-t1",
      "begin" : 1371,
      "end" : 1373,
      "text" : "in",
      "whiteSpace" : false
    }, {
      "id" : "s17-t2",
      "begin" : 1374,
      "end" : 1377,
      "text" : "all",
      "whiteSpace" : false
    }, {
      "id" : "s17-t3",
      "begin" : 1377,
      "end" : 1378,
      "text" : ",",
      "whiteSpace" : false
    }, {
      "id" : "s17-t4",
      "begin" : 1379,
      "end" : 1381,
      "text" : "it",
      "whiteSpace" : false
    }, {
      "id" : "s17-t5",
      "begin" : 1381,
      "end" : 1383,
      "text" : "'s",
      "whiteSpace" : false
    }, {
      "id" : "s17-t6",
      "begin" : 1384,
      "end" : 1393,
      "text" : "surpassed",
      "whiteSpace" : false
    }, {
      "id" : "s17-t7",
      "begin" : 1394,
      "end" : 1396,
      "text" : "my",
      "whiteSpace" : false
    }, {
      "id" : "s17-t8",
      "begin" : 1397,
      "end" : 1409,
      "text" : "expectations",
      "whiteSpace" : false
    }, {
      "id" : "s17-t9",
      "begin" : 1409,
      "end" : 1410,
      "text" : ".",
      "whiteSpace" : false
    } ]
  }, {
    "id" : "s18",
    "begin" : 1411,
    "end" : 1449,
    "text" : "I've been able to find her every time.",
    "tokens" : [ {
      "id" : "s18-t0",
      "begin" : 1411,
      "end" : 1412,
      "text" : "I",
      "whiteSpace" : false
    }, {
      "id" : "s18-t1",
      "begin" : 1412,
      "end" : 1415,
      "text" : "'ve",
      "whiteSpace" : false
    }, {
      "id" : "s18-t2",
      "begin" : 1416,
      "end" : 1420,
      "text" : "been",
      "whiteSpace" : false
    }, {
      "id" : "s18-t3",
      "begin" : 1421,
      "end" : 1425,
      "text" : "able",
      "whiteSpace" : false
    }, {
      "id" : "s18-t4",
      "begin" : 1426,
      "end" : 1428,
      "text" : "to",
      "whiteSpace" : false
    }, {
      "id" : "s18-t5",
      "begin" : 1429,
      "end" : 1433,
      "text" : "find",
      "whiteSpace" : false
    }, {
      "id" : "s18-t6",
      "begin" : 1434,
      "end" : 1437,
      "text" : "her",
      "whiteSpace" : false
    }, {
      "id" : "s18-t7",
      "begin" : 1438,
      "end" : 1443,
      "text" : "every",
      "whiteSpace" : false
    }, {
      "id" : "s18-t8",
      "begin" : 1444,
      "end" : 1448,
      "text" : "time",
      "whiteSpace" : false
    }, {
      "id" : "s18-t9",
      "begin" : 1448,
      "end" : 1449,
      "text" : ".",
      "whiteSpace" : false
    } ]
  }, {
    "id" : "s19",
    "begin" : 1450,
    "end" : 1523,
    "text" : "Sometimes it takes a lot longer since it has trouble connecting at times.",
    "tokens" : [ {
      "id" : "s19-t0",
      "begin" : 1450,
      "end" : 1459,
      "text" : "Sometimes",
      "whiteSpace" : false
    }, {
      "id" : "s19-t1",
      "begin" : 1460,
      "end" : 1462,
      "text" : "it",
      "whiteSpace" : false
    }, {
      "id" : "s19-t2",
      "begin" : 1463,
      "end" : 1468,
      "text" : "takes",
      "whiteSpace" : false
    }, {
      "id" : "s19-t3",
      "begin" : 1469,
      "end" : 1470,
      "text" : "a",
      "whiteSpace" : false
    }, {
      "id" : "s19-t4",
      "begin" : 1471,
      "end" : 1474,
      "text" : "lot",
      "whiteSpace" : false
    }, {
      "id" : "s19-t5",
      "begin" : 1475,
      "end" : 1481,
      "text" : "longer",
      "whiteSpace" : false
    }, {
      "id" : "s19-t6",
      "begin" : 1482,
      "end" : 1487,
      "text" : "since",
      "whiteSpace" : false
    }, {
      "id" : "s19-t7",
      "begin" : 1488,
      "end" : 1490,
      "text" : "it",
      "whiteSpace" : false
    }, {
      "id" : "s19-t8",
      "begin" : 1491,
      "end" : 1494,
      "text" : "has",
      "whiteSpace" : false
    }, {
      "id" : "s19-t9",
      "begin" : 1495,
      "end" : 1502,
      "text" : "trouble",
      "whiteSpace" : false
    }, {
      "id" : "s19-t10",
      "begin" : 1503,
      "end" : 1513,
      "text" : "connecting",
      "whiteSpace" : false
    }, {
      "id" : "s19-t11",
      "begin" : 1514,
      "end" : 1516,
      "text" : "at",
      "whiteSpace" : false
    }, {
      "id" : "s19-t12",
      "begin" : 1517,
      "end" : 1522,
      "text" : "times",
      "whiteSpace" : false
    }, {
      "id" : "s19-t13",
      "begin" : 1522,
      "end" : 1523,
      "text" : ".",
      "whiteSpace" : false
    } ]
  }, {
    "id" : "s20",
    "begin" : 1524,
    "end" : 1692,
    "text" : "I'd give it 4.5 stars if I could, but since I can't, I'll give it 5 since I'm using it for something it's not even advertised to do, and it's still doing it quite well.",
    "tokens" : [ {
      "id" : "s20-t0",
      "begin" : 1524,
      "end" : 1525,
      "text" : "I",
      "whiteSpace" : false
    }, {
      "id" : "s20-t1",
      "begin" : 1525,
      "end" : 1527,
      "text" : "'d",
      "whiteSpace" : false
    }, {
      "id" : "s20-t2",
      "begin" : 1528,
      "end" : 1532,
      "text" : "give",
      "whiteSpace" : false
    }, {
      "id" : "s20-t3",
      "begin" : 1533,
      "end" : 1535,
      "text" : "it",
      "whiteSpace" : false
    }, {
      "id" : "s20-t4",
      "begin" : 1536,
      "end" : 1539,
      "text" : "4.5",
      "whiteSpace" : false
    }, {
      "id" : "s20-t5",
      "begin" : 1540,
      "end" : 1545,
      "text" : "stars",
      "whiteSpace" : false
    }, {
      "id" : "s20-t6",
      "begin" : 1546,
      "end" : 1548,
      "text" : "if",
      "whiteSpace" : false
    }, {
      "id" : "s20-t7",
      "begin" : 1549,
      "end" : 1550,
      "text" : "I",
      "whiteSpace" : false
    }, {
      "id" : "s20-t8",
      "begin" : 1551,
      "end" : 1556,
      "text" : "could",
      "whiteSpace" : false
    }, {
      "id" : "s20-t9",
      "begin" : 1556,
      "end" : 1557,
      "text" : ",",
      "whiteSpace" : false
    }, {
      "id" : "s20-t10",
      "begin" : 1558,
      "end" : 1561,
      "text" : "but",
      "whiteSpace" : false
    }, {
      "id" : "s20-t11",
      "begin" : 1562,
      "end" : 1567,
      "text" : "since",
      "whiteSpace" : false
    }, {
      "id" : "s20-t12",
      "begin" : 1568,
      "end" : 1569,
      "text" : "I",
      "whiteSpace" : false
    }, {
      "id" : "s20-t13",
      "begin" : 1570,
      "end" : 1572,
      "text" : "ca",
      "whiteSpace" : false
    }, {
      "id" : "s20-t14",
      "begin" : 1572,
      "end" : 1575,
      "text" : "n't",
      "whiteSpace" : false
    }, {
      "id" : "s20-t15",
      "begin" : 1575,
      "end" : 1576,
      "text" : ",",
      "whiteSpace" : false
    }, {
      "id" : "s20-t16",
      "begin" : 1577,
      "end" : 1578,
      "text" : "I",
      "whiteSpace" : false
    }, {
      "id" : "s20-t17",
      "begin" : 1578,
      "end" : 1581,
      "text" : "'ll",
      "whiteSpace" : false
    }, {
      "id" : "s20-t18",
      "begin" : 1582,
      "end" : 1586,
      "text" : "give",
      "whiteSpace" : false
    }, {
      "id" : "s20-t19",
      "begin" : 1587,
      "end" : 1589,
      "text" : "it",
      "whiteSpace" : false
    }, {
      "id" : "s20-t20",
      "begin" : 1590,
      "end" : 1591,
      "text" : "5",
      "whiteSpace" : false
    }, {
      "id" : "s20-t21",
      "begin" : 1592,
      "end" : 1597,
      "text" : "since",
      "whiteSpace" : false
    }, {
      "id" : "s20-t22",
      "begin" : 1598,
      "end" : 1599,
      "text" : "I",
      "whiteSpace" : false
    }, {
      "id" : "s20-t23",
      "begin" : 1599,
      "end" : 1601,
      "text" : "'m",
      "whiteSpace" : false
    }, {
      "id" : "s20-t24",
      "begin" : 1602,
      "end" : 1607,
      "text" : "using",
      "whiteSpace" : false
    }, {
      "id" : "s20-t25",
      "begin" : 1608,
      "end" : 1610,
      "text" : "it",
      "whiteSpace" : false
    }, {
      "id" : "s20-t26",
      "begin" : 1611,
      "end" : 1614,
      "text" : "for",
      "whiteSpace" : false
    }, {
      "id" : "s20-t27",
      "begin" : 1615,
      "end" : 1624,
      "text" : "something",
      "whiteSpace" : false
    }, {
      "id" : "s20-t28",
      "begin" : 1625,
      "end" : 1627,
      "text" : "it",
      "whiteSpace" : false
    }, {
      "id" : "s20-t29",
      "begin" : 1627,
      "end" : 1629,
      "text" : "'s",
      "whiteSpace" : false
    }, {
      "id" : "s20-t30",
      "begin" : 1630,
      "end" : 1633,
      "text" : "not",
      "whiteSpace" : false
    }, {
      "id" : "s20-t31",
      "begin" : 1634,
      "end" : 1638,
      "text" : "even",
      "whiteSpace" : false
    }, {
      "id" : "s20-t32",
      "begin" : 1639,
      "end" : 1649,
      "text" : "advertised",
      "whiteSpace" : false
    }, {
      "id" : "s20-t33",
      "begin" : 1650,
      "end" : 1652,
      "text" : "to",
      "whiteSpace" : false
    }, {
      "id" : "s20-t34",
      "begin" : 1653,
      "end" : 1655,
      "text" : "do",
      "whiteSpace" : false
    }, {
      "id" : "s20-t35",
      "begin" : 1655,
      "end" : 1656,
      "text" : ",",
      "whiteSpace" : false
    }, {
      "id" : "s20-t36",
      "begin" : 1657,
      "end" : 1660,
      "text" : "and",
      "whiteSpace" : false
    }, {
      "id" : "s20-t37",
      "begin" : 1661,
      "end" : 1663,
      "text" : "it",
      "whiteSpace" : false
    }, {
      "id" : "s20-t38",
      "begin" : 1663,
      "end" : 1665,
      "text" : "'s",
      "whiteSpace" : false
    }, {
      "id" : "s20-t39",
      "begin" : 1666,
      "end" : 1671,
      "text" : "still",
      "whiteSpace" : false
    }, {
      "id" : "s20-t40",
      "begin" : 1672,
      "end" : 1677,
      "text" : "doing",
      "whiteSpace" : false
    }, {
      "id" : "s20-t41",
      "begin" : 1678,
      "end" : 1680,
      "text" : "it",
      "whiteSpace" : false
    }, {
      "id" : "s20-t42",
      "begin" : 1681,
      "end" : 1686,
      "text" : "quite",
      "whiteSpace" : false
    }, {
      "id" : "s20-t43",
      "begin" : 1687,
      "end" : 1691,
      "text" : "well",
      "whiteSpace" : false
    }, {
      "id" : "s20-t44",
      "begin" : 1691,
      "end" : 1692,
      "text" : ".",
      "whiteSpace" : false
    } ]
  } ],
  "mentions" : [ {
    "id" : "544806306733312__113200145-M0",
    "properties" : {
      "SIRE_MENTION_CLASS" : "SPC",
      "SIRE_ENTITY_CLASS" : "SPC",
      "SIRE_MENTION_ROLE" : "Consumer",
      "SIRE_MENTION_TYPE" : "NONE",
      "SIRE_ENTITY_LEVEL" : "NONE",
      "SIRE_ENTITY_SUBTYPE" : "NONE"
    },
    "type" : "Consumer",
    "begin" : 0,
    "end" : 1,
    "inCoref" : true
  }, {
    "id" : "s0-m2",
    "properties" : {
      "SIRE_MENTION_ROLE" : "Product",
      "SIRE_ENTITY_SUBTYPE" : "NONE",
      "SIRE_MENTION_TYPE" : "NONE",
      "SIRE_MENTION_CLASS" : "SPC"
    },
    "type" : "Product",
    "begin" : 9,
    "end" : 13,
    "inCoref" : true
  }, {
    "id" : "s0-m3",
    "properties" : {
      "SIRE_MENTION_ROLE" : "Feature",
      "SIRE_ENTITY_SUBTYPE" : "NONE",
      "SIRE_MENTION_TYPE" : "NONE",
      "SIRE_MENTION_CLASS" : "SPC"
    },
    "type" : "Feature",
    "begin" : 19,
    "end" : 30,
    "inCoref" : false
  }, {
    "id" : "s0-m4",
    "properties" : {
      "SIRE_MENTION_ROLE" : "Product",
      "SIRE_ENTITY_SUBTYPE" : "NONE",
      "SIRE_MENTION_TYPE" : "NONE",
      "SIRE_MENTION_CLASS" : "SPC"
    },
    "type" : "Product",
    "begin" : 76,
    "end" : 78,
    "inCoref" : true
  }, {
    "id" : "544806306733312__113200145-M1",
    "properties" : {
      "SIRE_MENTION_CLASS" : "SPC",
      "SIRE_ENTITY_CLASS" : "SPC",
      "SIRE_MENTION_ROLE" : "Consumer",
      "SIRE_MENTION_TYPE" : "NONE",
      "SIRE_ENTITY_LEVEL" : "NONE",
      "SIRE_ENTITY_SUBTYPE" : "NONE"
    },
    "type" : "Consumer",
    "begin" : 93,
    "end" : 94,
    "inCoref" : true
  }, {
    "id" : "544806306733312__113200145-M2",
    "properties" : {
      "SIRE_MENTION_CLASS" : "SPC",
      "SIRE_ENTITY_CLASS" : "SPC",
      "SIRE_MENTION_ROLE" : "Consumer",
      "SIRE_MENTION_TYPE" : "NONE",
      "SIRE_ENTITY_LEVEL" : "NONE",
      "SIRE_ENTITY_SUBTYPE" : "NONE"
    },
    "type" : "Consumer",
    "begin" : 151,
    "end" : 152,
    "inCoref" : true
  }, {
    "id" : "s2-m4",
    "properties" : {
      "SIRE_MENTION_ROLE" : "Feature",
      "SIRE_ENTITY_SUBTYPE" : "NONE",
      "SIRE_MENTION_TYPE" : "NONE",
      "SIRE_MENTION_CLASS" : "SPC"
    },
    "type" : "Feature",
    "begin" : 168,
    "end" : 183,
    "inCoref" : false
  }, {
    "id" : "544806306733312__113200145-M3",
    "properties" : {
      "SIRE_MENTION_CLASS" : "SPC",
      "SIRE_ENTITY_CLASS" : "SPC",
      "SIRE_MENTION_ROLE" : "Consumer",
      "SIRE_MENTION_TYPE" : "NONE",
      "SIRE_ENTITY_LEVEL" : "NONE",
      "SIRE_ENTITY_SUBTYPE" : "NONE"
    },
    "type" : "Consumer",
    "begin" : 186,
    "end" : 188,
    "inCoref" : true
  }, {
    "id" : "544806306733312__113200145-M4",
    "properties" : {
      "SIRE_MENTION_CLASS" : "SPC",
      "SIRE_ENTITY_CLASS" : "SPC",
      "SIRE_MENTION_ROLE" : "Consumer",
      "SIRE_MENTION_TYPE" : "NONE",
      "SIRE_ENTITY_LEVEL" : "NONE",
      "SIRE_ENTITY_SUBTYPE" : "NONE"
    },
    "type" : "Consumer",
    "begin" : 211,
    "end" : 212,
    "inCoref" : true
  }, {
    "id" : "544806306733312__113200145-M5",
    "properties" : {
      "SIRE_MENTION_CLASS" : "SPC",
      "SIRE_ENTITY_CLASS" : "SPC",
      "SIRE_MENTION_ROLE" : "Consumer",
      "SIRE_MENTION_TYPE" : "NONE",
      "SIRE_ENTITY_LEVEL" : "NONE",
      "SIRE_ENTITY_SUBTYPE" : "NONE"
    },
    "type" : "Consumer",
    "begin" : 243,
    "end" : 244,
    "inCoref" : true
  }, {
    "id" : "s3-m6",
    "properties" : {
      "SIRE_MENTION_ROLE" : "Product",
      "SIRE_ENTITY_SUBTYPE" : "NONE",
      "SIRE_MENTION_TYPE" : "NONE",
      "SIRE_MENTION_CLASS" : "SPC"
    },
    "type" : "Product",
    "begin" : 252,
    "end" : 254,
    "inCoref" : true
  }, {
    "id" : "s3-m7",
    "properties" : {
      "SIRE_MENTION_ROLE" : "Product",
      "SIRE_ENTITY_SUBTYPE" : "NONE",
      "SIRE_MENTION_TYPE" : "NONE",
      "SIRE_MENTION_CLASS" : "SPC"
    },
    "type" : "Product",
    "begin" : 311,
    "end" : 313,
    "inCoref" : true
  }, {
    "id" : "544806306733312__113200145-M6",
    "properties" : {
      "SIRE_MENTION_CLASS" : "SPC",
      "SIRE_ENTITY_CLASS" : "SPC",
      "SIRE_MENTION_ROLE" : "Consumer",
      "SIRE_MENTION_TYPE" : "NONE",
      "SIRE_ENTITY_LEVEL" : "NONE",
      "SIRE_ENTITY_SUBTYPE" : "NONE"
    },
    "type" : "Consumer",
    "begin" : 325,
    "end" : 327,
    "inCoref" : true
  }, {
    "id" : "544806306733312__113200145-M7",
    "properties" : {
      "SIRE_MENTION_CLASS" : "SPC",
      "SIRE_ENTITY_CLASS" : "SPC",
      "SIRE_MENTION_ROLE" : "Consumer",
      "SIRE_MENTION_TYPE" : "NONE",
      "SIRE_ENTITY_LEVEL" : "NONE",
      "SIRE_ENTITY_SUBTYPE" : "NONE"
    },
    "type" : "Consumer",
    "begin" : 337,
    "end" : 338,
    "inCoref" : true
  }, {
    "id" : "s3-m4",
    "properties" : {
      "SIRE_MENTION_ROLE" : "Product",
      "SIRE_ENTITY_SUBTYPE" : "NONE",
      "SIRE_MENTION_TYPE" : "NONE",
      "SIRE_MENTION_CLASS" : "SPC"
    },
    "type" : "Product",
    "begin" : 363,
    "end" : 365,
    "inCoref" : true
  }, {
    "id" : "s3-m5",
    "properties" : {
      "SIRE_MENTION_ROLE" : "Product",
      "SIRE_ENTITY_SUBTYPE" : "NONE",
      "SIRE_MENTION_TYPE" : "NONE",
      "SIRE_MENTION_CLASS" : "SPC"
    },
    "type" : "Product",
    "begin" : 394,
    "end" : 396,
    "inCoref" : true
  }, {
    "id" : "s3-m9",
    "properties" : {
      "SIRE_MENTION_ROLE" : "Descriptor",
      "SIRE_ENTITY_SUBTYPE" : "NONE",
      "SIRE_MENTION_TYPE" : "NONE",
      "SIRE_MENTION_CLASS" : "SPC"
    },
    "type" : "Descriptor",
    "begin" : 397,
    "end" : 440,
    "inCoref" : false
  }, {
    "id" : "s3-m8",
    "properties" : {
      "SIRE_MENTION_ROLE" : "Feature",
      "SIRE_ENTITY_SUBTYPE" : "NONE",
      "SIRE_MENTION_TYPE" : "NONE",
      "SIRE_MENTION_CLASS" : "SPC"
    },
    "type" : "Feature",
    "begin" : 411,
    "end" : 425,
    "inCoref" : false
  }, {
    "id" : "544806306733312__113200145-M8",
    "properties" : {
      "SIRE_MENTION_CLASS" : "SPC",
      "SIRE_ENTITY_CLASS" : "SPC",
      "SIRE_MENTION_ROLE" : "Consumer",
      "SIRE_MENTION_TYPE" : "NONE",
      "SIRE_ENTITY_LEVEL" : "NONE",
      "SIRE_ENTITY_SUBTYPE" : "NONE"
    },
    "type" : "Consumer",
    "begin" : 442,
    "end" : 443,
    "inCoref" : true
  }, {
    "id" : "544806306733312__113200145-M9",
    "properties" : {
      "SIRE_MENTION_CLASS" : "SPC",
      "SIRE_ENTITY_CLASS" : "SPC",
      "SIRE_MENTION_ROLE" : "Consumer",
      "SIRE_MENTION_TYPE" : "NONE",
      "SIRE_ENTITY_LEVEL" : "NONE",
      "SIRE_ENTITY_SUBTYPE" : "NONE"
    },
    "type" : "Consumer",
    "begin" : 473,
    "end" : 474,
    "inCoref" : true
  }, {
    "id" : "s5-m3",
    "properties" : {
      "SIRE_MENTION_ROLE" : "Descriptor",
      "SIRE_ENTITY_SUBTYPE" : "NONE",
      "SIRE_MENTION_TYPE" : "NONE",
      "SIRE_MENTION_CLASS" : "SPC"
    },
    "type" : "Descriptor",
    "begin" : 493,
    "end" : 506,
    "inCoref" : false
  }, {
    "id" : "s5-m1",
    "properties" : {
      "SIRE_MENTION_ROLE" : "Product",
      "SIRE_ENTITY_SUBTYPE" : "NONE",
      "SIRE_MENTION_TYPE" : "NONE",
      "SIRE_MENTION_CLASS" : "SPC"
    },
    "type" : "Product",
    "begin" : 511,
    "end" : 513,
    "inCoref" : true
  }, {
    "id" : "s5-m2",
    "properties" : {
      "SIRE_MENTION_ROLE" : "Feature",
      "SIRE_ENTITY_SUBTYPE" : "NONE",
      "SIRE_MENTION_TYPE" : "NONE",
      "SIRE_MENTION_CLASS" : "SPC"
    },
    "type" : "Feature",
    "begin" : 520,
    "end" : 537,
    "inCoref" : false
  }, {
    "id" : "s6-m1",
    "properties" : {
      "SIRE_MENTION_ROLE" : "Descriptor",
      "SIRE_ENTITY_SUBTYPE" : "NONE",
      "SIRE_MENTION_TYPE" : "NONE",
      "SIRE_MENTION_CLASS" : "SPC"
    },
    "type" : "Descriptor",
    "begin" : 539,
    "end" : 548,
    "inCoref" : false
  }, {
    "id" : "544806306733312__113200145-M10",
    "properties" : {
      "SIRE_MENTION_CLASS" : "SPC",
      "SIRE_ENTITY_CLASS" : "SPC",
      "SIRE_MENTION_ROLE" : "Consumer",
      "SIRE_MENTION_TYPE" : "NONE",
      "SIRE_ENTITY_LEVEL" : "NONE",
      "SIRE_ENTITY_SUBTYPE" : "NONE"
    },
    "type" : "Consumer",
    "begin" : 558,
    "end" : 559,
    "inCoref" : true
  }, {
    "id" : "s7-m4",
    "properties" : {
      "SIRE_MENTION_ROLE" : "Product",
      "SIRE_ENTITY_SUBTYPE" : "NONE",
      "SIRE_MENTION_TYPE" : "NONE",
      "SIRE_MENTION_CLASS" : "SPC"
    },
    "type" : "Product",
    "begin" : 564,
    "end" : 566,
    "inCoref" : true
  }, {
    "id" : "544806306733312__113200145-M11",
    "properties" : {
      "SIRE_MENTION_CLASS" : "SPC",
      "SIRE_ENTITY_CLASS" : "SPC",
      "SIRE_MENTION_ROLE" : "Consumer",
      "SIRE_MENTION_TYPE" : "NONE",
      "SIRE_ENTITY_LEVEL" : "NONE",
      "SIRE_ENTITY_SUBTYPE" : "NONE"
    },
    "type" : "Consumer",
    "begin" : 602,
    "end" : 603,
    "inCoref" : true
  }, {
    "id" : "s7-m9",
    "properties" : {
      "SIRE_MENTION_ROLE" : "Feature",
      "SIRE_ENTITY_SUBTYPE" : "NONE",
      "SIRE_MENTION_TYPE" : "NONE",
      "SIRE_MENTION_CLASS" : "SPC"
    },
    "type" : "Feature",
    "begin" : 606,
    "end" : 614,
    "inCoref" : false
  }, {
    "id" : "s7-m5",
    "properties" : {
      "SIRE_MENTION_ROLE" : "Product",
      "SIRE_ENTITY_SUBTYPE" : "NONE",
      "SIRE_MENTION_TYPE" : "NONE",
      "SIRE_MENTION_CLASS" : "SPC"
    },
    "type" : "Product",
    "begin" : 615,
    "end" : 617,
    "inCoref" : true
  }, {
    "id" : "s7-m6",
    "properties" : {
      "SIRE_MENTION_ROLE" : "Product",
      "SIRE_ENTITY_SUBTYPE" : "NONE",
      "SIRE_MENTION_TYPE" : "NONE",
      "SIRE_MENTION_CLASS" : "SPC"
    },
    "type" : "Product",
    "begin" : 637,
    "end" : 639,
    "inCoref" : true
  }, {
    "id" : "s7-m7",
    "properties" : {
      "SIRE_MENTION_ROLE" : "Feature",
      "SIRE_ENTITY_SUBTYPE" : "NONE",
      "SIRE_MENTION_TYPE" : "NONE",
      "SIRE_MENTION_CLASS" : "SPC"
    },
    "type" : "Feature",
    "begin" : 640,
    "end" : 654,
    "inCoref" : false
  }, {
    "id" : "544806306733312__113200145-M12",
    "properties" : {
      "SIRE_MENTION_CLASS" : "SPC",
      "SIRE_ENTITY_CLASS" : "SPC",
      "SIRE_MENTION_ROLE" : "Consumer",
      "SIRE_MENTION_TYPE" : "NONE",
      "SIRE_ENTITY_LEVEL" : "NONE",
      "SIRE_ENTITY_SUBTYPE" : "NONE"
    },
    "type" : "Consumer",
    "begin" : 660,
    "end" : 661,
    "inCoref" : true
  }, {
    "id" : "s8-m1",
    "properties" : {
      "SIRE_MENTION_ROLE" : "Feature",
      "SIRE_ENTITY_SUBTYPE" : "NONE",
      "SIRE_MENTION_TYPE" : "NONE",
      "SIRE_MENTION_CLASS" : "SPC"
    },
    "type" : "Feature",
    "begin" : 713,
    "end" : 717,
    "inCoref" : false
  }, {
    "id" : "s10-m2",
    "properties" : {
      "SIRE_MENTION_ROLE" : "Feature",
      "SIRE_ENTITY_SUBTYPE" : "NONE",
      "SIRE_MENTION_TYPE" : "NONE",
      "SIRE_MENTION_CLASS" : "SPC"
    },
    "type" : "Feature",
    "begin" : 782,
    "end" : 787,
    "inCoref" : false
  }, {
    "id" : "544806306733312__113200145-M13",
    "properties" : {
      "SIRE_MENTION_CLASS" : "SPC",
      "SIRE_ENTITY_CLASS" : "SPC",
      "SIRE_MENTION_ROLE" : "Consumer",
      "SIRE_MENTION_TYPE" : "NONE",
      "SIRE_ENTITY_LEVEL" : "NONE",
      "SIRE_ENTITY_SUBTYPE" : "NONE"
    },
    "type" : "Consumer",
    "begin" : 789,
    "end" : 790,
    "inCoref" : true
  }, {
    "id" : "s10-m3",
    "properties" : {
      "SIRE_MENTION_ROLE" : "Feature",
      "SIRE_ENTITY_SUBTYPE" : "NONE",
      "SIRE_MENTION_TYPE" : "NONE",
      "SIRE_MENTION_CLASS" : "SPC"
    },
    "type" : "Feature",
    "begin" : 798,
    "end" : 802,
    "inCoref" : false
  }, {
    "id" : "s10-m4",
    "properties" : {
      "SIRE_MENTION_ROLE" : "Descriptor",
      "SIRE_ENTITY_SUBTYPE" : "NONE",
      "SIRE_MENTION_TYPE" : "NONE",
      "SIRE_MENTION_CLASS" : "SPC"
    },
    "type" : "Feature",
    "begin" : 807,
    "end" : 820,
    "inCoref" : false
  }, {
    "id" : "s11-m1",
    "properties" : {
      "SIRE_MENTION_ROLE" : "Feature",
      "SIRE_ENTITY_SUBTYPE" : "NONE",
      "SIRE_MENTION_TYPE" : "NONE",
      "SIRE_MENTION_CLASS" : "SPC"
    },
    "type" : "Feature",
    "begin" : 921,
    "end" : 926,
    "inCoref" : false
  }, {
    "id" : "s13-m3",
    "properties" : {
      "SIRE_MENTION_ROLE" : "Descriptor",
      "SIRE_ENTITY_SUBTYPE" : "NONE",
      "SIRE_MENTION_TYPE" : "NONE",
      "SIRE_MENTION_CLASS" : "SPC"
    },
    "type" : "Descriptor",
    "begin" : 1011,
    "end" : 1023,
    "inCoref" : false
  }, {
    "id" : "s13-m1",
    "properties" : {
      "SIRE_MENTION_ROLE" : "Product",
      "SIRE_ENTITY_SUBTYPE" : "NONE",
      "SIRE_MENTION_TYPE" : "NONE",
      "SIRE_MENTION_CLASS" : "SPC"
    },
    "type" : "Product",
    "begin" : 1028,
    "end" : 1030,
    "inCoref" : true
  }, {
    "id" : "s13-m2",
    "properties" : {
      "SIRE_MENTION_ROLE" : "Feature",
      "SIRE_ENTITY_SUBTYPE" : "NONE",
      "SIRE_MENTION_TYPE" : "NONE",
      "SIRE_MENTION_CLASS" : "SPC"
    },
    "type" : "Feature",
    "begin" : 1036,
    "end" : 1053,
    "inCoref" : false
  }, {
    "id" : "544806306733312__113200145-M14",
    "properties" : {
      "SIRE_MENTION_CLASS" : "SPC",
      "SIRE_ENTITY_CLASS" : "SPC",
      "SIRE_MENTION_ROLE" : "Consumer",
      "SIRE_MENTION_TYPE" : "NONE",
      "SIRE_ENTITY_LEVEL" : "NONE",
      "SIRE_ENTITY_SUBTYPE" : "NONE"
    },
    "type" : "Consumer",
    "begin" : 1059,
    "end" : 1060,
    "inCoref" : true
  }, {
    "id" : "s14-m2",
    "properties" : {
      "SIRE_MENTION_ROLE" : "Product",
      "SIRE_ENTITY_SUBTYPE" : "NONE",
      "SIRE_MENTION_TYPE" : "NONE",
      "SIRE_MENTION_CLASS" : "SPC"
    },
    "type" : "Product",
    "begin" : 1085,
    "end" : 1087,
    "inCoref" : true
  }, {
    "id" : "s14-m4",
    "properties" : {
      "SIRE_MENTION_ROLE" : "Feature",
      "SIRE_ENTITY_SUBTYPE" : "NONE",
      "SIRE_MENTION_TYPE" : "NONE",
      "SIRE_MENTION_CLASS" : "SPC"
    },
    "type" : "Feature",
    "begin" : 1101,
    "end" : 1108,
    "inCoref" : false
  }, {
    "id" : "s14-m3",
    "properties" : {
      "SIRE_MENTION_ROLE" : "Product",
      "SIRE_ENTITY_SUBTYPE" : "NONE",
      "SIRE_MENTION_TYPE" : "NONE",
      "SIRE_MENTION_CLASS" : "SPC"
    },
    "type" : "Product",
    "begin" : 1143,
    "end" : 1145,
    "inCoref" : true
  }, {
    "id" : "s14-m5",
    "properties" : {
      "SIRE_MENTION_ROLE" : "Feature",
      "SIRE_ENTITY_SUBTYPE" : "NONE",
      "SIRE_MENTION_TYPE" : "NONE",
      "SIRE_MENTION_CLASS" : "SPC"
    },
    "type" : "Feature",
    "begin" : 1149,
    "end" : 1157,
    "inCoref" : false
  }, {
    "id" : "s15-m1",
    "properties" : {
      "SIRE_MENTION_ROLE" : "Feature",
      "SIRE_ENTITY_SUBTYPE" : "NONE",
      "SIRE_MENTION_TYPE" : "NONE",
      "SIRE_MENTION_CLASS" : "SPC"
    },
    "type" : "Feature",
    "begin" : 1169,
    "end" : 1182,
    "inCoref" : false
  }, {
    "id" : "s15-m2",
    "properties" : {
      "SIRE_MENTION_ROLE" : "Descriptor",
      "SIRE_ENTITY_SUBTYPE" : "NONE",
      "SIRE_MENTION_TYPE" : "NONE",
      "SIRE_MENTION_CLASS" : "SPC"
    },
    "type" : "Feature",
    "begin" : 1202,
    "end" : 1240,
    "inCoref" : false
  }, {
    "id" : "s15-m3",
    "properties" : {
      "SIRE_MENTION_ROLE" : "Descriptor",
      "SIRE_ENTITY_SUBTYPE" : "NONE",
      "SIRE_MENTION_TYPE" : "NONE",
      "SIRE_MENTION_CLASS" : "SPC"
    },
    "type" : "Descriptor",
    "begin" : 1241,
    "end" : 1267,
    "inCoref" : false
  }, {
    "id" : "544806306733312__113200145-M15",
    "properties" : {
      "SIRE_MENTION_CLASS" : "SPC",
      "SIRE_ENTITY_CLASS" : "SPC",
      "SIRE_MENTION_ROLE" : "Consumer",
      "SIRE_MENTION_TYPE" : "NONE",
      "SIRE_ENTITY_LEVEL" : "NONE",
      "SIRE_ENTITY_SUBTYPE" : "NONE"
    },
    "type" : "Consumer",
    "begin" : 1272,
    "end" : 1273,
    "inCoref" : true
  }, {
    "id" : "544806306733312__113200145-M16",
    "properties" : {
      "SIRE_MENTION_CLASS" : "SPC",
      "SIRE_ENTITY_CLASS" : "SPC",
      "SIRE_MENTION_ROLE" : "Consumer",
      "SIRE_MENTION_TYPE" : "NONE",
      "SIRE_ENTITY_LEVEL" : "NONE",
      "SIRE_ENTITY_SUBTYPE" : "NONE"
    },
    "type" : "Consumer",
    "begin" : 1334,
    "end" : 1335,
    "inCoref" : true
  }, {
    "id" : "s17-m1",
    "properties" : {
      "SIRE_MENTION_ROLE" : "Product",
      "SIRE_ENTITY_SUBTYPE" : "NONE",
      "SIRE_MENTION_TYPE" : "NONE",
      "SIRE_MENTION_CLASS" : "SPC"
    },
    "type" : "Product",
    "begin" : 1379,
    "end" : 1381,
    "inCoref" : true
  }, {
    "id" : "s17-m2",
    "properties" : {
      "SIRE_MENTION_ROLE" : "Descriptor",
      "SIRE_ENTITY_SUBTYPE" : "NONE",
      "SIRE_MENTION_TYPE" : "NONE",
      "SIRE_MENTION_CLASS" : "SPC"
    },
    "type" : "Descriptor",
    "begin" : 1384,
    "end" : 1409,
    "inCoref" : false
  }, {
    "id" : "544806306733312__113200145-M17",
    "properties" : {
      "SIRE_MENTION_CLASS" : "SPC",
      "SIRE_ENTITY_CLASS" : "SPC",
      "SIRE_MENTION_ROLE" : "Consumer",
      "SIRE_MENTION_TYPE" : "NONE",
      "SIRE_ENTITY_LEVEL" : "NONE",
      "SIRE_ENTITY_SUBTYPE" : "NONE"
    },
    "type" : "Consumer",
    "begin" : 1411,
    "end" : 1412,
    "inCoref" : true
  }, {
    "id" : "s19-m1",
    "properties" : {
      "SIRE_MENTION_ROLE" : "Product",
      "SIRE_ENTITY_SUBTYPE" : "NONE",
      "SIRE_MENTION_TYPE" : "NONE",
      "SIRE_MENTION_CLASS" : "SPC"
    },
    "type" : "Product",
    "begin" : 1460,
    "end" : 1462,
    "inCoref" : true
  }, {
    "id" : "s19-m2",
    "properties" : {
      "SIRE_MENTION_ROLE" : "Product",
      "SIRE_ENTITY_SUBTYPE" : "NONE",
      "SIRE_MENTION_TYPE" : "NONE",
      "SIRE_MENTION_CLASS" : "SPC"
    },
    "type" : "Product",
    "begin" : 1488,
    "end" : 1490,
    "inCoref" : true
  }, {
    "id" : "544806306733312__113200145-M18",
    "properties" : {
      "SIRE_MENTION_CLASS" : "SPC",
      "SIRE_ENTITY_CLASS" : "SPC",
      "SIRE_MENTION_ROLE" : "Consumer",
      "SIRE_MENTION_TYPE" : "NONE",
      "SIRE_ENTITY_LEVEL" : "NONE",
      "SIRE_ENTITY_SUBTYPE" : "NONE"
    },
    "type" : "Consumer",
    "begin" : 1524,
    "end" : 1525,
    "inCoref" : true
  }, {
    "id" : "s20-m6",
    "properties" : {
      "SIRE_MENTION_ROLE" : "Product",
      "SIRE_ENTITY_SUBTYPE" : "NONE",
      "SIRE_MENTION_TYPE" : "NONE",
      "SIRE_MENTION_CLASS" : "SPC"
    },
    "type" : "Product",
    "begin" : 1533,
    "end" : 1535,
    "inCoref" : true
  }, {
    "id" : "544806306733312__113200145-M19",
    "properties" : {
      "SIRE_MENTION_CLASS" : "SPC",
      "SIRE_ENTITY_CLASS" : "SPC",
      "SIRE_MENTION_ROLE" : "Consumer",
      "SIRE_MENTION_TYPE" : "NONE",
      "SIRE_ENTITY_LEVEL" : "NONE",
      "SIRE_ENTITY_SUBTYPE" : "NONE"
    },
    "type" : "Consumer",
    "begin" : 1549,
    "end" : 1550,
    "inCoref" : true
  }, {
    "id" : "544806306733312__113200145-M20",
    "properties" : {
      "SIRE_MENTION_CLASS" : "SPC",
      "SIRE_ENTITY_CLASS" : "SPC",
      "SIRE_MENTION_ROLE" : "Consumer",
      "SIRE_MENTION_TYPE" : "NONE",
      "SIRE_ENTITY_LEVEL" : "NONE",
      "SIRE_ENTITY_SUBTYPE" : "NONE"
    },
    "type" : "Consumer",
    "begin" : 1568,
    "end" : 1569,
    "inCoref" : true
  }, {
    "id" : "544806306733312__113200145-M21",
    "properties" : {
      "SIRE_MENTION_CLASS" : "SPC",
      "SIRE_ENTITY_CLASS" : "SPC",
      "SIRE_MENTION_ROLE" : "Consumer",
      "SIRE_MENTION_TYPE" : "NONE",
      "SIRE_ENTITY_LEVEL" : "NONE",
      "SIRE_ENTITY_SUBTYPE" : "NONE"
    },
    "type" : "Consumer",
    "begin" : 1577,
    "end" : 1578,
    "inCoref" : true
  }, {
    "id" : "s20-m7",
    "properties" : {
      "SIRE_MENTION_ROLE" : "Product",
      "SIRE_ENTITY_SUBTYPE" : "NONE",
      "SIRE_MENTION_TYPE" : "NONE",
      "SIRE_MENTION_CLASS" : "SPC"
    },
    "type" : "Product",
    "begin" : 1587,
    "end" : 1589,
    "inCoref" : true
  }, {
    "id" : "544806306733312__113200145-M22",
    "properties" : {
      "SIRE_MENTION_CLASS" : "SPC",
      "SIRE_ENTITY_CLASS" : "SPC",
      "SIRE_MENTION_ROLE" : "Consumer",
      "SIRE_MENTION_TYPE" : "NONE",
      "SIRE_ENTITY_LEVEL" : "NONE",
      "SIRE_ENTITY_SUBTYPE" : "NONE"
    },
    "type" : "Consumer",
    "begin" : 1598,
    "end" : 1599,
    "inCoref" : true
  }, {
    "id" : "s20-m8",
    "properties" : {
      "SIRE_MENTION_ROLE" : "Product",
      "SIRE_ENTITY_SUBTYPE" : "NONE",
      "SIRE_MENTION_TYPE" : "NONE",
      "SIRE_MENTION_CLASS" : "SPC"
    },
    "type" : "Product",
    "begin" : 1661,
    "end" : 1663,
    "inCoref" : true
  } ],
  "relations" : [ {
    "id" : "s0-r1",
    "properties" : { },
    "type" : "hasFeature",
    "args" : [ "s0-m2", "s0-m3" ]
  }, {
    "id" : "s3-r1",
    "properties" : { },
    "type" : "hasQuality",
    "args" : [ "s3-m8", "s3-m9" ]
  }, {
    "id" : "s5-r1",
    "properties" : { },
    "type" : "hasQuality",
    "args" : [ "s5-m2", "s5-m3" ]
  }, {
    "id" : "s5-r2",
    "properties" : { },
    "type" : "hasFeature",
    "args" : [ "s5-m1", "s5-m2" ]
  }, {
    "id" : "s7-r1",
    "properties" : { },
    "type" : "hasFeature",
    "args" : [ "s7-m5", "s7-m9" ]
  }, {
    "id" : "s7-r2",
    "properties" : { },
    "type" : "hasFeature",
    "args" : [ "s7-m6", "s7-m7" ]
  }, {
    "id" : "s13-r1",
    "properties" : { },
    "type" : "hasQuality",
    "args" : [ "s13-m2", "s13-m3" ]
  }, {
    "id" : "s13-r2",
    "properties" : { },
    "type" : "hasFeature",
    "args" : [ "s13-m1", "s13-m2" ]
  }, {
    "id" : "s15-r1",
    "properties" : { },
    "type" : "hasQuality",
    "args" : [ "s15-m2", "s15-m3" ]
  }, {
    "id" : "s15-r2",
    "properties" : { },
    "type" : "hasQuality",
    "args" : [ "s15-m1", "s15-m2" ]
  }, {
    "id" : "s17-r1",
    "properties" : { },
    "type" : "hasQuality",
    "args" : [ "s17-m1", "s17-m2" ]
  } ],
  "corefs" : [ {
    "id" : "c1",
    "properties" : { },
    "mentions" : [ "s0-m2", "s0-m4", "s3-m6", "s3-m7", "s3-m5", "s3-m4", "s5-m1", "s7-m4", "s7-m5", "s7-m6", "s13-m1", "s14-m2", "s14-m3", "s17-m1", "s19-m1", "s19-m2", "s20-m6", "s20-m7", "s20-m8" ]
  }, {
    "id" : "c2",
    "properties" : { },
    "mentions" : [ "544806306733312__113200145-M17", "544806306733312__113200145-M18", "544806306733312__113200145-M22", "544806306733312__113200145-M19", "544806306733312__113200145-M20", "544806306733312__113200145-M21", "544806306733312__113200145-M16", "544806306733312__113200145-M15", "544806306733312__113200145-M14", "544806306733312__113200145-M13", "544806306733312__113200145-M12", "544806306733312__113200145-M11", "544806306733312__113200145-M10", "544806306733312__113200145-M8", "544806306733312__113200145-M9", "544806306733312__113200145-M6", "544806306733312__113200145-M7", "544806306733312__113200145-M5", "544806306733312__113200145-M4", "544806306733312__113200145-M2", "544806306733312__113200145-M3", "544806306733312__113200145-M1", "544806306733312__113200145-M0" ]
  } ],
  "typeResolved" : true,
  "userResolved" : true
}