{
  "id" : "b9223ee4-fe27-4d77-b915-0c3bca08b2fa-19",
  "modifiedDate" : 1467904108738,
  "name" : "review20.txt",
  "version" : 2,
  "text" : "I've owned this product for about a month now and purchased it because I was frustrated with seatmates on airplanes looking at my notebook screen for the whole flight, trying to figure out what I was doing. This screen works wonders in deterring others from taking glances at my private information. In fact, most people think I'm crazy, typing away on a computer with a blank screen, or so they think.\n\nThere are some disadvantages with this screen though. Your seatmate directly next to you will be able to see through the filter to your screen partially, because they are within the viewing angle of the screen with the filter on. But move over any farther and the screen is not visible, nor is it visible across the aisle (if sitting in an aisle seat). About the only other place that it is visible is if someone is standing directly above you, one row back. Turning down the brightness of your screen also helps immensely in blocking people from viewing your screen through the filter at any angle.\n\n(Please note, having this filter installed screens out about half of the light coming out of the screen. If you have poor eyesight with dim lighting and have trouble with computer screens, this product may not be for you.)\n\nAdditionally, the clear plastic tabs included with the filter adheres to the plastic border around the notebook LCD screen to keep the filter in place. It works, but blocks about a 1/8\" of the screen at 6 points, especially noticeable around the bottom of the screen where the start bar is located.\n\nYou'll also notice a large \"3M PF14.1W\" printed in the top right hand corner of the filter. It's used to help in determining whether the filter is facing the right direction, but it's quite distracting at times. The height of the lettering is equivalent in size to the window bar at the top of any program.\n\nThis filter is also very dust, lint, debris, and smudge attracting. You'll find yourself wiping the filter often.\n\nOverall, this filter does its job. Great for those who need to comply with HIPPA or other privacy regulations. But as an individual consumer, I wonder if the high price is justified for the benefits it provides.",
  "docLength" : 2163,
  "language" : "EN",
  "status" : "SUBMITTED",
  "documentSet" : [ ],
  "sentences" : [ {
    "id" : "s0",
    "begin" : 0,
    "end" : 206,
    "text" : "I've owned this product for about a month now and purchased it because I was frustrated with seatmates on airplanes looking at my notebook screen for the whole flight, trying to figure out what I was doing.",
    "tokens" : [ {
      "id" : "s0-t0",
      "begin" : 0,
      "end" : 1,
      "text" : "I",
      "whiteSpace" : false
    }, {
      "id" : "s0-t1",
      "begin" : 1,
      "end" : 4,
      "text" : "'ve",
      "whiteSpace" : false
    }, {
      "id" : "s0-t2",
      "begin" : 5,
      "end" : 10,
      "text" : "owned",
      "whiteSpace" : false
    }, {
      "id" : "s0-t3",
      "begin" : 11,
      "end" : 15,
      "text" : "this",
      "whiteSpace" : false
    }, {
      "id" : "s0-t4",
      "begin" : 16,
      "end" : 23,
      "text" : "product",
      "whiteSpace" : false
    }, {
      "id" : "s0-t5",
      "begin" : 24,
      "end" : 27,
      "text" : "for",
      "whiteSpace" : false
    }, {
      "id" : "s0-t6",
      "begin" : 28,
      "end" : 33,
      "text" : "about",
      "whiteSpace" : false
    }, {
      "id" : "s0-t7",
      "begin" : 34,
      "end" : 35,
      "text" : "a",
      "whiteSpace" : false
    }, {
      "id" : "s0-t8",
      "begin" : 36,
      "end" : 41,
      "text" : "month",
      "whiteSpace" : false
    }, {
      "id" : "s0-t9",
      "begin" : 42,
      "end" : 45,
      "text" : "now",
      "whiteSpace" : false
    }, {
      "id" : "s0-t10",
      "begin" : 46,
      "end" : 49,
      "text" : "and",
      "whiteSpace" : false
    }, {
      "id" : "s0-t11",
      "begin" : 50,
      "end" : 59,
      "text" : "purchased",
      "whiteSpace" : false
    }, {
      "id" : "s0-t12",
      "begin" : 60,
      "end" : 62,
      "text" : "it",
      "whiteSpace" : false
    }, {
      "id" : "s0-t13",
      "begin" : 63,
      "end" : 70,
      "text" : "because",
      "whiteSpace" : false
    }, {
      "id" : "s0-t14",
      "begin" : 71,
      "end" : 72,
      "text" : "I",
      "whiteSpace" : false
    }, {
      "id" : "s0-t15",
      "begin" : 73,
      "end" : 76,
      "text" : "was",
      "whiteSpace" : false
    }, {
      "id" : "s0-t16",
      "begin" : 77,
      "end" : 87,
      "text" : "frustrated",
      "whiteSpace" : false
    }, {
      "id" : "s0-t17",
      "begin" : 88,
      "end" : 92,
      "text" : "with",
      "whiteSpace" : false
    }, {
      "id" : "s0-t18",
      "begin" : 93,
      "end" : 102,
      "text" : "seatmates",
      "whiteSpace" : false
    }, {
      "id" : "s0-t19",
      "begin" : 103,
      "end" : 105,
      "text" : "on",
      "whiteSpace" : false
    }, {
      "id" : "s0-t20",
      "begin" : 106,
      "end" : 115,
      "text" : "airplanes",
      "whiteSpace" : false
    }, {
      "id" : "s0-t21",
      "begin" : 116,
      "end" : 123,
      "text" : "looking",
      "whiteSpace" : false
    }, {
      "id" : "s0-t22",
      "begin" : 124,
      "end" : 126,
      "text" : "at",
      "whiteSpace" : false
    }, {
      "id" : "s0-t23",
      "begin" : 127,
      "end" : 129,
      "text" : "my",
      "whiteSpace" : false
    }, {
      "id" : "s0-t24",
      "begin" : 130,
      "end" : 138,
      "text" : "notebook",
      "whiteSpace" : false
    }, {
      "id" : "s0-t25",
      "begin" : 139,
      "end" : 145,
      "text" : "screen",
      "whiteSpace" : false
    }, {
      "id" : "s0-t26",
      "begin" : 146,
      "end" : 149,
      "text" : "for",
      "whiteSpace" : false
    }, {
      "id" : "s0-t27",
      "begin" : 150,
      "end" : 153,
      "text" : "the",
      "whiteSpace" : false
    }, {
      "id" : "s0-t28",
      "begin" : 154,
      "end" : 159,
      "text" : "whole",
      "whiteSpace" : false
    }, {
      "id" : "s0-t29",
      "begin" : 160,
      "end" : 166,
      "text" : "flight",
      "whiteSpace" : false
    }, {
      "id" : "s0-t30",
      "begin" : 166,
      "end" : 167,
      "text" : ",",
      "whiteSpace" : false
    }, {
      "id" : "s0-t31",
      "begin" : 168,
      "end" : 174,
      "text" : "trying",
      "whiteSpace" : false
    }, {
      "id" : "s0-t32",
      "begin" : 175,
      "end" : 177,
      "text" : "to",
      "whiteSpace" : false
    }, {
      "id" : "s0-t33",
      "begin" : 178,
      "end" : 184,
      "text" : "figure",
      "whiteSpace" : false
    }, {
      "id" : "s0-t34",
      "begin" : 185,
      "end" : 188,
      "text" : "out",
      "whiteSpace" : false
    }, {
      "id" : "s0-t35",
      "begin" : 189,
      "end" : 193,
      "text" : "what",
      "whiteSpace" : false
    }, {
      "id" : "s0-t36",
      "begin" : 194,
      "end" : 195,
      "text" : "I",
      "whiteSpace" : false
    }, {
      "id" : "s0-t37",
      "begin" : 196,
      "end" : 199,
      "text" : "was",
      "whiteSpace" : false
    }, {
      "id" : "s0-t38",
      "begin" : 200,
      "end" : 205,
      "text" : "doing",
      "whiteSpace" : false
    }, {
      "id" : "s0-t39",
      "begin" : 205,
      "end" : 206,
      "text" : ".",
      "whiteSpace" : false
    } ]
  }, {
    "id" : "s1",
    "begin" : 207,
    "end" : 299,
    "text" : "This screen works wonders in deterring others from taking glances at my private information.",
    "tokens" : [ {
      "id" : "s1-t0",
      "begin" : 207,
      "end" : 211,
      "text" : "This",
      "whiteSpace" : false
    }, {
      "id" : "s1-t1",
      "begin" : 212,
      "end" : 218,
      "text" : "screen",
      "whiteSpace" : false
    }, {
      "id" : "s1-t2",
      "begin" : 219,
      "end" : 224,
      "text" : "works",
      "whiteSpace" : false
    }, {
      "id" : "s1-t3",
      "begin" : 225,
      "end" : 232,
      "text" : "wonders",
      "whiteSpace" : false
    }, {
      "id" : "s1-t4",
      "begin" : 233,
      "end" : 235,
      "text" : "in",
      "whiteSpace" : false
    }, {
      "id" : "s1-t5",
      "begin" : 236,
      "end" : 245,
      "text" : "deterring",
      "whiteSpace" : false
    }, {
      "id" : "s1-t6",
      "begin" : 246,
      "end" : 252,
      "text" : "others",
      "whiteSpace" : false
    }, {
      "id" : "s1-t7",
      "begin" : 253,
      "end" : 257,
      "text" : "from",
      "whiteSpace" : false
    }, {
      "id" : "s1-t8",
      "begin" : 258,
      "end" : 264,
      "text" : "taking",
      "whiteSpace" : false
    }, {
      "id" : "s1-t9",
      "begin" : 265,
      "end" : 272,
      "text" : "glances",
      "whiteSpace" : false
    }, {
      "id" : "s1-t10",
      "begin" : 273,
      "end" : 275,
      "text" : "at",
      "whiteSpace" : false
    }, {
      "id" : "s1-t11",
      "begin" : 276,
      "end" : 278,
      "text" : "my",
      "whiteSpace" : false
    }, {
      "id" : "s1-t12",
      "begin" : 279,
      "end" : 286,
      "text" : "private",
      "whiteSpace" : false
    }, {
      "id" : "s1-t13",
      "begin" : 287,
      "end" : 298,
      "text" : "information",
      "whiteSpace" : false
    }, {
      "id" : "s1-t14",
      "begin" : 298,
      "end" : 299,
      "text" : ".",
      "whiteSpace" : false
    } ]
  }, {
    "id" : "s2",
    "begin" : 300,
    "end" : 402,
    "text" : "In fact, most people think I'm crazy, typing away on a computer with a blank screen, or so they think.",
    "tokens" : [ {
      "id" : "s2-t0",
      "begin" : 300,
      "end" : 302,
      "text" : "In",
      "whiteSpace" : false
    }, {
      "id" : "s2-t1",
      "begin" : 303,
      "end" : 307,
      "text" : "fact",
      "whiteSpace" : false
    }, {
      "id" : "s2-t2",
      "begin" : 307,
      "end" : 308,
      "text" : ",",
      "whiteSpace" : false
    }, {
      "id" : "s2-t3",
      "begin" : 309,
      "end" : 313,
      "text" : "most",
      "whiteSpace" : false
    }, {
      "id" : "s2-t4",
      "begin" : 314,
      "end" : 320,
      "text" : "people",
      "whiteSpace" : false
    }, {
      "id" : "s2-t5",
      "begin" : 321,
      "end" : 326,
      "text" : "think",
      "whiteSpace" : false
    }, {
      "id" : "s2-t6",
      "begin" : 327,
      "end" : 328,
      "text" : "I",
      "whiteSpace" : false
    }, {
      "id" : "s2-t7",
      "begin" : 328,
      "end" : 330,
      "text" : "'m",
      "whiteSpace" : false
    }, {
      "id" : "s2-t8",
      "begin" : 331,
      "end" : 336,
      "text" : "crazy",
      "whiteSpace" : false
    }, {
      "id" : "s2-t9",
      "begin" : 336,
      "end" : 337,
      "text" : ",",
      "whiteSpace" : false
    }, {
      "id" : "s2-t10",
      "begin" : 338,
      "end" : 344,
      "text" : "typing",
      "whiteSpace" : false
    }, {
      "id" : "s2-t11",
      "begin" : 345,
      "end" : 349,
      "text" : "away",
      "whiteSpace" : false
    }, {
      "id" : "s2-t12",
      "begin" : 350,
      "end" : 352,
      "text" : "on",
      "whiteSpace" : false
    }, {
      "id" : "s2-t13",
      "begin" : 353,
      "end" : 354,
      "text" : "a",
      "whiteSpace" : false
    }, {
      "id" : "s2-t14",
      "begin" : 355,
      "end" : 363,
      "text" : "computer",
      "whiteSpace" : false
    }, {
      "id" : "s2-t15",
      "begin" : 364,
      "end" : 368,
      "text" : "with",
      "whiteSpace" : false
    }, {
      "id" : "s2-t16",
      "begin" : 369,
      "end" : 370,
      "text" : "a",
      "whiteSpace" : false
    }, {
      "id" : "s2-t17",
      "begin" : 371,
      "end" : 376,
      "text" : "blank",
      "whiteSpace" : false
    }, {
      "id" : "s2-t18",
      "begin" : 377,
      "end" : 383,
      "text" : "screen",
      "whiteSpace" : false
    }, {
      "id" : "s2-t19",
      "begin" : 383,
      "end" : 384,
      "text" : ",",
      "whiteSpace" : false
    }, {
      "id" : "s2-t20",
      "begin" : 385,
      "end" : 387,
      "text" : "or",
      "whiteSpace" : false
    }, {
      "id" : "s2-t21",
      "begin" : 388,
      "end" : 390,
      "text" : "so",
      "whiteSpace" : false
    }, {
      "id" : "s2-t22",
      "begin" : 391,
      "end" : 395,
      "text" : "they",
      "whiteSpace" : false
    }, {
      "id" : "s2-t23",
      "begin" : 396,
      "end" : 401,
      "text" : "think",
      "whiteSpace" : false
    }, {
      "id" : "s2-t24",
      "begin" : 401,
      "end" : 402,
      "text" : ".",
      "whiteSpace" : false
    } ]
  }, {
    "id" : "s3",
    "begin" : 404,
    "end" : 457,
    "text" : "There are some disadvantages with this screen though.",
    "tokens" : [ {
      "id" : "s3-t0",
      "begin" : 404,
      "end" : 409,
      "text" : "There",
      "whiteSpace" : false
    }, {
      "id" : "s3-t1",
      "begin" : 410,
      "end" : 413,
      "text" : "are",
      "whiteSpace" : false
    }, {
      "id" : "s3-t2",
      "begin" : 414,
      "end" : 418,
      "text" : "some",
      "whiteSpace" : false
    }, {
      "id" : "s3-t3",
      "begin" : 419,
      "end" : 432,
      "text" : "disadvantages",
      "whiteSpace" : false
    }, {
      "id" : "s3-t4",
      "begin" : 433,
      "end" : 437,
      "text" : "with",
      "whiteSpace" : false
    }, {
      "id" : "s3-t5",
      "begin" : 438,
      "end" : 442,
      "text" : "this",
      "whiteSpace" : false
    }, {
      "id" : "s3-t6",
      "begin" : 443,
      "end" : 449,
      "text" : "screen",
      "whiteSpace" : false
    }, {
      "id" : "s3-t7",
      "begin" : 450,
      "end" : 456,
      "text" : "though",
      "whiteSpace" : false
    }, {
      "id" : "s3-t8",
      "begin" : 456,
      "end" : 457,
      "text" : ".",
      "whiteSpace" : false
    } ]
  }, {
    "id" : "s4",
    "begin" : 458,
    "end" : 633,
    "text" : "Your seatmate directly next to you will be able to see through the filter to your screen partially, because they are within the viewing angle of the screen with the filter on.",
    "tokens" : [ {
      "id" : "s4-t0",
      "begin" : 458,
      "end" : 462,
      "text" : "Your",
      "whiteSpace" : false
    }, {
      "id" : "s4-t1",
      "begin" : 463,
      "end" : 471,
      "text" : "seatmate",
      "whiteSpace" : false
    }, {
      "id" : "s4-t2",
      "begin" : 472,
      "end" : 480,
      "text" : "directly",
      "whiteSpace" : false
    }, {
      "id" : "s4-t3",
      "begin" : 481,
      "end" : 485,
      "text" : "next",
      "whiteSpace" : false
    }, {
      "id" : "s4-t4",
      "begin" : 486,
      "end" : 488,
      "text" : "to",
      "whiteSpace" : false
    }, {
      "id" : "s4-t5",
      "begin" : 489,
      "end" : 492,
      "text" : "you",
      "whiteSpace" : false
    }, {
      "id" : "s4-t6",
      "begin" : 493,
      "end" : 497,
      "text" : "will",
      "whiteSpace" : false
    }, {
      "id" : "s4-t7",
      "begin" : 498,
      "end" : 500,
      "text" : "be",
      "whiteSpace" : false
    }, {
      "id" : "s4-t8",
      "begin" : 501,
      "end" : 505,
      "text" : "able",
      "whiteSpace" : false
    }, {
      "id" : "s4-t9",
      "begin" : 506,
      "end" : 508,
      "text" : "to",
      "whiteSpace" : false
    }, {
      "id" : "s4-t10",
      "begin" : 509,
      "end" : 512,
      "text" : "see",
      "whiteSpace" : false
    }, {
      "id" : "s4-t11",
      "begin" : 513,
      "end" : 520,
      "text" : "through",
      "whiteSpace" : false
    }, {
      "id" : "s4-t12",
      "begin" : 521,
      "end" : 524,
      "text" : "the",
      "whiteSpace" : false
    }, {
      "id" : "s4-t13",
      "begin" : 525,
      "end" : 531,
      "text" : "filter",
      "whiteSpace" : false
    }, {
      "id" : "s4-t14",
      "begin" : 532,
      "end" : 534,
      "text" : "to",
      "whiteSpace" : false
    }, {
      "id" : "s4-t15",
      "begin" : 535,
      "end" : 539,
      "text" : "your",
      "whiteSpace" : false
    }, {
      "id" : "s4-t16",
      "begin" : 540,
      "end" : 546,
      "text" : "screen",
      "whiteSpace" : false
    }, {
      "id" : "s4-t17",
      "begin" : 547,
      "end" : 556,
      "text" : "partially",
      "whiteSpace" : false
    }, {
      "id" : "s4-t18",
      "begin" : 556,
      "end" : 557,
      "text" : ",",
      "whiteSpace" : false
    }, {
      "id" : "s4-t19",
      "begin" : 558,
      "end" : 565,
      "text" : "because",
      "whiteSpace" : false
    }, {
      "id" : "s4-t20",
      "begin" : 566,
      "end" : 570,
      "text" : "they",
      "whiteSpace" : false
    }, {
      "id" : "s4-t21",
      "begin" : 571,
      "end" : 574,
      "text" : "are",
      "whiteSpace" : false
    }, {
      "id" : "s4-t22",
      "begin" : 575,
      "end" : 581,
      "text" : "within",
      "whiteSpace" : false
    }, {
      "id" : "s4-t23",
      "begin" : 582,
      "end" : 585,
      "text" : "the",
      "whiteSpace" : false
    }, {
      "id" : "s4-t24",
      "begin" : 586,
      "end" : 593,
      "text" : "viewing",
      "whiteSpace" : false
    }, {
      "id" : "s4-t25",
      "begin" : 594,
      "end" : 599,
      "text" : "angle",
      "whiteSpace" : false
    }, {
      "id" : "s4-t26",
      "begin" : 600,
      "end" : 602,
      "text" : "of",
      "whiteSpace" : false
    }, {
      "id" : "s4-t27",
      "begin" : 603,
      "end" : 606,
      "text" : "the",
      "whiteSpace" : false
    }, {
      "id" : "s4-t28",
      "begin" : 607,
      "end" : 613,
      "text" : "screen",
      "whiteSpace" : false
    }, {
      "id" : "s4-t29",
      "begin" : 614,
      "end" : 618,
      "text" : "with",
      "whiteSpace" : false
    }, {
      "id" : "s4-t30",
      "begin" : 619,
      "end" : 622,
      "text" : "the",
      "whiteSpace" : false
    }, {
      "id" : "s4-t31",
      "begin" : 623,
      "end" : 629,
      "text" : "filter",
      "whiteSpace" : false
    }, {
      "id" : "s4-t32",
      "begin" : 630,
      "end" : 632,
      "text" : "on",
      "whiteSpace" : false
    }, {
      "id" : "s4-t33",
      "begin" : 632,
      "end" : 633,
      "text" : ".",
      "whiteSpace" : false
    } ]
  }, {
    "id" : "s5",
    "begin" : 634,
    "end" : 756,
    "text" : "But move over any farther and the screen is not visible, nor is it visible across the aisle (if sitting in an aisle seat).",
    "tokens" : [ {
      "id" : "s5-t0",
      "begin" : 634,
      "end" : 637,
      "text" : "But",
      "whiteSpace" : false
    }, {
      "id" : "s5-t1",
      "begin" : 638,
      "end" : 642,
      "text" : "move",
      "whiteSpace" : false
    }, {
      "id" : "s5-t2",
      "begin" : 643,
      "end" : 647,
      "text" : "over",
      "whiteSpace" : false
    }, {
      "id" : "s5-t3",
      "begin" : 648,
      "end" : 651,
      "text" : "any",
      "whiteSpace" : false
    }, {
      "id" : "s5-t4",
      "begin" : 652,
      "end" : 659,
      "text" : "farther",
      "whiteSpace" : false
    }, {
      "id" : "s5-t5",
      "begin" : 660,
      "end" : 663,
      "text" : "and",
      "whiteSpace" : false
    }, {
      "id" : "s5-t6",
      "begin" : 664,
      "end" : 667,
      "text" : "the",
      "whiteSpace" : false
    }, {
      "id" : "s5-t7",
      "begin" : 668,
      "end" : 674,
      "text" : "screen",
      "whiteSpace" : false
    }, {
      "id" : "s5-t8",
      "begin" : 675,
      "end" : 677,
      "text" : "is",
      "whiteSpace" : false
    }, {
      "id" : "s5-t9",
      "begin" : 678,
      "end" : 681,
      "text" : "not",
      "whiteSpace" : false
    }, {
      "id" : "s5-t10",
      "begin" : 682,
      "end" : 689,
      "text" : "visible",
      "whiteSpace" : false
    }, {
      "id" : "s5-t11",
      "begin" : 689,
      "end" : 690,
      "text" : ",",
      "whiteSpace" : false
    }, {
      "id" : "s5-t12",
      "begin" : 691,
      "end" : 694,
      "text" : "nor",
      "whiteSpace" : false
    }, {
      "id" : "s5-t13",
      "begin" : 695,
      "end" : 697,
      "text" : "is",
      "whiteSpace" : false
    }, {
      "id" : "s5-t14",
      "begin" : 698,
      "end" : 700,
      "text" : "it",
      "whiteSpace" : false
    }, {
      "id" : "s5-t15",
      "begin" : 701,
      "end" : 708,
      "text" : "visible",
      "whiteSpace" : false
    }, {
      "id" : "s5-t16",
      "begin" : 709,
      "end" : 715,
      "text" : "across",
      "whiteSpace" : false
    }, {
      "id" : "s5-t17",
      "begin" : 716,
      "end" : 719,
      "text" : "the",
      "whiteSpace" : false
    }, {
      "id" : "s5-t18",
      "begin" : 720,
      "end" : 725,
      "text" : "aisle",
      "whiteSpace" : false
    }, {
      "id" : "s5-t19",
      "begin" : 726,
      "end" : 727,
      "text" : "(",
      "whiteSpace" : false
    }, {
      "id" : "s5-t20",
      "begin" : 727,
      "end" : 729,
      "text" : "if",
      "whiteSpace" : false
    }, {
      "id" : "s5-t21",
      "begin" : 730,
      "end" : 737,
      "text" : "sitting",
      "whiteSpace" : false
    }, {
      "id" : "s5-t22",
      "begin" : 738,
      "end" : 740,
      "text" : "in",
      "whiteSpace" : false
    }, {
      "id" : "s5-t23",
      "begin" : 741,
      "end" : 743,
      "text" : "an",
      "whiteSpace" : false
    }, {
      "id" : "s5-t24",
      "begin" : 744,
      "end" : 749,
      "text" : "aisle",
      "whiteSpace" : false
    }, {
      "id" : "s5-t25",
      "begin" : 750,
      "end" : 754,
      "text" : "seat",
      "whiteSpace" : false
    }, {
      "id" : "s5-t26",
      "begin" : 754,
      "end" : 755,
      "text" : ")",
      "whiteSpace" : false
    }, {
      "id" : "s5-t27",
      "begin" : 755,
      "end" : 756,
      "text" : ".",
      "whiteSpace" : false
    } ]
  }, {
    "id" : "s6",
    "begin" : 757,
    "end" : 862,
    "text" : "About the only other place that it is visible is if someone is standing directly above you, one row back.",
    "tokens" : [ {
      "id" : "s6-t0",
      "begin" : 757,
      "end" : 762,
      "text" : "About",
      "whiteSpace" : false
    }, {
      "id" : "s6-t1",
      "begin" : 763,
      "end" : 766,
      "text" : "the",
      "whiteSpace" : false
    }, {
      "id" : "s6-t2",
      "begin" : 767,
      "end" : 771,
      "text" : "only",
      "whiteSpace" : false
    }, {
      "id" : "s6-t3",
      "begin" : 772,
      "end" : 777,
      "text" : "other",
      "whiteSpace" : false
    }, {
      "id" : "s6-t4",
      "begin" : 778,
      "end" : 783,
      "text" : "place",
      "whiteSpace" : false
    }, {
      "id" : "s6-t5",
      "begin" : 784,
      "end" : 788,
      "text" : "that",
      "whiteSpace" : false
    }, {
      "id" : "s6-t6",
      "begin" : 789,
      "end" : 791,
      "text" : "it",
      "whiteSpace" : false
    }, {
      "id" : "s6-t7",
      "begin" : 792,
      "end" : 794,
      "text" : "is",
      "whiteSpace" : false
    }, {
      "id" : "s6-t8",
      "begin" : 795,
      "end" : 802,
      "text" : "visible",
      "whiteSpace" : false
    }, {
      "id" : "s6-t9",
      "begin" : 803,
      "end" : 805,
      "text" : "is",
      "whiteSpace" : false
    }, {
      "id" : "s6-t10",
      "begin" : 806,
      "end" : 808,
      "text" : "if",
      "whiteSpace" : false
    }, {
      "id" : "s6-t11",
      "begin" : 809,
      "end" : 816,
      "text" : "someone",
      "whiteSpace" : false
    }, {
      "id" : "s6-t12",
      "begin" : 817,
      "end" : 819,
      "text" : "is",
      "whiteSpace" : false
    }, {
      "id" : "s6-t13",
      "begin" : 820,
      "end" : 828,
      "text" : "standing",
      "whiteSpace" : false
    }, {
      "id" : "s6-t14",
      "begin" : 829,
      "end" : 837,
      "text" : "directly",
      "whiteSpace" : false
    }, {
      "id" : "s6-t15",
      "begin" : 838,
      "end" : 843,
      "text" : "above",
      "whiteSpace" : false
    }, {
      "id" : "s6-t16",
      "begin" : 844,
      "end" : 847,
      "text" : "you",
      "whiteSpace" : false
    }, {
      "id" : "s6-t17",
      "begin" : 847,
      "end" : 848,
      "text" : ",",
      "whiteSpace" : false
    }, {
      "id" : "s6-t18",
      "begin" : 849,
      "end" : 852,
      "text" : "one",
      "whiteSpace" : false
    }, {
      "id" : "s6-t19",
      "begin" : 853,
      "end" : 856,
      "text" : "row",
      "whiteSpace" : false
    }, {
      "id" : "s6-t20",
      "begin" : 857,
      "end" : 861,
      "text" : "back",
      "whiteSpace" : false
    }, {
      "id" : "s6-t21",
      "begin" : 861,
      "end" : 862,
      "text" : ".",
      "whiteSpace" : false
    } ]
  }, {
    "id" : "s7",
    "begin" : 863,
    "end" : 1003,
    "text" : "Turning down the brightness of your screen also helps immensely in blocking people from viewing your screen through the filter at any angle.",
    "tokens" : [ {
      "id" : "s7-t0",
      "begin" : 863,
      "end" : 870,
      "text" : "Turning",
      "whiteSpace" : false
    }, {
      "id" : "s7-t1",
      "begin" : 871,
      "end" : 875,
      "text" : "down",
      "whiteSpace" : false
    }, {
      "id" : "s7-t2",
      "begin" : 876,
      "end" : 879,
      "text" : "the",
      "whiteSpace" : false
    }, {
      "id" : "s7-t3",
      "begin" : 880,
      "end" : 890,
      "text" : "brightness",
      "whiteSpace" : false
    }, {
      "id" : "s7-t4",
      "begin" : 891,
      "end" : 893,
      "text" : "of",
      "whiteSpace" : false
    }, {
      "id" : "s7-t5",
      "begin" : 894,
      "end" : 898,
      "text" : "your",
      "whiteSpace" : false
    }, {
      "id" : "s7-t6",
      "begin" : 899,
      "end" : 905,
      "text" : "screen",
      "whiteSpace" : false
    }, {
      "id" : "s7-t7",
      "begin" : 906,
      "end" : 910,
      "text" : "also",
      "whiteSpace" : false
    }, {
      "id" : "s7-t8",
      "begin" : 911,
      "end" : 916,
      "text" : "helps",
      "whiteSpace" : false
    }, {
      "id" : "s7-t9",
      "begin" : 917,
      "end" : 926,
      "text" : "immensely",
      "whiteSpace" : false
    }, {
      "id" : "s7-t10",
      "begin" : 927,
      "end" : 929,
      "text" : "in",
      "whiteSpace" : false
    }, {
      "id" : "s7-t11",
      "begin" : 930,
      "end" : 938,
      "text" : "blocking",
      "whiteSpace" : false
    }, {
      "id" : "s7-t12",
      "begin" : 939,
      "end" : 945,
      "text" : "people",
      "whiteSpace" : false
    }, {
      "id" : "s7-t13",
      "begin" : 946,
      "end" : 950,
      "text" : "from",
      "whiteSpace" : false
    }, {
      "id" : "s7-t14",
      "begin" : 951,
      "end" : 958,
      "text" : "viewing",
      "whiteSpace" : false
    }, {
      "id" : "s7-t15",
      "begin" : 959,
      "end" : 963,
      "text" : "your",
      "whiteSpace" : false
    }, {
      "id" : "s7-t16",
      "begin" : 964,
      "end" : 970,
      "text" : "screen",
      "whiteSpace" : false
    }, {
      "id" : "s7-t17",
      "begin" : 971,
      "end" : 978,
      "text" : "through",
      "whiteSpace" : false
    }, {
      "id" : "s7-t18",
      "begin" : 979,
      "end" : 982,
      "text" : "the",
      "whiteSpace" : false
    }, {
      "id" : "s7-t19",
      "begin" : 983,
      "end" : 989,
      "text" : "filter",
      "whiteSpace" : false
    }, {
      "id" : "s7-t20",
      "begin" : 990,
      "end" : 992,
      "text" : "at",
      "whiteSpace" : false
    }, {
      "id" : "s7-t21",
      "begin" : 993,
      "end" : 996,
      "text" : "any",
      "whiteSpace" : false
    }, {
      "id" : "s7-t22",
      "begin" : 997,
      "end" : 1002,
      "text" : "angle",
      "whiteSpace" : false
    }, {
      "id" : "s7-t23",
      "begin" : 1002,
      "end" : 1003,
      "text" : ".",
      "whiteSpace" : false
    } ]
  }, {
    "id" : "s8",
    "begin" : 1005,
    "end" : 1109,
    "text" : "(Please note, having this filter installed screens out about half of the light coming out of the screen.",
    "tokens" : [ {
      "id" : "s8-t0",
      "begin" : 1005,
      "end" : 1006,
      "text" : "(",
      "whiteSpace" : false
    }, {
      "id" : "s8-t1",
      "begin" : 1006,
      "end" : 1012,
      "text" : "Please",
      "whiteSpace" : false
    }, {
      "id" : "s8-t2",
      "begin" : 1013,
      "end" : 1017,
      "text" : "note",
      "whiteSpace" : false
    }, {
      "id" : "s8-t3",
      "begin" : 1017,
      "end" : 1018,
      "text" : ",",
      "whiteSpace" : false
    }, {
      "id" : "s8-t4",
      "begin" : 1019,
      "end" : 1025,
      "text" : "having",
      "whiteSpace" : false
    }, {
      "id" : "s8-t5",
      "begin" : 1026,
      "end" : 1030,
      "text" : "this",
      "whiteSpace" : false
    }, {
      "id" : "s8-t6",
      "begin" : 1031,
      "end" : 1037,
      "text" : "filter",
      "whiteSpace" : false
    }, {
      "id" : "s8-t7",
      "begin" : 1038,
      "end" : 1047,
      "text" : "installed",
      "whiteSpace" : false
    }, {
      "id" : "s8-t8",
      "begin" : 1048,
      "end" : 1055,
      "text" : "screens",
      "whiteSpace" : false
    }, {
      "id" : "s8-t9",
      "begin" : 1056,
      "end" : 1059,
      "text" : "out",
      "whiteSpace" : false
    }, {
      "id" : "s8-t10",
      "begin" : 1060,
      "end" : 1065,
      "text" : "about",
      "whiteSpace" : false
    }, {
      "id" : "s8-t11",
      "begin" : 1066,
      "end" : 1070,
      "text" : "half",
      "whiteSpace" : false
    }, {
      "id" : "s8-t12",
      "begin" : 1071,
      "end" : 1073,
      "text" : "of",
      "whiteSpace" : false
    }, {
      "id" : "s8-t13",
      "begin" : 1074,
      "end" : 1077,
      "text" : "the",
      "whiteSpace" : false
    }, {
      "id" : "s8-t14",
      "begin" : 1078,
      "end" : 1083,
      "text" : "light",
      "whiteSpace" : false
    }, {
      "id" : "s8-t15",
      "begin" : 1084,
      "end" : 1090,
      "text" : "coming",
      "whiteSpace" : false
    }, {
      "id" : "s8-t16",
      "begin" : 1091,
      "end" : 1094,
      "text" : "out",
      "whiteSpace" : false
    }, {
      "id" : "s8-t17",
      "begin" : 1095,
      "end" : 1097,
      "text" : "of",
      "whiteSpace" : false
    }, {
      "id" : "s8-t18",
      "begin" : 1098,
      "end" : 1101,
      "text" : "the",
      "whiteSpace" : false
    }, {
      "id" : "s8-t19",
      "begin" : 1102,
      "end" : 1108,
      "text" : "screen",
      "whiteSpace" : false
    }, {
      "id" : "s8-t20",
      "begin" : 1108,
      "end" : 1109,
      "text" : ".",
      "whiteSpace" : false
    } ]
  }, {
    "id" : "s9",
    "begin" : 1110,
    "end" : 1227,
    "text" : "If you have poor eyesight with dim lighting and have trouble with computer screens, this product may not be for you.)",
    "tokens" : [ {
      "id" : "s9-t0",
      "begin" : 1110,
      "end" : 1112,
      "text" : "If",
      "whiteSpace" : false
    }, {
      "id" : "s9-t1",
      "begin" : 1113,
      "end" : 1116,
      "text" : "you",
      "whiteSpace" : false
    }, {
      "id" : "s9-t2",
      "begin" : 1117,
      "end" : 1121,
      "text" : "have",
      "whiteSpace" : false
    }, {
      "id" : "s9-t3",
      "begin" : 1122,
      "end" : 1126,
      "text" : "poor",
      "whiteSpace" : false
    }, {
      "id" : "s9-t4",
      "begin" : 1127,
      "end" : 1135,
      "text" : "eyesight",
      "whiteSpace" : false
    }, {
      "id" : "s9-t5",
      "begin" : 1136,
      "end" : 1140,
      "text" : "with",
      "whiteSpace" : false
    }, {
      "id" : "s9-t6",
      "begin" : 1141,
      "end" : 1144,
      "text" : "dim",
      "whiteSpace" : false
    }, {
      "id" : "s9-t7",
      "begin" : 1145,
      "end" : 1153,
      "text" : "lighting",
      "whiteSpace" : false
    }, {
      "id" : "s9-t8",
      "begin" : 1154,
      "end" : 1157,
      "text" : "and",
      "whiteSpace" : false
    }, {
      "id" : "s9-t9",
      "begin" : 1158,
      "end" : 1162,
      "text" : "have",
      "whiteSpace" : false
    }, {
      "id" : "s9-t10",
      "begin" : 1163,
      "end" : 1170,
      "text" : "trouble",
      "whiteSpace" : false
    }, {
      "id" : "s9-t11",
      "begin" : 1171,
      "end" : 1175,
      "text" : "with",
      "whiteSpace" : false
    }, {
      "id" : "s9-t12",
      "begin" : 1176,
      "end" : 1184,
      "text" : "computer",
      "whiteSpace" : false
    }, {
      "id" : "s9-t13",
      "begin" : 1185,
      "end" : 1192,
      "text" : "screens",
      "whiteSpace" : false
    }, {
      "id" : "s9-t14",
      "begin" : 1192,
      "end" : 1193,
      "text" : ",",
      "whiteSpace" : false
    }, {
      "id" : "s9-t15",
      "begin" : 1194,
      "end" : 1198,
      "text" : "this",
      "whiteSpace" : false
    }, {
      "id" : "s9-t16",
      "begin" : 1199,
      "end" : 1206,
      "text" : "product",
      "whiteSpace" : false
    }, {
      "id" : "s9-t17",
      "begin" : 1207,
      "end" : 1210,
      "text" : "may",
      "whiteSpace" : false
    }, {
      "id" : "s9-t18",
      "begin" : 1211,
      "end" : 1214,
      "text" : "not",
      "whiteSpace" : false
    }, {
      "id" : "s9-t19",
      "begin" : 1215,
      "end" : 1217,
      "text" : "be",
      "whiteSpace" : false
    }, {
      "id" : "s9-t20",
      "begin" : 1218,
      "end" : 1221,
      "text" : "for",
      "whiteSpace" : false
    }, {
      "id" : "s9-t21",
      "begin" : 1222,
      "end" : 1225,
      "text" : "you",
      "whiteSpace" : false
    }, {
      "id" : "s9-t22",
      "begin" : 1225,
      "end" : 1226,
      "text" : ".",
      "whiteSpace" : false
    }, {
      "id" : "s9-t23",
      "begin" : 1226,
      "end" : 1227,
      "text" : ")",
      "whiteSpace" : false
    } ]
  }, {
    "id" : "s10",
    "begin" : 1229,
    "end" : 1380,
    "text" : "Additionally, the clear plastic tabs included with the filter adheres to the plastic border around the notebook LCD screen to keep the filter in place.",
    "tokens" : [ {
      "id" : "s10-t0",
      "begin" : 1229,
      "end" : 1241,
      "text" : "Additionally",
      "whiteSpace" : false
    }, {
      "id" : "s10-t1",
      "begin" : 1241,
      "end" : 1242,
      "text" : ",",
      "whiteSpace" : false
    }, {
      "id" : "s10-t2",
      "begin" : 1243,
      "end" : 1246,
      "text" : "the",
      "whiteSpace" : false
    }, {
      "id" : "s10-t3",
      "begin" : 1247,
      "end" : 1252,
      "text" : "clear",
      "whiteSpace" : false
    }, {
      "id" : "s10-t4",
      "begin" : 1253,
      "end" : 1260,
      "text" : "plastic",
      "whiteSpace" : false
    }, {
      "id" : "s10-t5",
      "begin" : 1261,
      "end" : 1265,
      "text" : "tabs",
      "whiteSpace" : false
    }, {
      "id" : "s10-t6",
      "begin" : 1266,
      "end" : 1274,
      "text" : "included",
      "whiteSpace" : false
    }, {
      "id" : "s10-t7",
      "begin" : 1275,
      "end" : 1279,
      "text" : "with",
      "whiteSpace" : false
    }, {
      "id" : "s10-t8",
      "begin" : 1280,
      "end" : 1283,
      "text" : "the",
      "whiteSpace" : false
    }, {
      "id" : "s10-t9",
      "begin" : 1284,
      "end" : 1290,
      "text" : "filter",
      "whiteSpace" : false
    }, {
      "id" : "s10-t10",
      "begin" : 1291,
      "end" : 1298,
      "text" : "adheres",
      "whiteSpace" : false
    }, {
      "id" : "s10-t11",
      "begin" : 1299,
      "end" : 1301,
      "text" : "to",
      "whiteSpace" : false
    }, {
      "id" : "s10-t12",
      "begin" : 1302,
      "end" : 1305,
      "text" : "the",
      "whiteSpace" : false
    }, {
      "id" : "s10-t13",
      "begin" : 1306,
      "end" : 1313,
      "text" : "plastic",
      "whiteSpace" : false
    }, {
      "id" : "s10-t14",
      "begin" : 1314,
      "end" : 1320,
      "text" : "border",
      "whiteSpace" : false
    }, {
      "id" : "s10-t15",
      "begin" : 1321,
      "end" : 1327,
      "text" : "around",
      "whiteSpace" : false
    }, {
      "id" : "s10-t16",
      "begin" : 1328,
      "end" : 1331,
      "text" : "the",
      "whiteSpace" : false
    }, {
      "id" : "s10-t17",
      "begin" : 1332,
      "end" : 1340,
      "text" : "notebook",
      "whiteSpace" : false
    }, {
      "id" : "s10-t18",
      "begin" : 1341,
      "end" : 1344,
      "text" : "LCD",
      "whiteSpace" : false
    }, {
      "id" : "s10-t19",
      "begin" : 1345,
      "end" : 1351,
      "text" : "screen",
      "whiteSpace" : false
    }, {
      "id" : "s10-t20",
      "begin" : 1352,
      "end" : 1354,
      "text" : "to",
      "whiteSpace" : false
    }, {
      "id" : "s10-t21",
      "begin" : 1355,
      "end" : 1359,
      "text" : "keep",
      "whiteSpace" : false
    }, {
      "id" : "s10-t22",
      "begin" : 1360,
      "end" : 1363,
      "text" : "the",
      "whiteSpace" : false
    }, {
      "id" : "s10-t23",
      "begin" : 1364,
      "end" : 1370,
      "text" : "filter",
      "whiteSpace" : false
    }, {
      "id" : "s10-t24",
      "begin" : 1371,
      "end" : 1373,
      "text" : "in",
      "whiteSpace" : false
    }, {
      "id" : "s10-t25",
      "begin" : 1374,
      "end" : 1379,
      "text" : "place",
      "whiteSpace" : false
    }, {
      "id" : "s10-t26",
      "begin" : 1379,
      "end" : 1380,
      "text" : ".",
      "whiteSpace" : false
    } ]
  }, {
    "id" : "s11",
    "begin" : 1381,
    "end" : 1527,
    "text" : "It works, but blocks about a 1/8\" of the screen at 6 points, especially noticeable around the bottom of the screen where the start bar is located.",
    "tokens" : [ {
      "id" : "s11-t0",
      "begin" : 1381,
      "end" : 1383,
      "text" : "It",
      "whiteSpace" : false
    }, {
      "id" : "s11-t1",
      "begin" : 1384,
      "end" : 1389,
      "text" : "works",
      "whiteSpace" : false
    }, {
      "id" : "s11-t2",
      "begin" : 1389,
      "end" : 1390,
      "text" : ",",
      "whiteSpace" : false
    }, {
      "id" : "s11-t3",
      "begin" : 1391,
      "end" : 1394,
      "text" : "but",
      "whiteSpace" : false
    }, {
      "id" : "s11-t4",
      "begin" : 1395,
      "end" : 1401,
      "text" : "blocks",
      "whiteSpace" : false
    }, {
      "id" : "s11-t5",
      "begin" : 1402,
      "end" : 1407,
      "text" : "about",
      "whiteSpace" : false
    }, {
      "id" : "s11-t6",
      "begin" : 1408,
      "end" : 1409,
      "text" : "a",
      "whiteSpace" : false
    }, {
      "id" : "s11-t7",
      "begin" : 1410,
      "end" : 1413,
      "text" : "1/8",
      "whiteSpace" : false
    }, {
      "id" : "s11-t8",
      "begin" : 1413,
      "end" : 1414,
      "text" : "\"",
      "whiteSpace" : false
    }, {
      "id" : "s11-t9",
      "begin" : 1415,
      "end" : 1417,
      "text" : "of",
      "whiteSpace" : false
    }, {
      "id" : "s11-t10",
      "begin" : 1418,
      "end" : 1421,
      "text" : "the",
      "whiteSpace" : false
    }, {
      "id" : "s11-t11",
      "begin" : 1422,
      "end" : 1428,
      "text" : "screen",
      "whiteSpace" : false
    }, {
      "id" : "s11-t12",
      "begin" : 1429,
      "end" : 1431,
      "text" : "at",
      "whiteSpace" : false
    }, {
      "id" : "s11-t13",
      "begin" : 1432,
      "end" : 1433,
      "text" : "6",
      "whiteSpace" : false
    }, {
      "id" : "s11-t14",
      "begin" : 1434,
      "end" : 1440,
      "text" : "points",
      "whiteSpace" : false
    }, {
      "id" : "s11-t15",
      "begin" : 1440,
      "end" : 1441,
      "text" : ",",
      "whiteSpace" : false
    }, {
      "id" : "s11-t16",
      "begin" : 1442,
      "end" : 1452,
      "text" : "especially",
      "whiteSpace" : false
    }, {
      "id" : "s11-t17",
      "begin" : 1453,
      "end" : 1463,
      "text" : "noticeable",
      "whiteSpace" : false
    }, {
      "id" : "s11-t18",
      "begin" : 1464,
      "end" : 1470,
      "text" : "around",
      "whiteSpace" : false
    }, {
      "id" : "s11-t19",
      "begin" : 1471,
      "end" : 1474,
      "text" : "the",
      "whiteSpace" : false
    }, {
      "id" : "s11-t20",
      "begin" : 1475,
      "end" : 1481,
      "text" : "bottom",
      "whiteSpace" : false
    }, {
      "id" : "s11-t21",
      "begin" : 1482,
      "end" : 1484,
      "text" : "of",
      "whiteSpace" : false
    }, {
      "id" : "s11-t22",
      "begin" : 1485,
      "end" : 1488,
      "text" : "the",
      "whiteSpace" : false
    }, {
      "id" : "s11-t23",
      "begin" : 1489,
      "end" : 1495,
      "text" : "screen",
      "whiteSpace" : false
    }, {
      "id" : "s11-t24",
      "begin" : 1496,
      "end" : 1501,
      "text" : "where",
      "whiteSpace" : false
    }, {
      "id" : "s11-t25",
      "begin" : 1502,
      "end" : 1505,
      "text" : "the",
      "whiteSpace" : false
    }, {
      "id" : "s11-t26",
      "begin" : 1506,
      "end" : 1511,
      "text" : "start",
      "whiteSpace" : false
    }, {
      "id" : "s11-t27",
      "begin" : 1512,
      "end" : 1515,
      "text" : "bar",
      "whiteSpace" : false
    }, {
      "id" : "s11-t28",
      "begin" : 1516,
      "end" : 1518,
      "text" : "is",
      "whiteSpace" : false
    }, {
      "id" : "s11-t29",
      "begin" : 1519,
      "end" : 1526,
      "text" : "located",
      "whiteSpace" : false
    }, {
      "id" : "s11-t30",
      "begin" : 1526,
      "end" : 1527,
      "text" : ".",
      "whiteSpace" : false
    } ]
  }, {
    "id" : "s12",
    "begin" : 1529,
    "end" : 1620,
    "text" : "You'll also notice a large \"3M PF14.1W\" printed in the top right hand corner of the filter.",
    "tokens" : [ {
      "id" : "s12-t0",
      "begin" : 1529,
      "end" : 1532,
      "text" : "You",
      "whiteSpace" : false
    }, {
      "id" : "s12-t1",
      "begin" : 1532,
      "end" : 1535,
      "text" : "'ll",
      "whiteSpace" : false
    }, {
      "id" : "s12-t2",
      "begin" : 1536,
      "end" : 1540,
      "text" : "also",
      "whiteSpace" : false
    }, {
      "id" : "s12-t3",
      "begin" : 1541,
      "end" : 1547,
      "text" : "notice",
      "whiteSpace" : false
    }, {
      "id" : "s12-t4",
      "begin" : 1548,
      "end" : 1549,
      "text" : "a",
      "whiteSpace" : false
    }, {
      "id" : "s12-t5",
      "begin" : 1550,
      "end" : 1555,
      "text" : "large",
      "whiteSpace" : false
    }, {
      "id" : "s12-t6",
      "begin" : 1556,
      "end" : 1557,
      "text" : "\"",
      "whiteSpace" : false
    }, {
      "id" : "s12-t7",
      "begin" : 1557,
      "end" : 1559,
      "text" : "3M",
      "whiteSpace" : false
    }, {
      "id" : "s12-t8",
      "begin" : 1560,
      "end" : 1567,
      "text" : "PF14.1W",
      "whiteSpace" : false
    }, {
      "id" : "s12-t9",
      "begin" : 1567,
      "end" : 1568,
      "text" : "\"",
      "whiteSpace" : false
    }, {
      "id" : "s12-t10",
      "begin" : 1569,
      "end" : 1576,
      "text" : "printed",
      "whiteSpace" : false
    }, {
      "id" : "s12-t11",
      "begin" : 1577,
      "end" : 1579,
      "text" : "in",
      "whiteSpace" : false
    }, {
      "id" : "s12-t12",
      "begin" : 1580,
      "end" : 1583,
      "text" : "the",
      "whiteSpace" : false
    }, {
      "id" : "s12-t13",
      "begin" : 1584,
      "end" : 1587,
      "text" : "top",
      "whiteSpace" : false
    }, {
      "id" : "s12-t14",
      "begin" : 1588,
      "end" : 1593,
      "text" : "right",
      "whiteSpace" : false
    }, {
      "id" : "s12-t15",
      "begin" : 1594,
      "end" : 1598,
      "text" : "hand",
      "whiteSpace" : false
    }, {
      "id" : "s12-t16",
      "begin" : 1599,
      "end" : 1605,
      "text" : "corner",
      "whiteSpace" : false
    }, {
      "id" : "s12-t17",
      "begin" : 1606,
      "end" : 1608,
      "text" : "of",
      "whiteSpace" : false
    }, {
      "id" : "s12-t18",
      "begin" : 1609,
      "end" : 1612,
      "text" : "the",
      "whiteSpace" : false
    }, {
      "id" : "s12-t19",
      "begin" : 1613,
      "end" : 1619,
      "text" : "filter",
      "whiteSpace" : false
    }, {
      "id" : "s12-t20",
      "begin" : 1619,
      "end" : 1620,
      "text" : ".",
      "whiteSpace" : false
    } ]
  }, {
    "id" : "s13",
    "begin" : 1621,
    "end" : 1740,
    "text" : "It's used to help in determining whether the filter is facing the right direction, but it's quite distracting at times.",
    "tokens" : [ {
      "id" : "s13-t0",
      "begin" : 1621,
      "end" : 1623,
      "text" : "It",
      "whiteSpace" : false
    }, {
      "id" : "s13-t1",
      "begin" : 1623,
      "end" : 1625,
      "text" : "'s",
      "whiteSpace" : false
    }, {
      "id" : "s13-t2",
      "begin" : 1626,
      "end" : 1630,
      "text" : "used",
      "whiteSpace" : false
    }, {
      "id" : "s13-t3",
      "begin" : 1631,
      "end" : 1633,
      "text" : "to",
      "whiteSpace" : false
    }, {
      "id" : "s13-t4",
      "begin" : 1634,
      "end" : 1638,
      "text" : "help",
      "whiteSpace" : false
    }, {
      "id" : "s13-t5",
      "begin" : 1639,
      "end" : 1641,
      "text" : "in",
      "whiteSpace" : false
    }, {
      "id" : "s13-t6",
      "begin" : 1642,
      "end" : 1653,
      "text" : "determining",
      "whiteSpace" : false
    }, {
      "id" : "s13-t7",
      "begin" : 1654,
      "end" : 1661,
      "text" : "whether",
      "whiteSpace" : false
    }, {
      "id" : "s13-t8",
      "begin" : 1662,
      "end" : 1665,
      "text" : "the",
      "whiteSpace" : false
    }, {
      "id" : "s13-t9",
      "begin" : 1666,
      "end" : 1672,
      "text" : "filter",
      "whiteSpace" : false
    }, {
      "id" : "s13-t10",
      "begin" : 1673,
      "end" : 1675,
      "text" : "is",
      "whiteSpace" : false
    }, {
      "id" : "s13-t11",
      "begin" : 1676,
      "end" : 1682,
      "text" : "facing",
      "whiteSpace" : false
    }, {
      "id" : "s13-t12",
      "begin" : 1683,
      "end" : 1686,
      "text" : "the",
      "whiteSpace" : false
    }, {
      "id" : "s13-t13",
      "begin" : 1687,
      "end" : 1692,
      "text" : "right",
      "whiteSpace" : false
    }, {
      "id" : "s13-t14",
      "begin" : 1693,
      "end" : 1702,
      "text" : "direction",
      "whiteSpace" : false
    }, {
      "id" : "s13-t15",
      "begin" : 1702,
      "end" : 1703,
      "text" : ",",
      "whiteSpace" : false
    }, {
      "id" : "s13-t16",
      "begin" : 1704,
      "end" : 1707,
      "text" : "but",
      "whiteSpace" : false
    }, {
      "id" : "s13-t17",
      "begin" : 1708,
      "end" : 1710,
      "text" : "it",
      "whiteSpace" : false
    }, {
      "id" : "s13-t18",
      "begin" : 1710,
      "end" : 1712,
      "text" : "'s",
      "whiteSpace" : false
    }, {
      "id" : "s13-t19",
      "begin" : 1713,
      "end" : 1718,
      "text" : "quite",
      "whiteSpace" : false
    }, {
      "id" : "s13-t20",
      "begin" : 1719,
      "end" : 1730,
      "text" : "distracting",
      "whiteSpace" : false
    }, {
      "id" : "s13-t21",
      "begin" : 1731,
      "end" : 1733,
      "text" : "at",
      "whiteSpace" : false
    }, {
      "id" : "s13-t22",
      "begin" : 1734,
      "end" : 1739,
      "text" : "times",
      "whiteSpace" : false
    }, {
      "id" : "s13-t23",
      "begin" : 1739,
      "end" : 1740,
      "text" : ".",
      "whiteSpace" : false
    } ]
  }, {
    "id" : "s14",
    "begin" : 1741,
    "end" : 1835,
    "text" : "The height of the lettering is equivalent in size to the window bar at the top of any program.",
    "tokens" : [ {
      "id" : "s14-t0",
      "begin" : 1741,
      "end" : 1744,
      "text" : "The",
      "whiteSpace" : false
    }, {
      "id" : "s14-t1",
      "begin" : 1745,
      "end" : 1751,
      "text" : "height",
      "whiteSpace" : false
    }, {
      "id" : "s14-t2",
      "begin" : 1752,
      "end" : 1754,
      "text" : "of",
      "whiteSpace" : false
    }, {
      "id" : "s14-t3",
      "begin" : 1755,
      "end" : 1758,
      "text" : "the",
      "whiteSpace" : false
    }, {
      "id" : "s14-t4",
      "begin" : 1759,
      "end" : 1768,
      "text" : "lettering",
      "whiteSpace" : false
    }, {
      "id" : "s14-t5",
      "begin" : 1769,
      "end" : 1771,
      "text" : "is",
      "whiteSpace" : false
    }, {
      "id" : "s14-t6",
      "begin" : 1772,
      "end" : 1782,
      "text" : "equivalent",
      "whiteSpace" : false
    }, {
      "id" : "s14-t7",
      "begin" : 1783,
      "end" : 1785,
      "text" : "in",
      "whiteSpace" : false
    }, {
      "id" : "s14-t8",
      "begin" : 1786,
      "end" : 1790,
      "text" : "size",
      "whiteSpace" : false
    }, {
      "id" : "s14-t9",
      "begin" : 1791,
      "end" : 1793,
      "text" : "to",
      "whiteSpace" : false
    }, {
      "id" : "s14-t10",
      "begin" : 1794,
      "end" : 1797,
      "text" : "the",
      "whiteSpace" : false
    }, {
      "id" : "s14-t11",
      "begin" : 1798,
      "end" : 1804,
      "text" : "window",
      "whiteSpace" : false
    }, {
      "id" : "s14-t12",
      "begin" : 1805,
      "end" : 1808,
      "text" : "bar",
      "whiteSpace" : false
    }, {
      "id" : "s14-t13",
      "begin" : 1809,
      "end" : 1811,
      "text" : "at",
      "whiteSpace" : false
    }, {
      "id" : "s14-t14",
      "begin" : 1812,
      "end" : 1815,
      "text" : "the",
      "whiteSpace" : false
    }, {
      "id" : "s14-t15",
      "begin" : 1816,
      "end" : 1819,
      "text" : "top",
      "whiteSpace" : false
    }, {
      "id" : "s14-t16",
      "begin" : 1820,
      "end" : 1822,
      "text" : "of",
      "whiteSpace" : false
    }, {
      "id" : "s14-t17",
      "begin" : 1823,
      "end" : 1826,
      "text" : "any",
      "whiteSpace" : false
    }, {
      "id" : "s14-t18",
      "begin" : 1827,
      "end" : 1834,
      "text" : "program",
      "whiteSpace" : false
    }, {
      "id" : "s14-t19",
      "begin" : 1834,
      "end" : 1835,
      "text" : ".",
      "whiteSpace" : false
    } ]
  }, {
    "id" : "s15",
    "begin" : 1837,
    "end" : 1904,
    "text" : "This filter is also very dust, lint, debris, and smudge attracting.",
    "tokens" : [ {
      "id" : "s15-t0",
      "begin" : 1837,
      "end" : 1841,
      "text" : "This",
      "whiteSpace" : false
    }, {
      "id" : "s15-t1",
      "begin" : 1842,
      "end" : 1848,
      "text" : "filter",
      "whiteSpace" : false
    }, {
      "id" : "s15-t2",
      "begin" : 1849,
      "end" : 1851,
      "text" : "is",
      "whiteSpace" : false
    }, {
      "id" : "s15-t3",
      "begin" : 1852,
      "end" : 1856,
      "text" : "also",
      "whiteSpace" : false
    }, {
      "id" : "s15-t4",
      "begin" : 1857,
      "end" : 1861,
      "text" : "very",
      "whiteSpace" : false
    }, {
      "id" : "s15-t5",
      "begin" : 1862,
      "end" : 1866,
      "text" : "dust",
      "whiteSpace" : false
    }, {
      "id" : "s15-t6",
      "begin" : 1866,
      "end" : 1867,
      "text" : ",",
      "whiteSpace" : false
    }, {
      "id" : "s15-t7",
      "begin" : 1868,
      "end" : 1872,
      "text" : "lint",
      "whiteSpace" : false
    }, {
      "id" : "s15-t8",
      "begin" : 1872,
      "end" : 1873,
      "text" : ",",
      "whiteSpace" : false
    }, {
      "id" : "s15-t9",
      "begin" : 1874,
      "end" : 1880,
      "text" : "debris",
      "whiteSpace" : false
    }, {
      "id" : "s15-t10",
      "begin" : 1880,
      "end" : 1881,
      "text" : ",",
      "whiteSpace" : false
    }, {
      "id" : "s15-t11",
      "begin" : 1882,
      "end" : 1885,
      "text" : "and",
      "whiteSpace" : false
    }, {
      "id" : "s15-t12",
      "begin" : 1886,
      "end" : 1892,
      "text" : "smudge",
      "whiteSpace" : false
    }, {
      "id" : "s15-t13",
      "begin" : 1893,
      "end" : 1903,
      "text" : "attracting",
      "whiteSpace" : false
    }, {
      "id" : "s15-t14",
      "begin" : 1903,
      "end" : 1904,
      "text" : ".",
      "whiteSpace" : false
    } ]
  }, {
    "id" : "s16",
    "begin" : 1905,
    "end" : 1950,
    "text" : "You'll find yourself wiping the filter often.",
    "tokens" : [ {
      "id" : "s16-t0",
      "begin" : 1905,
      "end" : 1908,
      "text" : "You",
      "whiteSpace" : false
    }, {
      "id" : "s16-t1",
      "begin" : 1908,
      "end" : 1911,
      "text" : "'ll",
      "whiteSpace" : false
    }, {
      "id" : "s16-t2",
      "begin" : 1912,
      "end" : 1916,
      "text" : "find",
      "whiteSpace" : false
    }, {
      "id" : "s16-t3",
      "begin" : 1917,
      "end" : 1925,
      "text" : "yourself",
      "whiteSpace" : false
    }, {
      "id" : "s16-t4",
      "begin" : 1926,
      "end" : 1932,
      "text" : "wiping",
      "whiteSpace" : false
    }, {
      "id" : "s16-t5",
      "begin" : 1933,
      "end" : 1936,
      "text" : "the",
      "whiteSpace" : false
    }, {
      "id" : "s16-t6",
      "begin" : 1937,
      "end" : 1943,
      "text" : "filter",
      "whiteSpace" : false
    }, {
      "id" : "s16-t7",
      "begin" : 1944,
      "end" : 1949,
      "text" : "often",
      "whiteSpace" : false
    }, {
      "id" : "s16-t8",
      "begin" : 1949,
      "end" : 1950,
      "text" : ".",
      "whiteSpace" : false
    } ]
  }, {
    "id" : "s17",
    "begin" : 1952,
    "end" : 1986,
    "text" : "Overall, this filter does its job.",
    "tokens" : [ {
      "id" : "s17-t0",
      "begin" : 1952,
      "end" : 1959,
      "text" : "Overall",
      "whiteSpace" : false
    }, {
      "id" : "s17-t1",
      "begin" : 1959,
      "end" : 1960,
      "text" : ",",
      "whiteSpace" : false
    }, {
      "id" : "s17-t2",
      "begin" : 1961,
      "end" : 1965,
      "text" : "this",
      "whiteSpace" : false
    }, {
      "id" : "s17-t3",
      "begin" : 1966,
      "end" : 1972,
      "text" : "filter",
      "whiteSpace" : false
    }, {
      "id" : "s17-t4",
      "begin" : 1973,
      "end" : 1977,
      "text" : "does",
      "whiteSpace" : false
    }, {
      "id" : "s17-t5",
      "begin" : 1978,
      "end" : 1981,
      "text" : "its",
      "whiteSpace" : false
    }, {
      "id" : "s17-t6",
      "begin" : 1982,
      "end" : 1985,
      "text" : "job",
      "whiteSpace" : false
    }, {
      "id" : "s17-t7",
      "begin" : 1985,
      "end" : 1986,
      "text" : ".",
      "whiteSpace" : false
    } ]
  }, {
    "id" : "s18",
    "begin" : 1987,
    "end" : 2062,
    "text" : "Great for those who need to comply with HIPPA or other privacy regulations.",
    "tokens" : [ {
      "id" : "s18-t0",
      "begin" : 1987,
      "end" : 1992,
      "text" : "Great",
      "whiteSpace" : false
    }, {
      "id" : "s18-t1",
      "begin" : 1993,
      "end" : 1996,
      "text" : "for",
      "whiteSpace" : false
    }, {
      "id" : "s18-t2",
      "begin" : 1997,
      "end" : 2002,
      "text" : "those",
      "whiteSpace" : false
    }, {
      "id" : "s18-t3",
      "begin" : 2003,
      "end" : 2006,
      "text" : "who",
      "whiteSpace" : false
    }, {
      "id" : "s18-t4",
      "begin" : 2007,
      "end" : 2011,
      "text" : "need",
      "whiteSpace" : false
    }, {
      "id" : "s18-t5",
      "begin" : 2012,
      "end" : 2014,
      "text" : "to",
      "whiteSpace" : false
    }, {
      "id" : "s18-t6",
      "begin" : 2015,
      "end" : 2021,
      "text" : "comply",
      "whiteSpace" : false
    }, {
      "id" : "s18-t7",
      "begin" : 2022,
      "end" : 2026,
      "text" : "with",
      "whiteSpace" : false
    }, {
      "id" : "s18-t8",
      "begin" : 2027,
      "end" : 2032,
      "text" : "HIPPA",
      "whiteSpace" : false
    }, {
      "id" : "s18-t9",
      "begin" : 2033,
      "end" : 2035,
      "text" : "or",
      "whiteSpace" : false
    }, {
      "id" : "s18-t10",
      "begin" : 2036,
      "end" : 2041,
      "text" : "other",
      "whiteSpace" : false
    }, {
      "id" : "s18-t11",
      "begin" : 2042,
      "end" : 2049,
      "text" : "privacy",
      "whiteSpace" : false
    }, {
      "id" : "s18-t12",
      "begin" : 2050,
      "end" : 2061,
      "text" : "regulations",
      "whiteSpace" : false
    }, {
      "id" : "s18-t13",
      "begin" : 2061,
      "end" : 2062,
      "text" : ".",
      "whiteSpace" : false
    } ]
  }, {
    "id" : "s19",
    "begin" : 2063,
    "end" : 2163,
    "text" : "But as an individual consumer, I wonder if the high price is justified for the benefits it provides.",
    "tokens" : [ {
      "id" : "s19-t0",
      "begin" : 2063,
      "end" : 2066,
      "text" : "But",
      "whiteSpace" : false
    }, {
      "id" : "s19-t1",
      "begin" : 2067,
      "end" : 2069,
      "text" : "as",
      "whiteSpace" : false
    }, {
      "id" : "s19-t2",
      "begin" : 2070,
      "end" : 2072,
      "text" : "an",
      "whiteSpace" : false
    }, {
      "id" : "s19-t3",
      "begin" : 2073,
      "end" : 2083,
      "text" : "individual",
      "whiteSpace" : false
    }, {
      "id" : "s19-t4",
      "begin" : 2084,
      "end" : 2092,
      "text" : "consumer",
      "whiteSpace" : false
    }, {
      "id" : "s19-t5",
      "begin" : 2092,
      "end" : 2093,
      "text" : ",",
      "whiteSpace" : false
    }, {
      "id" : "s19-t6",
      "begin" : 2094,
      "end" : 2095,
      "text" : "I",
      "whiteSpace" : false
    }, {
      "id" : "s19-t7",
      "begin" : 2096,
      "end" : 2102,
      "text" : "wonder",
      "whiteSpace" : false
    }, {
      "id" : "s19-t8",
      "begin" : 2103,
      "end" : 2105,
      "text" : "if",
      "whiteSpace" : false
    }, {
      "id" : "s19-t9",
      "begin" : 2106,
      "end" : 2109,
      "text" : "the",
      "whiteSpace" : false
    }, {
      "id" : "s19-t10",
      "begin" : 2110,
      "end" : 2114,
      "text" : "high",
      "whiteSpace" : false
    }, {
      "id" : "s19-t11",
      "begin" : 2115,
      "end" : 2120,
      "text" : "price",
      "whiteSpace" : false
    }, {
      "id" : "s19-t12",
      "begin" : 2121,
      "end" : 2123,
      "text" : "is",
      "whiteSpace" : false
    }, {
      "id" : "s19-t13",
      "begin" : 2124,
      "end" : 2133,
      "text" : "justified",
      "whiteSpace" : false
    }, {
      "id" : "s19-t14",
      "begin" : 2134,
      "end" : 2137,
      "text" : "for",
      "whiteSpace" : false
    }, {
      "id" : "s19-t15",
      "begin" : 2138,
      "end" : 2141,
      "text" : "the",
      "whiteSpace" : false
    }, {
      "id" : "s19-t16",
      "begin" : 2142,
      "end" : 2150,
      "text" : "benefits",
      "whiteSpace" : false
    }, {
      "id" : "s19-t17",
      "begin" : 2151,
      "end" : 2153,
      "text" : "it",
      "whiteSpace" : false
    }, {
      "id" : "s19-t18",
      "begin" : 2154,
      "end" : 2162,
      "text" : "provides",
      "whiteSpace" : false
    }, {
      "id" : "s19-t19",
      "begin" : 2162,
      "end" : 2163,
      "text" : ".",
      "whiteSpace" : false
    } ]
  } ],
  "mentions" : [ {
    "id" : "544824327757739__113200145-M0",
    "properties" : {
      "SIRE_MENTION_CLASS" : "SPC",
      "SIRE_ENTITY_CLASS" : "SPC",
      "SIRE_MENTION_ROLE" : "Consumer",
      "SIRE_MENTION_TYPE" : "NONE",
      "SIRE_ENTITY_LEVEL" : "NONE",
      "SIRE_ENTITY_SUBTYPE" : "NONE"
    },
    "type" : "Consumer",
    "begin" : 0,
    "end" : 1,
    "inCoref" : true
  }, {
    "id" : "s0-m4",
    "properties" : {
      "SIRE_MENTION_ROLE" : "Product",
      "SIRE_ENTITY_SUBTYPE" : "NONE",
      "SIRE_MENTION_TYPE" : "NONE",
      "SIRE_MENTION_CLASS" : "SPC"
    },
    "type" : "Product",
    "begin" : 11,
    "end" : 23,
    "inCoref" : true
  }, {
    "id" : "s0-m5",
    "properties" : {
      "SIRE_MENTION_ROLE" : "Product",
      "SIRE_ENTITY_SUBTYPE" : "NONE",
      "SIRE_MENTION_TYPE" : "NONE",
      "SIRE_MENTION_CLASS" : "SPC"
    },
    "type" : "Product",
    "begin" : 60,
    "end" : 62,
    "inCoref" : true
  }, {
    "id" : "544824327757739__113200145-M1",
    "properties" : {
      "SIRE_MENTION_CLASS" : "SPC",
      "SIRE_ENTITY_CLASS" : "SPC",
      "SIRE_MENTION_ROLE" : "Consumer",
      "SIRE_MENTION_TYPE" : "NONE",
      "SIRE_ENTITY_LEVEL" : "NONE",
      "SIRE_ENTITY_SUBTYPE" : "NONE"
    },
    "type" : "Consumer",
    "begin" : 71,
    "end" : 72,
    "inCoref" : true
  }, {
    "id" : "s0-m6",
    "properties" : {
      "SIRE_MENTION_ROLE" : "Product",
      "SIRE_ENTITY_SUBTYPE" : "NONE",
      "SIRE_MENTION_TYPE" : "NONE",
      "SIRE_MENTION_CLASS" : "SPC"
    },
    "type" : "Product",
    "begin" : 130,
    "end" : 138,
    "inCoref" : true
  }, {
    "id" : "s0-m7",
    "properties" : {
      "SIRE_MENTION_ROLE" : "Feature",
      "SIRE_ENTITY_SUBTYPE" : "NONE",
      "SIRE_MENTION_TYPE" : "NONE",
      "SIRE_MENTION_CLASS" : "SPC"
    },
    "type" : "Feature",
    "begin" : 139,
    "end" : 145,
    "inCoref" : false
  }, {
    "id" : "544824327757739__113200145-M2",
    "properties" : {
      "SIRE_MENTION_CLASS" : "SPC",
      "SIRE_ENTITY_CLASS" : "SPC",
      "SIRE_MENTION_ROLE" : "Consumer",
      "SIRE_MENTION_TYPE" : "NONE",
      "SIRE_ENTITY_LEVEL" : "NONE",
      "SIRE_ENTITY_SUBTYPE" : "NONE"
    },
    "type" : "Consumer",
    "begin" : 194,
    "end" : 195,
    "inCoref" : true
  }, {
    "id" : "s1-m1",
    "properties" : {
      "SIRE_MENTION_ROLE" : "Product",
      "SIRE_ENTITY_SUBTYPE" : "NONE",
      "SIRE_MENTION_TYPE" : "NONE",
      "SIRE_MENTION_CLASS" : "SPC"
    },
    "type" : "Product",
    "begin" : 207,
    "end" : 218,
    "inCoref" : true
  }, {
    "id" : "s1-m2",
    "properties" : {
      "SIRE_MENTION_ROLE" : "Descriptor",
      "SIRE_ENTITY_SUBTYPE" : "NONE",
      "SIRE_MENTION_TYPE" : "NONE",
      "SIRE_MENTION_CLASS" : "SPC"
    },
    "type" : "Descriptor",
    "begin" : 219,
    "end" : 232,
    "inCoref" : false
  }, {
    "id" : "s1-m3",
    "properties" : {
      "SIRE_MENTION_ROLE" : "Feature",
      "SIRE_ENTITY_SUBTYPE" : "NONE",
      "SIRE_MENTION_TYPE" : "NONE",
      "SIRE_MENTION_CLASS" : "SPC"
    },
    "type" : "Feature",
    "begin" : 236,
    "end" : 252,
    "inCoref" : false
  }, {
    "id" : "544824327757739__113200145-M3",
    "properties" : {
      "SIRE_MENTION_CLASS" : "SPC",
      "SIRE_ENTITY_CLASS" : "SPC",
      "SIRE_MENTION_ROLE" : "Consumer",
      "SIRE_MENTION_TYPE" : "NONE",
      "SIRE_ENTITY_LEVEL" : "NONE",
      "SIRE_ENTITY_SUBTYPE" : "NONE"
    },
    "type" : "Consumer",
    "begin" : 327,
    "end" : 328,
    "inCoref" : true
  }, {
    "id" : "544824327757739__113200145-M4",
    "properties" : {
      "SIRE_MENTION_CLASS" : "SPC",
      "SIRE_ENTITY_CLASS" : "SPC",
      "SIRE_MENTION_ROLE" : "Product",
      "SIRE_MENTION_TYPE" : "NONE",
      "SIRE_ENTITY_LEVEL" : "NONE",
      "SIRE_ENTITY_SUBTYPE" : "NONE"
    },
    "type" : "Product",
    "begin" : 355,
    "end" : 363,
    "inCoref" : true
  }, {
    "id" : "s2-m3",
    "properties" : {
      "SIRE_MENTION_ROLE" : "Feature",
      "SIRE_ENTITY_SUBTYPE" : "NONE",
      "SIRE_MENTION_TYPE" : "NONE",
      "SIRE_MENTION_CLASS" : "SPC"
    },
    "type" : "Feature",
    "begin" : 369,
    "end" : 383,
    "inCoref" : false
  }, {
    "id" : "s3-m1",
    "properties" : {
      "SIRE_MENTION_ROLE" : "Product",
      "SIRE_ENTITY_SUBTYPE" : "NONE",
      "SIRE_MENTION_TYPE" : "NONE",
      "SIRE_MENTION_CLASS" : "SPC"
    },
    "type" : "Product",
    "begin" : 438,
    "end" : 449,
    "inCoref" : true
  }, {
    "id" : "s4-m1",
    "properties" : {
      "SIRE_MENTION_ROLE" : "Descriptor",
      "SIRE_ENTITY_SUBTYPE" : "NONE",
      "SIRE_MENTION_TYPE" : "NONE",
      "SIRE_MENTION_CLASS" : "SPC"
    },
    "type" : "Descriptor",
    "begin" : 509,
    "end" : 556,
    "inCoref" : false
  }, {
    "id" : "s4-m2",
    "properties" : {
      "SIRE_MENTION_ROLE" : "Feature",
      "SIRE_ENTITY_SUBTYPE" : "NONE",
      "SIRE_MENTION_TYPE" : "NONE",
      "SIRE_MENTION_CLASS" : "SPC"
    },
    "type" : "Feature",
    "begin" : 586,
    "end" : 599,
    "inCoref" : false
  }, {
    "id" : "s4-m3",
    "properties" : {
      "SIRE_MENTION_ROLE" : "Feature",
      "SIRE_ENTITY_SUBTYPE" : "NONE",
      "SIRE_MENTION_TYPE" : "NONE",
      "SIRE_MENTION_CLASS" : "SPC"
    },
    "type" : "Feature",
    "begin" : 603,
    "end" : 613,
    "inCoref" : false
  }, {
    "id" : "s4-m4",
    "properties" : {
      "SIRE_MENTION_ROLE" : "Product",
      "SIRE_ENTITY_SUBTYPE" : "NONE",
      "SIRE_MENTION_TYPE" : "NONE",
      "SIRE_MENTION_CLASS" : "SPC"
    },
    "type" : "Product",
    "begin" : 619,
    "end" : 629,
    "inCoref" : true
  }, {
    "id" : "s4-m5",
    "properties" : {
      "SIRE_MENTION_ROLE" : "Descriptor",
      "SIRE_ENTITY_SUBTYPE" : "NONE",
      "SIRE_MENTION_TYPE" : "NONE",
      "SIRE_MENTION_CLASS" : "SPC"
    },
    "type" : "Descriptor",
    "begin" : 630,
    "end" : 632,
    "inCoref" : false
  }, {
    "id" : "s5-m1",
    "properties" : {
      "SIRE_MENTION_ROLE" : "Feature",
      "SIRE_ENTITY_SUBTYPE" : "NONE",
      "SIRE_MENTION_TYPE" : "NONE",
      "SIRE_MENTION_CLASS" : "SPC"
    },
    "type" : "Feature",
    "begin" : 664,
    "end" : 674,
    "inCoref" : false
  }, {
    "id" : "s5-m2",
    "properties" : {
      "SIRE_MENTION_ROLE" : "Descriptor",
      "SIRE_ENTITY_SUBTYPE" : "NONE",
      "SIRE_MENTION_TYPE" : "NONE",
      "SIRE_MENTION_CLASS" : "SPC"
    },
    "type" : "Descriptor",
    "begin" : 678,
    "end" : 689,
    "inCoref" : false
  }, {
    "id" : "s5-m3",
    "properties" : {
      "SIRE_MENTION_ROLE" : "Feature",
      "SIRE_ENTITY_SUBTYPE" : "NONE",
      "SIRE_MENTION_TYPE" : "NONE",
      "SIRE_MENTION_CLASS" : "SPC"
    },
    "type" : "Feature",
    "begin" : 698,
    "end" : 700,
    "inCoref" : false
  }, {
    "id" : "s5-m4",
    "properties" : {
      "SIRE_MENTION_ROLE" : "Descriptor",
      "SIRE_ENTITY_SUBTYPE" : "NONE",
      "SIRE_MENTION_TYPE" : "NONE",
      "SIRE_MENTION_CLASS" : "NEG"
    },
    "type" : "Descriptor",
    "begin" : 701,
    "end" : 708,
    "inCoref" : false
  }, {
    "id" : "s6-m1",
    "properties" : {
      "SIRE_MENTION_ROLE" : "Feature",
      "SIRE_ENTITY_SUBTYPE" : "NONE",
      "SIRE_MENTION_TYPE" : "NONE",
      "SIRE_MENTION_CLASS" : "SPC"
    },
    "type" : "Feature",
    "begin" : 789,
    "end" : 791,
    "inCoref" : false
  }, {
    "id" : "s6-m2",
    "properties" : {
      "SIRE_MENTION_ROLE" : "Descriptor",
      "SIRE_ENTITY_SUBTYPE" : "NONE",
      "SIRE_MENTION_TYPE" : "NONE",
      "SIRE_MENTION_CLASS" : "SPC"
    },
    "type" : "Descriptor",
    "begin" : 795,
    "end" : 802,
    "inCoref" : false
  }, {
    "id" : "s7-m1",
    "properties" : {
      "SIRE_MENTION_ROLE" : "Descriptor",
      "SIRE_ENTITY_SUBTYPE" : "NONE",
      "SIRE_MENTION_TYPE" : "NONE",
      "SIRE_MENTION_CLASS" : "SPC"
    },
    "type" : "Descriptor",
    "begin" : 876,
    "end" : 890,
    "inCoref" : false
  }, {
    "id" : "s7-m2",
    "properties" : {
      "SIRE_MENTION_ROLE" : "Feature",
      "SIRE_ENTITY_SUBTYPE" : "NONE",
      "SIRE_MENTION_TYPE" : "NONE",
      "SIRE_MENTION_CLASS" : "SPC"
    },
    "type" : "Feature",
    "begin" : 899,
    "end" : 905,
    "inCoref" : false
  }, {
    "id" : "s8-m1",
    "properties" : {
      "SIRE_MENTION_ROLE" : "Product",
      "SIRE_ENTITY_SUBTYPE" : "NONE",
      "SIRE_MENTION_TYPE" : "NONE",
      "SIRE_MENTION_CLASS" : "SPC"
    },
    "type" : "Product",
    "begin" : 1026,
    "end" : 1037,
    "inCoref" : true
  }, {
    "id" : "s8-m2",
    "properties" : {
      "SIRE_MENTION_ROLE" : "Feature",
      "SIRE_ENTITY_SUBTYPE" : "NONE",
      "SIRE_MENTION_TYPE" : "NONE",
      "SIRE_MENTION_CLASS" : "SPC"
    },
    "type" : "Feature",
    "begin" : 1060,
    "end" : 1108,
    "inCoref" : false
  }, {
    "id" : "s9-m2",
    "properties" : {
      "SIRE_MENTION_ROLE" : "Feature",
      "SIRE_ENTITY_SUBTYPE" : "NONE",
      "SIRE_MENTION_TYPE" : "NONE",
      "SIRE_MENTION_CLASS" : "SPC"
    },
    "type" : "Feature",
    "begin" : 1141,
    "end" : 1153,
    "inCoref" : false
  }, {
    "id" : "544824327757739__113200145-M5",
    "properties" : {
      "SIRE_MENTION_CLASS" : "SPC",
      "SIRE_ENTITY_CLASS" : "SPC",
      "SIRE_MENTION_ROLE" : "Product",
      "SIRE_MENTION_TYPE" : "NONE",
      "SIRE_ENTITY_LEVEL" : "NONE",
      "SIRE_ENTITY_SUBTYPE" : "NONE"
    },
    "type" : "Product",
    "begin" : 1176,
    "end" : 1184,
    "inCoref" : true
  }, {
    "id" : "s9-m4",
    "properties" : {
      "SIRE_MENTION_ROLE" : "Feature",
      "SIRE_ENTITY_SUBTYPE" : "NONE",
      "SIRE_MENTION_TYPE" : "NONE",
      "SIRE_MENTION_CLASS" : "SPC"
    },
    "type" : "Feature",
    "begin" : 1185,
    "end" : 1192,
    "inCoref" : false
  }, {
    "id" : "s9-m3",
    "properties" : {
      "SIRE_MENTION_ROLE" : "Product",
      "SIRE_ENTITY_SUBTYPE" : "NONE",
      "SIRE_MENTION_TYPE" : "NONE",
      "SIRE_MENTION_CLASS" : "SPC"
    },
    "type" : "Product",
    "begin" : 1194,
    "end" : 1206,
    "inCoref" : true
  }, {
    "id" : "s10-m1",
    "properties" : {
      "SIRE_MENTION_ROLE" : "Feature",
      "SIRE_ENTITY_SUBTYPE" : "NONE",
      "SIRE_MENTION_TYPE" : "NONE",
      "SIRE_MENTION_CLASS" : "SPC"
    },
    "type" : "Feature",
    "begin" : 1247,
    "end" : 1265,
    "inCoref" : true
  }, {
    "id" : "s10-m2",
    "properties" : {
      "SIRE_MENTION_ROLE" : "Product",
      "SIRE_ENTITY_SUBTYPE" : "NONE",
      "SIRE_MENTION_TYPE" : "NONE",
      "SIRE_MENTION_CLASS" : "SPC"
    },
    "type" : "Product",
    "begin" : 1280,
    "end" : 1290,
    "inCoref" : true
  }, {
    "id" : "s10-m3",
    "properties" : {
      "SIRE_MENTION_ROLE" : "Feature",
      "SIRE_ENTITY_SUBTYPE" : "NONE",
      "SIRE_MENTION_TYPE" : "NONE",
      "SIRE_MENTION_CLASS" : "SPC"
    },
    "type" : "Feature",
    "begin" : 1291,
    "end" : 1379,
    "inCoref" : false
  }, {
    "id" : "s11-m1",
    "properties" : {
      "SIRE_MENTION_ROLE" : "Feature",
      "SIRE_ENTITY_SUBTYPE" : "NONE",
      "SIRE_MENTION_TYPE" : "NONE",
      "SIRE_MENTION_CLASS" : "SPC"
    },
    "type" : "Feature",
    "begin" : 1381,
    "end" : 1383,
    "inCoref" : true
  }, {
    "id" : "s11-m2",
    "properties" : {
      "SIRE_MENTION_ROLE" : "Feature",
      "SIRE_ENTITY_SUBTYPE" : "NONE",
      "SIRE_MENTION_TYPE" : "NONE",
      "SIRE_MENTION_CLASS" : "SPC"
    },
    "type" : "Feature",
    "begin" : 1395,
    "end" : 1440,
    "inCoref" : false
  }, {
    "id" : "s12-m1",
    "properties" : {
      "SIRE_MENTION_ROLE" : "Feature",
      "SIRE_ENTITY_SUBTYPE" : "NONE",
      "SIRE_MENTION_TYPE" : "NONE",
      "SIRE_MENTION_CLASS" : "SPC"
    },
    "type" : "Feature",
    "begin" : 1557,
    "end" : 1567,
    "inCoref" : true
  }, {
    "id" : "s12-m2",
    "properties" : {
      "SIRE_MENTION_ROLE" : "Product",
      "SIRE_ENTITY_SUBTYPE" : "NONE",
      "SIRE_MENTION_TYPE" : "NONE",
      "SIRE_MENTION_CLASS" : "SPC"
    },
    "type" : "Product",
    "begin" : 1609,
    "end" : 1619,
    "inCoref" : true
  }, {
    "id" : "s13-m1",
    "properties" : {
      "SIRE_MENTION_ROLE" : "Feature",
      "SIRE_ENTITY_SUBTYPE" : "NONE",
      "SIRE_MENTION_TYPE" : "NONE",
      "SIRE_MENTION_CLASS" : "SPC"
    },
    "type" : "Feature",
    "begin" : 1621,
    "end" : 1623,
    "inCoref" : true
  }, {
    "id" : "s13-m2",
    "properties" : {
      "SIRE_MENTION_ROLE" : "Product",
      "SIRE_ENTITY_SUBTYPE" : "NONE",
      "SIRE_MENTION_TYPE" : "NONE",
      "SIRE_MENTION_CLASS" : "SPC"
    },
    "type" : "Product",
    "begin" : 1662,
    "end" : 1672,
    "inCoref" : true
  }, {
    "id" : "s13-m3",
    "properties" : {
      "SIRE_MENTION_ROLE" : "Feature",
      "SIRE_ENTITY_SUBTYPE" : "NONE",
      "SIRE_MENTION_TYPE" : "NONE",
      "SIRE_MENTION_CLASS" : "SPC"
    },
    "type" : "Feature",
    "begin" : 1708,
    "end" : 1710,
    "inCoref" : false
  }, {
    "id" : "s13-m4",
    "properties" : {
      "SIRE_MENTION_ROLE" : "Descriptor",
      "SIRE_ENTITY_SUBTYPE" : "NONE",
      "SIRE_MENTION_TYPE" : "NONE",
      "SIRE_MENTION_CLASS" : "SPC"
    },
    "type" : "Descriptor",
    "begin" : 1713,
    "end" : 1730,
    "inCoref" : false
  }, {
    "id" : "s14-m2",
    "properties" : {
      "SIRE_MENTION_ROLE" : "Descriptor",
      "SIRE_ENTITY_SUBTYPE" : "NONE",
      "SIRE_MENTION_TYPE" : "NONE",
      "SIRE_MENTION_CLASS" : "SPC"
    },
    "type" : "Descriptor",
    "begin" : 1745,
    "end" : 1751,
    "inCoref" : false
  }, {
    "id" : "s14-m1",
    "properties" : {
      "SIRE_MENTION_ROLE" : "Feature",
      "SIRE_ENTITY_SUBTYPE" : "NONE",
      "SIRE_MENTION_TYPE" : "NONE",
      "SIRE_MENTION_CLASS" : "SPC"
    },
    "type" : "Feature",
    "begin" : 1755,
    "end" : 1768,
    "inCoref" : false
  }, {
    "id" : "s14-m3",
    "properties" : {
      "SIRE_MENTION_ROLE" : "Descriptor",
      "SIRE_ENTITY_SUBTYPE" : "NONE",
      "SIRE_MENTION_TYPE" : "NONE",
      "SIRE_MENTION_CLASS" : "SPC"
    },
    "type" : "Descriptor",
    "begin" : 1772,
    "end" : 1834,
    "inCoref" : false
  }, {
    "id" : "s15-m1",
    "properties" : {
      "SIRE_MENTION_ROLE" : "Product",
      "SIRE_ENTITY_SUBTYPE" : "NONE",
      "SIRE_MENTION_TYPE" : "NONE",
      "SIRE_MENTION_CLASS" : "SPC"
    },
    "type" : "Product",
    "begin" : 1837,
    "end" : 1848,
    "inCoref" : true
  }, {
    "id" : "s15-m2",
    "properties" : {
      "SIRE_MENTION_ROLE" : "Feature",
      "SIRE_ENTITY_SUBTYPE" : "NONE",
      "SIRE_MENTION_TYPE" : "NONE",
      "SIRE_MENTION_CLASS" : "SPC"
    },
    "type" : "Feature",
    "begin" : 1862,
    "end" : 1903,
    "inCoref" : false
  }, {
    "id" : "s16-m1",
    "properties" : {
      "SIRE_MENTION_ROLE" : "Product",
      "SIRE_ENTITY_SUBTYPE" : "NONE",
      "SIRE_MENTION_TYPE" : "NONE",
      "SIRE_MENTION_CLASS" : "SPC"
    },
    "type" : "Product",
    "begin" : 1933,
    "end" : 1943,
    "inCoref" : true
  }, {
    "id" : "s17-m1",
    "properties" : {
      "SIRE_MENTION_ROLE" : "Product",
      "SIRE_ENTITY_SUBTYPE" : "NONE",
      "SIRE_MENTION_TYPE" : "NONE",
      "SIRE_MENTION_CLASS" : "SPC"
    },
    "type" : "Product",
    "begin" : 1961,
    "end" : 1972,
    "inCoref" : true
  }, {
    "id" : "s17-m2",
    "properties" : {
      "SIRE_MENTION_ROLE" : "Descriptor",
      "SIRE_ENTITY_SUBTYPE" : "NONE",
      "SIRE_MENTION_TYPE" : "NONE",
      "SIRE_MENTION_CLASS" : "SPC"
    },
    "type" : "Descriptor",
    "begin" : 1973,
    "end" : 1985,
    "inCoref" : false
  }, {
    "id" : "s18-m1",
    "properties" : {
      "SIRE_MENTION_ROLE" : "Feature",
      "SIRE_ENTITY_SUBTYPE" : "NONE",
      "SIRE_MENTION_TYPE" : "NONE",
      "SIRE_MENTION_CLASS" : "SPC"
    },
    "type" : "Feature",
    "begin" : 2015,
    "end" : 2061,
    "inCoref" : false
  }, {
    "id" : "544824327757739__113200145-M6",
    "properties" : {
      "SIRE_MENTION_CLASS" : "SPC",
      "SIRE_ENTITY_CLASS" : "SPC",
      "SIRE_MENTION_ROLE" : "Consumer",
      "SIRE_MENTION_TYPE" : "NONE",
      "SIRE_ENTITY_LEVEL" : "NONE",
      "SIRE_ENTITY_SUBTYPE" : "NONE"
    },
    "type" : "Consumer",
    "begin" : 2094,
    "end" : 2095,
    "inCoref" : true
  }, {
    "id" : "s19-m2",
    "properties" : {
      "SIRE_MENTION_ROLE" : "Price",
      "SIRE_ENTITY_SUBTYPE" : "NONE",
      "SIRE_MENTION_TYPE" : "NONE",
      "SIRE_MENTION_CLASS" : "SPC"
    },
    "type" : "Price",
    "begin" : 2110,
    "end" : 2120,
    "inCoref" : false
  }, {
    "id" : "s19-m3",
    "properties" : {
      "SIRE_MENTION_ROLE" : "Feature",
      "SIRE_ENTITY_SUBTYPE" : "NONE",
      "SIRE_MENTION_TYPE" : "NONE",
      "SIRE_MENTION_CLASS" : "SPC"
    },
    "type" : "Feature",
    "begin" : 2142,
    "end" : 2162,
    "inCoref" : false
  } ],
  "relations" : [ {
    "id" : "s0-r1",
    "properties" : { },
    "type" : "hasFeature",
    "args" : [ "s0-m6", "s0-m7" ]
  }, {
    "id" : "s1-r1",
    "properties" : { },
    "type" : "hasQuality",
    "args" : [ "s1-m1", "s1-m2" ]
  }, {
    "id" : "s1-r2",
    "properties" : { },
    "type" : "hasFeature",
    "args" : [ "s1-m1", "s1-m3" ]
  }, {
    "id" : "s4-r1",
    "properties" : { },
    "type" : "hasQuality",
    "args" : [ "s4-m4", "s4-m5" ]
  }, {
    "id" : "s4-r2",
    "properties" : { },
    "type" : "hasQuality",
    "args" : [ "s4-m4", "s4-m1" ]
  }, {
    "id" : "s4-r3",
    "properties" : { },
    "type" : "hasFeature",
    "args" : [ "s4-m4", "s4-m3" ]
  }, {
    "id" : "s4-r4",
    "properties" : { },
    "type" : "hasFeature",
    "args" : [ "s4-m4", "s4-m2" ]
  }, {
    "id" : "s5-r1",
    "properties" : { },
    "type" : "hasQuality",
    "args" : [ "s5-m1", "s5-m2" ]
  }, {
    "id" : "s5-r2",
    "properties" : { },
    "type" : "hasQuality",
    "args" : [ "s5-m3", "s5-m4" ]
  }, {
    "id" : "s6-r1",
    "properties" : { },
    "type" : "hasQuality",
    "args" : [ "s6-m1", "s6-m2" ]
  }, {
    "id" : "s7-r1",
    "properties" : { },
    "type" : "hasQuality",
    "args" : [ "s7-m2", "s7-m1" ]
  }, {
    "id" : "s8-r1",
    "properties" : { },
    "type" : "hasFeature",
    "args" : [ "s8-m1", "s8-m2" ]
  }, {
    "id" : "s9-r1",
    "properties" : { },
    "type" : "hasFeature",
    "args" : [ "544824327757739__113200145-M5", "s9-m4" ]
  }, {
    "id" : "s9-r2",
    "properties" : { },
    "type" : "hasFeature",
    "args" : [ "s9-m3", "s9-m2" ]
  }, {
    "id" : "s10-r1",
    "properties" : { },
    "type" : "hasFeature",
    "args" : [ "s10-m2", "s10-m3" ]
  }, {
    "id" : "s10-r2",
    "properties" : { },
    "type" : "hasFeature",
    "args" : [ "s10-m2", "s10-m1" ]
  }, {
    "id" : "s12-r1",
    "properties" : { },
    "type" : "hasFeature",
    "args" : [ "s12-m2", "s12-m1" ]
  }, {
    "id" : "s13-r1",
    "properties" : { },
    "type" : "hasFeature",
    "args" : [ "s13-m2", "s13-m1" ]
  }, {
    "id" : "s13-r2",
    "properties" : { },
    "type" : "hasFeature",
    "args" : [ "s13-m2", "s13-m3" ]
  }, {
    "id" : "s13-r3",
    "properties" : { },
    "type" : "hasQuality",
    "args" : [ "s13-m3", "s13-m4" ]
  }, {
    "id" : "s14-r1",
    "properties" : { },
    "type" : "hasQuality",
    "args" : [ "s14-m1", "s14-m2" ]
  }, {
    "id" : "s14-r2",
    "properties" : { },
    "type" : "hasQuality",
    "args" : [ "s14-m1", "s14-m3" ]
  }, {
    "id" : "s15-r1",
    "properties" : { },
    "type" : "hasFeature",
    "args" : [ "s15-m1", "s15-m2" ]
  }, {
    "id" : "s17-r1",
    "properties" : { },
    "type" : "hasQuality",
    "args" : [ "s17-m1", "s17-m2" ]
  } ],
  "corefs" : [ {
    "id" : "c1",
    "properties" : { },
    "mentions" : [ "544824327757739__113200145-M0", "544824327757739__113200145-M2", "544824327757739__113200145-M3", "544824327757739__113200145-M1", "544824327757739__113200145-M6" ]
  }, {
    "id" : "c2",
    "properties" : { },
    "mentions" : [ "s0-m4", "s0-m5", "s1-m1", "s3-m1", "s4-m4", "s8-m1", "s9-m3", "s10-m2", "s13-m2", "s12-m2", "s15-m1", "s17-m1", "s16-m1" ]
  }, {
    "id" : "c3",
    "properties" : { },
    "mentions" : [ "s13-m1", "s12-m1" ]
  }, {
    "id" : "c4",
    "properties" : { },
    "mentions" : [ "s11-m1", "s10-m1" ]
  }, {
    "id" : "c5",
    "properties" : { },
    "mentions" : [ "544824327757739__113200145-M4", "544824327757739__113200145-M5", "s0-m6" ]
  } ],
  "typeResolved" : true,
  "userResolved" : true
}