{
  "id" : "b9223ee4-fe27-4d77-b915-0c3bca08b2fa-28",
  "modifiedDate" : 1467868872020,
  "name" : "review29.txt",
  "version" : 2,
  "text" : "I have bought a lot of very expensive amps that arent built as well as this one, specially for the price. All the connections are well laid out, all the controls are easily adjusted, the body is well built and very clean looking. The manual is very well written and easily understood with a lot more info than a lot of higher priced models. I have been running this amp bridged at 2 Ohms for a week now, it has performed flawlessly without overheating even once, I have it mounted in a pretty tight area that doesnt get much air circulation, in fact I had an MTX amp mounted in the same spot and it would constantly overheat and go into protection. As far as sound quality goes it sounds very good! No noise, very clean and solid bass, I am able to play it far louder than the MTX and Rockford Fosgate it replaced, it actually sounds like it was made to listen to not just to make speakers go boom. I listen to music not Rap and it sounds very smooth no matter what I play. Drums sound like drums, bass guitars sound like guitars not like a horrible low frequency buzz. I was so happy with the quality that I bought a SSL EV4.400 four channel amp for my mids and tweets, I also bought a SSL S4EQ to control everything. If these units last a month with the punishment I give them I will be buying more SSL products. It's nice to know someone makes a quality amp that doesnt cost a fortune! I wouldnt hesitate to recomend this amp to anyone looking for a quality product at a very good price! \n\n",
  "docLength" : 1493,
  "language" : "EN",
  "status" : "SUBMITTED",
  "documentSet" : [ ],
  "sentences" : [ {
    "id" : "s0",
    "begin" : 0,
    "end" : 105,
    "text" : "I have bought a lot of very expensive amps that arent built as well as this one, specially for the price.",
    "tokens" : [ {
      "id" : "s0-t0",
      "begin" : 0,
      "end" : 1,
      "text" : "I",
      "whiteSpace" : false
    }, {
      "id" : "s0-t1",
      "begin" : 2,
      "end" : 6,
      "text" : "have",
      "whiteSpace" : false
    }, {
      "id" : "s0-t2",
      "begin" : 7,
      "end" : 13,
      "text" : "bought",
      "whiteSpace" : false
    }, {
      "id" : "s0-t3",
      "begin" : 14,
      "end" : 15,
      "text" : "a",
      "whiteSpace" : false
    }, {
      "id" : "s0-t4",
      "begin" : 16,
      "end" : 19,
      "text" : "lot",
      "whiteSpace" : false
    }, {
      "id" : "s0-t5",
      "begin" : 20,
      "end" : 22,
      "text" : "of",
      "whiteSpace" : false
    }, {
      "id" : "s0-t6",
      "begin" : 23,
      "end" : 27,
      "text" : "very",
      "whiteSpace" : false
    }, {
      "id" : "s0-t7",
      "begin" : 28,
      "end" : 37,
      "text" : "expensive",
      "whiteSpace" : false
    }, {
      "id" : "s0-t8",
      "begin" : 38,
      "end" : 42,
      "text" : "amps",
      "whiteSpace" : false
    }, {
      "id" : "s0-t9",
      "begin" : 43,
      "end" : 47,
      "text" : "that",
      "whiteSpace" : false
    }, {
      "id" : "s0-t10",
      "begin" : 48,
      "end" : 53,
      "text" : "arent",
      "whiteSpace" : false
    }, {
      "id" : "s0-t11",
      "begin" : 54,
      "end" : 59,
      "text" : "built",
      "whiteSpace" : false
    }, {
      "id" : "s0-t12",
      "begin" : 60,
      "end" : 62,
      "text" : "as",
      "whiteSpace" : false
    }, {
      "id" : "s0-t13",
      "begin" : 63,
      "end" : 67,
      "text" : "well",
      "whiteSpace" : false
    }, {
      "id" : "s0-t14",
      "begin" : 68,
      "end" : 70,
      "text" : "as",
      "whiteSpace" : false
    }, {
      "id" : "s0-t15",
      "begin" : 71,
      "end" : 75,
      "text" : "this",
      "whiteSpace" : false
    }, {
      "id" : "s0-t16",
      "begin" : 76,
      "end" : 79,
      "text" : "one",
      "whiteSpace" : false
    }, {
      "id" : "s0-t17",
      "begin" : 79,
      "end" : 80,
      "text" : ",",
      "whiteSpace" : false
    }, {
      "id" : "s0-t18",
      "begin" : 81,
      "end" : 90,
      "text" : "specially",
      "whiteSpace" : false
    }, {
      "id" : "s0-t19",
      "begin" : 91,
      "end" : 94,
      "text" : "for",
      "whiteSpace" : false
    }, {
      "id" : "s0-t20",
      "begin" : 95,
      "end" : 98,
      "text" : "the",
      "whiteSpace" : false
    }, {
      "id" : "s0-t21",
      "begin" : 99,
      "end" : 104,
      "text" : "price",
      "whiteSpace" : false
    }, {
      "id" : "s0-t22",
      "begin" : 104,
      "end" : 105,
      "text" : ".",
      "whiteSpace" : false
    } ]
  }, {
    "id" : "s1",
    "begin" : 106,
    "end" : 229,
    "text" : "All the connections are well laid out, all the controls are easily adjusted, the body is well built and very clean looking.",
    "tokens" : [ {
      "id" : "s1-t0",
      "begin" : 106,
      "end" : 109,
      "text" : "All",
      "whiteSpace" : false
    }, {
      "id" : "s1-t1",
      "begin" : 110,
      "end" : 113,
      "text" : "the",
      "whiteSpace" : false
    }, {
      "id" : "s1-t2",
      "begin" : 114,
      "end" : 125,
      "text" : "connections",
      "whiteSpace" : false
    }, {
      "id" : "s1-t3",
      "begin" : 126,
      "end" : 129,
      "text" : "are",
      "whiteSpace" : false
    }, {
      "id" : "s1-t4",
      "begin" : 130,
      "end" : 134,
      "text" : "well",
      "whiteSpace" : false
    }, {
      "id" : "s1-t5",
      "begin" : 135,
      "end" : 139,
      "text" : "laid",
      "whiteSpace" : false
    }, {
      "id" : "s1-t6",
      "begin" : 140,
      "end" : 143,
      "text" : "out",
      "whiteSpace" : false
    }, {
      "id" : "s1-t7",
      "begin" : 143,
      "end" : 144,
      "text" : ",",
      "whiteSpace" : false
    }, {
      "id" : "s1-t8",
      "begin" : 145,
      "end" : 148,
      "text" : "all",
      "whiteSpace" : false
    }, {
      "id" : "s1-t9",
      "begin" : 149,
      "end" : 152,
      "text" : "the",
      "whiteSpace" : false
    }, {
      "id" : "s1-t10",
      "begin" : 153,
      "end" : 161,
      "text" : "controls",
      "whiteSpace" : false
    }, {
      "id" : "s1-t11",
      "begin" : 162,
      "end" : 165,
      "text" : "are",
      "whiteSpace" : false
    }, {
      "id" : "s1-t12",
      "begin" : 166,
      "end" : 172,
      "text" : "easily",
      "whiteSpace" : false
    }, {
      "id" : "s1-t13",
      "begin" : 173,
      "end" : 181,
      "text" : "adjusted",
      "whiteSpace" : false
    }, {
      "id" : "s1-t14",
      "begin" : 181,
      "end" : 182,
      "text" : ",",
      "whiteSpace" : false
    }, {
      "id" : "s1-t15",
      "begin" : 183,
      "end" : 186,
      "text" : "the",
      "whiteSpace" : false
    }, {
      "id" : "s1-t16",
      "begin" : 187,
      "end" : 191,
      "text" : "body",
      "whiteSpace" : false
    }, {
      "id" : "s1-t17",
      "begin" : 192,
      "end" : 194,
      "text" : "is",
      "whiteSpace" : false
    }, {
      "id" : "s1-t18",
      "begin" : 195,
      "end" : 199,
      "text" : "well",
      "whiteSpace" : false
    }, {
      "id" : "s1-t19",
      "begin" : 200,
      "end" : 205,
      "text" : "built",
      "whiteSpace" : false
    }, {
      "id" : "s1-t20",
      "begin" : 206,
      "end" : 209,
      "text" : "and",
      "whiteSpace" : false
    }, {
      "id" : "s1-t21",
      "begin" : 210,
      "end" : 214,
      "text" : "very",
      "whiteSpace" : false
    }, {
      "id" : "s1-t22",
      "begin" : 215,
      "end" : 220,
      "text" : "clean",
      "whiteSpace" : false
    }, {
      "id" : "s1-t23",
      "begin" : 221,
      "end" : 228,
      "text" : "looking",
      "whiteSpace" : false
    }, {
      "id" : "s1-t24",
      "begin" : 228,
      "end" : 229,
      "text" : ".",
      "whiteSpace" : false
    } ]
  }, {
    "id" : "s2",
    "begin" : 230,
    "end" : 340,
    "text" : "The manual is very well written and easily understood with a lot more info than a lot of higher priced models.",
    "tokens" : [ {
      "id" : "s2-t0",
      "begin" : 230,
      "end" : 233,
      "text" : "The",
      "whiteSpace" : false
    }, {
      "id" : "s2-t1",
      "begin" : 234,
      "end" : 240,
      "text" : "manual",
      "whiteSpace" : false
    }, {
      "id" : "s2-t2",
      "begin" : 241,
      "end" : 243,
      "text" : "is",
      "whiteSpace" : false
    }, {
      "id" : "s2-t3",
      "begin" : 244,
      "end" : 248,
      "text" : "very",
      "whiteSpace" : false
    }, {
      "id" : "s2-t4",
      "begin" : 249,
      "end" : 253,
      "text" : "well",
      "whiteSpace" : false
    }, {
      "id" : "s2-t5",
      "begin" : 254,
      "end" : 261,
      "text" : "written",
      "whiteSpace" : false
    }, {
      "id" : "s2-t6",
      "begin" : 262,
      "end" : 265,
      "text" : "and",
      "whiteSpace" : false
    }, {
      "id" : "s2-t7",
      "begin" : 266,
      "end" : 272,
      "text" : "easily",
      "whiteSpace" : false
    }, {
      "id" : "s2-t8",
      "begin" : 273,
      "end" : 283,
      "text" : "understood",
      "whiteSpace" : false
    }, {
      "id" : "s2-t9",
      "begin" : 284,
      "end" : 288,
      "text" : "with",
      "whiteSpace" : false
    }, {
      "id" : "s2-t10",
      "begin" : 289,
      "end" : 290,
      "text" : "a",
      "whiteSpace" : false
    }, {
      "id" : "s2-t11",
      "begin" : 291,
      "end" : 294,
      "text" : "lot",
      "whiteSpace" : false
    }, {
      "id" : "s2-t12",
      "begin" : 295,
      "end" : 299,
      "text" : "more",
      "whiteSpace" : false
    }, {
      "id" : "s2-t13",
      "begin" : 300,
      "end" : 304,
      "text" : "info",
      "whiteSpace" : false
    }, {
      "id" : "s2-t14",
      "begin" : 305,
      "end" : 309,
      "text" : "than",
      "whiteSpace" : false
    }, {
      "id" : "s2-t15",
      "begin" : 310,
      "end" : 311,
      "text" : "a",
      "whiteSpace" : false
    }, {
      "id" : "s2-t16",
      "begin" : 312,
      "end" : 315,
      "text" : "lot",
      "whiteSpace" : false
    }, {
      "id" : "s2-t17",
      "begin" : 316,
      "end" : 318,
      "text" : "of",
      "whiteSpace" : false
    }, {
      "id" : "s2-t18",
      "begin" : 319,
      "end" : 325,
      "text" : "higher",
      "whiteSpace" : false
    }, {
      "id" : "s2-t19",
      "begin" : 326,
      "end" : 332,
      "text" : "priced",
      "whiteSpace" : false
    }, {
      "id" : "s2-t20",
      "begin" : 333,
      "end" : 339,
      "text" : "models",
      "whiteSpace" : false
    }, {
      "id" : "s2-t21",
      "begin" : 339,
      "end" : 340,
      "text" : ".",
      "whiteSpace" : false
    } ]
  }, {
    "id" : "s3",
    "begin" : 341,
    "end" : 648,
    "text" : "I have been running this amp bridged at 2 Ohms for a week now, it has performed flawlessly without overheating even once, I have it mounted in a pretty tight area that doesnt get much air circulation, in fact I had an MTX amp mounted in the same spot and it would constantly overheat and go into protection.",
    "tokens" : [ {
      "id" : "s3-t0",
      "begin" : 341,
      "end" : 342,
      "text" : "I",
      "whiteSpace" : false
    }, {
      "id" : "s3-t1",
      "begin" : 343,
      "end" : 347,
      "text" : "have",
      "whiteSpace" : false
    }, {
      "id" : "s3-t2",
      "begin" : 348,
      "end" : 352,
      "text" : "been",
      "whiteSpace" : false
    }, {
      "id" : "s3-t3",
      "begin" : 353,
      "end" : 360,
      "text" : "running",
      "whiteSpace" : false
    }, {
      "id" : "s3-t4",
      "begin" : 361,
      "end" : 365,
      "text" : "this",
      "whiteSpace" : false
    }, {
      "id" : "s3-t5",
      "begin" : 366,
      "end" : 369,
      "text" : "amp",
      "whiteSpace" : false
    }, {
      "id" : "s3-t6",
      "begin" : 370,
      "end" : 377,
      "text" : "bridged",
      "whiteSpace" : false
    }, {
      "id" : "s3-t7",
      "begin" : 378,
      "end" : 380,
      "text" : "at",
      "whiteSpace" : false
    }, {
      "id" : "s3-t8",
      "begin" : 381,
      "end" : 382,
      "text" : "2",
      "whiteSpace" : false
    }, {
      "id" : "s3-t9",
      "begin" : 383,
      "end" : 387,
      "text" : "Ohms",
      "whiteSpace" : false
    }, {
      "id" : "s3-t10",
      "begin" : 388,
      "end" : 391,
      "text" : "for",
      "whiteSpace" : false
    }, {
      "id" : "s3-t11",
      "begin" : 392,
      "end" : 393,
      "text" : "a",
      "whiteSpace" : false
    }, {
      "id" : "s3-t12",
      "begin" : 394,
      "end" : 398,
      "text" : "week",
      "whiteSpace" : false
    }, {
      "id" : "s3-t13",
      "begin" : 399,
      "end" : 402,
      "text" : "now",
      "whiteSpace" : false
    }, {
      "id" : "s3-t14",
      "begin" : 402,
      "end" : 403,
      "text" : ",",
      "whiteSpace" : false
    }, {
      "id" : "s3-t15",
      "begin" : 404,
      "end" : 406,
      "text" : "it",
      "whiteSpace" : false
    }, {
      "id" : "s3-t16",
      "begin" : 407,
      "end" : 410,
      "text" : "has",
      "whiteSpace" : false
    }, {
      "id" : "s3-t17",
      "begin" : 411,
      "end" : 420,
      "text" : "performed",
      "whiteSpace" : false
    }, {
      "id" : "s3-t18",
      "begin" : 421,
      "end" : 431,
      "text" : "flawlessly",
      "whiteSpace" : false
    }, {
      "id" : "s3-t19",
      "begin" : 432,
      "end" : 439,
      "text" : "without",
      "whiteSpace" : false
    }, {
      "id" : "s3-t20",
      "begin" : 440,
      "end" : 451,
      "text" : "overheating",
      "whiteSpace" : false
    }, {
      "id" : "s3-t21",
      "begin" : 452,
      "end" : 456,
      "text" : "even",
      "whiteSpace" : false
    }, {
      "id" : "s3-t22",
      "begin" : 457,
      "end" : 461,
      "text" : "once",
      "whiteSpace" : false
    }, {
      "id" : "s3-t23",
      "begin" : 461,
      "end" : 462,
      "text" : ",",
      "whiteSpace" : false
    }, {
      "id" : "s3-t24",
      "begin" : 463,
      "end" : 464,
      "text" : "I",
      "whiteSpace" : false
    }, {
      "id" : "s3-t25",
      "begin" : 465,
      "end" : 469,
      "text" : "have",
      "whiteSpace" : false
    }, {
      "id" : "s3-t26",
      "begin" : 470,
      "end" : 472,
      "text" : "it",
      "whiteSpace" : false
    }, {
      "id" : "s3-t27",
      "begin" : 473,
      "end" : 480,
      "text" : "mounted",
      "whiteSpace" : false
    }, {
      "id" : "s3-t28",
      "begin" : 481,
      "end" : 483,
      "text" : "in",
      "whiteSpace" : false
    }, {
      "id" : "s3-t29",
      "begin" : 484,
      "end" : 485,
      "text" : "a",
      "whiteSpace" : false
    }, {
      "id" : "s3-t30",
      "begin" : 486,
      "end" : 492,
      "text" : "pretty",
      "whiteSpace" : false
    }, {
      "id" : "s3-t31",
      "begin" : 493,
      "end" : 498,
      "text" : "tight",
      "whiteSpace" : false
    }, {
      "id" : "s3-t32",
      "begin" : 499,
      "end" : 503,
      "text" : "area",
      "whiteSpace" : false
    }, {
      "id" : "s3-t33",
      "begin" : 504,
      "end" : 508,
      "text" : "that",
      "whiteSpace" : false
    }, {
      "id" : "s3-t34",
      "begin" : 509,
      "end" : 515,
      "text" : "doesnt",
      "whiteSpace" : false
    }, {
      "id" : "s3-t35",
      "begin" : 516,
      "end" : 519,
      "text" : "get",
      "whiteSpace" : false
    }, {
      "id" : "s3-t36",
      "begin" : 520,
      "end" : 524,
      "text" : "much",
      "whiteSpace" : false
    }, {
      "id" : "s3-t37",
      "begin" : 525,
      "end" : 528,
      "text" : "air",
      "whiteSpace" : false
    }, {
      "id" : "s3-t38",
      "begin" : 529,
      "end" : 540,
      "text" : "circulation",
      "whiteSpace" : false
    }, {
      "id" : "s3-t39",
      "begin" : 540,
      "end" : 541,
      "text" : ",",
      "whiteSpace" : false
    }, {
      "id" : "s3-t40",
      "begin" : 542,
      "end" : 544,
      "text" : "in",
      "whiteSpace" : false
    }, {
      "id" : "s3-t41",
      "begin" : 545,
      "end" : 549,
      "text" : "fact",
      "whiteSpace" : false
    }, {
      "id" : "s3-t42",
      "begin" : 550,
      "end" : 551,
      "text" : "I",
      "whiteSpace" : false
    }, {
      "id" : "s3-t43",
      "begin" : 552,
      "end" : 555,
      "text" : "had",
      "whiteSpace" : false
    }, {
      "id" : "s3-t44",
      "begin" : 556,
      "end" : 558,
      "text" : "an",
      "whiteSpace" : false
    }, {
      "id" : "s3-t45",
      "begin" : 559,
      "end" : 562,
      "text" : "MTX",
      "whiteSpace" : false
    }, {
      "id" : "s3-t46",
      "begin" : 563,
      "end" : 566,
      "text" : "amp",
      "whiteSpace" : false
    }, {
      "id" : "s3-t47",
      "begin" : 567,
      "end" : 574,
      "text" : "mounted",
      "whiteSpace" : false
    }, {
      "id" : "s3-t48",
      "begin" : 575,
      "end" : 577,
      "text" : "in",
      "whiteSpace" : false
    }, {
      "id" : "s3-t49",
      "begin" : 578,
      "end" : 581,
      "text" : "the",
      "whiteSpace" : false
    }, {
      "id" : "s3-t50",
      "begin" : 582,
      "end" : 586,
      "text" : "same",
      "whiteSpace" : false
    }, {
      "id" : "s3-t51",
      "begin" : 587,
      "end" : 591,
      "text" : "spot",
      "whiteSpace" : false
    }, {
      "id" : "s3-t52",
      "begin" : 592,
      "end" : 595,
      "text" : "and",
      "whiteSpace" : false
    }, {
      "id" : "s3-t53",
      "begin" : 596,
      "end" : 598,
      "text" : "it",
      "whiteSpace" : false
    }, {
      "id" : "s3-t54",
      "begin" : 599,
      "end" : 604,
      "text" : "would",
      "whiteSpace" : false
    }, {
      "id" : "s3-t55",
      "begin" : 605,
      "end" : 615,
      "text" : "constantly",
      "whiteSpace" : false
    }, {
      "id" : "s3-t56",
      "begin" : 616,
      "end" : 624,
      "text" : "overheat",
      "whiteSpace" : false
    }, {
      "id" : "s3-t57",
      "begin" : 625,
      "end" : 628,
      "text" : "and",
      "whiteSpace" : false
    }, {
      "id" : "s3-t58",
      "begin" : 629,
      "end" : 631,
      "text" : "go",
      "whiteSpace" : false
    }, {
      "id" : "s3-t59",
      "begin" : 632,
      "end" : 636,
      "text" : "into",
      "whiteSpace" : false
    }, {
      "id" : "s3-t60",
      "begin" : 637,
      "end" : 647,
      "text" : "protection",
      "whiteSpace" : false
    }, {
      "id" : "s3-t61",
      "begin" : 647,
      "end" : 648,
      "text" : ".",
      "whiteSpace" : false
    } ]
  }, {
    "id" : "s4",
    "begin" : 649,
    "end" : 698,
    "text" : "As far as sound quality goes it sounds very good!",
    "tokens" : [ {
      "id" : "s4-t0",
      "begin" : 649,
      "end" : 651,
      "text" : "As",
      "whiteSpace" : false
    }, {
      "id" : "s4-t1",
      "begin" : 652,
      "end" : 655,
      "text" : "far",
      "whiteSpace" : false
    }, {
      "id" : "s4-t2",
      "begin" : 656,
      "end" : 658,
      "text" : "as",
      "whiteSpace" : false
    }, {
      "id" : "s4-t3",
      "begin" : 659,
      "end" : 664,
      "text" : "sound",
      "whiteSpace" : false
    }, {
      "id" : "s4-t4",
      "begin" : 665,
      "end" : 672,
      "text" : "quality",
      "whiteSpace" : false
    }, {
      "id" : "s4-t5",
      "begin" : 673,
      "end" : 677,
      "text" : "goes",
      "whiteSpace" : false
    }, {
      "id" : "s4-t6",
      "begin" : 678,
      "end" : 680,
      "text" : "it",
      "whiteSpace" : false
    }, {
      "id" : "s4-t7",
      "begin" : 681,
      "end" : 687,
      "text" : "sounds",
      "whiteSpace" : false
    }, {
      "id" : "s4-t8",
      "begin" : 688,
      "end" : 692,
      "text" : "very",
      "whiteSpace" : false
    }, {
      "id" : "s4-t9",
      "begin" : 693,
      "end" : 697,
      "text" : "good",
      "whiteSpace" : false
    }, {
      "id" : "s4-t10",
      "begin" : 697,
      "end" : 698,
      "text" : "!",
      "whiteSpace" : false
    } ]
  }, {
    "id" : "s5",
    "begin" : 699,
    "end" : 898,
    "text" : "No noise, very clean and solid bass, I am able to play it far louder than the MTX and Rockford Fosgate it replaced, it actually sounds like it was made to listen to not just to make speakers go boom.",
    "tokens" : [ {
      "id" : "s5-t0",
      "begin" : 699,
      "end" : 701,
      "text" : "No",
      "whiteSpace" : false
    }, {
      "id" : "s5-t1",
      "begin" : 702,
      "end" : 707,
      "text" : "noise",
      "whiteSpace" : false
    }, {
      "id" : "s5-t2",
      "begin" : 707,
      "end" : 708,
      "text" : ",",
      "whiteSpace" : false
    }, {
      "id" : "s5-t3",
      "begin" : 709,
      "end" : 713,
      "text" : "very",
      "whiteSpace" : false
    }, {
      "id" : "s5-t4",
      "begin" : 714,
      "end" : 719,
      "text" : "clean",
      "whiteSpace" : false
    }, {
      "id" : "s5-t5",
      "begin" : 720,
      "end" : 723,
      "text" : "and",
      "whiteSpace" : false
    }, {
      "id" : "s5-t6",
      "begin" : 724,
      "end" : 729,
      "text" : "solid",
      "whiteSpace" : false
    }, {
      "id" : "s5-t7",
      "begin" : 730,
      "end" : 734,
      "text" : "bass",
      "whiteSpace" : false
    }, {
      "id" : "s5-t8",
      "begin" : 734,
      "end" : 735,
      "text" : ",",
      "whiteSpace" : false
    }, {
      "id" : "s5-t9",
      "begin" : 736,
      "end" : 737,
      "text" : "I",
      "whiteSpace" : false
    }, {
      "id" : "s5-t10",
      "begin" : 738,
      "end" : 740,
      "text" : "am",
      "whiteSpace" : false
    }, {
      "id" : "s5-t11",
      "begin" : 741,
      "end" : 745,
      "text" : "able",
      "whiteSpace" : false
    }, {
      "id" : "s5-t12",
      "begin" : 746,
      "end" : 748,
      "text" : "to",
      "whiteSpace" : false
    }, {
      "id" : "s5-t13",
      "begin" : 749,
      "end" : 753,
      "text" : "play",
      "whiteSpace" : false
    }, {
      "id" : "s5-t14",
      "begin" : 754,
      "end" : 756,
      "text" : "it",
      "whiteSpace" : false
    }, {
      "id" : "s5-t15",
      "begin" : 757,
      "end" : 760,
      "text" : "far",
      "whiteSpace" : false
    }, {
      "id" : "s5-t16",
      "begin" : 761,
      "end" : 767,
      "text" : "louder",
      "whiteSpace" : false
    }, {
      "id" : "s5-t17",
      "begin" : 768,
      "end" : 772,
      "text" : "than",
      "whiteSpace" : false
    }, {
      "id" : "s5-t18",
      "begin" : 773,
      "end" : 776,
      "text" : "the",
      "whiteSpace" : false
    }, {
      "id" : "s5-t19",
      "begin" : 777,
      "end" : 780,
      "text" : "MTX",
      "whiteSpace" : false
    }, {
      "id" : "s5-t20",
      "begin" : 781,
      "end" : 784,
      "text" : "and",
      "whiteSpace" : false
    }, {
      "id" : "s5-t21",
      "begin" : 785,
      "end" : 793,
      "text" : "Rockford",
      "whiteSpace" : false
    }, {
      "id" : "s5-t22",
      "begin" : 794,
      "end" : 801,
      "text" : "Fosgate",
      "whiteSpace" : false
    }, {
      "id" : "s5-t23",
      "begin" : 802,
      "end" : 804,
      "text" : "it",
      "whiteSpace" : false
    }, {
      "id" : "s5-t24",
      "begin" : 805,
      "end" : 813,
      "text" : "replaced",
      "whiteSpace" : false
    }, {
      "id" : "s5-t25",
      "begin" : 813,
      "end" : 814,
      "text" : ",",
      "whiteSpace" : false
    }, {
      "id" : "s5-t26",
      "begin" : 815,
      "end" : 817,
      "text" : "it",
      "whiteSpace" : false
    }, {
      "id" : "s5-t27",
      "begin" : 818,
      "end" : 826,
      "text" : "actually",
      "whiteSpace" : false
    }, {
      "id" : "s5-t28",
      "begin" : 827,
      "end" : 833,
      "text" : "sounds",
      "whiteSpace" : false
    }, {
      "id" : "s5-t29",
      "begin" : 834,
      "end" : 838,
      "text" : "like",
      "whiteSpace" : false
    }, {
      "id" : "s5-t30",
      "begin" : 839,
      "end" : 841,
      "text" : "it",
      "whiteSpace" : false
    }, {
      "id" : "s5-t31",
      "begin" : 842,
      "end" : 845,
      "text" : "was",
      "whiteSpace" : false
    }, {
      "id" : "s5-t32",
      "begin" : 846,
      "end" : 850,
      "text" : "made",
      "whiteSpace" : false
    }, {
      "id" : "s5-t33",
      "begin" : 851,
      "end" : 853,
      "text" : "to",
      "whiteSpace" : false
    }, {
      "id" : "s5-t34",
      "begin" : 854,
      "end" : 860,
      "text" : "listen",
      "whiteSpace" : false
    }, {
      "id" : "s5-t35",
      "begin" : 861,
      "end" : 863,
      "text" : "to",
      "whiteSpace" : false
    }, {
      "id" : "s5-t36",
      "begin" : 864,
      "end" : 867,
      "text" : "not",
      "whiteSpace" : false
    }, {
      "id" : "s5-t37",
      "begin" : 868,
      "end" : 872,
      "text" : "just",
      "whiteSpace" : false
    }, {
      "id" : "s5-t38",
      "begin" : 873,
      "end" : 875,
      "text" : "to",
      "whiteSpace" : false
    }, {
      "id" : "s5-t39",
      "begin" : 876,
      "end" : 880,
      "text" : "make",
      "whiteSpace" : false
    }, {
      "id" : "s5-t40",
      "begin" : 881,
      "end" : 889,
      "text" : "speakers",
      "whiteSpace" : false
    }, {
      "id" : "s5-t41",
      "begin" : 890,
      "end" : 892,
      "text" : "go",
      "whiteSpace" : false
    }, {
      "id" : "s5-t42",
      "begin" : 893,
      "end" : 897,
      "text" : "boom",
      "whiteSpace" : false
    }, {
      "id" : "s5-t43",
      "begin" : 897,
      "end" : 898,
      "text" : ".",
      "whiteSpace" : false
    } ]
  }, {
    "id" : "s6",
    "begin" : 899,
    "end" : 973,
    "text" : "I listen to music not Rap and it sounds very smooth no matter what I play.",
    "tokens" : [ {
      "id" : "s6-t0",
      "begin" : 899,
      "end" : 900,
      "text" : "I",
      "whiteSpace" : false
    }, {
      "id" : "s6-t1",
      "begin" : 901,
      "end" : 907,
      "text" : "listen",
      "whiteSpace" : false
    }, {
      "id" : "s6-t2",
      "begin" : 908,
      "end" : 910,
      "text" : "to",
      "whiteSpace" : false
    }, {
      "id" : "s6-t3",
      "begin" : 911,
      "end" : 916,
      "text" : "music",
      "whiteSpace" : false
    }, {
      "id" : "s6-t4",
      "begin" : 917,
      "end" : 920,
      "text" : "not",
      "whiteSpace" : false
    }, {
      "id" : "s6-t5",
      "begin" : 921,
      "end" : 924,
      "text" : "Rap",
      "whiteSpace" : false
    }, {
      "id" : "s6-t6",
      "begin" : 925,
      "end" : 928,
      "text" : "and",
      "whiteSpace" : false
    }, {
      "id" : "s6-t7",
      "begin" : 929,
      "end" : 931,
      "text" : "it",
      "whiteSpace" : false
    }, {
      "id" : "s6-t8",
      "begin" : 932,
      "end" : 938,
      "text" : "sounds",
      "whiteSpace" : false
    }, {
      "id" : "s6-t9",
      "begin" : 939,
      "end" : 943,
      "text" : "very",
      "whiteSpace" : false
    }, {
      "id" : "s6-t10",
      "begin" : 944,
      "end" : 950,
      "text" : "smooth",
      "whiteSpace" : false
    }, {
      "id" : "s6-t11",
      "begin" : 951,
      "end" : 953,
      "text" : "no",
      "whiteSpace" : false
    }, {
      "id" : "s6-t12",
      "begin" : 954,
      "end" : 960,
      "text" : "matter",
      "whiteSpace" : false
    }, {
      "id" : "s6-t13",
      "begin" : 961,
      "end" : 965,
      "text" : "what",
      "whiteSpace" : false
    }, {
      "id" : "s6-t14",
      "begin" : 966,
      "end" : 967,
      "text" : "I",
      "whiteSpace" : false
    }, {
      "id" : "s6-t15",
      "begin" : 968,
      "end" : 972,
      "text" : "play",
      "whiteSpace" : false
    }, {
      "id" : "s6-t16",
      "begin" : 972,
      "end" : 973,
      "text" : ".",
      "whiteSpace" : false
    } ]
  }, {
    "id" : "s7",
    "begin" : 974,
    "end" : 1069,
    "text" : "Drums sound like drums, bass guitars sound like guitars not like a horrible low frequency buzz.",
    "tokens" : [ {
      "id" : "s7-t0",
      "begin" : 974,
      "end" : 979,
      "text" : "Drums",
      "whiteSpace" : false
    }, {
      "id" : "s7-t1",
      "begin" : 980,
      "end" : 985,
      "text" : "sound",
      "whiteSpace" : false
    }, {
      "id" : "s7-t2",
      "begin" : 986,
      "end" : 990,
      "text" : "like",
      "whiteSpace" : false
    }, {
      "id" : "s7-t3",
      "begin" : 991,
      "end" : 996,
      "text" : "drums",
      "whiteSpace" : false
    }, {
      "id" : "s7-t4",
      "begin" : 996,
      "end" : 997,
      "text" : ",",
      "whiteSpace" : false
    }, {
      "id" : "s7-t5",
      "begin" : 998,
      "end" : 1002,
      "text" : "bass",
      "whiteSpace" : false
    }, {
      "id" : "s7-t6",
      "begin" : 1003,
      "end" : 1010,
      "text" : "guitars",
      "whiteSpace" : false
    }, {
      "id" : "s7-t7",
      "begin" : 1011,
      "end" : 1016,
      "text" : "sound",
      "whiteSpace" : false
    }, {
      "id" : "s7-t8",
      "begin" : 1017,
      "end" : 1021,
      "text" : "like",
      "whiteSpace" : false
    }, {
      "id" : "s7-t9",
      "begin" : 1022,
      "end" : 1029,
      "text" : "guitars",
      "whiteSpace" : false
    }, {
      "id" : "s7-t10",
      "begin" : 1030,
      "end" : 1033,
      "text" : "not",
      "whiteSpace" : false
    }, {
      "id" : "s7-t11",
      "begin" : 1034,
      "end" : 1038,
      "text" : "like",
      "whiteSpace" : false
    }, {
      "id" : "s7-t12",
      "begin" : 1039,
      "end" : 1040,
      "text" : "a",
      "whiteSpace" : false
    }, {
      "id" : "s7-t13",
      "begin" : 1041,
      "end" : 1049,
      "text" : "horrible",
      "whiteSpace" : false
    }, {
      "id" : "s7-t14",
      "begin" : 1050,
      "end" : 1053,
      "text" : "low",
      "whiteSpace" : false
    }, {
      "id" : "s7-t15",
      "begin" : 1054,
      "end" : 1063,
      "text" : "frequency",
      "whiteSpace" : false
    }, {
      "id" : "s7-t16",
      "begin" : 1064,
      "end" : 1068,
      "text" : "buzz",
      "whiteSpace" : false
    }, {
      "id" : "s7-t17",
      "begin" : 1068,
      "end" : 1069,
      "text" : ".",
      "whiteSpace" : false
    } ]
  }, {
    "id" : "s8",
    "begin" : 1070,
    "end" : 1218,
    "text" : "I was so happy with the quality that I bought a SSL EV4.400 four channel amp for my mids and tweets, I also bought a SSL S4EQ to control everything.",
    "tokens" : [ {
      "id" : "s8-t0",
      "begin" : 1070,
      "end" : 1071,
      "text" : "I",
      "whiteSpace" : false
    }, {
      "id" : "s8-t1",
      "begin" : 1072,
      "end" : 1075,
      "text" : "was",
      "whiteSpace" : false
    }, {
      "id" : "s8-t2",
      "begin" : 1076,
      "end" : 1078,
      "text" : "so",
      "whiteSpace" : false
    }, {
      "id" : "s8-t3",
      "begin" : 1079,
      "end" : 1084,
      "text" : "happy",
      "whiteSpace" : false
    }, {
      "id" : "s8-t4",
      "begin" : 1085,
      "end" : 1089,
      "text" : "with",
      "whiteSpace" : false
    }, {
      "id" : "s8-t5",
      "begin" : 1090,
      "end" : 1093,
      "text" : "the",
      "whiteSpace" : false
    }, {
      "id" : "s8-t6",
      "begin" : 1094,
      "end" : 1101,
      "text" : "quality",
      "whiteSpace" : false
    }, {
      "id" : "s8-t7",
      "begin" : 1102,
      "end" : 1106,
      "text" : "that",
      "whiteSpace" : false
    }, {
      "id" : "s8-t8",
      "begin" : 1107,
      "end" : 1108,
      "text" : "I",
      "whiteSpace" : false
    }, {
      "id" : "s8-t9",
      "begin" : 1109,
      "end" : 1115,
      "text" : "bought",
      "whiteSpace" : false
    }, {
      "id" : "s8-t10",
      "begin" : 1116,
      "end" : 1117,
      "text" : "a",
      "whiteSpace" : false
    }, {
      "id" : "s8-t11",
      "begin" : 1118,
      "end" : 1121,
      "text" : "SSL",
      "whiteSpace" : false
    }, {
      "id" : "s8-t12",
      "begin" : 1122,
      "end" : 1129,
      "text" : "EV4.400",
      "whiteSpace" : false
    }, {
      "id" : "s8-t13",
      "begin" : 1130,
      "end" : 1134,
      "text" : "four",
      "whiteSpace" : false
    }, {
      "id" : "s8-t14",
      "begin" : 1135,
      "end" : 1142,
      "text" : "channel",
      "whiteSpace" : false
    }, {
      "id" : "s8-t15",
      "begin" : 1143,
      "end" : 1146,
      "text" : "amp",
      "whiteSpace" : false
    }, {
      "id" : "s8-t16",
      "begin" : 1147,
      "end" : 1150,
      "text" : "for",
      "whiteSpace" : false
    }, {
      "id" : "s8-t17",
      "begin" : 1151,
      "end" : 1153,
      "text" : "my",
      "whiteSpace" : false
    }, {
      "id" : "s8-t18",
      "begin" : 1154,
      "end" : 1158,
      "text" : "mids",
      "whiteSpace" : false
    }, {
      "id" : "s8-t19",
      "begin" : 1159,
      "end" : 1162,
      "text" : "and",
      "whiteSpace" : false
    }, {
      "id" : "s8-t20",
      "begin" : 1163,
      "end" : 1169,
      "text" : "tweets",
      "whiteSpace" : false
    }, {
      "id" : "s8-t21",
      "begin" : 1169,
      "end" : 1170,
      "text" : ",",
      "whiteSpace" : false
    }, {
      "id" : "s8-t22",
      "begin" : 1171,
      "end" : 1172,
      "text" : "I",
      "whiteSpace" : false
    }, {
      "id" : "s8-t23",
      "begin" : 1173,
      "end" : 1177,
      "text" : "also",
      "whiteSpace" : false
    }, {
      "id" : "s8-t24",
      "begin" : 1178,
      "end" : 1184,
      "text" : "bought",
      "whiteSpace" : false
    }, {
      "id" : "s8-t25",
      "begin" : 1185,
      "end" : 1186,
      "text" : "a",
      "whiteSpace" : false
    }, {
      "id" : "s8-t26",
      "begin" : 1187,
      "end" : 1190,
      "text" : "SSL",
      "whiteSpace" : false
    }, {
      "id" : "s8-t27",
      "begin" : 1191,
      "end" : 1195,
      "text" : "S4EQ",
      "whiteSpace" : false
    }, {
      "id" : "s8-t28",
      "begin" : 1196,
      "end" : 1198,
      "text" : "to",
      "whiteSpace" : false
    }, {
      "id" : "s8-t29",
      "begin" : 1199,
      "end" : 1206,
      "text" : "control",
      "whiteSpace" : false
    }, {
      "id" : "s8-t30",
      "begin" : 1207,
      "end" : 1217,
      "text" : "everything",
      "whiteSpace" : false
    }, {
      "id" : "s8-t31",
      "begin" : 1217,
      "end" : 1218,
      "text" : ".",
      "whiteSpace" : false
    } ]
  }, {
    "id" : "s9",
    "begin" : 1219,
    "end" : 1314,
    "text" : "If these units last a month with the punishment I give them I will be buying more SSL products.",
    "tokens" : [ {
      "id" : "s9-t0",
      "begin" : 1219,
      "end" : 1221,
      "text" : "If",
      "whiteSpace" : false
    }, {
      "id" : "s9-t1",
      "begin" : 1222,
      "end" : 1227,
      "text" : "these",
      "whiteSpace" : false
    }, {
      "id" : "s9-t2",
      "begin" : 1228,
      "end" : 1233,
      "text" : "units",
      "whiteSpace" : false
    }, {
      "id" : "s9-t3",
      "begin" : 1234,
      "end" : 1238,
      "text" : "last",
      "whiteSpace" : false
    }, {
      "id" : "s9-t4",
      "begin" : 1239,
      "end" : 1240,
      "text" : "a",
      "whiteSpace" : false
    }, {
      "id" : "s9-t5",
      "begin" : 1241,
      "end" : 1246,
      "text" : "month",
      "whiteSpace" : false
    }, {
      "id" : "s9-t6",
      "begin" : 1247,
      "end" : 1251,
      "text" : "with",
      "whiteSpace" : false
    }, {
      "id" : "s9-t7",
      "begin" : 1252,
      "end" : 1255,
      "text" : "the",
      "whiteSpace" : false
    }, {
      "id" : "s9-t8",
      "begin" : 1256,
      "end" : 1266,
      "text" : "punishment",
      "whiteSpace" : false
    }, {
      "id" : "s9-t9",
      "begin" : 1267,
      "end" : 1268,
      "text" : "I",
      "whiteSpace" : false
    }, {
      "id" : "s9-t10",
      "begin" : 1269,
      "end" : 1273,
      "text" : "give",
      "whiteSpace" : false
    }, {
      "id" : "s9-t11",
      "begin" : 1274,
      "end" : 1278,
      "text" : "them",
      "whiteSpace" : false
    }, {
      "id" : "s9-t12",
      "begin" : 1279,
      "end" : 1280,
      "text" : "I",
      "whiteSpace" : false
    }, {
      "id" : "s9-t13",
      "begin" : 1281,
      "end" : 1285,
      "text" : "will",
      "whiteSpace" : false
    }, {
      "id" : "s9-t14",
      "begin" : 1286,
      "end" : 1288,
      "text" : "be",
      "whiteSpace" : false
    }, {
      "id" : "s9-t15",
      "begin" : 1289,
      "end" : 1295,
      "text" : "buying",
      "whiteSpace" : false
    }, {
      "id" : "s9-t16",
      "begin" : 1296,
      "end" : 1300,
      "text" : "more",
      "whiteSpace" : false
    }, {
      "id" : "s9-t17",
      "begin" : 1301,
      "end" : 1304,
      "text" : "SSL",
      "whiteSpace" : false
    }, {
      "id" : "s9-t18",
      "begin" : 1305,
      "end" : 1313,
      "text" : "products",
      "whiteSpace" : false
    }, {
      "id" : "s9-t19",
      "begin" : 1313,
      "end" : 1314,
      "text" : ".",
      "whiteSpace" : false
    } ]
  }, {
    "id" : "s10",
    "begin" : 1315,
    "end" : 1388,
    "text" : "It's nice to know someone makes a quality amp that doesnt cost a fortune!",
    "tokens" : [ {
      "id" : "s10-t0",
      "begin" : 1315,
      "end" : 1317,
      "text" : "It",
      "whiteSpace" : false
    }, {
      "id" : "s10-t1",
      "begin" : 1317,
      "end" : 1319,
      "text" : "'s",
      "whiteSpace" : false
    }, {
      "id" : "s10-t2",
      "begin" : 1320,
      "end" : 1324,
      "text" : "nice",
      "whiteSpace" : false
    }, {
      "id" : "s10-t3",
      "begin" : 1325,
      "end" : 1327,
      "text" : "to",
      "whiteSpace" : false
    }, {
      "id" : "s10-t4",
      "begin" : 1328,
      "end" : 1332,
      "text" : "know",
      "whiteSpace" : false
    }, {
      "id" : "s10-t5",
      "begin" : 1333,
      "end" : 1340,
      "text" : "someone",
      "whiteSpace" : false
    }, {
      "id" : "s10-t6",
      "begin" : 1341,
      "end" : 1346,
      "text" : "makes",
      "whiteSpace" : false
    }, {
      "id" : "s10-t7",
      "begin" : 1347,
      "end" : 1348,
      "text" : "a",
      "whiteSpace" : false
    }, {
      "id" : "s10-t8",
      "begin" : 1349,
      "end" : 1356,
      "text" : "quality",
      "whiteSpace" : false
    }, {
      "id" : "s10-t9",
      "begin" : 1357,
      "end" : 1360,
      "text" : "amp",
      "whiteSpace" : false
    }, {
      "id" : "s10-t10",
      "begin" : 1361,
      "end" : 1365,
      "text" : "that",
      "whiteSpace" : false
    }, {
      "id" : "s10-t11",
      "begin" : 1366,
      "end" : 1372,
      "text" : "doesnt",
      "whiteSpace" : false
    }, {
      "id" : "s10-t12",
      "begin" : 1373,
      "end" : 1377,
      "text" : "cost",
      "whiteSpace" : false
    }, {
      "id" : "s10-t13",
      "begin" : 1378,
      "end" : 1379,
      "text" : "a",
      "whiteSpace" : false
    }, {
      "id" : "s10-t14",
      "begin" : 1380,
      "end" : 1387,
      "text" : "fortune",
      "whiteSpace" : false
    }, {
      "id" : "s10-t15",
      "begin" : 1387,
      "end" : 1388,
      "text" : "!",
      "whiteSpace" : false
    } ]
  }, {
    "id" : "s11",
    "begin" : 1389,
    "end" : 1490,
    "text" : "I wouldnt hesitate to recomend this amp to anyone looking for a quality product at a very good price!",
    "tokens" : [ {
      "id" : "s11-t0",
      "begin" : 1389,
      "end" : 1390,
      "text" : "I",
      "whiteSpace" : false
    }, {
      "id" : "s11-t1",
      "begin" : 1391,
      "end" : 1398,
      "text" : "wouldnt",
      "whiteSpace" : false
    }, {
      "id" : "s11-t2",
      "begin" : 1399,
      "end" : 1407,
      "text" : "hesitate",
      "whiteSpace" : false
    }, {
      "id" : "s11-t3",
      "begin" : 1408,
      "end" : 1410,
      "text" : "to",
      "whiteSpace" : false
    }, {
      "id" : "s11-t4",
      "begin" : 1411,
      "end" : 1419,
      "text" : "recomend",
      "whiteSpace" : false
    }, {
      "id" : "s11-t5",
      "begin" : 1420,
      "end" : 1424,
      "text" : "this",
      "whiteSpace" : false
    }, {
      "id" : "s11-t6",
      "begin" : 1425,
      "end" : 1428,
      "text" : "amp",
      "whiteSpace" : false
    }, {
      "id" : "s11-t7",
      "begin" : 1429,
      "end" : 1431,
      "text" : "to",
      "whiteSpace" : false
    }, {
      "id" : "s11-t8",
      "begin" : 1432,
      "end" : 1438,
      "text" : "anyone",
      "whiteSpace" : false
    }, {
      "id" : "s11-t9",
      "begin" : 1439,
      "end" : 1446,
      "text" : "looking",
      "whiteSpace" : false
    }, {
      "id" : "s11-t10",
      "begin" : 1447,
      "end" : 1450,
      "text" : "for",
      "whiteSpace" : false
    }, {
      "id" : "s11-t11",
      "begin" : 1451,
      "end" : 1452,
      "text" : "a",
      "whiteSpace" : false
    }, {
      "id" : "s11-t12",
      "begin" : 1453,
      "end" : 1460,
      "text" : "quality",
      "whiteSpace" : false
    }, {
      "id" : "s11-t13",
      "begin" : 1461,
      "end" : 1468,
      "text" : "product",
      "whiteSpace" : false
    }, {
      "id" : "s11-t14",
      "begin" : 1469,
      "end" : 1471,
      "text" : "at",
      "whiteSpace" : false
    }, {
      "id" : "s11-t15",
      "begin" : 1472,
      "end" : 1473,
      "text" : "a",
      "whiteSpace" : false
    }, {
      "id" : "s11-t16",
      "begin" : 1474,
      "end" : 1478,
      "text" : "very",
      "whiteSpace" : false
    }, {
      "id" : "s11-t17",
      "begin" : 1479,
      "end" : 1483,
      "text" : "good",
      "whiteSpace" : false
    }, {
      "id" : "s11-t18",
      "begin" : 1484,
      "end" : 1489,
      "text" : "price",
      "whiteSpace" : false
    }, {
      "id" : "s11-t19",
      "begin" : 1489,
      "end" : 1490,
      "text" : "!",
      "whiteSpace" : false
    } ]
  } ],
  "mentions" : [ {
    "id" : "544798543325650__113200145-M0",
    "properties" : {
      "SIRE_MENTION_CLASS" : "SPC",
      "SIRE_ENTITY_CLASS" : "SPC",
      "SIRE_MENTION_ROLE" : "Consumer",
      "SIRE_MENTION_TYPE" : "NONE",
      "SIRE_ENTITY_LEVEL" : "NONE",
      "SIRE_ENTITY_SUBTYPE" : "NONE"
    },
    "type" : "Consumer",
    "begin" : 0,
    "end" : 1,
    "inCoref" : true
  }, {
    "id" : "s0-m3",
    "properties" : {
      "SIRE_MENTION_ROLE" : "Descriptor",
      "SIRE_ENTITY_SUBTYPE" : "NONE",
      "SIRE_MENTION_TYPE" : "NONE",
      "SIRE_MENTION_CLASS" : "SPC"
    },
    "type" : "Descriptor",
    "begin" : 23,
    "end" : 37,
    "inCoref" : false
  }, {
    "id" : "s0-m2",
    "properties" : {
      "SIRE_MENTION_ROLE" : "Product",
      "SIRE_ENTITY_SUBTYPE" : "NONE",
      "SIRE_MENTION_TYPE" : "NONE",
      "SIRE_MENTION_CLASS" : "SPC"
    },
    "type" : "Product",
    "begin" : 38,
    "end" : 42,
    "inCoref" : false
  }, {
    "id" : "s0-m5",
    "properties" : {
      "SIRE_MENTION_ROLE" : "Feature",
      "SIRE_ENTITY_SUBTYPE" : "NONE",
      "SIRE_MENTION_TYPE" : "NONE",
      "SIRE_MENTION_CLASS" : "SPC"
    },
    "type" : "Feature",
    "begin" : 54,
    "end" : 59,
    "inCoref" : false
  }, {
    "id" : "s0-m6",
    "properties" : {
      "SIRE_MENTION_ROLE" : "Descriptor",
      "SIRE_ENTITY_SUBTYPE" : "NONE",
      "SIRE_MENTION_TYPE" : "NONE",
      "SIRE_MENTION_CLASS" : "SPC"
    },
    "type" : "Descriptor",
    "begin" : 63,
    "end" : 67,
    "inCoref" : false
  }, {
    "id" : "s0-m4",
    "properties" : {
      "SIRE_MENTION_ROLE" : "Product",
      "SIRE_ENTITY_SUBTYPE" : "NONE",
      "SIRE_MENTION_TYPE" : "NONE",
      "SIRE_MENTION_CLASS" : "SPC"
    },
    "type" : "Product",
    "begin" : 71,
    "end" : 79,
    "inCoref" : true
  }, {
    "id" : "s1-m1",
    "properties" : {
      "SIRE_MENTION_ROLE" : "Feature",
      "SIRE_ENTITY_SUBTYPE" : "NONE",
      "SIRE_MENTION_TYPE" : "NONE",
      "SIRE_MENTION_CLASS" : "SPC"
    },
    "type" : "Feature",
    "begin" : 114,
    "end" : 125,
    "inCoref" : false
  }, {
    "id" : "s1-m2",
    "properties" : {
      "SIRE_MENTION_ROLE" : "Descriptor",
      "SIRE_ENTITY_SUBTYPE" : "NONE",
      "SIRE_MENTION_TYPE" : "NONE",
      "SIRE_MENTION_CLASS" : "SPC"
    },
    "type" : "Descriptor",
    "begin" : 130,
    "end" : 143,
    "inCoref" : false
  }, {
    "id" : "s1-m3",
    "properties" : {
      "SIRE_MENTION_ROLE" : "Feature",
      "SIRE_ENTITY_SUBTYPE" : "NONE",
      "SIRE_MENTION_TYPE" : "NONE",
      "SIRE_MENTION_CLASS" : "SPC"
    },
    "type" : "Feature",
    "begin" : 153,
    "end" : 161,
    "inCoref" : false
  }, {
    "id" : "s1-m4",
    "properties" : {
      "SIRE_MENTION_ROLE" : "Descriptor",
      "SIRE_ENTITY_SUBTYPE" : "NONE",
      "SIRE_MENTION_TYPE" : "NONE",
      "SIRE_MENTION_CLASS" : "SPC"
    },
    "type" : "Descriptor",
    "begin" : 166,
    "end" : 181,
    "inCoref" : false
  }, {
    "id" : "s1-m5",
    "properties" : {
      "SIRE_MENTION_ROLE" : "Feature",
      "SIRE_ENTITY_SUBTYPE" : "NONE",
      "SIRE_MENTION_TYPE" : "NONE",
      "SIRE_MENTION_CLASS" : "SPC"
    },
    "type" : "Feature",
    "begin" : 187,
    "end" : 191,
    "inCoref" : false
  }, {
    "id" : "s1-m6",
    "properties" : {
      "SIRE_MENTION_ROLE" : "Descriptor",
      "SIRE_ENTITY_SUBTYPE" : "NONE",
      "SIRE_MENTION_TYPE" : "NONE",
      "SIRE_MENTION_CLASS" : "SPC"
    },
    "type" : "Descriptor",
    "begin" : 195,
    "end" : 205,
    "inCoref" : false
  }, {
    "id" : "s1-m7",
    "properties" : {
      "SIRE_MENTION_ROLE" : "Descriptor",
      "SIRE_ENTITY_SUBTYPE" : "NONE",
      "SIRE_MENTION_TYPE" : "NONE",
      "SIRE_MENTION_CLASS" : "SPC"
    },
    "type" : "Descriptor",
    "begin" : 215,
    "end" : 228,
    "inCoref" : false
  }, {
    "id" : "s2-m1",
    "properties" : {
      "SIRE_MENTION_ROLE" : "Feature",
      "SIRE_ENTITY_SUBTYPE" : "NONE",
      "SIRE_MENTION_TYPE" : "NONE",
      "SIRE_MENTION_CLASS" : "SPC"
    },
    "type" : "Feature",
    "begin" : 234,
    "end" : 240,
    "inCoref" : false
  }, {
    "id" : "s2-m2",
    "properties" : {
      "SIRE_MENTION_ROLE" : "Descriptor",
      "SIRE_ENTITY_SUBTYPE" : "NONE",
      "SIRE_MENTION_TYPE" : "NONE",
      "SIRE_MENTION_CLASS" : "SPC"
    },
    "type" : "Descriptor",
    "begin" : 244,
    "end" : 261,
    "inCoref" : false
  }, {
    "id" : "s2-m3",
    "properties" : {
      "SIRE_MENTION_ROLE" : "Descriptor",
      "SIRE_ENTITY_SUBTYPE" : "NONE",
      "SIRE_MENTION_TYPE" : "NONE",
      "SIRE_MENTION_CLASS" : "SPC"
    },
    "type" : "Descriptor",
    "begin" : 266,
    "end" : 283,
    "inCoref" : false
  }, {
    "id" : "s2-m4",
    "properties" : {
      "SIRE_MENTION_ROLE" : "Descriptor",
      "SIRE_ENTITY_SUBTYPE" : "NONE",
      "SIRE_MENTION_TYPE" : "NONE",
      "SIRE_MENTION_CLASS" : "SPC"
    },
    "type" : "Descriptor",
    "begin" : 291,
    "end" : 304,
    "inCoref" : false
  }, {
    "id" : "544798543325650__113200145-M1",
    "properties" : {
      "SIRE_MENTION_CLASS" : "SPC",
      "SIRE_ENTITY_CLASS" : "SPC",
      "SIRE_MENTION_ROLE" : "Consumer",
      "SIRE_MENTION_TYPE" : "NONE",
      "SIRE_ENTITY_LEVEL" : "NONE",
      "SIRE_ENTITY_SUBTYPE" : "NONE"
    },
    "type" : "Consumer",
    "begin" : 341,
    "end" : 342,
    "inCoref" : true
  }, {
    "id" : "s3-m4",
    "properties" : {
      "SIRE_MENTION_ROLE" : "Product",
      "SIRE_ENTITY_SUBTYPE" : "NONE",
      "SIRE_MENTION_TYPE" : "NONE",
      "SIRE_MENTION_CLASS" : "SPC"
    },
    "type" : "Product",
    "begin" : 366,
    "end" : 369,
    "inCoref" : true
  }, {
    "id" : "s3-m5",
    "properties" : {
      "SIRE_MENTION_ROLE" : "Feature",
      "SIRE_ENTITY_SUBTYPE" : "NONE",
      "SIRE_MENTION_TYPE" : "NONE",
      "SIRE_MENTION_CLASS" : "SPC"
    },
    "type" : "Feature",
    "begin" : 381,
    "end" : 387,
    "inCoref" : false
  }, {
    "id" : "s3-m6",
    "properties" : {
      "SIRE_MENTION_ROLE" : "Feature",
      "SIRE_ENTITY_SUBTYPE" : "NONE",
      "SIRE_MENTION_TYPE" : "NONE",
      "SIRE_MENTION_CLASS" : "SPC"
    },
    "type" : "Feature",
    "begin" : 411,
    "end" : 420,
    "inCoref" : false
  }, {
    "id" : "s3-m7",
    "properties" : {
      "SIRE_MENTION_ROLE" : "Descriptor",
      "SIRE_ENTITY_SUBTYPE" : "NONE",
      "SIRE_MENTION_TYPE" : "NONE",
      "SIRE_MENTION_CLASS" : "SPC"
    },
    "type" : "Descriptor",
    "begin" : 421,
    "end" : 431,
    "inCoref" : false
  }, {
    "id" : "s3-m12",
    "properties" : {
      "SIRE_MENTION_ROLE" : "Feature",
      "SIRE_ENTITY_SUBTYPE" : "NONE",
      "SIRE_MENTION_TYPE" : "NONE",
      "SIRE_MENTION_CLASS" : "SPC"
    },
    "type" : "Feature",
    "begin" : 440,
    "end" : 451,
    "inCoref" : false
  }, {
    "id" : "544798543325650__113200145-M2",
    "properties" : {
      "SIRE_MENTION_CLASS" : "SPC",
      "SIRE_ENTITY_CLASS" : "SPC",
      "SIRE_MENTION_ROLE" : "Consumer",
      "SIRE_MENTION_TYPE" : "NONE",
      "SIRE_ENTITY_LEVEL" : "NONE",
      "SIRE_ENTITY_SUBTYPE" : "NONE"
    },
    "type" : "Consumer",
    "begin" : 463,
    "end" : 464,
    "inCoref" : true
  }, {
    "id" : "s3-m8",
    "properties" : {
      "SIRE_MENTION_ROLE" : "Product",
      "SIRE_ENTITY_SUBTYPE" : "NONE",
      "SIRE_MENTION_TYPE" : "NONE",
      "SIRE_MENTION_CLASS" : "SPC"
    },
    "type" : "Product",
    "begin" : 470,
    "end" : 472,
    "inCoref" : true
  }, {
    "id" : "544798543325650__113200145-M3",
    "properties" : {
      "SIRE_MENTION_CLASS" : "SPC",
      "SIRE_ENTITY_CLASS" : "SPC",
      "SIRE_MENTION_ROLE" : "Consumer",
      "SIRE_MENTION_TYPE" : "NONE",
      "SIRE_ENTITY_LEVEL" : "NONE",
      "SIRE_ENTITY_SUBTYPE" : "NONE"
    },
    "type" : "Consumer",
    "begin" : 550,
    "end" : 551,
    "inCoref" : true
  }, {
    "id" : "s3-m10",
    "properties" : {
      "SIRE_MENTION_ROLE" : "Product",
      "SIRE_ENTITY_SUBTYPE" : "NONE",
      "SIRE_MENTION_TYPE" : "NONE",
      "SIRE_MENTION_CLASS" : "SPC"
    },
    "type" : "Product",
    "begin" : 559,
    "end" : 566,
    "inCoref" : true
  }, {
    "id" : "s3-m9",
    "properties" : {
      "SIRE_MENTION_ROLE" : "Company",
      "SIRE_ENTITY_SUBTYPE" : "NONE",
      "SIRE_MENTION_TYPE" : "NONE",
      "SIRE_MENTION_CLASS" : "SPC"
    },
    "type" : "Company",
    "begin" : 559,
    "end" : 562,
    "inCoref" : false
  }, {
    "id" : "s3-m11",
    "properties" : {
      "SIRE_MENTION_ROLE" : "Feature",
      "SIRE_ENTITY_SUBTYPE" : "NONE",
      "SIRE_MENTION_TYPE" : "NONE",
      "SIRE_MENTION_CLASS" : "SPC"
    },
    "type" : "Feature",
    "begin" : 616,
    "end" : 624,
    "inCoref" : false
  }, {
    "id" : "s4-m1",
    "properties" : {
      "SIRE_MENTION_ROLE" : "Feature",
      "SIRE_ENTITY_SUBTYPE" : "NONE",
      "SIRE_MENTION_TYPE" : "NONE",
      "SIRE_MENTION_CLASS" : "SPC"
    },
    "type" : "Feature",
    "begin" : 659,
    "end" : 672,
    "inCoref" : false
  }, {
    "id" : "s4-m2",
    "properties" : {
      "SIRE_MENTION_ROLE" : "Feature",
      "SIRE_ENTITY_SUBTYPE" : "NONE",
      "SIRE_MENTION_TYPE" : "NONE",
      "SIRE_MENTION_CLASS" : "SPC"
    },
    "type" : "Feature",
    "begin" : 681,
    "end" : 687,
    "inCoref" : false
  }, {
    "id" : "s4-m3",
    "properties" : {
      "SIRE_MENTION_ROLE" : "Descriptor",
      "SIRE_ENTITY_SUBTYPE" : "NONE",
      "SIRE_MENTION_TYPE" : "NONE",
      "SIRE_MENTION_CLASS" : "SPC"
    },
    "type" : "Descriptor",
    "begin" : 688,
    "end" : 697,
    "inCoref" : false
  }, {
    "id" : "s5-m3",
    "properties" : {
      "SIRE_MENTION_ROLE" : "Feature",
      "SIRE_ENTITY_SUBTYPE" : "NONE",
      "SIRE_MENTION_TYPE" : "NONE",
      "SIRE_MENTION_CLASS" : "SPC"
    },
    "type" : "Feature",
    "begin" : 699,
    "end" : 707,
    "inCoref" : false
  }, {
    "id" : "s5-m4",
    "properties" : {
      "SIRE_MENTION_ROLE" : "Feature",
      "SIRE_ENTITY_SUBTYPE" : "NONE",
      "SIRE_MENTION_TYPE" : "NONE",
      "SIRE_MENTION_CLASS" : "SPC"
    },
    "type" : "Feature",
    "begin" : 709,
    "end" : 719,
    "inCoref" : false
  }, {
    "id" : "s5-m5",
    "properties" : {
      "SIRE_MENTION_ROLE" : "Feature",
      "SIRE_ENTITY_SUBTYPE" : "NONE",
      "SIRE_MENTION_TYPE" : "NONE",
      "SIRE_MENTION_CLASS" : "SPC"
    },
    "type" : "Feature",
    "begin" : 724,
    "end" : 734,
    "inCoref" : false
  }, {
    "id" : "544798543325650__113200145-M4",
    "properties" : {
      "SIRE_MENTION_CLASS" : "SPC",
      "SIRE_ENTITY_CLASS" : "SPC",
      "SIRE_MENTION_ROLE" : "Consumer",
      "SIRE_MENTION_TYPE" : "NONE",
      "SIRE_ENTITY_LEVEL" : "NONE",
      "SIRE_ENTITY_SUBTYPE" : "NONE"
    },
    "type" : "Consumer",
    "begin" : 736,
    "end" : 737,
    "inCoref" : true
  }, {
    "id" : "s5-m6",
    "properties" : {
      "SIRE_MENTION_ROLE" : "Feature",
      "SIRE_ENTITY_SUBTYPE" : "NONE",
      "SIRE_MENTION_TYPE" : "NONE",
      "SIRE_MENTION_CLASS" : "SPC"
    },
    "type" : "Feature",
    "begin" : 749,
    "end" : 753,
    "inCoref" : false
  }, {
    "id" : "s5-m15",
    "properties" : {
      "SIRE_MENTION_ROLE" : "Product",
      "SIRE_ENTITY_SUBTYPE" : "NONE",
      "SIRE_MENTION_TYPE" : "NONE",
      "SIRE_MENTION_CLASS" : "SPC"
    },
    "type" : "Product",
    "begin" : 754,
    "end" : 756,
    "inCoref" : true
  }, {
    "id" : "s5-m7",
    "properties" : {
      "SIRE_MENTION_ROLE" : "Descriptor",
      "SIRE_ENTITY_SUBTYPE" : "NONE",
      "SIRE_MENTION_TYPE" : "NONE",
      "SIRE_MENTION_CLASS" : "SPC"
    },
    "type" : "Descriptor",
    "begin" : 757,
    "end" : 767,
    "inCoref" : false
  }, {
    "id" : "s5-m8",
    "properties" : {
      "SIRE_MENTION_ROLE" : "Company",
      "SIRE_ENTITY_SUBTYPE" : "NONE",
      "SIRE_MENTION_TYPE" : "NONE",
      "SIRE_MENTION_CLASS" : "SPC"
    },
    "type" : "Company",
    "begin" : 777,
    "end" : 780,
    "inCoref" : false
  }, {
    "id" : "544798543325650__113200145-M5",
    "properties" : {
      "SIRE_MENTION_CLASS" : "SPC",
      "SIRE_ENTITY_CLASS" : "SPC",
      "SIRE_MENTION_ROLE" : "Company",
      "SIRE_MENTION_TYPE" : "NONE",
      "SIRE_ENTITY_LEVEL" : "NONE",
      "SIRE_ENTITY_SUBTYPE" : "NONE"
    },
    "type" : "Company",
    "begin" : 785,
    "end" : 801,
    "inCoref" : false
  }, {
    "id" : "s5-m11",
    "properties" : {
      "SIRE_MENTION_ROLE" : "Product",
      "SIRE_ENTITY_SUBTYPE" : "NONE",
      "SIRE_MENTION_TYPE" : "NONE",
      "SIRE_MENTION_CLASS" : "SPC"
    },
    "type" : "Product",
    "begin" : 815,
    "end" : 817,
    "inCoref" : true
  }, {
    "id" : "s5-m13",
    "properties" : {
      "SIRE_MENTION_ROLE" : "Feature",
      "SIRE_ENTITY_SUBTYPE" : "NONE",
      "SIRE_MENTION_TYPE" : "NONE",
      "SIRE_MENTION_CLASS" : "SPC"
    },
    "type" : "Feature",
    "begin" : 827,
    "end" : 833,
    "inCoref" : false
  }, {
    "id" : "s5-m12",
    "properties" : {
      "SIRE_MENTION_ROLE" : "Product",
      "SIRE_ENTITY_SUBTYPE" : "NONE",
      "SIRE_MENTION_TYPE" : "NONE",
      "SIRE_MENTION_CLASS" : "SPC"
    },
    "type" : "Product",
    "begin" : 839,
    "end" : 841,
    "inCoref" : true
  }, {
    "id" : "s5-m14",
    "properties" : {
      "SIRE_MENTION_ROLE" : "Descriptor",
      "SIRE_ENTITY_SUBTYPE" : "NONE",
      "SIRE_MENTION_TYPE" : "NONE",
      "SIRE_MENTION_CLASS" : "SPC"
    },
    "type" : "Descriptor",
    "begin" : 846,
    "end" : 860,
    "inCoref" : false
  }, {
    "id" : "s5-m9",
    "properties" : {
      "SIRE_MENTION_ROLE" : "Feature",
      "SIRE_ENTITY_SUBTYPE" : "NONE",
      "SIRE_MENTION_TYPE" : "NONE",
      "SIRE_MENTION_CLASS" : "SPC"
    },
    "type" : "Feature",
    "begin" : 881,
    "end" : 889,
    "inCoref" : false
  }, {
    "id" : "s5-m10",
    "properties" : {
      "SIRE_MENTION_ROLE" : "Descriptor",
      "SIRE_ENTITY_SUBTYPE" : "NONE",
      "SIRE_MENTION_TYPE" : "NONE",
      "SIRE_MENTION_CLASS" : "SPC"
    },
    "type" : "Descriptor",
    "begin" : 890,
    "end" : 897,
    "inCoref" : false
  }, {
    "id" : "544798543325650__113200145-M6",
    "properties" : {
      "SIRE_MENTION_CLASS" : "SPC",
      "SIRE_ENTITY_CLASS" : "SPC",
      "SIRE_MENTION_ROLE" : "Consumer",
      "SIRE_MENTION_TYPE" : "NONE",
      "SIRE_ENTITY_LEVEL" : "NONE",
      "SIRE_ENTITY_SUBTYPE" : "NONE"
    },
    "type" : "Consumer",
    "begin" : 899,
    "end" : 900,
    "inCoref" : true
  }, {
    "id" : "544798543325650__113200145-M7",
    "properties" : {
      "SIRE_MENTION_CLASS" : "SPC",
      "SIRE_ENTITY_CLASS" : "SPC",
      "SIRE_MENTION_ROLE" : "Consumer",
      "SIRE_MENTION_TYPE" : "NONE",
      "SIRE_ENTITY_LEVEL" : "NONE",
      "SIRE_ENTITY_SUBTYPE" : "NONE"
    },
    "type" : "Consumer",
    "begin" : 966,
    "end" : 967,
    "inCoref" : true
  }, {
    "id" : "s7-m1",
    "properties" : {
      "SIRE_MENTION_ROLE" : "Feature",
      "SIRE_ENTITY_SUBTYPE" : "NONE",
      "SIRE_MENTION_TYPE" : "NONE",
      "SIRE_MENTION_CLASS" : "SPC"
    },
    "type" : "Feature",
    "begin" : 974,
    "end" : 979,
    "inCoref" : false
  }, {
    "id" : "s7-m2",
    "properties" : {
      "SIRE_MENTION_ROLE" : "Descriptor",
      "SIRE_ENTITY_SUBTYPE" : "NONE",
      "SIRE_MENTION_TYPE" : "NONE",
      "SIRE_MENTION_CLASS" : "SPC"
    },
    "type" : "Descriptor",
    "begin" : 980,
    "end" : 996,
    "inCoref" : false
  }, {
    "id" : "s7-m3",
    "properties" : {
      "SIRE_MENTION_ROLE" : "Feature",
      "SIRE_ENTITY_SUBTYPE" : "NONE",
      "SIRE_MENTION_TYPE" : "NONE",
      "SIRE_MENTION_CLASS" : "SPC"
    },
    "type" : "Feature",
    "begin" : 998,
    "end" : 1010,
    "inCoref" : false
  }, {
    "id" : "s7-m4",
    "properties" : {
      "SIRE_MENTION_ROLE" : "Descriptor",
      "SIRE_ENTITY_SUBTYPE" : "NONE",
      "SIRE_MENTION_TYPE" : "NONE",
      "SIRE_MENTION_CLASS" : "SPC"
    },
    "type" : "Descriptor",
    "begin" : 1011,
    "end" : 1029,
    "inCoref" : false
  }, {
    "id" : "544798543325650__113200145-M8",
    "properties" : {
      "SIRE_MENTION_CLASS" : "SPC",
      "SIRE_ENTITY_CLASS" : "SPC",
      "SIRE_MENTION_ROLE" : "Consumer",
      "SIRE_MENTION_TYPE" : "NONE",
      "SIRE_ENTITY_LEVEL" : "NONE",
      "SIRE_ENTITY_SUBTYPE" : "NONE"
    },
    "type" : "Consumer",
    "begin" : 1070,
    "end" : 1071,
    "inCoref" : true
  }, {
    "id" : "544798543325650__113200145-M9",
    "properties" : {
      "SIRE_MENTION_CLASS" : "SPC",
      "SIRE_ENTITY_CLASS" : "SPC",
      "SIRE_MENTION_ROLE" : "Consumer",
      "SIRE_MENTION_TYPE" : "NONE",
      "SIRE_ENTITY_LEVEL" : "NONE",
      "SIRE_ENTITY_SUBTYPE" : "NONE"
    },
    "type" : "Consumer",
    "begin" : 1107,
    "end" : 1108,
    "inCoref" : true
  }, {
    "id" : "s8-m4",
    "properties" : {
      "SIRE_MENTION_ROLE" : "Product",
      "SIRE_ENTITY_SUBTYPE" : "NONE",
      "SIRE_MENTION_TYPE" : "NONE",
      "SIRE_MENTION_CLASS" : "SPC"
    },
    "type" : "Product",
    "begin" : 1118,
    "end" : 1146,
    "inCoref" : false
  }, {
    "id" : "s8-m6",
    "properties" : {
      "SIRE_MENTION_ROLE" : "Company",
      "SIRE_ENTITY_SUBTYPE" : "NONE",
      "SIRE_MENTION_TYPE" : "NONE",
      "SIRE_MENTION_CLASS" : "SPC"
    },
    "type" : "Company",
    "begin" : 1118,
    "end" : 1121,
    "inCoref" : false
  }, {
    "id" : "544798543325650__113200145-M10",
    "properties" : {
      "SIRE_MENTION_CLASS" : "SPC",
      "SIRE_ENTITY_CLASS" : "SPC",
      "SIRE_MENTION_ROLE" : "Consumer",
      "SIRE_MENTION_TYPE" : "NONE",
      "SIRE_ENTITY_LEVEL" : "NONE",
      "SIRE_ENTITY_SUBTYPE" : "NONE"
    },
    "type" : "Consumer",
    "begin" : 1171,
    "end" : 1172,
    "inCoref" : true
  }, {
    "id" : "s8-m5",
    "properties" : {
      "SIRE_MENTION_ROLE" : "Product",
      "SIRE_ENTITY_SUBTYPE" : "NONE",
      "SIRE_MENTION_TYPE" : "NONE",
      "SIRE_MENTION_CLASS" : "SPC"
    },
    "type" : "Product",
    "begin" : 1187,
    "end" : 1195,
    "inCoref" : false
  }, {
    "id" : "s8-m7",
    "properties" : {
      "SIRE_MENTION_ROLE" : "Company",
      "SIRE_ENTITY_SUBTYPE" : "NONE",
      "SIRE_MENTION_TYPE" : "NONE",
      "SIRE_MENTION_CLASS" : "SPC"
    },
    "type" : "Company",
    "begin" : 1187,
    "end" : 1190,
    "inCoref" : false
  }, {
    "id" : "s9-m3",
    "properties" : {
      "SIRE_MENTION_ROLE" : "Product",
      "SIRE_ENTITY_SUBTYPE" : "NONE",
      "SIRE_MENTION_TYPE" : "NONE",
      "SIRE_MENTION_CLASS" : "SPC"
    },
    "type" : "Product",
    "begin" : 1228,
    "end" : 1233,
    "inCoref" : false
  }, {
    "id" : "544798543325650__113200145-M11",
    "properties" : {
      "SIRE_MENTION_CLASS" : "SPC",
      "SIRE_ENTITY_CLASS" : "SPC",
      "SIRE_MENTION_ROLE" : "Consumer",
      "SIRE_MENTION_TYPE" : "NONE",
      "SIRE_ENTITY_LEVEL" : "NONE",
      "SIRE_ENTITY_SUBTYPE" : "NONE"
    },
    "type" : "Consumer",
    "begin" : 1267,
    "end" : 1268,
    "inCoref" : true
  }, {
    "id" : "544798543325650__113200145-M12",
    "properties" : {
      "SIRE_MENTION_CLASS" : "SPC",
      "SIRE_ENTITY_CLASS" : "SPC",
      "SIRE_MENTION_ROLE" : "Consumer",
      "SIRE_MENTION_TYPE" : "NONE",
      "SIRE_ENTITY_LEVEL" : "NONE",
      "SIRE_ENTITY_SUBTYPE" : "NONE"
    },
    "type" : "Consumer",
    "begin" : 1279,
    "end" : 1280,
    "inCoref" : true
  }, {
    "id" : "s9-m4",
    "properties" : {
      "SIRE_MENTION_ROLE" : "Product",
      "SIRE_ENTITY_SUBTYPE" : "NONE",
      "SIRE_MENTION_TYPE" : "NONE",
      "SIRE_MENTION_CLASS" : "SPC"
    },
    "type" : "Product",
    "begin" : 1301,
    "end" : 1313,
    "inCoref" : false
  }, {
    "id" : "s9-m5",
    "properties" : {
      "SIRE_MENTION_ROLE" : "Company",
      "SIRE_ENTITY_SUBTYPE" : "NONE",
      "SIRE_MENTION_TYPE" : "NONE",
      "SIRE_MENTION_CLASS" : "SPC"
    },
    "type" : "Company",
    "begin" : 1301,
    "end" : 1304,
    "inCoref" : false
  }, {
    "id" : "s10-m2",
    "properties" : {
      "SIRE_MENTION_ROLE" : "Descriptor",
      "SIRE_ENTITY_SUBTYPE" : "NONE",
      "SIRE_MENTION_TYPE" : "NONE",
      "SIRE_MENTION_CLASS" : "SPC"
    },
    "type" : "Descriptor",
    "begin" : 1349,
    "end" : 1356,
    "inCoref" : false
  }, {
    "id" : "s10-m1",
    "properties" : {
      "SIRE_MENTION_ROLE" : "Product",
      "SIRE_ENTITY_SUBTYPE" : "NONE",
      "SIRE_MENTION_TYPE" : "NONE",
      "SIRE_MENTION_CLASS" : "SPC"
    },
    "type" : "Product",
    "begin" : 1357,
    "end" : 1360,
    "inCoref" : true
  }, {
    "id" : "544798543325650__113200145-M13",
    "properties" : {
      "SIRE_MENTION_CLASS" : "SPC",
      "SIRE_ENTITY_CLASS" : "SPC",
      "SIRE_MENTION_ROLE" : "Consumer",
      "SIRE_MENTION_TYPE" : "NONE",
      "SIRE_ENTITY_LEVEL" : "NONE",
      "SIRE_ENTITY_SUBTYPE" : "NONE"
    },
    "type" : "Consumer",
    "begin" : 1389,
    "end" : 1390,
    "inCoref" : true
  }, {
    "id" : "s11-m2",
    "properties" : {
      "SIRE_MENTION_ROLE" : "Product",
      "SIRE_ENTITY_SUBTYPE" : "NONE",
      "SIRE_MENTION_TYPE" : "NONE",
      "SIRE_MENTION_CLASS" : "SPC"
    },
    "type" : "Product",
    "begin" : 1425,
    "end" : 1428,
    "inCoref" : true
  }, {
    "id" : "s11-m4",
    "properties" : {
      "SIRE_MENTION_ROLE" : "Descriptor",
      "SIRE_ENTITY_SUBTYPE" : "NONE",
      "SIRE_MENTION_TYPE" : "NONE",
      "SIRE_MENTION_CLASS" : "SPC"
    },
    "type" : "Descriptor",
    "begin" : 1453,
    "end" : 1460,
    "inCoref" : false
  }, {
    "id" : "s11-m3",
    "properties" : {
      "SIRE_MENTION_ROLE" : "Product",
      "SIRE_ENTITY_SUBTYPE" : "NONE",
      "SIRE_MENTION_TYPE" : "NONE",
      "SIRE_MENTION_CLASS" : "SPC"
    },
    "type" : "Product",
    "begin" : 1461,
    "end" : 1468,
    "inCoref" : false
  }, {
    "id" : "s11-m5",
    "properties" : {
      "SIRE_MENTION_ROLE" : "Descriptor",
      "SIRE_ENTITY_SUBTYPE" : "NONE",
      "SIRE_MENTION_TYPE" : "NONE",
      "SIRE_MENTION_CLASS" : "SPC"
    },
    "type" : "Descriptor",
    "begin" : 1474,
    "end" : 1489,
    "inCoref" : false
  } ],
  "relations" : [ {
    "id" : "s0-r1",
    "properties" : { },
    "type" : "hasQuality",
    "args" : [ "s0-m2", "s0-m3" ]
  }, {
    "id" : "s0-r2",
    "properties" : { },
    "type" : "hasQuality",
    "args" : [ "s0-m5", "s0-m6" ]
  }, {
    "id" : "s0-r3",
    "properties" : { },
    "type" : "hasFeature",
    "args" : [ "s0-m4", "s0-m5" ]
  }, {
    "id" : "s1-r1",
    "properties" : { },
    "type" : "hasQuality",
    "args" : [ "s1-m1", "s1-m2" ]
  }, {
    "id" : "s1-r2",
    "properties" : { },
    "type" : "hasQuality",
    "args" : [ "s1-m3", "s1-m4" ]
  }, {
    "id" : "s1-r3",
    "properties" : { },
    "type" : "hasQuality",
    "args" : [ "s1-m5", "s1-m6" ]
  }, {
    "id" : "s2-r1",
    "properties" : { },
    "type" : "hasQuality",
    "args" : [ "s2-m1", "s2-m2" ]
  }, {
    "id" : "s2-r2",
    "properties" : { },
    "type" : "hasQuality",
    "args" : [ "s2-m1", "s2-m3" ]
  }, {
    "id" : "s2-r3",
    "properties" : { },
    "type" : "hasQuality",
    "args" : [ "s2-m1", "s2-m4" ]
  }, {
    "id" : "s3-r1",
    "properties" : { },
    "type" : "hasQuality",
    "args" : [ "s3-m6", "s3-m7" ]
  }, {
    "id" : "s3-r2",
    "properties" : { },
    "type" : "madeBy",
    "args" : [ "s3-m10", "s3-m9" ]
  }, {
    "id" : "s4-r1",
    "properties" : { },
    "type" : "hasQuality",
    "args" : [ "s4-m2", "s4-m3" ]
  }, {
    "id" : "s5-r1",
    "properties" : { },
    "type" : "hasQuality",
    "args" : [ "s5-m6", "s5-m7" ]
  }, {
    "id" : "s5-r2",
    "properties" : { },
    "type" : "hasQuality",
    "args" : [ "s5-m13", "s5-m14" ]
  }, {
    "id" : "s5-r3",
    "properties" : { },
    "type" : "hasQuality",
    "args" : [ "s5-m9", "s5-m10" ]
  }, {
    "id" : "s7-r1",
    "properties" : { },
    "type" : "hasQuality",
    "args" : [ "s7-m1", "s7-m2" ]
  }, {
    "id" : "s7-r2",
    "properties" : { },
    "type" : "hasQuality",
    "args" : [ "s7-m3", "s7-m4" ]
  }, {
    "id" : "s8-r1",
    "properties" : { },
    "type" : "madeBy",
    "args" : [ "s8-m4", "s8-m6" ]
  }, {
    "id" : "s8-r2",
    "properties" : { },
    "type" : "madeBy",
    "args" : [ "s8-m5", "s8-m7" ]
  }, {
    "id" : "s9-r1",
    "properties" : { },
    "type" : "madeBy",
    "args" : [ "s9-m4", "s9-m5" ]
  }, {
    "id" : "s10-r1",
    "properties" : { },
    "type" : "hasQuality",
    "args" : [ "s10-m1", "s10-m2" ]
  }, {
    "id" : "s11-r1",
    "properties" : { },
    "type" : "hasQuality",
    "args" : [ "s11-m3", "s11-m4" ]
  }, {
    "id" : "s11-r2",
    "properties" : { },
    "type" : "hasQuality",
    "args" : [ "s11-m3", "s11-m5" ]
  } ],
  "corefs" : [ {
    "id" : "c2",
    "properties" : { },
    "mentions" : [ "s5-m15", "s0-m4", "s3-m4", "s3-m8", "s3-m10", "s5-m11", "s5-m12", "s10-m1", "s11-m2" ]
  }, {
    "id" : "c3",
    "properties" : { },
    "mentions" : [ "544798543325650__113200145-M0", "544798543325650__113200145-M1", "544798543325650__113200145-M3", "544798543325650__113200145-M2", "544798543325650__113200145-M6", "544798543325650__113200145-M4", "544798543325650__113200145-M7", "544798543325650__113200145-M9", "544798543325650__113200145-M8", "544798543325650__113200145-M10", "544798543325650__113200145-M11", "544798543325650__113200145-M12", "544798543325650__113200145-M13" ]
  } ],
  "typeResolved" : true,
  "userResolved" : true
}