{
  "id" : "b9223ee4-fe27-4d77-b915-0c3bca08b2fa-27",
  "modifiedDate" : 1467861577332,
  "name" : "review28.txt",
  "version" : 2,
  "text" : "I have been shopping around for a new amp, after my old one die on me. I am extremely picky about my sound and was a little skeptical about buying this amp. You get what you paid for. I am using it with one 15\" Kicker sub woofer, the amp is bridged to maximize the power output. Needless to say it hit hard. It sound better then my old MTX amp. It provide a deeper base and also a more lucid voice output if set to low pass filter. My only problem was the remote wire was not working at first, but that was my fault. I contact Sound Storm customer support and got a respond the same day. In order for the remote button to work. The amp have to be set to low pass filter. not high pass, nor full range.  **Update February 12 2013*** Just upgraded from one 15\" Kicker to now two twelves's inch Kickers. it sound absolutely amazing at one 1000 watts. My freind have 2000 watts amp and honestly can sat my baby 1000 watts outshine his system.  IT IS WORTH THE MONEY, I RECOMMEND IT. \n\n",
  "docLength" : 981,
  "language" : "EN",
  "status" : "SUBMITTED",
  "documentSet" : [ ],
  "sentences" : [ {
    "id" : "s0",
    "begin" : 0,
    "end" : 70,
    "text" : "I have been shopping around for a new amp, after my old one die on me.",
    "tokens" : [ {
      "id" : "s0-t0",
      "begin" : 0,
      "end" : 1,
      "text" : "I",
      "whiteSpace" : false
    }, {
      "id" : "s0-t1",
      "begin" : 2,
      "end" : 6,
      "text" : "have",
      "whiteSpace" : false
    }, {
      "id" : "s0-t2",
      "begin" : 7,
      "end" : 11,
      "text" : "been",
      "whiteSpace" : false
    }, {
      "id" : "s0-t3",
      "begin" : 12,
      "end" : 20,
      "text" : "shopping",
      "whiteSpace" : false
    }, {
      "id" : "s0-t4",
      "begin" : 21,
      "end" : 27,
      "text" : "around",
      "whiteSpace" : false
    }, {
      "id" : "s0-t5",
      "begin" : 28,
      "end" : 31,
      "text" : "for",
      "whiteSpace" : false
    }, {
      "id" : "s0-t6",
      "begin" : 32,
      "end" : 33,
      "text" : "a",
      "whiteSpace" : false
    }, {
      "id" : "s0-t7",
      "begin" : 34,
      "end" : 37,
      "text" : "new",
      "whiteSpace" : false
    }, {
      "id" : "s0-t8",
      "begin" : 38,
      "end" : 41,
      "text" : "amp",
      "whiteSpace" : false
    }, {
      "id" : "s0-t9",
      "begin" : 41,
      "end" : 42,
      "text" : ",",
      "whiteSpace" : false
    }, {
      "id" : "s0-t10",
      "begin" : 43,
      "end" : 48,
      "text" : "after",
      "whiteSpace" : false
    }, {
      "id" : "s0-t11",
      "begin" : 49,
      "end" : 51,
      "text" : "my",
      "whiteSpace" : false
    }, {
      "id" : "s0-t12",
      "begin" : 52,
      "end" : 55,
      "text" : "old",
      "whiteSpace" : false
    }, {
      "id" : "s0-t13",
      "begin" : 56,
      "end" : 59,
      "text" : "one",
      "whiteSpace" : false
    }, {
      "id" : "s0-t14",
      "begin" : 60,
      "end" : 63,
      "text" : "die",
      "whiteSpace" : false
    }, {
      "id" : "s0-t15",
      "begin" : 64,
      "end" : 66,
      "text" : "on",
      "whiteSpace" : false
    }, {
      "id" : "s0-t16",
      "begin" : 67,
      "end" : 69,
      "text" : "me",
      "whiteSpace" : false
    }, {
      "id" : "s0-t17",
      "begin" : 69,
      "end" : 70,
      "text" : ".",
      "whiteSpace" : false
    } ]
  }, {
    "id" : "s1",
    "begin" : 71,
    "end" : 156,
    "text" : "I am extremely picky about my sound and was a little skeptical about buying this amp.",
    "tokens" : [ {
      "id" : "s1-t0",
      "begin" : 71,
      "end" : 72,
      "text" : "I",
      "whiteSpace" : false
    }, {
      "id" : "s1-t1",
      "begin" : 73,
      "end" : 75,
      "text" : "am",
      "whiteSpace" : false
    }, {
      "id" : "s1-t2",
      "begin" : 76,
      "end" : 85,
      "text" : "extremely",
      "whiteSpace" : false
    }, {
      "id" : "s1-t3",
      "begin" : 86,
      "end" : 91,
      "text" : "picky",
      "whiteSpace" : false
    }, {
      "id" : "s1-t4",
      "begin" : 92,
      "end" : 97,
      "text" : "about",
      "whiteSpace" : false
    }, {
      "id" : "s1-t5",
      "begin" : 98,
      "end" : 100,
      "text" : "my",
      "whiteSpace" : false
    }, {
      "id" : "s1-t6",
      "begin" : 101,
      "end" : 106,
      "text" : "sound",
      "whiteSpace" : false
    }, {
      "id" : "s1-t7",
      "begin" : 107,
      "end" : 110,
      "text" : "and",
      "whiteSpace" : false
    }, {
      "id" : "s1-t8",
      "begin" : 111,
      "end" : 114,
      "text" : "was",
      "whiteSpace" : false
    }, {
      "id" : "s1-t9",
      "begin" : 115,
      "end" : 116,
      "text" : "a",
      "whiteSpace" : false
    }, {
      "id" : "s1-t10",
      "begin" : 117,
      "end" : 123,
      "text" : "little",
      "whiteSpace" : false
    }, {
      "id" : "s1-t11",
      "begin" : 124,
      "end" : 133,
      "text" : "skeptical",
      "whiteSpace" : false
    }, {
      "id" : "s1-t12",
      "begin" : 134,
      "end" : 139,
      "text" : "about",
      "whiteSpace" : false
    }, {
      "id" : "s1-t13",
      "begin" : 140,
      "end" : 146,
      "text" : "buying",
      "whiteSpace" : false
    }, {
      "id" : "s1-t14",
      "begin" : 147,
      "end" : 151,
      "text" : "this",
      "whiteSpace" : false
    }, {
      "id" : "s1-t15",
      "begin" : 152,
      "end" : 155,
      "text" : "amp",
      "whiteSpace" : false
    }, {
      "id" : "s1-t16",
      "begin" : 155,
      "end" : 156,
      "text" : ".",
      "whiteSpace" : false
    } ]
  }, {
    "id" : "s2",
    "begin" : 157,
    "end" : 183,
    "text" : "You get what you paid for.",
    "tokens" : [ {
      "id" : "s2-t0",
      "begin" : 157,
      "end" : 160,
      "text" : "You",
      "whiteSpace" : false
    }, {
      "id" : "s2-t1",
      "begin" : 161,
      "end" : 164,
      "text" : "get",
      "whiteSpace" : false
    }, {
      "id" : "s2-t2",
      "begin" : 165,
      "end" : 169,
      "text" : "what",
      "whiteSpace" : false
    }, {
      "id" : "s2-t3",
      "begin" : 170,
      "end" : 173,
      "text" : "you",
      "whiteSpace" : false
    }, {
      "id" : "s2-t4",
      "begin" : 174,
      "end" : 178,
      "text" : "paid",
      "whiteSpace" : false
    }, {
      "id" : "s2-t5",
      "begin" : 179,
      "end" : 182,
      "text" : "for",
      "whiteSpace" : false
    }, {
      "id" : "s2-t6",
      "begin" : 182,
      "end" : 183,
      "text" : ".",
      "whiteSpace" : false
    } ]
  }, {
    "id" : "s3",
    "begin" : 184,
    "end" : 278,
    "text" : "I am using it with one 15\" Kicker sub woofer, the amp is bridged to maximize the power output.",
    "tokens" : [ {
      "id" : "s3-t0",
      "begin" : 184,
      "end" : 185,
      "text" : "I",
      "whiteSpace" : false
    }, {
      "id" : "s3-t1",
      "begin" : 186,
      "end" : 188,
      "text" : "am",
      "whiteSpace" : false
    }, {
      "id" : "s3-t2",
      "begin" : 189,
      "end" : 194,
      "text" : "using",
      "whiteSpace" : false
    }, {
      "id" : "s3-t3",
      "begin" : 195,
      "end" : 197,
      "text" : "it",
      "whiteSpace" : false
    }, {
      "id" : "s3-t4",
      "begin" : 198,
      "end" : 202,
      "text" : "with",
      "whiteSpace" : false
    }, {
      "id" : "s3-t5",
      "begin" : 203,
      "end" : 206,
      "text" : "one",
      "whiteSpace" : false
    }, {
      "id" : "s3-t6",
      "begin" : 207,
      "end" : 209,
      "text" : "15",
      "whiteSpace" : false
    }, {
      "id" : "s3-t7",
      "begin" : 209,
      "end" : 210,
      "text" : "\"",
      "whiteSpace" : false
    }, {
      "id" : "s3-t8",
      "begin" : 211,
      "end" : 217,
      "text" : "Kicker",
      "whiteSpace" : false
    }, {
      "id" : "s3-t9",
      "begin" : 218,
      "end" : 221,
      "text" : "sub",
      "whiteSpace" : false
    }, {
      "id" : "s3-t10",
      "begin" : 222,
      "end" : 228,
      "text" : "woofer",
      "whiteSpace" : false
    }, {
      "id" : "s3-t11",
      "begin" : 228,
      "end" : 229,
      "text" : ",",
      "whiteSpace" : false
    }, {
      "id" : "s3-t12",
      "begin" : 230,
      "end" : 233,
      "text" : "the",
      "whiteSpace" : false
    }, {
      "id" : "s3-t13",
      "begin" : 234,
      "end" : 237,
      "text" : "amp",
      "whiteSpace" : false
    }, {
      "id" : "s3-t14",
      "begin" : 238,
      "end" : 240,
      "text" : "is",
      "whiteSpace" : false
    }, {
      "id" : "s3-t15",
      "begin" : 241,
      "end" : 248,
      "text" : "bridged",
      "whiteSpace" : false
    }, {
      "id" : "s3-t16",
      "begin" : 249,
      "end" : 251,
      "text" : "to",
      "whiteSpace" : false
    }, {
      "id" : "s3-t17",
      "begin" : 252,
      "end" : 260,
      "text" : "maximize",
      "whiteSpace" : false
    }, {
      "id" : "s3-t18",
      "begin" : 261,
      "end" : 264,
      "text" : "the",
      "whiteSpace" : false
    }, {
      "id" : "s3-t19",
      "begin" : 265,
      "end" : 270,
      "text" : "power",
      "whiteSpace" : false
    }, {
      "id" : "s3-t20",
      "begin" : 271,
      "end" : 277,
      "text" : "output",
      "whiteSpace" : false
    }, {
      "id" : "s3-t21",
      "begin" : 277,
      "end" : 278,
      "text" : ".",
      "whiteSpace" : false
    } ]
  }, {
    "id" : "s4",
    "begin" : 279,
    "end" : 307,
    "text" : "Needless to say it hit hard.",
    "tokens" : [ {
      "id" : "s4-t0",
      "begin" : 279,
      "end" : 287,
      "text" : "Needless",
      "whiteSpace" : false
    }, {
      "id" : "s4-t1",
      "begin" : 288,
      "end" : 290,
      "text" : "to",
      "whiteSpace" : false
    }, {
      "id" : "s4-t2",
      "begin" : 291,
      "end" : 294,
      "text" : "say",
      "whiteSpace" : false
    }, {
      "id" : "s4-t3",
      "begin" : 295,
      "end" : 297,
      "text" : "it",
      "whiteSpace" : false
    }, {
      "id" : "s4-t4",
      "begin" : 298,
      "end" : 301,
      "text" : "hit",
      "whiteSpace" : false
    }, {
      "id" : "s4-t5",
      "begin" : 302,
      "end" : 306,
      "text" : "hard",
      "whiteSpace" : false
    }, {
      "id" : "s4-t6",
      "begin" : 306,
      "end" : 307,
      "text" : ".",
      "whiteSpace" : false
    } ]
  }, {
    "id" : "s5",
    "begin" : 308,
    "end" : 344,
    "text" : "It sound better then my old MTX amp.",
    "tokens" : [ {
      "id" : "s5-t0",
      "begin" : 308,
      "end" : 310,
      "text" : "It",
      "whiteSpace" : false
    }, {
      "id" : "s5-t1",
      "begin" : 311,
      "end" : 316,
      "text" : "sound",
      "whiteSpace" : false
    }, {
      "id" : "s5-t2",
      "begin" : 317,
      "end" : 323,
      "text" : "better",
      "whiteSpace" : false
    }, {
      "id" : "s5-t3",
      "begin" : 324,
      "end" : 328,
      "text" : "then",
      "whiteSpace" : false
    }, {
      "id" : "s5-t4",
      "begin" : 329,
      "end" : 331,
      "text" : "my",
      "whiteSpace" : false
    }, {
      "id" : "s5-t5",
      "begin" : 332,
      "end" : 335,
      "text" : "old",
      "whiteSpace" : false
    }, {
      "id" : "s5-t6",
      "begin" : 336,
      "end" : 339,
      "text" : "MTX",
      "whiteSpace" : false
    }, {
      "id" : "s5-t7",
      "begin" : 340,
      "end" : 343,
      "text" : "amp",
      "whiteSpace" : false
    }, {
      "id" : "s5-t8",
      "begin" : 343,
      "end" : 344,
      "text" : ".",
      "whiteSpace" : false
    } ]
  }, {
    "id" : "s6",
    "begin" : 345,
    "end" : 431,
    "text" : "It provide a deeper base and also a more lucid voice output if set to low pass filter.",
    "tokens" : [ {
      "id" : "s6-t0",
      "begin" : 345,
      "end" : 347,
      "text" : "It",
      "whiteSpace" : false
    }, {
      "id" : "s6-t1",
      "begin" : 348,
      "end" : 355,
      "text" : "provide",
      "whiteSpace" : false
    }, {
      "id" : "s6-t2",
      "begin" : 356,
      "end" : 357,
      "text" : "a",
      "whiteSpace" : false
    }, {
      "id" : "s6-t3",
      "begin" : 358,
      "end" : 364,
      "text" : "deeper",
      "whiteSpace" : false
    }, {
      "id" : "s6-t4",
      "begin" : 365,
      "end" : 369,
      "text" : "base",
      "whiteSpace" : false
    }, {
      "id" : "s6-t5",
      "begin" : 370,
      "end" : 373,
      "text" : "and",
      "whiteSpace" : false
    }, {
      "id" : "s6-t6",
      "begin" : 374,
      "end" : 378,
      "text" : "also",
      "whiteSpace" : false
    }, {
      "id" : "s6-t7",
      "begin" : 379,
      "end" : 380,
      "text" : "a",
      "whiteSpace" : false
    }, {
      "id" : "s6-t8",
      "begin" : 381,
      "end" : 385,
      "text" : "more",
      "whiteSpace" : false
    }, {
      "id" : "s6-t9",
      "begin" : 386,
      "end" : 391,
      "text" : "lucid",
      "whiteSpace" : false
    }, {
      "id" : "s6-t10",
      "begin" : 392,
      "end" : 397,
      "text" : "voice",
      "whiteSpace" : false
    }, {
      "id" : "s6-t11",
      "begin" : 398,
      "end" : 404,
      "text" : "output",
      "whiteSpace" : false
    }, {
      "id" : "s6-t12",
      "begin" : 405,
      "end" : 407,
      "text" : "if",
      "whiteSpace" : false
    }, {
      "id" : "s6-t13",
      "begin" : 408,
      "end" : 411,
      "text" : "set",
      "whiteSpace" : false
    }, {
      "id" : "s6-t14",
      "begin" : 412,
      "end" : 414,
      "text" : "to",
      "whiteSpace" : false
    }, {
      "id" : "s6-t15",
      "begin" : 415,
      "end" : 418,
      "text" : "low",
      "whiteSpace" : false
    }, {
      "id" : "s6-t16",
      "begin" : 419,
      "end" : 423,
      "text" : "pass",
      "whiteSpace" : false
    }, {
      "id" : "s6-t17",
      "begin" : 424,
      "end" : 430,
      "text" : "filter",
      "whiteSpace" : false
    }, {
      "id" : "s6-t18",
      "begin" : 430,
      "end" : 431,
      "text" : ".",
      "whiteSpace" : false
    } ]
  }, {
    "id" : "s7",
    "begin" : 432,
    "end" : 516,
    "text" : "My only problem was the remote wire was not working at first, but that was my fault.",
    "tokens" : [ {
      "id" : "s7-t0",
      "begin" : 432,
      "end" : 434,
      "text" : "My",
      "whiteSpace" : false
    }, {
      "id" : "s7-t1",
      "begin" : 435,
      "end" : 439,
      "text" : "only",
      "whiteSpace" : false
    }, {
      "id" : "s7-t2",
      "begin" : 440,
      "end" : 447,
      "text" : "problem",
      "whiteSpace" : false
    }, {
      "id" : "s7-t3",
      "begin" : 448,
      "end" : 451,
      "text" : "was",
      "whiteSpace" : false
    }, {
      "id" : "s7-t4",
      "begin" : 452,
      "end" : 455,
      "text" : "the",
      "whiteSpace" : false
    }, {
      "id" : "s7-t5",
      "begin" : 456,
      "end" : 462,
      "text" : "remote",
      "whiteSpace" : false
    }, {
      "id" : "s7-t6",
      "begin" : 463,
      "end" : 467,
      "text" : "wire",
      "whiteSpace" : false
    }, {
      "id" : "s7-t7",
      "begin" : 468,
      "end" : 471,
      "text" : "was",
      "whiteSpace" : false
    }, {
      "id" : "s7-t8",
      "begin" : 472,
      "end" : 475,
      "text" : "not",
      "whiteSpace" : false
    }, {
      "id" : "s7-t9",
      "begin" : 476,
      "end" : 483,
      "text" : "working",
      "whiteSpace" : false
    }, {
      "id" : "s7-t10",
      "begin" : 484,
      "end" : 486,
      "text" : "at",
      "whiteSpace" : false
    }, {
      "id" : "s7-t11",
      "begin" : 487,
      "end" : 492,
      "text" : "first",
      "whiteSpace" : false
    }, {
      "id" : "s7-t12",
      "begin" : 492,
      "end" : 493,
      "text" : ",",
      "whiteSpace" : false
    }, {
      "id" : "s7-t13",
      "begin" : 494,
      "end" : 497,
      "text" : "but",
      "whiteSpace" : false
    }, {
      "id" : "s7-t14",
      "begin" : 498,
      "end" : 502,
      "text" : "that",
      "whiteSpace" : false
    }, {
      "id" : "s7-t15",
      "begin" : 503,
      "end" : 506,
      "text" : "was",
      "whiteSpace" : false
    }, {
      "id" : "s7-t16",
      "begin" : 507,
      "end" : 509,
      "text" : "my",
      "whiteSpace" : false
    }, {
      "id" : "s7-t17",
      "begin" : 510,
      "end" : 515,
      "text" : "fault",
      "whiteSpace" : false
    }, {
      "id" : "s7-t18",
      "begin" : 515,
      "end" : 516,
      "text" : ".",
      "whiteSpace" : false
    } ]
  }, {
    "id" : "s8",
    "begin" : 517,
    "end" : 587,
    "text" : "I contact Sound Storm customer support and got a respond the same day.",
    "tokens" : [ {
      "id" : "s8-t0",
      "begin" : 517,
      "end" : 518,
      "text" : "I",
      "whiteSpace" : false
    }, {
      "id" : "s8-t1",
      "begin" : 519,
      "end" : 526,
      "text" : "contact",
      "whiteSpace" : false
    }, {
      "id" : "s8-t2",
      "begin" : 527,
      "end" : 532,
      "text" : "Sound",
      "whiteSpace" : false
    }, {
      "id" : "s8-t3",
      "begin" : 533,
      "end" : 538,
      "text" : "Storm",
      "whiteSpace" : false
    }, {
      "id" : "s8-t4",
      "begin" : 539,
      "end" : 547,
      "text" : "customer",
      "whiteSpace" : false
    }, {
      "id" : "s8-t5",
      "begin" : 548,
      "end" : 555,
      "text" : "support",
      "whiteSpace" : false
    }, {
      "id" : "s8-t6",
      "begin" : 556,
      "end" : 559,
      "text" : "and",
      "whiteSpace" : false
    }, {
      "id" : "s8-t7",
      "begin" : 560,
      "end" : 563,
      "text" : "got",
      "whiteSpace" : false
    }, {
      "id" : "s8-t8",
      "begin" : 564,
      "end" : 565,
      "text" : "a",
      "whiteSpace" : false
    }, {
      "id" : "s8-t9",
      "begin" : 566,
      "end" : 573,
      "text" : "respond",
      "whiteSpace" : false
    }, {
      "id" : "s8-t10",
      "begin" : 574,
      "end" : 577,
      "text" : "the",
      "whiteSpace" : false
    }, {
      "id" : "s8-t11",
      "begin" : 578,
      "end" : 582,
      "text" : "same",
      "whiteSpace" : false
    }, {
      "id" : "s8-t12",
      "begin" : 583,
      "end" : 586,
      "text" : "day",
      "whiteSpace" : false
    }, {
      "id" : "s8-t13",
      "begin" : 586,
      "end" : 587,
      "text" : ".",
      "whiteSpace" : false
    } ]
  }, {
    "id" : "s9",
    "begin" : 588,
    "end" : 627,
    "text" : "In order for the remote button to work.",
    "tokens" : [ {
      "id" : "s9-t0",
      "begin" : 588,
      "end" : 590,
      "text" : "In",
      "whiteSpace" : false
    }, {
      "id" : "s9-t1",
      "begin" : 591,
      "end" : 596,
      "text" : "order",
      "whiteSpace" : false
    }, {
      "id" : "s9-t2",
      "begin" : 597,
      "end" : 600,
      "text" : "for",
      "whiteSpace" : false
    }, {
      "id" : "s9-t3",
      "begin" : 601,
      "end" : 604,
      "text" : "the",
      "whiteSpace" : false
    }, {
      "id" : "s9-t4",
      "begin" : 605,
      "end" : 611,
      "text" : "remote",
      "whiteSpace" : false
    }, {
      "id" : "s9-t5",
      "begin" : 612,
      "end" : 618,
      "text" : "button",
      "whiteSpace" : false
    }, {
      "id" : "s9-t6",
      "begin" : 619,
      "end" : 621,
      "text" : "to",
      "whiteSpace" : false
    }, {
      "id" : "s9-t7",
      "begin" : 622,
      "end" : 626,
      "text" : "work",
      "whiteSpace" : false
    }, {
      "id" : "s9-t8",
      "begin" : 626,
      "end" : 627,
      "text" : ".",
      "whiteSpace" : false
    } ]
  }, {
    "id" : "s10",
    "begin" : 628,
    "end" : 670,
    "text" : "The amp have to be set to low pass filter.",
    "tokens" : [ {
      "id" : "s10-t0",
      "begin" : 628,
      "end" : 631,
      "text" : "The",
      "whiteSpace" : false
    }, {
      "id" : "s10-t1",
      "begin" : 632,
      "end" : 635,
      "text" : "amp",
      "whiteSpace" : false
    }, {
      "id" : "s10-t2",
      "begin" : 636,
      "end" : 640,
      "text" : "have",
      "whiteSpace" : false
    }, {
      "id" : "s10-t3",
      "begin" : 641,
      "end" : 643,
      "text" : "to",
      "whiteSpace" : false
    }, {
      "id" : "s10-t4",
      "begin" : 644,
      "end" : 646,
      "text" : "be",
      "whiteSpace" : false
    }, {
      "id" : "s10-t5",
      "begin" : 647,
      "end" : 650,
      "text" : "set",
      "whiteSpace" : false
    }, {
      "id" : "s10-t6",
      "begin" : 651,
      "end" : 653,
      "text" : "to",
      "whiteSpace" : false
    }, {
      "id" : "s10-t7",
      "begin" : 654,
      "end" : 657,
      "text" : "low",
      "whiteSpace" : false
    }, {
      "id" : "s10-t8",
      "begin" : 658,
      "end" : 662,
      "text" : "pass",
      "whiteSpace" : false
    }, {
      "id" : "s10-t9",
      "begin" : 663,
      "end" : 669,
      "text" : "filter",
      "whiteSpace" : false
    }, {
      "id" : "s10-t10",
      "begin" : 669,
      "end" : 670,
      "text" : ".",
      "whiteSpace" : false
    } ]
  }, {
    "id" : "s11",
    "begin" : 671,
    "end" : 701,
    "text" : "not high pass, nor full range.",
    "tokens" : [ {
      "id" : "s11-t0",
      "begin" : 671,
      "end" : 674,
      "text" : "not",
      "whiteSpace" : false
    }, {
      "id" : "s11-t1",
      "begin" : 675,
      "end" : 679,
      "text" : "high",
      "whiteSpace" : false
    }, {
      "id" : "s11-t2",
      "begin" : 680,
      "end" : 684,
      "text" : "pass",
      "whiteSpace" : false
    }, {
      "id" : "s11-t3",
      "begin" : 684,
      "end" : 685,
      "text" : ",",
      "whiteSpace" : false
    }, {
      "id" : "s11-t4",
      "begin" : 686,
      "end" : 689,
      "text" : "nor",
      "whiteSpace" : false
    }, {
      "id" : "s11-t5",
      "begin" : 690,
      "end" : 694,
      "text" : "full",
      "whiteSpace" : false
    }, {
      "id" : "s11-t6",
      "begin" : 695,
      "end" : 700,
      "text" : "range",
      "whiteSpace" : false
    }, {
      "id" : "s11-t7",
      "begin" : 700,
      "end" : 701,
      "text" : ".",
      "whiteSpace" : false
    } ]
  }, {
    "id" : "s12",
    "begin" : 703,
    "end" : 800,
    "text" : "**Update February 12 2013*** Just upgraded from one 15\" Kicker to now two twelves's inch Kickers.",
    "tokens" : [ {
      "id" : "s12-t0",
      "begin" : 703,
      "end" : 705,
      "text" : "**",
      "whiteSpace" : false
    }, {
      "id" : "s12-t1",
      "begin" : 705,
      "end" : 711,
      "text" : "Update",
      "whiteSpace" : false
    }, {
      "id" : "s12-t2",
      "begin" : 712,
      "end" : 720,
      "text" : "February",
      "whiteSpace" : false
    }, {
      "id" : "s12-t3",
      "begin" : 721,
      "end" : 723,
      "text" : "12",
      "whiteSpace" : false
    }, {
      "id" : "s12-t4",
      "begin" : 724,
      "end" : 728,
      "text" : "2013",
      "whiteSpace" : false
    }, {
      "id" : "s12-t5",
      "begin" : 728,
      "end" : 729,
      "text" : "*",
      "whiteSpace" : false
    }, {
      "id" : "s12-t6",
      "begin" : 729,
      "end" : 731,
      "text" : "**",
      "whiteSpace" : false
    }, {
      "id" : "s12-t7",
      "begin" : 732,
      "end" : 736,
      "text" : "Just",
      "whiteSpace" : false
    }, {
      "id" : "s12-t8",
      "begin" : 737,
      "end" : 745,
      "text" : "upgraded",
      "whiteSpace" : false
    }, {
      "id" : "s12-t9",
      "begin" : 746,
      "end" : 750,
      "text" : "from",
      "whiteSpace" : false
    }, {
      "id" : "s12-t10",
      "begin" : 751,
      "end" : 754,
      "text" : "one",
      "whiteSpace" : false
    }, {
      "id" : "s12-t11",
      "begin" : 755,
      "end" : 757,
      "text" : "15",
      "whiteSpace" : false
    }, {
      "id" : "s12-t12",
      "begin" : 757,
      "end" : 758,
      "text" : "\"",
      "whiteSpace" : false
    }, {
      "id" : "s12-t13",
      "begin" : 759,
      "end" : 765,
      "text" : "Kicker",
      "whiteSpace" : false
    }, {
      "id" : "s12-t14",
      "begin" : 766,
      "end" : 768,
      "text" : "to",
      "whiteSpace" : false
    }, {
      "id" : "s12-t15",
      "begin" : 769,
      "end" : 772,
      "text" : "now",
      "whiteSpace" : false
    }, {
      "id" : "s12-t16",
      "begin" : 773,
      "end" : 776,
      "text" : "two",
      "whiteSpace" : false
    }, {
      "id" : "s12-t17",
      "begin" : 777,
      "end" : 784,
      "text" : "twelves",
      "whiteSpace" : false
    }, {
      "id" : "s12-t18",
      "begin" : 784,
      "end" : 786,
      "text" : "'s",
      "whiteSpace" : false
    }, {
      "id" : "s12-t19",
      "begin" : 787,
      "end" : 791,
      "text" : "inch",
      "whiteSpace" : false
    }, {
      "id" : "s12-t20",
      "begin" : 792,
      "end" : 799,
      "text" : "Kickers",
      "whiteSpace" : false
    }, {
      "id" : "s12-t21",
      "begin" : 799,
      "end" : 800,
      "text" : ".",
      "whiteSpace" : false
    } ]
  }, {
    "id" : "s13",
    "begin" : 801,
    "end" : 847,
    "text" : "it sound absolutely amazing at one 1000 watts.",
    "tokens" : [ {
      "id" : "s13-t0",
      "begin" : 801,
      "end" : 803,
      "text" : "it",
      "whiteSpace" : false
    }, {
      "id" : "s13-t1",
      "begin" : 804,
      "end" : 809,
      "text" : "sound",
      "whiteSpace" : false
    }, {
      "id" : "s13-t2",
      "begin" : 810,
      "end" : 820,
      "text" : "absolutely",
      "whiteSpace" : false
    }, {
      "id" : "s13-t3",
      "begin" : 821,
      "end" : 828,
      "text" : "amazing",
      "whiteSpace" : false
    }, {
      "id" : "s13-t4",
      "begin" : 829,
      "end" : 831,
      "text" : "at",
      "whiteSpace" : false
    }, {
      "id" : "s13-t5",
      "begin" : 832,
      "end" : 835,
      "text" : "one",
      "whiteSpace" : false
    }, {
      "id" : "s13-t6",
      "begin" : 836,
      "end" : 840,
      "text" : "1000",
      "whiteSpace" : false
    }, {
      "id" : "s13-t7",
      "begin" : 841,
      "end" : 846,
      "text" : "watts",
      "whiteSpace" : false
    }, {
      "id" : "s13-t8",
      "begin" : 846,
      "end" : 847,
      "text" : ".",
      "whiteSpace" : false
    } ]
  }, {
    "id" : "s14",
    "begin" : 848,
    "end" : 938,
    "text" : "My freind have 2000 watts amp and honestly can sat my baby 1000 watts outshine his system.",
    "tokens" : [ {
      "id" : "s14-t0",
      "begin" : 848,
      "end" : 850,
      "text" : "My",
      "whiteSpace" : false
    }, {
      "id" : "s14-t1",
      "begin" : 851,
      "end" : 857,
      "text" : "freind",
      "whiteSpace" : false
    }, {
      "id" : "s14-t2",
      "begin" : 858,
      "end" : 862,
      "text" : "have",
      "whiteSpace" : false
    }, {
      "id" : "s14-t3",
      "begin" : 863,
      "end" : 867,
      "text" : "2000",
      "whiteSpace" : false
    }, {
      "id" : "s14-t4",
      "begin" : 868,
      "end" : 873,
      "text" : "watts",
      "whiteSpace" : false
    }, {
      "id" : "s14-t5",
      "begin" : 874,
      "end" : 877,
      "text" : "amp",
      "whiteSpace" : false
    }, {
      "id" : "s14-t6",
      "begin" : 878,
      "end" : 881,
      "text" : "and",
      "whiteSpace" : false
    }, {
      "id" : "s14-t7",
      "begin" : 882,
      "end" : 890,
      "text" : "honestly",
      "whiteSpace" : false
    }, {
      "id" : "s14-t8",
      "begin" : 891,
      "end" : 894,
      "text" : "can",
      "whiteSpace" : false
    }, {
      "id" : "s14-t9",
      "begin" : 895,
      "end" : 898,
      "text" : "sat",
      "whiteSpace" : false
    }, {
      "id" : "s14-t10",
      "begin" : 899,
      "end" : 901,
      "text" : "my",
      "whiteSpace" : false
    }, {
      "id" : "s14-t11",
      "begin" : 902,
      "end" : 906,
      "text" : "baby",
      "whiteSpace" : false
    }, {
      "id" : "s14-t12",
      "begin" : 907,
      "end" : 911,
      "text" : "1000",
      "whiteSpace" : false
    }, {
      "id" : "s14-t13",
      "begin" : 912,
      "end" : 917,
      "text" : "watts",
      "whiteSpace" : false
    }, {
      "id" : "s14-t14",
      "begin" : 918,
      "end" : 926,
      "text" : "outshine",
      "whiteSpace" : false
    }, {
      "id" : "s14-t15",
      "begin" : 927,
      "end" : 930,
      "text" : "his",
      "whiteSpace" : false
    }, {
      "id" : "s14-t16",
      "begin" : 931,
      "end" : 937,
      "text" : "system",
      "whiteSpace" : false
    }, {
      "id" : "s14-t17",
      "begin" : 937,
      "end" : 938,
      "text" : ".",
      "whiteSpace" : false
    } ]
  }, {
    "id" : "s15",
    "begin" : 940,
    "end" : 978,
    "text" : "IT IS WORTH THE MONEY, I RECOMMEND IT.",
    "tokens" : [ {
      "id" : "s15-t0",
      "begin" : 940,
      "end" : 942,
      "text" : "IT",
      "whiteSpace" : false
    }, {
      "id" : "s15-t1",
      "begin" : 943,
      "end" : 945,
      "text" : "IS",
      "whiteSpace" : false
    }, {
      "id" : "s15-t2",
      "begin" : 946,
      "end" : 951,
      "text" : "WORTH",
      "whiteSpace" : false
    }, {
      "id" : "s15-t3",
      "begin" : 952,
      "end" : 955,
      "text" : "THE",
      "whiteSpace" : false
    }, {
      "id" : "s15-t4",
      "begin" : 956,
      "end" : 961,
      "text" : "MONEY",
      "whiteSpace" : false
    }, {
      "id" : "s15-t5",
      "begin" : 961,
      "end" : 962,
      "text" : ",",
      "whiteSpace" : false
    }, {
      "id" : "s15-t6",
      "begin" : 963,
      "end" : 964,
      "text" : "I",
      "whiteSpace" : false
    }, {
      "id" : "s15-t7",
      "begin" : 965,
      "end" : 974,
      "text" : "RECOMMEND",
      "whiteSpace" : false
    }, {
      "id" : "s15-t8",
      "begin" : 975,
      "end" : 977,
      "text" : "IT",
      "whiteSpace" : false
    }, {
      "id" : "s15-t9",
      "begin" : 977,
      "end" : 978,
      "text" : ".",
      "whiteSpace" : false
    } ]
  } ],
  "mentions" : [ {
    "id" : "544798240527144__113200145-M0",
    "properties" : {
      "SIRE_MENTION_CLASS" : "SPC",
      "SIRE_ENTITY_CLASS" : "SPC",
      "SIRE_MENTION_ROLE" : "Consumer",
      "SIRE_MENTION_TYPE" : "NONE",
      "SIRE_ENTITY_LEVEL" : "NONE",
      "SIRE_ENTITY_SUBTYPE" : "NONE"
    },
    "type" : "Consumer",
    "begin" : 0,
    "end" : 1,
    "inCoref" : true
  }, {
    "id" : "s0-m3",
    "properties" : {
      "SIRE_MENTION_ROLE" : "Product",
      "SIRE_ENTITY_SUBTYPE" : "NONE",
      "SIRE_MENTION_TYPE" : "NONE",
      "SIRE_MENTION_CLASS" : "SPC"
    },
    "type" : "Product",
    "begin" : 38,
    "end" : 41,
    "inCoref" : true
  }, {
    "id" : "s0-m4",
    "properties" : {
      "SIRE_MENTION_ROLE" : "Product",
      "SIRE_ENTITY_SUBTYPE" : "NONE",
      "SIRE_MENTION_TYPE" : "NONE",
      "SIRE_MENTION_CLASS" : "SPC"
    },
    "type" : "Product",
    "begin" : 52,
    "end" : 59,
    "inCoref" : false
  }, {
    "id" : "544798240527144__113200145-M1",
    "properties" : {
      "SIRE_MENTION_CLASS" : "SPC",
      "SIRE_ENTITY_CLASS" : "SPC",
      "SIRE_MENTION_ROLE" : "Consumer",
      "SIRE_MENTION_TYPE" : "NONE",
      "SIRE_ENTITY_LEVEL" : "NONE",
      "SIRE_ENTITY_SUBTYPE" : "NONE"
    },
    "type" : "Consumer",
    "begin" : 67,
    "end" : 69,
    "inCoref" : true
  }, {
    "id" : "544798240527144__113200145-M2",
    "properties" : {
      "SIRE_MENTION_CLASS" : "SPC",
      "SIRE_ENTITY_CLASS" : "SPC",
      "SIRE_MENTION_ROLE" : "Consumer",
      "SIRE_MENTION_TYPE" : "NONE",
      "SIRE_ENTITY_LEVEL" : "NONE",
      "SIRE_ENTITY_SUBTYPE" : "NONE"
    },
    "type" : "Consumer",
    "begin" : 71,
    "end" : 72,
    "inCoref" : true
  }, {
    "id" : "s1-m2",
    "properties" : {
      "SIRE_MENTION_ROLE" : "Feature",
      "SIRE_ENTITY_SUBTYPE" : "NONE",
      "SIRE_MENTION_TYPE" : "NONE",
      "SIRE_MENTION_CLASS" : "SPC"
    },
    "type" : "Feature",
    "begin" : 101,
    "end" : 106,
    "inCoref" : false
  }, {
    "id" : "s1-m3",
    "properties" : {
      "SIRE_MENTION_ROLE" : "Product",
      "SIRE_ENTITY_SUBTYPE" : "NONE",
      "SIRE_MENTION_TYPE" : "NONE",
      "SIRE_MENTION_CLASS" : "SPC"
    },
    "type" : "Product",
    "begin" : 152,
    "end" : 155,
    "inCoref" : true
  }, {
    "id" : "544798240527144__113200145-M3",
    "properties" : {
      "SIRE_MENTION_CLASS" : "SPC",
      "SIRE_ENTITY_CLASS" : "SPC",
      "SIRE_MENTION_ROLE" : "Consumer",
      "SIRE_MENTION_TYPE" : "NONE",
      "SIRE_ENTITY_LEVEL" : "NONE",
      "SIRE_ENTITY_SUBTYPE" : "NONE"
    },
    "type" : "Consumer",
    "begin" : 184,
    "end" : 185,
    "inCoref" : true
  }, {
    "id" : "s3-m2",
    "properties" : {
      "SIRE_MENTION_ROLE" : "Product",
      "SIRE_ENTITY_SUBTYPE" : "NONE",
      "SIRE_MENTION_TYPE" : "NONE",
      "SIRE_MENTION_CLASS" : "SPC"
    },
    "type" : "Product",
    "begin" : 207,
    "end" : 228,
    "inCoref" : false
  }, {
    "id" : "s3-m5",
    "properties" : {
      "SIRE_MENTION_ROLE" : "Company",
      "SIRE_ENTITY_SUBTYPE" : "NONE",
      "SIRE_MENTION_TYPE" : "NONE",
      "SIRE_MENTION_CLASS" : "SPC"
    },
    "type" : "Company",
    "begin" : 211,
    "end" : 217,
    "inCoref" : false
  }, {
    "id" : "s3-m3",
    "properties" : {
      "SIRE_MENTION_ROLE" : "Product",
      "SIRE_ENTITY_SUBTYPE" : "NONE",
      "SIRE_MENTION_TYPE" : "NONE",
      "SIRE_MENTION_CLASS" : "SPC"
    },
    "type" : "Product",
    "begin" : 234,
    "end" : 237,
    "inCoref" : true
  }, {
    "id" : "s3-m4",
    "properties" : {
      "SIRE_MENTION_ROLE" : "Feature",
      "SIRE_ENTITY_SUBTYPE" : "NONE",
      "SIRE_MENTION_TYPE" : "NONE",
      "SIRE_MENTION_CLASS" : "SPC"
    },
    "type" : "Feature",
    "begin" : 265,
    "end" : 277,
    "inCoref" : false
  }, {
    "id" : "s5-m4",
    "properties" : {
      "SIRE_MENTION_ROLE" : "Product",
      "SIRE_ENTITY_SUBTYPE" : "NONE",
      "SIRE_MENTION_TYPE" : "NONE",
      "SIRE_MENTION_CLASS" : "SPC"
    },
    "type" : "Product",
    "begin" : 308,
    "end" : 310,
    "inCoref" : true
  }, {
    "id" : "s5-m1",
    "properties" : {
      "SIRE_MENTION_ROLE" : "Feature",
      "SIRE_ENTITY_SUBTYPE" : "NONE",
      "SIRE_MENTION_TYPE" : "NONE",
      "SIRE_MENTION_CLASS" : "SPC"
    },
    "type" : "Feature",
    "begin" : 311,
    "end" : 316,
    "inCoref" : false
  }, {
    "id" : "s5-m3",
    "properties" : {
      "SIRE_MENTION_ROLE" : "Descriptor",
      "SIRE_ENTITY_SUBTYPE" : "NONE",
      "SIRE_MENTION_TYPE" : "NONE",
      "SIRE_MENTION_CLASS" : "SPC"
    },
    "type" : "Descriptor",
    "begin" : 317,
    "end" : 323,
    "inCoref" : false
  }, {
    "id" : "s5-m2",
    "properties" : {
      "SIRE_MENTION_ROLE" : "Product",
      "SIRE_ENTITY_SUBTYPE" : "NONE",
      "SIRE_MENTION_TYPE" : "NONE",
      "SIRE_MENTION_CLASS" : "SPC"
    },
    "type" : "Product",
    "begin" : 336,
    "end" : 343,
    "inCoref" : false
  }, {
    "id" : "s6-m1",
    "properties" : {
      "SIRE_MENTION_ROLE" : "Product",
      "SIRE_ENTITY_SUBTYPE" : "NONE",
      "SIRE_MENTION_TYPE" : "NONE",
      "SIRE_MENTION_CLASS" : "SPC"
    },
    "type" : "Product",
    "begin" : 345,
    "end" : 347,
    "inCoref" : true
  }, {
    "id" : "s6-m3",
    "properties" : {
      "SIRE_MENTION_ROLE" : "Descriptor",
      "SIRE_ENTITY_SUBTYPE" : "NONE",
      "SIRE_MENTION_TYPE" : "NONE",
      "SIRE_MENTION_CLASS" : "SPC"
    },
    "type" : "Descriptor",
    "begin" : 358,
    "end" : 364,
    "inCoref" : false
  }, {
    "id" : "s6-m2",
    "properties" : {
      "SIRE_MENTION_ROLE" : "Feature",
      "SIRE_ENTITY_SUBTYPE" : "NONE",
      "SIRE_MENTION_TYPE" : "NONE",
      "SIRE_MENTION_CLASS" : "SPC"
    },
    "type" : "Feature",
    "begin" : 365,
    "end" : 369,
    "inCoref" : false
  }, {
    "id" : "s6-m5",
    "properties" : {
      "SIRE_MENTION_ROLE" : "Descriptor",
      "SIRE_ENTITY_SUBTYPE" : "NONE",
      "SIRE_MENTION_TYPE" : "NONE",
      "SIRE_MENTION_CLASS" : "SPC"
    },
    "type" : "Descriptor",
    "begin" : 381,
    "end" : 391,
    "inCoref" : false
  }, {
    "id" : "s6-m4",
    "properties" : {
      "SIRE_MENTION_ROLE" : "Feature",
      "SIRE_ENTITY_SUBTYPE" : "NONE",
      "SIRE_MENTION_TYPE" : "NONE",
      "SIRE_MENTION_CLASS" : "SPC"
    },
    "type" : "Feature",
    "begin" : 392,
    "end" : 404,
    "inCoref" : false
  }, {
    "id" : "s6-m6",
    "properties" : {
      "SIRE_MENTION_ROLE" : "Feature",
      "SIRE_ENTITY_SUBTYPE" : "NONE",
      "SIRE_MENTION_TYPE" : "NONE",
      "SIRE_MENTION_CLASS" : "SPC"
    },
    "type" : "Feature",
    "begin" : 415,
    "end" : 430,
    "inCoref" : false
  }, {
    "id" : "s7-m1",
    "properties" : {
      "SIRE_MENTION_ROLE" : "Feature",
      "SIRE_ENTITY_SUBTYPE" : "NONE",
      "SIRE_MENTION_TYPE" : "NONE",
      "SIRE_MENTION_CLASS" : "SPC"
    },
    "type" : "Feature",
    "begin" : 456,
    "end" : 467,
    "inCoref" : false
  }, {
    "id" : "s7-m2",
    "properties" : {
      "SIRE_MENTION_ROLE" : "Descriptor",
      "SIRE_ENTITY_SUBTYPE" : "NONE",
      "SIRE_MENTION_TYPE" : "NONE",
      "SIRE_MENTION_CLASS" : "SPC"
    },
    "type" : "Descriptor",
    "begin" : 472,
    "end" : 492,
    "inCoref" : false
  }, {
    "id" : "544798240527144__113200145-M4",
    "properties" : {
      "SIRE_MENTION_CLASS" : "SPC",
      "SIRE_ENTITY_CLASS" : "SPC",
      "SIRE_MENTION_ROLE" : "Consumer",
      "SIRE_MENTION_TYPE" : "NONE",
      "SIRE_ENTITY_LEVEL" : "NONE",
      "SIRE_ENTITY_SUBTYPE" : "NONE"
    },
    "type" : "Consumer",
    "begin" : 517,
    "end" : 518,
    "inCoref" : true
  }, {
    "id" : "s8-m2",
    "properties" : {
      "SIRE_MENTION_ROLE" : "Customer_Service",
      "SIRE_ENTITY_SUBTYPE" : "NONE",
      "SIRE_MENTION_TYPE" : "NONE",
      "SIRE_MENTION_CLASS" : "SPC"
    },
    "type" : "Customer_Service",
    "begin" : 527,
    "end" : 555,
    "inCoref" : false
  }, {
    "id" : "s8-m3",
    "properties" : {
      "SIRE_MENTION_ROLE" : "Company",
      "SIRE_ENTITY_SUBTYPE" : "NONE",
      "SIRE_MENTION_TYPE" : "NONE",
      "SIRE_MENTION_CLASS" : "SPC"
    },
    "type" : "Company",
    "begin" : 527,
    "end" : 538,
    "inCoref" : false
  }, {
    "id" : "s9-m1",
    "properties" : {
      "SIRE_MENTION_ROLE" : "Feature",
      "SIRE_ENTITY_SUBTYPE" : "NONE",
      "SIRE_MENTION_TYPE" : "NONE",
      "SIRE_MENTION_CLASS" : "SPC"
    },
    "type" : "Feature",
    "begin" : 605,
    "end" : 618,
    "inCoref" : false
  }, {
    "id" : "s10-m1",
    "properties" : {
      "SIRE_MENTION_ROLE" : "Product",
      "SIRE_ENTITY_SUBTYPE" : "NONE",
      "SIRE_MENTION_TYPE" : "NONE",
      "SIRE_MENTION_CLASS" : "SPC"
    },
    "type" : "Product",
    "begin" : 632,
    "end" : 635,
    "inCoref" : true
  }, {
    "id" : "s10-m2",
    "properties" : {
      "SIRE_MENTION_ROLE" : "Feature",
      "SIRE_ENTITY_SUBTYPE" : "NONE",
      "SIRE_MENTION_TYPE" : "NONE",
      "SIRE_MENTION_CLASS" : "SPC"
    },
    "type" : "Feature",
    "begin" : 654,
    "end" : 669,
    "inCoref" : false
  }, {
    "id" : "s11-m1",
    "properties" : {
      "SIRE_MENTION_ROLE" : "Feature",
      "SIRE_ENTITY_SUBTYPE" : "NONE",
      "SIRE_MENTION_TYPE" : "NONE",
      "SIRE_MENTION_CLASS" : "SPC"
    },
    "type" : "Feature",
    "begin" : 675,
    "end" : 684,
    "inCoref" : false
  }, {
    "id" : "s11-m2",
    "properties" : {
      "SIRE_MENTION_ROLE" : "Feature",
      "SIRE_ENTITY_SUBTYPE" : "NONE",
      "SIRE_MENTION_TYPE" : "NONE",
      "SIRE_MENTION_CLASS" : "SPC"
    },
    "type" : "Feature",
    "begin" : 690,
    "end" : 700,
    "inCoref" : false
  }, {
    "id" : "s12-m1",
    "properties" : {
      "SIRE_MENTION_ROLE" : "Product",
      "SIRE_ENTITY_SUBTYPE" : "NONE",
      "SIRE_MENTION_TYPE" : "NONE",
      "SIRE_MENTION_CLASS" : "SPC"
    },
    "type" : "Product",
    "begin" : 755,
    "end" : 765,
    "inCoref" : false
  }, {
    "id" : "s12-m3",
    "properties" : {
      "SIRE_MENTION_ROLE" : "Company",
      "SIRE_ENTITY_SUBTYPE" : "NONE",
      "SIRE_MENTION_TYPE" : "NONE",
      "SIRE_MENTION_CLASS" : "SPC"
    },
    "type" : "Company",
    "begin" : 759,
    "end" : 765,
    "inCoref" : false
  }, {
    "id" : "s12-m2",
    "properties" : {
      "SIRE_MENTION_ROLE" : "Product",
      "SIRE_ENTITY_SUBTYPE" : "NONE",
      "SIRE_MENTION_TYPE" : "NONE",
      "SIRE_MENTION_CLASS" : "SPC"
    },
    "type" : "Product",
    "begin" : 777,
    "end" : 799,
    "inCoref" : false
  }, {
    "id" : "s12-m4",
    "properties" : {
      "SIRE_MENTION_ROLE" : "Company",
      "SIRE_ENTITY_SUBTYPE" : "NONE",
      "SIRE_MENTION_TYPE" : "NONE",
      "SIRE_MENTION_CLASS" : "SPC"
    },
    "type" : "Company",
    "begin" : 792,
    "end" : 799,
    "inCoref" : false
  }, {
    "id" : "s13-m1",
    "properties" : {
      "SIRE_MENTION_ROLE" : "Feature",
      "SIRE_ENTITY_SUBTYPE" : "NONE",
      "SIRE_MENTION_TYPE" : "NONE",
      "SIRE_MENTION_CLASS" : "SPC"
    },
    "type" : "Feature",
    "begin" : 836,
    "end" : 846,
    "inCoref" : false
  }, {
    "id" : "s14-m1",
    "properties" : {
      "SIRE_MENTION_ROLE" : "Product",
      "SIRE_ENTITY_SUBTYPE" : "NONE",
      "SIRE_MENTION_TYPE" : "NONE",
      "SIRE_MENTION_CLASS" : "SPC"
    },
    "type" : "Product",
    "begin" : 863,
    "end" : 877,
    "inCoref" : false
  }, {
    "id" : "s14-m2",
    "properties" : {
      "SIRE_MENTION_ROLE" : "Product",
      "SIRE_ENTITY_SUBTYPE" : "NONE",
      "SIRE_MENTION_TYPE" : "NONE",
      "SIRE_MENTION_CLASS" : "SPC"
    },
    "type" : "Product",
    "begin" : 907,
    "end" : 917,
    "inCoref" : true
  }, {
    "id" : "s15-m2",
    "properties" : {
      "SIRE_MENTION_ROLE" : "Product",
      "SIRE_ENTITY_SUBTYPE" : "NONE",
      "SIRE_MENTION_TYPE" : "NONE",
      "SIRE_MENTION_CLASS" : "SPC"
    },
    "type" : "Product",
    "begin" : 940,
    "end" : 942,
    "inCoref" : true
  }, {
    "id" : "544798240527144__113200145-M5",
    "properties" : {
      "SIRE_MENTION_CLASS" : "SPC",
      "SIRE_ENTITY_CLASS" : "SPC",
      "SIRE_MENTION_ROLE" : "Consumer",
      "SIRE_MENTION_TYPE" : "NONE",
      "SIRE_ENTITY_LEVEL" : "NONE",
      "SIRE_ENTITY_SUBTYPE" : "NONE"
    },
    "type" : "Consumer",
    "begin" : 963,
    "end" : 964,
    "inCoref" : true
  }, {
    "id" : "s15-m3",
    "properties" : {
      "SIRE_MENTION_ROLE" : "Product",
      "SIRE_ENTITY_SUBTYPE" : "NONE",
      "SIRE_MENTION_TYPE" : "NONE",
      "SIRE_MENTION_CLASS" : "SPC"
    },
    "type" : "Product",
    "begin" : 975,
    "end" : 977,
    "inCoref" : true
  } ],
  "relations" : [ {
    "id" : "s3-r1",
    "properties" : { },
    "type" : "hasFeature",
    "args" : [ "s3-m3", "s3-m4" ]
  }, {
    "id" : "s3-r2",
    "properties" : { },
    "type" : "madeBy",
    "args" : [ "s3-m2", "s3-m5" ]
  }, {
    "id" : "s5-r1",
    "properties" : { },
    "type" : "hasQuality",
    "args" : [ "s5-m1", "s5-m3" ]
  }, {
    "id" : "s5-r2",
    "properties" : { },
    "type" : "hasFeature",
    "args" : [ "s5-m4", "s5-m1" ]
  }, {
    "id" : "s6-r1",
    "properties" : { },
    "type" : "hasFeature",
    "args" : [ "s6-m1", "s6-m2" ]
  }, {
    "id" : "s6-r2",
    "properties" : { },
    "type" : "hasQuality",
    "args" : [ "s6-m2", "s6-m3" ]
  }, {
    "id" : "s6-r3",
    "properties" : { },
    "type" : "hasFeature",
    "args" : [ "s6-m1", "s6-m4" ]
  }, {
    "id" : "s6-r4",
    "properties" : { },
    "type" : "hasQuality",
    "args" : [ "s6-m4", "s6-m5" ]
  }, {
    "id" : "s6-r5",
    "properties" : { },
    "type" : "hasFeature",
    "args" : [ "s6-m1", "s6-m6" ]
  }, {
    "id" : "s7-r1",
    "properties" : { },
    "type" : "hasQuality",
    "args" : [ "s7-m1", "s7-m2" ]
  }, {
    "id" : "s8-r1",
    "properties" : { },
    "type" : "isAPartOf",
    "args" : [ "s8-m2", "s8-m3" ]
  }, {
    "id" : "s10-r1",
    "properties" : { },
    "type" : "hasFeature",
    "args" : [ "s10-m1", "s10-m2" ]
  }, {
    "id" : "s12-r1",
    "properties" : { },
    "type" : "madeBy",
    "args" : [ "s12-m1", "s12-m3" ]
  }, {
    "id" : "s12-r2",
    "properties" : { },
    "type" : "madeBy",
    "args" : [ "s12-m2", "s12-m4" ]
  } ],
  "corefs" : [ {
    "id" : "c3",
    "properties" : { },
    "mentions" : [ "s14-m2", "s0-m3", "s1-m3", "s3-m3", "s5-m4", "s6-m1", "s10-m1", "s15-m3", "s15-m2" ]
  }, {
    "id" : "c4",
    "properties" : { },
    "mentions" : [ "544798240527144__113200145-M0", "544798240527144__113200145-M2", "544798240527144__113200145-M3", "544798240527144__113200145-M1", "544798240527144__113200145-M4", "544798240527144__113200145-M5" ]
  } ],
  "typeResolved" : true,
  "userResolved" : true
}