{
  "id" : "b9223ee4-fe27-4d77-b915-0c3bca08b2fa-29",
  "modifiedDate" : 1467860348674,
  "name" : "review30.txt",
  "version" : 2,
  "text" : "For my needs these speakers sound absolutely amazing. I am a bit of an audiophile and partially deaf. I am a contractor and decided to build my own jobsite stereo and these did just the trick. The sound out of these little guys is absolutely impressive!! Keep in mind that speakers will always sound different in different vehicles and applications, so your experience will be different than mine. I built wood boxes behind mine to give them the perfect amount of air space and added a 6.5 mid low sub to the rear. Using a high pass filter I killed the bass on these so I could obtain a clear sound at higher volumes. If you know what you are doing and you are lacking space for larger speakers, these are completely amazing and worth every penny! \n\n\n",
  "docLength" : 751,
  "language" : "EN",
  "status" : "SUBMITTED",
  "documentSet" : [ ],
  "sentences" : [ {
    "id" : "s0",
    "begin" : 0,
    "end" : 53,
    "text" : "For my needs these speakers sound absolutely amazing.",
    "tokens" : [ {
      "id" : "s0-t0",
      "begin" : 0,
      "end" : 3,
      "text" : "For",
      "whiteSpace" : false
    }, {
      "id" : "s0-t1",
      "begin" : 4,
      "end" : 6,
      "text" : "my",
      "whiteSpace" : false
    }, {
      "id" : "s0-t2",
      "begin" : 7,
      "end" : 12,
      "text" : "needs",
      "whiteSpace" : false
    }, {
      "id" : "s0-t3",
      "begin" : 13,
      "end" : 18,
      "text" : "these",
      "whiteSpace" : false
    }, {
      "id" : "s0-t4",
      "begin" : 19,
      "end" : 27,
      "text" : "speakers",
      "whiteSpace" : false
    }, {
      "id" : "s0-t5",
      "begin" : 28,
      "end" : 33,
      "text" : "sound",
      "whiteSpace" : false
    }, {
      "id" : "s0-t6",
      "begin" : 34,
      "end" : 44,
      "text" : "absolutely",
      "whiteSpace" : false
    }, {
      "id" : "s0-t7",
      "begin" : 45,
      "end" : 52,
      "text" : "amazing",
      "whiteSpace" : false
    }, {
      "id" : "s0-t8",
      "begin" : 52,
      "end" : 53,
      "text" : ".",
      "whiteSpace" : false
    } ]
  }, {
    "id" : "s1",
    "begin" : 54,
    "end" : 101,
    "text" : "I am a bit of an audiophile and partially deaf.",
    "tokens" : [ {
      "id" : "s1-t0",
      "begin" : 54,
      "end" : 55,
      "text" : "I",
      "whiteSpace" : false
    }, {
      "id" : "s1-t1",
      "begin" : 56,
      "end" : 58,
      "text" : "am",
      "whiteSpace" : false
    }, {
      "id" : "s1-t2",
      "begin" : 59,
      "end" : 60,
      "text" : "a",
      "whiteSpace" : false
    }, {
      "id" : "s1-t3",
      "begin" : 61,
      "end" : 64,
      "text" : "bit",
      "whiteSpace" : false
    }, {
      "id" : "s1-t4",
      "begin" : 65,
      "end" : 67,
      "text" : "of",
      "whiteSpace" : false
    }, {
      "id" : "s1-t5",
      "begin" : 68,
      "end" : 70,
      "text" : "an",
      "whiteSpace" : false
    }, {
      "id" : "s1-t6",
      "begin" : 71,
      "end" : 81,
      "text" : "audiophile",
      "whiteSpace" : false
    }, {
      "id" : "s1-t7",
      "begin" : 82,
      "end" : 85,
      "text" : "and",
      "whiteSpace" : false
    }, {
      "id" : "s1-t8",
      "begin" : 86,
      "end" : 95,
      "text" : "partially",
      "whiteSpace" : false
    }, {
      "id" : "s1-t9",
      "begin" : 96,
      "end" : 100,
      "text" : "deaf",
      "whiteSpace" : false
    }, {
      "id" : "s1-t10",
      "begin" : 100,
      "end" : 101,
      "text" : ".",
      "whiteSpace" : false
    } ]
  }, {
    "id" : "s2",
    "begin" : 102,
    "end" : 192,
    "text" : "I am a contractor and decided to build my own jobsite stereo and these did just the trick.",
    "tokens" : [ {
      "id" : "s2-t0",
      "begin" : 102,
      "end" : 103,
      "text" : "I",
      "whiteSpace" : false
    }, {
      "id" : "s2-t1",
      "begin" : 104,
      "end" : 106,
      "text" : "am",
      "whiteSpace" : false
    }, {
      "id" : "s2-t2",
      "begin" : 107,
      "end" : 108,
      "text" : "a",
      "whiteSpace" : false
    }, {
      "id" : "s2-t3",
      "begin" : 109,
      "end" : 119,
      "text" : "contractor",
      "whiteSpace" : false
    }, {
      "id" : "s2-t4",
      "begin" : 120,
      "end" : 123,
      "text" : "and",
      "whiteSpace" : false
    }, {
      "id" : "s2-t5",
      "begin" : 124,
      "end" : 131,
      "text" : "decided",
      "whiteSpace" : false
    }, {
      "id" : "s2-t6",
      "begin" : 132,
      "end" : 134,
      "text" : "to",
      "whiteSpace" : false
    }, {
      "id" : "s2-t7",
      "begin" : 135,
      "end" : 140,
      "text" : "build",
      "whiteSpace" : false
    }, {
      "id" : "s2-t8",
      "begin" : 141,
      "end" : 143,
      "text" : "my",
      "whiteSpace" : false
    }, {
      "id" : "s2-t9",
      "begin" : 144,
      "end" : 147,
      "text" : "own",
      "whiteSpace" : false
    }, {
      "id" : "s2-t10",
      "begin" : 148,
      "end" : 155,
      "text" : "jobsite",
      "whiteSpace" : false
    }, {
      "id" : "s2-t11",
      "begin" : 156,
      "end" : 162,
      "text" : "stereo",
      "whiteSpace" : false
    }, {
      "id" : "s2-t12",
      "begin" : 163,
      "end" : 166,
      "text" : "and",
      "whiteSpace" : false
    }, {
      "id" : "s2-t13",
      "begin" : 167,
      "end" : 172,
      "text" : "these",
      "whiteSpace" : false
    }, {
      "id" : "s2-t14",
      "begin" : 173,
      "end" : 176,
      "text" : "did",
      "whiteSpace" : false
    }, {
      "id" : "s2-t15",
      "begin" : 177,
      "end" : 181,
      "text" : "just",
      "whiteSpace" : false
    }, {
      "id" : "s2-t16",
      "begin" : 182,
      "end" : 185,
      "text" : "the",
      "whiteSpace" : false
    }, {
      "id" : "s2-t17",
      "begin" : 186,
      "end" : 191,
      "text" : "trick",
      "whiteSpace" : false
    }, {
      "id" : "s2-t18",
      "begin" : 191,
      "end" : 192,
      "text" : ".",
      "whiteSpace" : false
    } ]
  }, {
    "id" : "s3",
    "begin" : 193,
    "end" : 253,
    "text" : "The sound out of these little guys is absolutely impressive!",
    "tokens" : [ {
      "id" : "s3-t0",
      "begin" : 193,
      "end" : 196,
      "text" : "The",
      "whiteSpace" : false
    }, {
      "id" : "s3-t1",
      "begin" : 197,
      "end" : 202,
      "text" : "sound",
      "whiteSpace" : false
    }, {
      "id" : "s3-t2",
      "begin" : 203,
      "end" : 206,
      "text" : "out",
      "whiteSpace" : false
    }, {
      "id" : "s3-t3",
      "begin" : 207,
      "end" : 209,
      "text" : "of",
      "whiteSpace" : false
    }, {
      "id" : "s3-t4",
      "begin" : 210,
      "end" : 215,
      "text" : "these",
      "whiteSpace" : false
    }, {
      "id" : "s3-t5",
      "begin" : 216,
      "end" : 222,
      "text" : "little",
      "whiteSpace" : false
    }, {
      "id" : "s3-t6",
      "begin" : 223,
      "end" : 227,
      "text" : "guys",
      "whiteSpace" : false
    }, {
      "id" : "s3-t7",
      "begin" : 228,
      "end" : 230,
      "text" : "is",
      "whiteSpace" : false
    }, {
      "id" : "s3-t8",
      "begin" : 231,
      "end" : 241,
      "text" : "absolutely",
      "whiteSpace" : false
    }, {
      "id" : "s3-t9",
      "begin" : 242,
      "end" : 252,
      "text" : "impressive",
      "whiteSpace" : false
    }, {
      "id" : "s3-t10",
      "begin" : 252,
      "end" : 253,
      "text" : "!",
      "whiteSpace" : false
    } ]
  }, {
    "id" : "s4",
    "begin" : 253,
    "end" : 397,
    "text" : "! Keep in mind that speakers will always sound different in different vehicles and applications, so your experience will be different than mine.",
    "tokens" : [ {
      "id" : "s4-t0",
      "begin" : 253,
      "end" : 254,
      "text" : "!",
      "whiteSpace" : false
    }, {
      "id" : "s4-t1",
      "begin" : 255,
      "end" : 259,
      "text" : "Keep",
      "whiteSpace" : false
    }, {
      "id" : "s4-t2",
      "begin" : 260,
      "end" : 262,
      "text" : "in",
      "whiteSpace" : false
    }, {
      "id" : "s4-t3",
      "begin" : 263,
      "end" : 267,
      "text" : "mind",
      "whiteSpace" : false
    }, {
      "id" : "s4-t4",
      "begin" : 268,
      "end" : 272,
      "text" : "that",
      "whiteSpace" : false
    }, {
      "id" : "s4-t5",
      "begin" : 273,
      "end" : 281,
      "text" : "speakers",
      "whiteSpace" : false
    }, {
      "id" : "s4-t6",
      "begin" : 282,
      "end" : 286,
      "text" : "will",
      "whiteSpace" : false
    }, {
      "id" : "s4-t7",
      "begin" : 287,
      "end" : 293,
      "text" : "always",
      "whiteSpace" : false
    }, {
      "id" : "s4-t8",
      "begin" : 294,
      "end" : 299,
      "text" : "sound",
      "whiteSpace" : false
    }, {
      "id" : "s4-t9",
      "begin" : 300,
      "end" : 309,
      "text" : "different",
      "whiteSpace" : false
    }, {
      "id" : "s4-t10",
      "begin" : 310,
      "end" : 312,
      "text" : "in",
      "whiteSpace" : false
    }, {
      "id" : "s4-t11",
      "begin" : 313,
      "end" : 322,
      "text" : "different",
      "whiteSpace" : false
    }, {
      "id" : "s4-t12",
      "begin" : 323,
      "end" : 331,
      "text" : "vehicles",
      "whiteSpace" : false
    }, {
      "id" : "s4-t13",
      "begin" : 332,
      "end" : 335,
      "text" : "and",
      "whiteSpace" : false
    }, {
      "id" : "s4-t14",
      "begin" : 336,
      "end" : 348,
      "text" : "applications",
      "whiteSpace" : false
    }, {
      "id" : "s4-t15",
      "begin" : 348,
      "end" : 349,
      "text" : ",",
      "whiteSpace" : false
    }, {
      "id" : "s4-t16",
      "begin" : 350,
      "end" : 352,
      "text" : "so",
      "whiteSpace" : false
    }, {
      "id" : "s4-t17",
      "begin" : 353,
      "end" : 357,
      "text" : "your",
      "whiteSpace" : false
    }, {
      "id" : "s4-t18",
      "begin" : 358,
      "end" : 368,
      "text" : "experience",
      "whiteSpace" : false
    }, {
      "id" : "s4-t19",
      "begin" : 369,
      "end" : 373,
      "text" : "will",
      "whiteSpace" : false
    }, {
      "id" : "s4-t20",
      "begin" : 374,
      "end" : 376,
      "text" : "be",
      "whiteSpace" : false
    }, {
      "id" : "s4-t21",
      "begin" : 377,
      "end" : 386,
      "text" : "different",
      "whiteSpace" : false
    }, {
      "id" : "s4-t22",
      "begin" : 387,
      "end" : 391,
      "text" : "than",
      "whiteSpace" : false
    }, {
      "id" : "s4-t23",
      "begin" : 392,
      "end" : 396,
      "text" : "mine",
      "whiteSpace" : false
    }, {
      "id" : "s4-t24",
      "begin" : 396,
      "end" : 397,
      "text" : ".",
      "whiteSpace" : false
    } ]
  }, {
    "id" : "s5",
    "begin" : 398,
    "end" : 514,
    "text" : "I built wood boxes behind mine to give them the perfect amount of air space and added a 6.5 mid low sub to the rear.",
    "tokens" : [ {
      "id" : "s5-t0",
      "begin" : 398,
      "end" : 399,
      "text" : "I",
      "whiteSpace" : false
    }, {
      "id" : "s5-t1",
      "begin" : 400,
      "end" : 405,
      "text" : "built",
      "whiteSpace" : false
    }, {
      "id" : "s5-t2",
      "begin" : 406,
      "end" : 410,
      "text" : "wood",
      "whiteSpace" : false
    }, {
      "id" : "s5-t3",
      "begin" : 411,
      "end" : 416,
      "text" : "boxes",
      "whiteSpace" : false
    }, {
      "id" : "s5-t4",
      "begin" : 417,
      "end" : 423,
      "text" : "behind",
      "whiteSpace" : false
    }, {
      "id" : "s5-t5",
      "begin" : 424,
      "end" : 428,
      "text" : "mine",
      "whiteSpace" : false
    }, {
      "id" : "s5-t6",
      "begin" : 429,
      "end" : 431,
      "text" : "to",
      "whiteSpace" : false
    }, {
      "id" : "s5-t7",
      "begin" : 432,
      "end" : 436,
      "text" : "give",
      "whiteSpace" : false
    }, {
      "id" : "s5-t8",
      "begin" : 437,
      "end" : 441,
      "text" : "them",
      "whiteSpace" : false
    }, {
      "id" : "s5-t9",
      "begin" : 442,
      "end" : 445,
      "text" : "the",
      "whiteSpace" : false
    }, {
      "id" : "s5-t10",
      "begin" : 446,
      "end" : 453,
      "text" : "perfect",
      "whiteSpace" : false
    }, {
      "id" : "s5-t11",
      "begin" : 454,
      "end" : 460,
      "text" : "amount",
      "whiteSpace" : false
    }, {
      "id" : "s5-t12",
      "begin" : 461,
      "end" : 463,
      "text" : "of",
      "whiteSpace" : false
    }, {
      "id" : "s5-t13",
      "begin" : 464,
      "end" : 467,
      "text" : "air",
      "whiteSpace" : false
    }, {
      "id" : "s5-t14",
      "begin" : 468,
      "end" : 473,
      "text" : "space",
      "whiteSpace" : false
    }, {
      "id" : "s5-t15",
      "begin" : 474,
      "end" : 477,
      "text" : "and",
      "whiteSpace" : false
    }, {
      "id" : "s5-t16",
      "begin" : 478,
      "end" : 483,
      "text" : "added",
      "whiteSpace" : false
    }, {
      "id" : "s5-t17",
      "begin" : 484,
      "end" : 485,
      "text" : "a",
      "whiteSpace" : false
    }, {
      "id" : "s5-t18",
      "begin" : 486,
      "end" : 489,
      "text" : "6.5",
      "whiteSpace" : false
    }, {
      "id" : "s5-t19",
      "begin" : 490,
      "end" : 493,
      "text" : "mid",
      "whiteSpace" : false
    }, {
      "id" : "s5-t20",
      "begin" : 494,
      "end" : 497,
      "text" : "low",
      "whiteSpace" : false
    }, {
      "id" : "s5-t21",
      "begin" : 498,
      "end" : 501,
      "text" : "sub",
      "whiteSpace" : false
    }, {
      "id" : "s5-t22",
      "begin" : 502,
      "end" : 504,
      "text" : "to",
      "whiteSpace" : false
    }, {
      "id" : "s5-t23",
      "begin" : 505,
      "end" : 508,
      "text" : "the",
      "whiteSpace" : false
    }, {
      "id" : "s5-t24",
      "begin" : 509,
      "end" : 513,
      "text" : "rear",
      "whiteSpace" : false
    }, {
      "id" : "s5-t25",
      "begin" : 513,
      "end" : 514,
      "text" : ".",
      "whiteSpace" : false
    } ]
  }, {
    "id" : "s6",
    "begin" : 515,
    "end" : 617,
    "text" : "Using a high pass filter I killed the bass on these so I could obtain a clear sound at higher volumes.",
    "tokens" : [ {
      "id" : "s6-t0",
      "begin" : 515,
      "end" : 520,
      "text" : "Using",
      "whiteSpace" : false
    }, {
      "id" : "s6-t1",
      "begin" : 521,
      "end" : 522,
      "text" : "a",
      "whiteSpace" : false
    }, {
      "id" : "s6-t2",
      "begin" : 523,
      "end" : 527,
      "text" : "high",
      "whiteSpace" : false
    }, {
      "id" : "s6-t3",
      "begin" : 528,
      "end" : 532,
      "text" : "pass",
      "whiteSpace" : false
    }, {
      "id" : "s6-t4",
      "begin" : 533,
      "end" : 539,
      "text" : "filter",
      "whiteSpace" : false
    }, {
      "id" : "s6-t5",
      "begin" : 540,
      "end" : 541,
      "text" : "I",
      "whiteSpace" : false
    }, {
      "id" : "s6-t6",
      "begin" : 542,
      "end" : 548,
      "text" : "killed",
      "whiteSpace" : false
    }, {
      "id" : "s6-t7",
      "begin" : 549,
      "end" : 552,
      "text" : "the",
      "whiteSpace" : false
    }, {
      "id" : "s6-t8",
      "begin" : 553,
      "end" : 557,
      "text" : "bass",
      "whiteSpace" : false
    }, {
      "id" : "s6-t9",
      "begin" : 558,
      "end" : 560,
      "text" : "on",
      "whiteSpace" : false
    }, {
      "id" : "s6-t10",
      "begin" : 561,
      "end" : 566,
      "text" : "these",
      "whiteSpace" : false
    }, {
      "id" : "s6-t11",
      "begin" : 567,
      "end" : 569,
      "text" : "so",
      "whiteSpace" : false
    }, {
      "id" : "s6-t12",
      "begin" : 570,
      "end" : 571,
      "text" : "I",
      "whiteSpace" : false
    }, {
      "id" : "s6-t13",
      "begin" : 572,
      "end" : 577,
      "text" : "could",
      "whiteSpace" : false
    }, {
      "id" : "s6-t14",
      "begin" : 578,
      "end" : 584,
      "text" : "obtain",
      "whiteSpace" : false
    }, {
      "id" : "s6-t15",
      "begin" : 585,
      "end" : 586,
      "text" : "a",
      "whiteSpace" : false
    }, {
      "id" : "s6-t16",
      "begin" : 587,
      "end" : 592,
      "text" : "clear",
      "whiteSpace" : false
    }, {
      "id" : "s6-t17",
      "begin" : 593,
      "end" : 598,
      "text" : "sound",
      "whiteSpace" : false
    }, {
      "id" : "s6-t18",
      "begin" : 599,
      "end" : 601,
      "text" : "at",
      "whiteSpace" : false
    }, {
      "id" : "s6-t19",
      "begin" : 602,
      "end" : 608,
      "text" : "higher",
      "whiteSpace" : false
    }, {
      "id" : "s6-t20",
      "begin" : 609,
      "end" : 616,
      "text" : "volumes",
      "whiteSpace" : false
    }, {
      "id" : "s6-t21",
      "begin" : 616,
      "end" : 617,
      "text" : ".",
      "whiteSpace" : false
    } ]
  }, {
    "id" : "s7",
    "begin" : 618,
    "end" : 747,
    "text" : "If you know what you are doing and you are lacking space for larger speakers, these are completely amazing and worth every penny!",
    "tokens" : [ {
      "id" : "s7-t0",
      "begin" : 618,
      "end" : 620,
      "text" : "If",
      "whiteSpace" : false
    }, {
      "id" : "s7-t1",
      "begin" : 621,
      "end" : 624,
      "text" : "you",
      "whiteSpace" : false
    }, {
      "id" : "s7-t2",
      "begin" : 625,
      "end" : 629,
      "text" : "know",
      "whiteSpace" : false
    }, {
      "id" : "s7-t3",
      "begin" : 630,
      "end" : 634,
      "text" : "what",
      "whiteSpace" : false
    }, {
      "id" : "s7-t4",
      "begin" : 635,
      "end" : 638,
      "text" : "you",
      "whiteSpace" : false
    }, {
      "id" : "s7-t5",
      "begin" : 639,
      "end" : 642,
      "text" : "are",
      "whiteSpace" : false
    }, {
      "id" : "s7-t6",
      "begin" : 643,
      "end" : 648,
      "text" : "doing",
      "whiteSpace" : false
    }, {
      "id" : "s7-t7",
      "begin" : 649,
      "end" : 652,
      "text" : "and",
      "whiteSpace" : false
    }, {
      "id" : "s7-t8",
      "begin" : 653,
      "end" : 656,
      "text" : "you",
      "whiteSpace" : false
    }, {
      "id" : "s7-t9",
      "begin" : 657,
      "end" : 660,
      "text" : "are",
      "whiteSpace" : false
    }, {
      "id" : "s7-t10",
      "begin" : 661,
      "end" : 668,
      "text" : "lacking",
      "whiteSpace" : false
    }, {
      "id" : "s7-t11",
      "begin" : 669,
      "end" : 674,
      "text" : "space",
      "whiteSpace" : false
    }, {
      "id" : "s7-t12",
      "begin" : 675,
      "end" : 678,
      "text" : "for",
      "whiteSpace" : false
    }, {
      "id" : "s7-t13",
      "begin" : 679,
      "end" : 685,
      "text" : "larger",
      "whiteSpace" : false
    }, {
      "id" : "s7-t14",
      "begin" : 686,
      "end" : 694,
      "text" : "speakers",
      "whiteSpace" : false
    }, {
      "id" : "s7-t15",
      "begin" : 694,
      "end" : 695,
      "text" : ",",
      "whiteSpace" : false
    }, {
      "id" : "s7-t16",
      "begin" : 696,
      "end" : 701,
      "text" : "these",
      "whiteSpace" : false
    }, {
      "id" : "s7-t17",
      "begin" : 702,
      "end" : 705,
      "text" : "are",
      "whiteSpace" : false
    }, {
      "id" : "s7-t18",
      "begin" : 706,
      "end" : 716,
      "text" : "completely",
      "whiteSpace" : false
    }, {
      "id" : "s7-t19",
      "begin" : 717,
      "end" : 724,
      "text" : "amazing",
      "whiteSpace" : false
    }, {
      "id" : "s7-t20",
      "begin" : 725,
      "end" : 728,
      "text" : "and",
      "whiteSpace" : false
    }, {
      "id" : "s7-t21",
      "begin" : 729,
      "end" : 734,
      "text" : "worth",
      "whiteSpace" : false
    }, {
      "id" : "s7-t22",
      "begin" : 735,
      "end" : 740,
      "text" : "every",
      "whiteSpace" : false
    }, {
      "id" : "s7-t23",
      "begin" : 741,
      "end" : 746,
      "text" : "penny",
      "whiteSpace" : false
    }, {
      "id" : "s7-t24",
      "begin" : 746,
      "end" : 747,
      "text" : "!",
      "whiteSpace" : false
    } ]
  } ],
  "mentions" : [ {
    "id" : "s0-m1",
    "properties" : {
      "SIRE_MENTION_ROLE" : "Product",
      "SIRE_ENTITY_SUBTYPE" : "NONE",
      "SIRE_MENTION_TYPE" : "NONE",
      "SIRE_MENTION_CLASS" : "SPC"
    },
    "type" : "Product",
    "begin" : 19,
    "end" : 27,
    "inCoref" : true
  }, {
    "id" : "s0-m2",
    "properties" : {
      "SIRE_MENTION_ROLE" : "Feature",
      "SIRE_ENTITY_SUBTYPE" : "NONE",
      "SIRE_MENTION_TYPE" : "NONE",
      "SIRE_MENTION_CLASS" : "SPC"
    },
    "type" : "Feature",
    "begin" : 28,
    "end" : 33,
    "inCoref" : false
  }, {
    "id" : "s0-m3",
    "properties" : {
      "SIRE_MENTION_ROLE" : "Descriptor",
      "SIRE_ENTITY_SUBTYPE" : "NONE",
      "SIRE_MENTION_TYPE" : "NONE",
      "SIRE_MENTION_CLASS" : "SPC"
    },
    "type" : "Descriptor",
    "begin" : 34,
    "end" : 52,
    "inCoref" : false
  }, {
    "id" : "544801121498750__113200145-M0",
    "properties" : {
      "SIRE_MENTION_CLASS" : "SPC",
      "SIRE_ENTITY_CLASS" : "SPC",
      "SIRE_MENTION_ROLE" : "Consumer",
      "SIRE_MENTION_TYPE" : "NONE",
      "SIRE_ENTITY_LEVEL" : "NONE",
      "SIRE_ENTITY_SUBTYPE" : "NONE"
    },
    "type" : "Consumer",
    "begin" : 54,
    "end" : 55,
    "inCoref" : true
  }, {
    "id" : "544801121498750__113200145-M1",
    "properties" : {
      "SIRE_MENTION_CLASS" : "SPC",
      "SIRE_ENTITY_CLASS" : "SPC",
      "SIRE_MENTION_ROLE" : "Consumer",
      "SIRE_MENTION_TYPE" : "NONE",
      "SIRE_ENTITY_LEVEL" : "NONE",
      "SIRE_ENTITY_SUBTYPE" : "NONE"
    },
    "type" : "Consumer",
    "begin" : 102,
    "end" : 103,
    "inCoref" : true
  }, {
    "id" : "s3-m2",
    "properties" : {
      "SIRE_MENTION_ROLE" : "Feature",
      "SIRE_ENTITY_SUBTYPE" : "NONE",
      "SIRE_MENTION_TYPE" : "NONE",
      "SIRE_MENTION_CLASS" : "SPC"
    },
    "type" : "Feature",
    "begin" : 197,
    "end" : 202,
    "inCoref" : false
  }, {
    "id" : "s3-m1",
    "properties" : {
      "SIRE_MENTION_ROLE" : "Product",
      "SIRE_ENTITY_SUBTYPE" : "NONE",
      "SIRE_MENTION_TYPE" : "NONE",
      "SIRE_MENTION_CLASS" : "SPC"
    },
    "type" : "Product",
    "begin" : 216,
    "end" : 227,
    "inCoref" : true
  }, {
    "id" : "s3-m3",
    "properties" : {
      "SIRE_MENTION_ROLE" : "Descriptor",
      "SIRE_ENTITY_SUBTYPE" : "NONE",
      "SIRE_MENTION_TYPE" : "NONE",
      "SIRE_MENTION_CLASS" : "SPC"
    },
    "type" : "Descriptor",
    "begin" : 231,
    "end" : 252,
    "inCoref" : false
  }, {
    "id" : "s4-m1",
    "properties" : {
      "SIRE_MENTION_ROLE" : "Product",
      "SIRE_ENTITY_SUBTYPE" : "NONE",
      "SIRE_MENTION_TYPE" : "NONE",
      "SIRE_MENTION_CLASS" : "SPC"
    },
    "type" : "Product",
    "begin" : 273,
    "end" : 281,
    "inCoref" : true
  }, {
    "id" : "s4-m2",
    "properties" : {
      "SIRE_MENTION_ROLE" : "Feature",
      "SIRE_ENTITY_SUBTYPE" : "NONE",
      "SIRE_MENTION_TYPE" : "NONE",
      "SIRE_MENTION_CLASS" : "SPC"
    },
    "type" : "Feature",
    "begin" : 294,
    "end" : 299,
    "inCoref" : false
  }, {
    "id" : "s4-m3",
    "properties" : {
      "SIRE_MENTION_ROLE" : "Descriptor",
      "SIRE_ENTITY_SUBTYPE" : "NONE",
      "SIRE_MENTION_TYPE" : "NONE",
      "SIRE_MENTION_CLASS" : "SPC"
    },
    "type" : "Descriptor",
    "begin" : 300,
    "end" : 348,
    "inCoref" : false
  }, {
    "id" : "544801121498750__113200145-M2",
    "properties" : {
      "SIRE_MENTION_CLASS" : "SPC",
      "SIRE_ENTITY_CLASS" : "SPC",
      "SIRE_MENTION_ROLE" : "Consumer",
      "SIRE_MENTION_TYPE" : "NONE",
      "SIRE_ENTITY_LEVEL" : "NONE",
      "SIRE_ENTITY_SUBTYPE" : "NONE"
    },
    "type" : "Consumer",
    "begin" : 398,
    "end" : 399,
    "inCoref" : true
  }, {
    "id" : "s5-m2",
    "properties" : {
      "SIRE_MENTION_ROLE" : "Product",
      "SIRE_ENTITY_SUBTYPE" : "NONE",
      "SIRE_MENTION_TYPE" : "NONE",
      "SIRE_MENTION_CLASS" : "SPC"
    },
    "type" : "Product",
    "begin" : 437,
    "end" : 441,
    "inCoref" : true
  }, {
    "id" : "s6-m3",
    "properties" : {
      "SIRE_MENTION_ROLE" : "Product",
      "SIRE_ENTITY_SUBTYPE" : "NONE",
      "SIRE_MENTION_TYPE" : "NONE",
      "SIRE_MENTION_CLASS" : "SPC"
    },
    "type" : "Product",
    "begin" : 523,
    "end" : 539,
    "inCoref" : false
  }, {
    "id" : "544801121498750__113200145-M3",
    "properties" : {
      "SIRE_MENTION_CLASS" : "SPC",
      "SIRE_ENTITY_CLASS" : "SPC",
      "SIRE_MENTION_ROLE" : "Consumer",
      "SIRE_MENTION_TYPE" : "NONE",
      "SIRE_ENTITY_LEVEL" : "NONE",
      "SIRE_ENTITY_SUBTYPE" : "NONE"
    },
    "type" : "Consumer",
    "begin" : 540,
    "end" : 541,
    "inCoref" : true
  }, {
    "id" : "s6-m4",
    "properties" : {
      "SIRE_MENTION_ROLE" : "Feature",
      "SIRE_ENTITY_SUBTYPE" : "NONE",
      "SIRE_MENTION_TYPE" : "NONE",
      "SIRE_MENTION_CLASS" : "SPC"
    },
    "type" : "Feature",
    "begin" : 553,
    "end" : 557,
    "inCoref" : false
  }, {
    "id" : "s6-m8",
    "properties" : {
      "SIRE_MENTION_ROLE" : "Product",
      "SIRE_ENTITY_SUBTYPE" : "NONE",
      "SIRE_MENTION_TYPE" : "NONE",
      "SIRE_MENTION_CLASS" : "SPC"
    },
    "type" : "Product",
    "begin" : 561,
    "end" : 566,
    "inCoref" : true
  }, {
    "id" : "544801121498750__113200145-M4",
    "properties" : {
      "SIRE_MENTION_CLASS" : "SPC",
      "SIRE_ENTITY_CLASS" : "SPC",
      "SIRE_MENTION_ROLE" : "Consumer",
      "SIRE_MENTION_TYPE" : "NONE",
      "SIRE_ENTITY_LEVEL" : "NONE",
      "SIRE_ENTITY_SUBTYPE" : "NONE"
    },
    "type" : "Consumer",
    "begin" : 570,
    "end" : 571,
    "inCoref" : true
  }, {
    "id" : "s6-m6",
    "properties" : {
      "SIRE_MENTION_ROLE" : "Descriptor",
      "SIRE_ENTITY_SUBTYPE" : "NONE",
      "SIRE_MENTION_TYPE" : "NONE",
      "SIRE_MENTION_CLASS" : "SPC"
    },
    "type" : "Descriptor",
    "begin" : 587,
    "end" : 592,
    "inCoref" : false
  }, {
    "id" : "s6-m5",
    "properties" : {
      "SIRE_MENTION_ROLE" : "Feature",
      "SIRE_ENTITY_SUBTYPE" : "NONE",
      "SIRE_MENTION_TYPE" : "NONE",
      "SIRE_MENTION_CLASS" : "SPC"
    },
    "type" : "Feature",
    "begin" : 593,
    "end" : 598,
    "inCoref" : false
  }, {
    "id" : "s6-m7",
    "properties" : {
      "SIRE_MENTION_ROLE" : "Descriptor",
      "SIRE_ENTITY_SUBTYPE" : "NONE",
      "SIRE_MENTION_TYPE" : "NONE",
      "SIRE_MENTION_CLASS" : "SPC"
    },
    "type" : "Descriptor",
    "begin" : 599,
    "end" : 616,
    "inCoref" : false
  }, {
    "id" : "s7-m1",
    "properties" : {
      "SIRE_MENTION_ROLE" : "Product",
      "SIRE_ENTITY_SUBTYPE" : "NONE",
      "SIRE_MENTION_TYPE" : "NONE",
      "SIRE_MENTION_CLASS" : "SPC"
    },
    "type" : "Product",
    "begin" : 679,
    "end" : 694,
    "inCoref" : false
  }, {
    "id" : "s7-m2",
    "properties" : {
      "SIRE_MENTION_ROLE" : "Product",
      "SIRE_ENTITY_SUBTYPE" : "NONE",
      "SIRE_MENTION_TYPE" : "NONE",
      "SIRE_MENTION_CLASS" : "SPC"
    },
    "type" : "Product",
    "begin" : 696,
    "end" : 701,
    "inCoref" : true
  }, {
    "id" : "s7-m3",
    "properties" : {
      "SIRE_MENTION_ROLE" : "Descriptor",
      "SIRE_ENTITY_SUBTYPE" : "NONE",
      "SIRE_MENTION_TYPE" : "NONE",
      "SIRE_MENTION_CLASS" : "SPC"
    },
    "type" : "Descriptor",
    "begin" : 717,
    "end" : 746,
    "inCoref" : false
  } ],
  "relations" : [ {
    "id" : "s0-r1",
    "properties" : { },
    "type" : "hasFeature",
    "args" : [ "s0-m1", "s0-m2" ]
  }, {
    "id" : "s0-r2",
    "properties" : { },
    "type" : "hasQuality",
    "args" : [ "s0-m2", "s0-m3" ]
  }, {
    "id" : "s3-r1",
    "properties" : { },
    "type" : "hasFeature",
    "args" : [ "s3-m1", "s3-m2" ]
  }, {
    "id" : "s3-r2",
    "properties" : { },
    "type" : "hasQuality",
    "args" : [ "s3-m2", "s3-m3" ]
  }, {
    "id" : "s4-r1",
    "properties" : { },
    "type" : "hasFeature",
    "args" : [ "s4-m1", "s4-m2" ]
  }, {
    "id" : "s4-r2",
    "properties" : { },
    "type" : "hasQuality",
    "args" : [ "s4-m2", "s4-m3" ]
  }, {
    "id" : "s6-r1",
    "properties" : { },
    "type" : "hasFeature",
    "args" : [ "s6-m8", "s6-m4" ]
  }, {
    "id" : "s6-r2",
    "properties" : { },
    "type" : "hasQuality",
    "args" : [ "s6-m5", "s6-m6" ]
  }, {
    "id" : "s6-r3",
    "properties" : { },
    "type" : "hasQuality",
    "args" : [ "s6-m5", "s6-m7" ]
  }, {
    "id" : "s7-r1",
    "properties" : { },
    "type" : "hasQuality",
    "args" : [ "s7-m2", "s7-m3" ]
  } ],
  "corefs" : [ {
    "id" : "c1",
    "properties" : { },
    "mentions" : [ "s0-m1", "s3-m1", "s4-m1", "s5-m2", "s6-m8", "s7-m2" ]
  }, {
    "id" : "c2",
    "properties" : { },
    "mentions" : [ "544801121498750__113200145-M0", "544801121498750__113200145-M1", "544801121498750__113200145-M2", "544801121498750__113200145-M3", "544801121498750__113200145-M4" ]
  } ],
  "typeResolved" : true,
  "userResolved" : true
}