{
  "id" : "b9223ee4-fe27-4d77-b915-0c3bca08b2fa-25",
  "modifiedDate" : 1467991969253,
  "name" : "review26.txt",
  "version" : 2,
  "text" : "I bought these in store in Sony's store front in San Diego, CA. I have had Bose OTH headphones for over a decade now. 2 pairs in two different versions. They were good but listening to these and several others in the Sony line in store it's apparent that Sony has seriously upped its game. So here is my review.  Physically the headphones feel sturdy and have good mass. The ear pads are very thick, I tried on every pair of headphones in the store from the $500 Hi Res Audio all the way down and I personally thought these were more comfortable and produced a better sound. The only con as another poster said is they do not include a carry bag, all my Bose have come with carrying cases. Not worth a star reduction but I would like to have had a pouch for them.  Comparing these with my BOSE AE2, these blow my BOSE Over the Ear headphones out of the water. The sound is better, deeper, richer.  The bass response is definitely richer, I felt like with even some of the other Sony models even there was a wall or ceiling with the bass response where if you hit the right frequency it would flatten out. These never did that no matter which album I threw up against them.  For testing I spent an hour and half in the store with my iPod and several albums in FLAC format. I went through various albums, just to name some of the music I sampled on them: Maroon 5 (V), Fireflight (Now), Linkin Park - Living Things, Luke Bryan - My Kind of Party. I had a few playlists I cycled through as I tried on all the headphones in the line. I kept coming back to this pair. I walked out with these and I didnt really need a new pair, but they are just that damn good\n\n",
  "docLength" : 1657,
  "language" : "EN",
  "status" : "SUBMITTED",
  "documentSet" : [ ],
  "sentences" : [ {
    "id" : "s0",
    "begin" : 0,
    "end" : 63,
    "text" : "I bought these in store in Sony's store front in San Diego, CA.",
    "tokens" : [ {
      "id" : "s0-t0",
      "begin" : 0,
      "end" : 1,
      "text" : "I",
      "whiteSpace" : false
    }, {
      "id" : "s0-t1",
      "begin" : 2,
      "end" : 8,
      "text" : "bought",
      "whiteSpace" : false
    }, {
      "id" : "s0-t2",
      "begin" : 9,
      "end" : 14,
      "text" : "these",
      "whiteSpace" : false
    }, {
      "id" : "s0-t3",
      "begin" : 15,
      "end" : 17,
      "text" : "in",
      "whiteSpace" : false
    }, {
      "id" : "s0-t4",
      "begin" : 18,
      "end" : 23,
      "text" : "store",
      "whiteSpace" : false
    }, {
      "id" : "s0-t5",
      "begin" : 24,
      "end" : 26,
      "text" : "in",
      "whiteSpace" : false
    }, {
      "id" : "s0-t6",
      "begin" : 27,
      "end" : 31,
      "text" : "Sony",
      "whiteSpace" : false
    }, {
      "id" : "s0-t7",
      "begin" : 31,
      "end" : 33,
      "text" : "'s",
      "whiteSpace" : false
    }, {
      "id" : "s0-t8",
      "begin" : 34,
      "end" : 39,
      "text" : "store",
      "whiteSpace" : false
    }, {
      "id" : "s0-t9",
      "begin" : 40,
      "end" : 45,
      "text" : "front",
      "whiteSpace" : false
    }, {
      "id" : "s0-t10",
      "begin" : 46,
      "end" : 48,
      "text" : "in",
      "whiteSpace" : false
    }, {
      "id" : "s0-t11",
      "begin" : 49,
      "end" : 52,
      "text" : "San",
      "whiteSpace" : false
    }, {
      "id" : "s0-t12",
      "begin" : 53,
      "end" : 58,
      "text" : "Diego",
      "whiteSpace" : false
    }, {
      "id" : "s0-t13",
      "begin" : 58,
      "end" : 59,
      "text" : ",",
      "whiteSpace" : false
    }, {
      "id" : "s0-t14",
      "begin" : 60,
      "end" : 62,
      "text" : "CA",
      "whiteSpace" : false
    }, {
      "id" : "s0-t15",
      "begin" : 62,
      "end" : 63,
      "text" : ".",
      "whiteSpace" : false
    } ]
  }, {
    "id" : "s1",
    "begin" : 64,
    "end" : 117,
    "text" : "I have had Bose OTH headphones for over a decade now.",
    "tokens" : [ {
      "id" : "s1-t0",
      "begin" : 64,
      "end" : 65,
      "text" : "I",
      "whiteSpace" : false
    }, {
      "id" : "s1-t1",
      "begin" : 66,
      "end" : 70,
      "text" : "have",
      "whiteSpace" : false
    }, {
      "id" : "s1-t2",
      "begin" : 71,
      "end" : 74,
      "text" : "had",
      "whiteSpace" : false
    }, {
      "id" : "s1-t3",
      "begin" : 75,
      "end" : 79,
      "text" : "Bose",
      "whiteSpace" : false
    }, {
      "id" : "s1-t4",
      "begin" : 80,
      "end" : 83,
      "text" : "OTH",
      "whiteSpace" : false
    }, {
      "id" : "s1-t5",
      "begin" : 84,
      "end" : 94,
      "text" : "headphones",
      "whiteSpace" : false
    }, {
      "id" : "s1-t6",
      "begin" : 95,
      "end" : 98,
      "text" : "for",
      "whiteSpace" : false
    }, {
      "id" : "s1-t7",
      "begin" : 99,
      "end" : 103,
      "text" : "over",
      "whiteSpace" : false
    }, {
      "id" : "s1-t8",
      "begin" : 104,
      "end" : 105,
      "text" : "a",
      "whiteSpace" : false
    }, {
      "id" : "s1-t9",
      "begin" : 106,
      "end" : 112,
      "text" : "decade",
      "whiteSpace" : false
    }, {
      "id" : "s1-t10",
      "begin" : 113,
      "end" : 116,
      "text" : "now",
      "whiteSpace" : false
    }, {
      "id" : "s1-t11",
      "begin" : 116,
      "end" : 117,
      "text" : ".",
      "whiteSpace" : false
    } ]
  }, {
    "id" : "s2",
    "begin" : 118,
    "end" : 152,
    "text" : "2 pairs in two different versions.",
    "tokens" : [ {
      "id" : "s2-t0",
      "begin" : 118,
      "end" : 119,
      "text" : "2",
      "whiteSpace" : false
    }, {
      "id" : "s2-t1",
      "begin" : 120,
      "end" : 125,
      "text" : "pairs",
      "whiteSpace" : false
    }, {
      "id" : "s2-t2",
      "begin" : 126,
      "end" : 128,
      "text" : "in",
      "whiteSpace" : false
    }, {
      "id" : "s2-t3",
      "begin" : 129,
      "end" : 132,
      "text" : "two",
      "whiteSpace" : false
    }, {
      "id" : "s2-t4",
      "begin" : 133,
      "end" : 142,
      "text" : "different",
      "whiteSpace" : false
    }, {
      "id" : "s2-t5",
      "begin" : 143,
      "end" : 151,
      "text" : "versions",
      "whiteSpace" : false
    }, {
      "id" : "s2-t6",
      "begin" : 151,
      "end" : 152,
      "text" : ".",
      "whiteSpace" : false
    } ]
  }, {
    "id" : "s3",
    "begin" : 153,
    "end" : 289,
    "text" : "They were good but listening to these and several others in the Sony line in store it's apparent that Sony has seriously upped its game.",
    "tokens" : [ {
      "id" : "s3-t0",
      "begin" : 153,
      "end" : 157,
      "text" : "They",
      "whiteSpace" : false
    }, {
      "id" : "s3-t1",
      "begin" : 158,
      "end" : 162,
      "text" : "were",
      "whiteSpace" : false
    }, {
      "id" : "s3-t2",
      "begin" : 163,
      "end" : 167,
      "text" : "good",
      "whiteSpace" : false
    }, {
      "id" : "s3-t3",
      "begin" : 168,
      "end" : 171,
      "text" : "but",
      "whiteSpace" : false
    }, {
      "id" : "s3-t4",
      "begin" : 172,
      "end" : 181,
      "text" : "listening",
      "whiteSpace" : false
    }, {
      "id" : "s3-t5",
      "begin" : 182,
      "end" : 184,
      "text" : "to",
      "whiteSpace" : false
    }, {
      "id" : "s3-t6",
      "begin" : 185,
      "end" : 190,
      "text" : "these",
      "whiteSpace" : false
    }, {
      "id" : "s3-t7",
      "begin" : 191,
      "end" : 194,
      "text" : "and",
      "whiteSpace" : false
    }, {
      "id" : "s3-t8",
      "begin" : 195,
      "end" : 202,
      "text" : "several",
      "whiteSpace" : false
    }, {
      "id" : "s3-t9",
      "begin" : 203,
      "end" : 209,
      "text" : "others",
      "whiteSpace" : false
    }, {
      "id" : "s3-t10",
      "begin" : 210,
      "end" : 212,
      "text" : "in",
      "whiteSpace" : false
    }, {
      "id" : "s3-t11",
      "begin" : 213,
      "end" : 216,
      "text" : "the",
      "whiteSpace" : false
    }, {
      "id" : "s3-t12",
      "begin" : 217,
      "end" : 221,
      "text" : "Sony",
      "whiteSpace" : false
    }, {
      "id" : "s3-t13",
      "begin" : 222,
      "end" : 226,
      "text" : "line",
      "whiteSpace" : false
    }, {
      "id" : "s3-t14",
      "begin" : 227,
      "end" : 229,
      "text" : "in",
      "whiteSpace" : false
    }, {
      "id" : "s3-t15",
      "begin" : 230,
      "end" : 235,
      "text" : "store",
      "whiteSpace" : false
    }, {
      "id" : "s3-t16",
      "begin" : 236,
      "end" : 238,
      "text" : "it",
      "whiteSpace" : false
    }, {
      "id" : "s3-t17",
      "begin" : 238,
      "end" : 240,
      "text" : "'s",
      "whiteSpace" : false
    }, {
      "id" : "s3-t18",
      "begin" : 241,
      "end" : 249,
      "text" : "apparent",
      "whiteSpace" : false
    }, {
      "id" : "s3-t19",
      "begin" : 250,
      "end" : 254,
      "text" : "that",
      "whiteSpace" : false
    }, {
      "id" : "s3-t20",
      "begin" : 255,
      "end" : 259,
      "text" : "Sony",
      "whiteSpace" : false
    }, {
      "id" : "s3-t21",
      "begin" : 260,
      "end" : 263,
      "text" : "has",
      "whiteSpace" : false
    }, {
      "id" : "s3-t22",
      "begin" : 264,
      "end" : 273,
      "text" : "seriously",
      "whiteSpace" : false
    }, {
      "id" : "s3-t23",
      "begin" : 274,
      "end" : 279,
      "text" : "upped",
      "whiteSpace" : false
    }, {
      "id" : "s3-t24",
      "begin" : 280,
      "end" : 283,
      "text" : "its",
      "whiteSpace" : false
    }, {
      "id" : "s3-t25",
      "begin" : 284,
      "end" : 288,
      "text" : "game",
      "whiteSpace" : false
    }, {
      "id" : "s3-t26",
      "begin" : 288,
      "end" : 289,
      "text" : ".",
      "whiteSpace" : false
    } ]
  }, {
    "id" : "s4",
    "begin" : 290,
    "end" : 311,
    "text" : "So here is my review.",
    "tokens" : [ {
      "id" : "s4-t0",
      "begin" : 290,
      "end" : 292,
      "text" : "So",
      "whiteSpace" : false
    }, {
      "id" : "s4-t1",
      "begin" : 293,
      "end" : 297,
      "text" : "here",
      "whiteSpace" : false
    }, {
      "id" : "s4-t2",
      "begin" : 298,
      "end" : 300,
      "text" : "is",
      "whiteSpace" : false
    }, {
      "id" : "s4-t3",
      "begin" : 301,
      "end" : 303,
      "text" : "my",
      "whiteSpace" : false
    }, {
      "id" : "s4-t4",
      "begin" : 304,
      "end" : 310,
      "text" : "review",
      "whiteSpace" : false
    }, {
      "id" : "s4-t5",
      "begin" : 310,
      "end" : 311,
      "text" : ".",
      "whiteSpace" : false
    } ]
  }, {
    "id" : "s5",
    "begin" : 313,
    "end" : 370,
    "text" : "Physically the headphones feel sturdy and have good mass.",
    "tokens" : [ {
      "id" : "s5-t0",
      "begin" : 313,
      "end" : 323,
      "text" : "Physically",
      "whiteSpace" : false
    }, {
      "id" : "s5-t1",
      "begin" : 324,
      "end" : 327,
      "text" : "the",
      "whiteSpace" : false
    }, {
      "id" : "s5-t2",
      "begin" : 328,
      "end" : 338,
      "text" : "headphones",
      "whiteSpace" : false
    }, {
      "id" : "s5-t3",
      "begin" : 339,
      "end" : 343,
      "text" : "feel",
      "whiteSpace" : false
    }, {
      "id" : "s5-t4",
      "begin" : 344,
      "end" : 350,
      "text" : "sturdy",
      "whiteSpace" : false
    }, {
      "id" : "s5-t5",
      "begin" : 351,
      "end" : 354,
      "text" : "and",
      "whiteSpace" : false
    }, {
      "id" : "s5-t6",
      "begin" : 355,
      "end" : 359,
      "text" : "have",
      "whiteSpace" : false
    }, {
      "id" : "s5-t7",
      "begin" : 360,
      "end" : 364,
      "text" : "good",
      "whiteSpace" : false
    }, {
      "id" : "s5-t8",
      "begin" : 365,
      "end" : 369,
      "text" : "mass",
      "whiteSpace" : false
    }, {
      "id" : "s5-t9",
      "begin" : 369,
      "end" : 370,
      "text" : ".",
      "whiteSpace" : false
    } ]
  }, {
    "id" : "s6",
    "begin" : 371,
    "end" : 574,
    "text" : "The ear pads are very thick, I tried on every pair of headphones in the store from the $500 Hi Res Audio all the way down and I personally thought these were more comfortable and produced a better sound.",
    "tokens" : [ {
      "id" : "s6-t0",
      "begin" : 371,
      "end" : 374,
      "text" : "The",
      "whiteSpace" : false
    }, {
      "id" : "s6-t1",
      "begin" : 375,
      "end" : 378,
      "text" : "ear",
      "whiteSpace" : false
    }, {
      "id" : "s6-t2",
      "begin" : 379,
      "end" : 383,
      "text" : "pads",
      "whiteSpace" : false
    }, {
      "id" : "s6-t3",
      "begin" : 384,
      "end" : 387,
      "text" : "are",
      "whiteSpace" : false
    }, {
      "id" : "s6-t4",
      "begin" : 388,
      "end" : 392,
      "text" : "very",
      "whiteSpace" : false
    }, {
      "id" : "s6-t5",
      "begin" : 393,
      "end" : 398,
      "text" : "thick",
      "whiteSpace" : false
    }, {
      "id" : "s6-t6",
      "begin" : 398,
      "end" : 399,
      "text" : ",",
      "whiteSpace" : false
    }, {
      "id" : "s6-t7",
      "begin" : 400,
      "end" : 401,
      "text" : "I",
      "whiteSpace" : false
    }, {
      "id" : "s6-t8",
      "begin" : 402,
      "end" : 407,
      "text" : "tried",
      "whiteSpace" : false
    }, {
      "id" : "s6-t9",
      "begin" : 408,
      "end" : 410,
      "text" : "on",
      "whiteSpace" : false
    }, {
      "id" : "s6-t10",
      "begin" : 411,
      "end" : 416,
      "text" : "every",
      "whiteSpace" : false
    }, {
      "id" : "s6-t11",
      "begin" : 417,
      "end" : 421,
      "text" : "pair",
      "whiteSpace" : false
    }, {
      "id" : "s6-t12",
      "begin" : 422,
      "end" : 424,
      "text" : "of",
      "whiteSpace" : false
    }, {
      "id" : "s6-t13",
      "begin" : 425,
      "end" : 435,
      "text" : "headphones",
      "whiteSpace" : false
    }, {
      "id" : "s6-t14",
      "begin" : 436,
      "end" : 438,
      "text" : "in",
      "whiteSpace" : false
    }, {
      "id" : "s6-t15",
      "begin" : 439,
      "end" : 442,
      "text" : "the",
      "whiteSpace" : false
    }, {
      "id" : "s6-t16",
      "begin" : 443,
      "end" : 448,
      "text" : "store",
      "whiteSpace" : false
    }, {
      "id" : "s6-t17",
      "begin" : 449,
      "end" : 453,
      "text" : "from",
      "whiteSpace" : false
    }, {
      "id" : "s6-t18",
      "begin" : 454,
      "end" : 457,
      "text" : "the",
      "whiteSpace" : false
    }, {
      "id" : "s6-t19",
      "begin" : 458,
      "end" : 459,
      "text" : "$",
      "whiteSpace" : false
    }, {
      "id" : "s6-t20",
      "begin" : 459,
      "end" : 462,
      "text" : "500",
      "whiteSpace" : false
    }, {
      "id" : "s6-t21",
      "begin" : 463,
      "end" : 465,
      "text" : "Hi",
      "whiteSpace" : false
    }, {
      "id" : "s6-t22",
      "begin" : 466,
      "end" : 469,
      "text" : "Res",
      "whiteSpace" : false
    }, {
      "id" : "s6-t23",
      "begin" : 470,
      "end" : 475,
      "text" : "Audio",
      "whiteSpace" : false
    }, {
      "id" : "s6-t24",
      "begin" : 476,
      "end" : 479,
      "text" : "all",
      "whiteSpace" : false
    }, {
      "id" : "s6-t25",
      "begin" : 480,
      "end" : 483,
      "text" : "the",
      "whiteSpace" : false
    }, {
      "id" : "s6-t26",
      "begin" : 484,
      "end" : 487,
      "text" : "way",
      "whiteSpace" : false
    }, {
      "id" : "s6-t27",
      "begin" : 488,
      "end" : 492,
      "text" : "down",
      "whiteSpace" : false
    }, {
      "id" : "s6-t28",
      "begin" : 493,
      "end" : 496,
      "text" : "and",
      "whiteSpace" : false
    }, {
      "id" : "s6-t29",
      "begin" : 497,
      "end" : 498,
      "text" : "I",
      "whiteSpace" : false
    }, {
      "id" : "s6-t30",
      "begin" : 499,
      "end" : 509,
      "text" : "personally",
      "whiteSpace" : false
    }, {
      "id" : "s6-t31",
      "begin" : 510,
      "end" : 517,
      "text" : "thought",
      "whiteSpace" : false
    }, {
      "id" : "s6-t32",
      "begin" : 518,
      "end" : 523,
      "text" : "these",
      "whiteSpace" : false
    }, {
      "id" : "s6-t33",
      "begin" : 524,
      "end" : 528,
      "text" : "were",
      "whiteSpace" : false
    }, {
      "id" : "s6-t34",
      "begin" : 529,
      "end" : 533,
      "text" : "more",
      "whiteSpace" : false
    }, {
      "id" : "s6-t35",
      "begin" : 534,
      "end" : 545,
      "text" : "comfortable",
      "whiteSpace" : false
    }, {
      "id" : "s6-t36",
      "begin" : 546,
      "end" : 549,
      "text" : "and",
      "whiteSpace" : false
    }, {
      "id" : "s6-t37",
      "begin" : 550,
      "end" : 558,
      "text" : "produced",
      "whiteSpace" : false
    }, {
      "id" : "s6-t38",
      "begin" : 559,
      "end" : 560,
      "text" : "a",
      "whiteSpace" : false
    }, {
      "id" : "s6-t39",
      "begin" : 561,
      "end" : 567,
      "text" : "better",
      "whiteSpace" : false
    }, {
      "id" : "s6-t40",
      "begin" : 568,
      "end" : 573,
      "text" : "sound",
      "whiteSpace" : false
    }, {
      "id" : "s6-t41",
      "begin" : 573,
      "end" : 574,
      "text" : ".",
      "whiteSpace" : false
    } ]
  }, {
    "id" : "s7",
    "begin" : 575,
    "end" : 689,
    "text" : "The only con as another poster said is they do not include a carry bag, all my Bose have come with carrying cases.",
    "tokens" : [ {
      "id" : "s7-t0",
      "begin" : 575,
      "end" : 578,
      "text" : "The",
      "whiteSpace" : false
    }, {
      "id" : "s7-t1",
      "begin" : 579,
      "end" : 583,
      "text" : "only",
      "whiteSpace" : false
    }, {
      "id" : "s7-t2",
      "begin" : 584,
      "end" : 587,
      "text" : "con",
      "whiteSpace" : false
    }, {
      "id" : "s7-t3",
      "begin" : 588,
      "end" : 590,
      "text" : "as",
      "whiteSpace" : false
    }, {
      "id" : "s7-t4",
      "begin" : 591,
      "end" : 598,
      "text" : "another",
      "whiteSpace" : false
    }, {
      "id" : "s7-t5",
      "begin" : 599,
      "end" : 605,
      "text" : "poster",
      "whiteSpace" : false
    }, {
      "id" : "s7-t6",
      "begin" : 606,
      "end" : 610,
      "text" : "said",
      "whiteSpace" : false
    }, {
      "id" : "s7-t7",
      "begin" : 611,
      "end" : 613,
      "text" : "is",
      "whiteSpace" : false
    }, {
      "id" : "s7-t8",
      "begin" : 614,
      "end" : 618,
      "text" : "they",
      "whiteSpace" : false
    }, {
      "id" : "s7-t9",
      "begin" : 619,
      "end" : 621,
      "text" : "do",
      "whiteSpace" : false
    }, {
      "id" : "s7-t10",
      "begin" : 622,
      "end" : 625,
      "text" : "not",
      "whiteSpace" : false
    }, {
      "id" : "s7-t11",
      "begin" : 626,
      "end" : 633,
      "text" : "include",
      "whiteSpace" : false
    }, {
      "id" : "s7-t12",
      "begin" : 634,
      "end" : 635,
      "text" : "a",
      "whiteSpace" : false
    }, {
      "id" : "s7-t13",
      "begin" : 636,
      "end" : 641,
      "text" : "carry",
      "whiteSpace" : false
    }, {
      "id" : "s7-t14",
      "begin" : 642,
      "end" : 645,
      "text" : "bag",
      "whiteSpace" : false
    }, {
      "id" : "s7-t15",
      "begin" : 645,
      "end" : 646,
      "text" : ",",
      "whiteSpace" : false
    }, {
      "id" : "s7-t16",
      "begin" : 647,
      "end" : 650,
      "text" : "all",
      "whiteSpace" : false
    }, {
      "id" : "s7-t17",
      "begin" : 651,
      "end" : 653,
      "text" : "my",
      "whiteSpace" : false
    }, {
      "id" : "s7-t18",
      "begin" : 654,
      "end" : 658,
      "text" : "Bose",
      "whiteSpace" : false
    }, {
      "id" : "s7-t19",
      "begin" : 659,
      "end" : 663,
      "text" : "have",
      "whiteSpace" : false
    }, {
      "id" : "s7-t20",
      "begin" : 664,
      "end" : 668,
      "text" : "come",
      "whiteSpace" : false
    }, {
      "id" : "s7-t21",
      "begin" : 669,
      "end" : 673,
      "text" : "with",
      "whiteSpace" : false
    }, {
      "id" : "s7-t22",
      "begin" : 674,
      "end" : 682,
      "text" : "carrying",
      "whiteSpace" : false
    }, {
      "id" : "s7-t23",
      "begin" : 683,
      "end" : 688,
      "text" : "cases",
      "whiteSpace" : false
    }, {
      "id" : "s7-t24",
      "begin" : 688,
      "end" : 689,
      "text" : ".",
      "whiteSpace" : false
    } ]
  }, {
    "id" : "s8",
    "begin" : 690,
    "end" : 763,
    "text" : "Not worth a star reduction but I would like to have had a pouch for them.",
    "tokens" : [ {
      "id" : "s8-t0",
      "begin" : 690,
      "end" : 693,
      "text" : "Not",
      "whiteSpace" : false
    }, {
      "id" : "s8-t1",
      "begin" : 694,
      "end" : 699,
      "text" : "worth",
      "whiteSpace" : false
    }, {
      "id" : "s8-t2",
      "begin" : 700,
      "end" : 701,
      "text" : "a",
      "whiteSpace" : false
    }, {
      "id" : "s8-t3",
      "begin" : 702,
      "end" : 706,
      "text" : "star",
      "whiteSpace" : false
    }, {
      "id" : "s8-t4",
      "begin" : 707,
      "end" : 716,
      "text" : "reduction",
      "whiteSpace" : false
    }, {
      "id" : "s8-t5",
      "begin" : 717,
      "end" : 720,
      "text" : "but",
      "whiteSpace" : false
    }, {
      "id" : "s8-t6",
      "begin" : 721,
      "end" : 722,
      "text" : "I",
      "whiteSpace" : false
    }, {
      "id" : "s8-t7",
      "begin" : 723,
      "end" : 728,
      "text" : "would",
      "whiteSpace" : false
    }, {
      "id" : "s8-t8",
      "begin" : 729,
      "end" : 733,
      "text" : "like",
      "whiteSpace" : false
    }, {
      "id" : "s8-t9",
      "begin" : 734,
      "end" : 736,
      "text" : "to",
      "whiteSpace" : false
    }, {
      "id" : "s8-t10",
      "begin" : 737,
      "end" : 741,
      "text" : "have",
      "whiteSpace" : false
    }, {
      "id" : "s8-t11",
      "begin" : 742,
      "end" : 745,
      "text" : "had",
      "whiteSpace" : false
    }, {
      "id" : "s8-t12",
      "begin" : 746,
      "end" : 747,
      "text" : "a",
      "whiteSpace" : false
    }, {
      "id" : "s8-t13",
      "begin" : 748,
      "end" : 753,
      "text" : "pouch",
      "whiteSpace" : false
    }, {
      "id" : "s8-t14",
      "begin" : 754,
      "end" : 757,
      "text" : "for",
      "whiteSpace" : false
    }, {
      "id" : "s8-t15",
      "begin" : 758,
      "end" : 762,
      "text" : "them",
      "whiteSpace" : false
    }, {
      "id" : "s8-t16",
      "begin" : 762,
      "end" : 763,
      "text" : ".",
      "whiteSpace" : false
    } ]
  }, {
    "id" : "s9",
    "begin" : 765,
    "end" : 859,
    "text" : "Comparing these with my BOSE AE2, these blow my BOSE Over the Ear headphones out of the water.",
    "tokens" : [ {
      "id" : "s9-t0",
      "begin" : 765,
      "end" : 774,
      "text" : "Comparing",
      "whiteSpace" : false
    }, {
      "id" : "s9-t1",
      "begin" : 775,
      "end" : 780,
      "text" : "these",
      "whiteSpace" : false
    }, {
      "id" : "s9-t2",
      "begin" : 781,
      "end" : 785,
      "text" : "with",
      "whiteSpace" : false
    }, {
      "id" : "s9-t3",
      "begin" : 786,
      "end" : 788,
      "text" : "my",
      "whiteSpace" : false
    }, {
      "id" : "s9-t4",
      "begin" : 789,
      "end" : 793,
      "text" : "BOSE",
      "whiteSpace" : false
    }, {
      "id" : "s9-t5",
      "begin" : 794,
      "end" : 797,
      "text" : "AE2",
      "whiteSpace" : false
    }, {
      "id" : "s9-t6",
      "begin" : 797,
      "end" : 798,
      "text" : ",",
      "whiteSpace" : false
    }, {
      "id" : "s9-t7",
      "begin" : 799,
      "end" : 804,
      "text" : "these",
      "whiteSpace" : false
    }, {
      "id" : "s9-t8",
      "begin" : 805,
      "end" : 809,
      "text" : "blow",
      "whiteSpace" : false
    }, {
      "id" : "s9-t9",
      "begin" : 810,
      "end" : 812,
      "text" : "my",
      "whiteSpace" : false
    }, {
      "id" : "s9-t10",
      "begin" : 813,
      "end" : 817,
      "text" : "BOSE",
      "whiteSpace" : false
    }, {
      "id" : "s9-t11",
      "begin" : 818,
      "end" : 822,
      "text" : "Over",
      "whiteSpace" : false
    }, {
      "id" : "s9-t12",
      "begin" : 823,
      "end" : 826,
      "text" : "the",
      "whiteSpace" : false
    }, {
      "id" : "s9-t13",
      "begin" : 827,
      "end" : 830,
      "text" : "Ear",
      "whiteSpace" : false
    }, {
      "id" : "s9-t14",
      "begin" : 831,
      "end" : 841,
      "text" : "headphones",
      "whiteSpace" : false
    }, {
      "id" : "s9-t15",
      "begin" : 842,
      "end" : 845,
      "text" : "out",
      "whiteSpace" : false
    }, {
      "id" : "s9-t16",
      "begin" : 846,
      "end" : 848,
      "text" : "of",
      "whiteSpace" : false
    }, {
      "id" : "s9-t17",
      "begin" : 849,
      "end" : 852,
      "text" : "the",
      "whiteSpace" : false
    }, {
      "id" : "s9-t18",
      "begin" : 853,
      "end" : 858,
      "text" : "water",
      "whiteSpace" : false
    }, {
      "id" : "s9-t19",
      "begin" : 858,
      "end" : 859,
      "text" : ".",
      "whiteSpace" : false
    } ]
  }, {
    "id" : "s10",
    "begin" : 860,
    "end" : 896,
    "text" : "The sound is better, deeper, richer.",
    "tokens" : [ {
      "id" : "s10-t0",
      "begin" : 860,
      "end" : 863,
      "text" : "The",
      "whiteSpace" : false
    }, {
      "id" : "s10-t1",
      "begin" : 864,
      "end" : 869,
      "text" : "sound",
      "whiteSpace" : false
    }, {
      "id" : "s10-t2",
      "begin" : 870,
      "end" : 872,
      "text" : "is",
      "whiteSpace" : false
    }, {
      "id" : "s10-t3",
      "begin" : 873,
      "end" : 879,
      "text" : "better",
      "whiteSpace" : false
    }, {
      "id" : "s10-t4",
      "begin" : 879,
      "end" : 880,
      "text" : ",",
      "whiteSpace" : false
    }, {
      "id" : "s10-t5",
      "begin" : 881,
      "end" : 887,
      "text" : "deeper",
      "whiteSpace" : false
    }, {
      "id" : "s10-t6",
      "begin" : 887,
      "end" : 888,
      "text" : ",",
      "whiteSpace" : false
    }, {
      "id" : "s10-t7",
      "begin" : 889,
      "end" : 895,
      "text" : "richer",
      "whiteSpace" : false
    }, {
      "id" : "s10-t8",
      "begin" : 895,
      "end" : 896,
      "text" : ".",
      "whiteSpace" : false
    } ]
  }, {
    "id" : "s11",
    "begin" : 898,
    "end" : 1104,
    "text" : "The bass response is definitely richer, I felt like with even some of the other Sony models even there was a wall or ceiling with the bass response where if you hit the right frequency it would flatten out.",
    "tokens" : [ {
      "id" : "s11-t0",
      "begin" : 898,
      "end" : 901,
      "text" : "The",
      "whiteSpace" : false
    }, {
      "id" : "s11-t1",
      "begin" : 902,
      "end" : 906,
      "text" : "bass",
      "whiteSpace" : false
    }, {
      "id" : "s11-t2",
      "begin" : 907,
      "end" : 915,
      "text" : "response",
      "whiteSpace" : false
    }, {
      "id" : "s11-t3",
      "begin" : 916,
      "end" : 918,
      "text" : "is",
      "whiteSpace" : false
    }, {
      "id" : "s11-t4",
      "begin" : 919,
      "end" : 929,
      "text" : "definitely",
      "whiteSpace" : false
    }, {
      "id" : "s11-t5",
      "begin" : 930,
      "end" : 936,
      "text" : "richer",
      "whiteSpace" : false
    }, {
      "id" : "s11-t6",
      "begin" : 936,
      "end" : 937,
      "text" : ",",
      "whiteSpace" : false
    }, {
      "id" : "s11-t7",
      "begin" : 938,
      "end" : 939,
      "text" : "I",
      "whiteSpace" : false
    }, {
      "id" : "s11-t8",
      "begin" : 940,
      "end" : 944,
      "text" : "felt",
      "whiteSpace" : false
    }, {
      "id" : "s11-t9",
      "begin" : 945,
      "end" : 949,
      "text" : "like",
      "whiteSpace" : false
    }, {
      "id" : "s11-t10",
      "begin" : 950,
      "end" : 954,
      "text" : "with",
      "whiteSpace" : false
    }, {
      "id" : "s11-t11",
      "begin" : 955,
      "end" : 959,
      "text" : "even",
      "whiteSpace" : false
    }, {
      "id" : "s11-t12",
      "begin" : 960,
      "end" : 964,
      "text" : "some",
      "whiteSpace" : false
    }, {
      "id" : "s11-t13",
      "begin" : 965,
      "end" : 967,
      "text" : "of",
      "whiteSpace" : false
    }, {
      "id" : "s11-t14",
      "begin" : 968,
      "end" : 971,
      "text" : "the",
      "whiteSpace" : false
    }, {
      "id" : "s11-t15",
      "begin" : 972,
      "end" : 977,
      "text" : "other",
      "whiteSpace" : false
    }, {
      "id" : "s11-t16",
      "begin" : 978,
      "end" : 982,
      "text" : "Sony",
      "whiteSpace" : false
    }, {
      "id" : "s11-t17",
      "begin" : 983,
      "end" : 989,
      "text" : "models",
      "whiteSpace" : false
    }, {
      "id" : "s11-t18",
      "begin" : 990,
      "end" : 994,
      "text" : "even",
      "whiteSpace" : false
    }, {
      "id" : "s11-t19",
      "begin" : 995,
      "end" : 1000,
      "text" : "there",
      "whiteSpace" : false
    }, {
      "id" : "s11-t20",
      "begin" : 1001,
      "end" : 1004,
      "text" : "was",
      "whiteSpace" : false
    }, {
      "id" : "s11-t21",
      "begin" : 1005,
      "end" : 1006,
      "text" : "a",
      "whiteSpace" : false
    }, {
      "id" : "s11-t22",
      "begin" : 1007,
      "end" : 1011,
      "text" : "wall",
      "whiteSpace" : false
    }, {
      "id" : "s11-t23",
      "begin" : 1012,
      "end" : 1014,
      "text" : "or",
      "whiteSpace" : false
    }, {
      "id" : "s11-t24",
      "begin" : 1015,
      "end" : 1022,
      "text" : "ceiling",
      "whiteSpace" : false
    }, {
      "id" : "s11-t25",
      "begin" : 1023,
      "end" : 1027,
      "text" : "with",
      "whiteSpace" : false
    }, {
      "id" : "s11-t26",
      "begin" : 1028,
      "end" : 1031,
      "text" : "the",
      "whiteSpace" : false
    }, {
      "id" : "s11-t27",
      "begin" : 1032,
      "end" : 1036,
      "text" : "bass",
      "whiteSpace" : false
    }, {
      "id" : "s11-t28",
      "begin" : 1037,
      "end" : 1045,
      "text" : "response",
      "whiteSpace" : false
    }, {
      "id" : "s11-t29",
      "begin" : 1046,
      "end" : 1051,
      "text" : "where",
      "whiteSpace" : false
    }, {
      "id" : "s11-t30",
      "begin" : 1052,
      "end" : 1054,
      "text" : "if",
      "whiteSpace" : false
    }, {
      "id" : "s11-t31",
      "begin" : 1055,
      "end" : 1058,
      "text" : "you",
      "whiteSpace" : false
    }, {
      "id" : "s11-t32",
      "begin" : 1059,
      "end" : 1062,
      "text" : "hit",
      "whiteSpace" : false
    }, {
      "id" : "s11-t33",
      "begin" : 1063,
      "end" : 1066,
      "text" : "the",
      "whiteSpace" : false
    }, {
      "id" : "s11-t34",
      "begin" : 1067,
      "end" : 1072,
      "text" : "right",
      "whiteSpace" : false
    }, {
      "id" : "s11-t35",
      "begin" : 1073,
      "end" : 1082,
      "text" : "frequency",
      "whiteSpace" : false
    }, {
      "id" : "s11-t36",
      "begin" : 1083,
      "end" : 1085,
      "text" : "it",
      "whiteSpace" : false
    }, {
      "id" : "s11-t37",
      "begin" : 1086,
      "end" : 1091,
      "text" : "would",
      "whiteSpace" : false
    }, {
      "id" : "s11-t38",
      "begin" : 1092,
      "end" : 1099,
      "text" : "flatten",
      "whiteSpace" : false
    }, {
      "id" : "s11-t39",
      "begin" : 1100,
      "end" : 1103,
      "text" : "out",
      "whiteSpace" : false
    }, {
      "id" : "s11-t40",
      "begin" : 1103,
      "end" : 1104,
      "text" : ".",
      "whiteSpace" : false
    } ]
  }, {
    "id" : "s12",
    "begin" : 1105,
    "end" : 1172,
    "text" : "These never did that no matter which album I threw up against them.",
    "tokens" : [ {
      "id" : "s12-t0",
      "begin" : 1105,
      "end" : 1110,
      "text" : "These",
      "whiteSpace" : false
    }, {
      "id" : "s12-t1",
      "begin" : 1111,
      "end" : 1116,
      "text" : "never",
      "whiteSpace" : false
    }, {
      "id" : "s12-t2",
      "begin" : 1117,
      "end" : 1120,
      "text" : "did",
      "whiteSpace" : false
    }, {
      "id" : "s12-t3",
      "begin" : 1121,
      "end" : 1125,
      "text" : "that",
      "whiteSpace" : false
    }, {
      "id" : "s12-t4",
      "begin" : 1126,
      "end" : 1128,
      "text" : "no",
      "whiteSpace" : false
    }, {
      "id" : "s12-t5",
      "begin" : 1129,
      "end" : 1135,
      "text" : "matter",
      "whiteSpace" : false
    }, {
      "id" : "s12-t6",
      "begin" : 1136,
      "end" : 1141,
      "text" : "which",
      "whiteSpace" : false
    }, {
      "id" : "s12-t7",
      "begin" : 1142,
      "end" : 1147,
      "text" : "album",
      "whiteSpace" : false
    }, {
      "id" : "s12-t8",
      "begin" : 1148,
      "end" : 1149,
      "text" : "I",
      "whiteSpace" : false
    }, {
      "id" : "s12-t9",
      "begin" : 1150,
      "end" : 1155,
      "text" : "threw",
      "whiteSpace" : false
    }, {
      "id" : "s12-t10",
      "begin" : 1156,
      "end" : 1158,
      "text" : "up",
      "whiteSpace" : false
    }, {
      "id" : "s12-t11",
      "begin" : 1159,
      "end" : 1166,
      "text" : "against",
      "whiteSpace" : false
    }, {
      "id" : "s12-t12",
      "begin" : 1167,
      "end" : 1171,
      "text" : "them",
      "whiteSpace" : false
    }, {
      "id" : "s12-t13",
      "begin" : 1171,
      "end" : 1172,
      "text" : ".",
      "whiteSpace" : false
    } ]
  }, {
    "id" : "s13",
    "begin" : 1174,
    "end" : 1271,
    "text" : "For testing I spent an hour and half in the store with my iPod and several albums in FLAC format.",
    "tokens" : [ {
      "id" : "s13-t0",
      "begin" : 1174,
      "end" : 1177,
      "text" : "For",
      "whiteSpace" : false
    }, {
      "id" : "s13-t1",
      "begin" : 1178,
      "end" : 1185,
      "text" : "testing",
      "whiteSpace" : false
    }, {
      "id" : "s13-t2",
      "begin" : 1186,
      "end" : 1187,
      "text" : "I",
      "whiteSpace" : false
    }, {
      "id" : "s13-t3",
      "begin" : 1188,
      "end" : 1193,
      "text" : "spent",
      "whiteSpace" : false
    }, {
      "id" : "s13-t4",
      "begin" : 1194,
      "end" : 1196,
      "text" : "an",
      "whiteSpace" : false
    }, {
      "id" : "s13-t5",
      "begin" : 1197,
      "end" : 1201,
      "text" : "hour",
      "whiteSpace" : false
    }, {
      "id" : "s13-t6",
      "begin" : 1202,
      "end" : 1205,
      "text" : "and",
      "whiteSpace" : false
    }, {
      "id" : "s13-t7",
      "begin" : 1206,
      "end" : 1210,
      "text" : "half",
      "whiteSpace" : false
    }, {
      "id" : "s13-t8",
      "begin" : 1211,
      "end" : 1213,
      "text" : "in",
      "whiteSpace" : false
    }, {
      "id" : "s13-t9",
      "begin" : 1214,
      "end" : 1217,
      "text" : "the",
      "whiteSpace" : false
    }, {
      "id" : "s13-t10",
      "begin" : 1218,
      "end" : 1223,
      "text" : "store",
      "whiteSpace" : false
    }, {
      "id" : "s13-t11",
      "begin" : 1224,
      "end" : 1228,
      "text" : "with",
      "whiteSpace" : false
    }, {
      "id" : "s13-t12",
      "begin" : 1229,
      "end" : 1231,
      "text" : "my",
      "whiteSpace" : false
    }, {
      "id" : "s13-t13",
      "begin" : 1232,
      "end" : 1236,
      "text" : "iPod",
      "whiteSpace" : false
    }, {
      "id" : "s13-t14",
      "begin" : 1237,
      "end" : 1240,
      "text" : "and",
      "whiteSpace" : false
    }, {
      "id" : "s13-t15",
      "begin" : 1241,
      "end" : 1248,
      "text" : "several",
      "whiteSpace" : false
    }, {
      "id" : "s13-t16",
      "begin" : 1249,
      "end" : 1255,
      "text" : "albums",
      "whiteSpace" : false
    }, {
      "id" : "s13-t17",
      "begin" : 1256,
      "end" : 1258,
      "text" : "in",
      "whiteSpace" : false
    }, {
      "id" : "s13-t18",
      "begin" : 1259,
      "end" : 1263,
      "text" : "FLAC",
      "whiteSpace" : false
    }, {
      "id" : "s13-t19",
      "begin" : 1264,
      "end" : 1270,
      "text" : "format",
      "whiteSpace" : false
    }, {
      "id" : "s13-t20",
      "begin" : 1270,
      "end" : 1271,
      "text" : ".",
      "whiteSpace" : false
    } ]
  }, {
    "id" : "s14",
    "begin" : 1272,
    "end" : 1444,
    "text" : "I went through various albums, just to name some of the music I sampled on them: Maroon 5 (V), Fireflight (Now), Linkin Park - Living Things, Luke Bryan - My Kind of Party.",
    "tokens" : [ {
      "id" : "s14-t0",
      "begin" : 1272,
      "end" : 1273,
      "text" : "I",
      "whiteSpace" : false
    }, {
      "id" : "s14-t1",
      "begin" : 1274,
      "end" : 1278,
      "text" : "went",
      "whiteSpace" : false
    }, {
      "id" : "s14-t2",
      "begin" : 1279,
      "end" : 1286,
      "text" : "through",
      "whiteSpace" : false
    }, {
      "id" : "s14-t3",
      "begin" : 1287,
      "end" : 1294,
      "text" : "various",
      "whiteSpace" : false
    }, {
      "id" : "s14-t4",
      "begin" : 1295,
      "end" : 1301,
      "text" : "albums",
      "whiteSpace" : false
    }, {
      "id" : "s14-t5",
      "begin" : 1301,
      "end" : 1302,
      "text" : ",",
      "whiteSpace" : false
    }, {
      "id" : "s14-t6",
      "begin" : 1303,
      "end" : 1307,
      "text" : "just",
      "whiteSpace" : false
    }, {
      "id" : "s14-t7",
      "begin" : 1308,
      "end" : 1310,
      "text" : "to",
      "whiteSpace" : false
    }, {
      "id" : "s14-t8",
      "begin" : 1311,
      "end" : 1315,
      "text" : "name",
      "whiteSpace" : false
    }, {
      "id" : "s14-t9",
      "begin" : 1316,
      "end" : 1320,
      "text" : "some",
      "whiteSpace" : false
    }, {
      "id" : "s14-t10",
      "begin" : 1321,
      "end" : 1323,
      "text" : "of",
      "whiteSpace" : false
    }, {
      "id" : "s14-t11",
      "begin" : 1324,
      "end" : 1327,
      "text" : "the",
      "whiteSpace" : false
    }, {
      "id" : "s14-t12",
      "begin" : 1328,
      "end" : 1333,
      "text" : "music",
      "whiteSpace" : false
    }, {
      "id" : "s14-t13",
      "begin" : 1334,
      "end" : 1335,
      "text" : "I",
      "whiteSpace" : false
    }, {
      "id" : "s14-t14",
      "begin" : 1336,
      "end" : 1343,
      "text" : "sampled",
      "whiteSpace" : false
    }, {
      "id" : "s14-t15",
      "begin" : 1344,
      "end" : 1346,
      "text" : "on",
      "whiteSpace" : false
    }, {
      "id" : "s14-t16",
      "begin" : 1347,
      "end" : 1351,
      "text" : "them",
      "whiteSpace" : false
    }, {
      "id" : "s14-t17",
      "begin" : 1351,
      "end" : 1352,
      "text" : ":",
      "whiteSpace" : false
    }, {
      "id" : "s14-t18",
      "begin" : 1353,
      "end" : 1359,
      "text" : "Maroon",
      "whiteSpace" : false
    }, {
      "id" : "s14-t19",
      "begin" : 1360,
      "end" : 1361,
      "text" : "5",
      "whiteSpace" : false
    }, {
      "id" : "s14-t20",
      "begin" : 1362,
      "end" : 1363,
      "text" : "(",
      "whiteSpace" : false
    }, {
      "id" : "s14-t21",
      "begin" : 1363,
      "end" : 1364,
      "text" : "V",
      "whiteSpace" : false
    }, {
      "id" : "s14-t22",
      "begin" : 1364,
      "end" : 1365,
      "text" : ")",
      "whiteSpace" : false
    }, {
      "id" : "s14-t23",
      "begin" : 1365,
      "end" : 1366,
      "text" : ",",
      "whiteSpace" : false
    }, {
      "id" : "s14-t24",
      "begin" : 1367,
      "end" : 1377,
      "text" : "Fireflight",
      "whiteSpace" : false
    }, {
      "id" : "s14-t25",
      "begin" : 1378,
      "end" : 1379,
      "text" : "(",
      "whiteSpace" : false
    }, {
      "id" : "s14-t26",
      "begin" : 1379,
      "end" : 1382,
      "text" : "Now",
      "whiteSpace" : false
    }, {
      "id" : "s14-t27",
      "begin" : 1382,
      "end" : 1383,
      "text" : ")",
      "whiteSpace" : false
    }, {
      "id" : "s14-t28",
      "begin" : 1383,
      "end" : 1384,
      "text" : ",",
      "whiteSpace" : false
    }, {
      "id" : "s14-t29",
      "begin" : 1385,
      "end" : 1391,
      "text" : "Linkin",
      "whiteSpace" : false
    }, {
      "id" : "s14-t30",
      "begin" : 1392,
      "end" : 1396,
      "text" : "Park",
      "whiteSpace" : false
    }, {
      "id" : "s14-t31",
      "begin" : 1397,
      "end" : 1398,
      "text" : "-",
      "whiteSpace" : false
    }, {
      "id" : "s14-t32",
      "begin" : 1399,
      "end" : 1405,
      "text" : "Living",
      "whiteSpace" : false
    }, {
      "id" : "s14-t33",
      "begin" : 1406,
      "end" : 1412,
      "text" : "Things",
      "whiteSpace" : false
    }, {
      "id" : "s14-t34",
      "begin" : 1412,
      "end" : 1413,
      "text" : ",",
      "whiteSpace" : false
    }, {
      "id" : "s14-t35",
      "begin" : 1414,
      "end" : 1418,
      "text" : "Luke",
      "whiteSpace" : false
    }, {
      "id" : "s14-t36",
      "begin" : 1419,
      "end" : 1424,
      "text" : "Bryan",
      "whiteSpace" : false
    }, {
      "id" : "s14-t37",
      "begin" : 1425,
      "end" : 1426,
      "text" : "-",
      "whiteSpace" : false
    }, {
      "id" : "s14-t38",
      "begin" : 1427,
      "end" : 1429,
      "text" : "My",
      "whiteSpace" : false
    }, {
      "id" : "s14-t39",
      "begin" : 1430,
      "end" : 1434,
      "text" : "Kind",
      "whiteSpace" : false
    }, {
      "id" : "s14-t40",
      "begin" : 1435,
      "end" : 1437,
      "text" : "of",
      "whiteSpace" : false
    }, {
      "id" : "s14-t41",
      "begin" : 1438,
      "end" : 1443,
      "text" : "Party",
      "whiteSpace" : false
    }, {
      "id" : "s14-t42",
      "begin" : 1443,
      "end" : 1444,
      "text" : ".",
      "whiteSpace" : false
    } ]
  }, {
    "id" : "s15",
    "begin" : 1445,
    "end" : 1529,
    "text" : "I had a few playlists I cycled through as I tried on all the headphones in the line.",
    "tokens" : [ {
      "id" : "s15-t0",
      "begin" : 1445,
      "end" : 1446,
      "text" : "I",
      "whiteSpace" : false
    }, {
      "id" : "s15-t1",
      "begin" : 1447,
      "end" : 1450,
      "text" : "had",
      "whiteSpace" : false
    }, {
      "id" : "s15-t2",
      "begin" : 1451,
      "end" : 1452,
      "text" : "a",
      "whiteSpace" : false
    }, {
      "id" : "s15-t3",
      "begin" : 1453,
      "end" : 1456,
      "text" : "few",
      "whiteSpace" : false
    }, {
      "id" : "s15-t4",
      "begin" : 1457,
      "end" : 1466,
      "text" : "playlists",
      "whiteSpace" : false
    }, {
      "id" : "s15-t5",
      "begin" : 1467,
      "end" : 1468,
      "text" : "I",
      "whiteSpace" : false
    }, {
      "id" : "s15-t6",
      "begin" : 1469,
      "end" : 1475,
      "text" : "cycled",
      "whiteSpace" : false
    }, {
      "id" : "s15-t7",
      "begin" : 1476,
      "end" : 1483,
      "text" : "through",
      "whiteSpace" : false
    }, {
      "id" : "s15-t8",
      "begin" : 1484,
      "end" : 1486,
      "text" : "as",
      "whiteSpace" : false
    }, {
      "id" : "s15-t9",
      "begin" : 1487,
      "end" : 1488,
      "text" : "I",
      "whiteSpace" : false
    }, {
      "id" : "s15-t10",
      "begin" : 1489,
      "end" : 1494,
      "text" : "tried",
      "whiteSpace" : false
    }, {
      "id" : "s15-t11",
      "begin" : 1495,
      "end" : 1497,
      "text" : "on",
      "whiteSpace" : false
    }, {
      "id" : "s15-t12",
      "begin" : 1498,
      "end" : 1501,
      "text" : "all",
      "whiteSpace" : false
    }, {
      "id" : "s15-t13",
      "begin" : 1502,
      "end" : 1505,
      "text" : "the",
      "whiteSpace" : false
    }, {
      "id" : "s15-t14",
      "begin" : 1506,
      "end" : 1516,
      "text" : "headphones",
      "whiteSpace" : false
    }, {
      "id" : "s15-t15",
      "begin" : 1517,
      "end" : 1519,
      "text" : "in",
      "whiteSpace" : false
    }, {
      "id" : "s15-t16",
      "begin" : 1520,
      "end" : 1523,
      "text" : "the",
      "whiteSpace" : false
    }, {
      "id" : "s15-t17",
      "begin" : 1524,
      "end" : 1528,
      "text" : "line",
      "whiteSpace" : false
    }, {
      "id" : "s15-t18",
      "begin" : 1528,
      "end" : 1529,
      "text" : ".",
      "whiteSpace" : false
    } ]
  }, {
    "id" : "s16",
    "begin" : 1530,
    "end" : 1562,
    "text" : "I kept coming back to this pair.",
    "tokens" : [ {
      "id" : "s16-t0",
      "begin" : 1530,
      "end" : 1531,
      "text" : "I",
      "whiteSpace" : false
    }, {
      "id" : "s16-t1",
      "begin" : 1532,
      "end" : 1536,
      "text" : "kept",
      "whiteSpace" : false
    }, {
      "id" : "s16-t2",
      "begin" : 1537,
      "end" : 1543,
      "text" : "coming",
      "whiteSpace" : false
    }, {
      "id" : "s16-t3",
      "begin" : 1544,
      "end" : 1548,
      "text" : "back",
      "whiteSpace" : false
    }, {
      "id" : "s16-t4",
      "begin" : 1549,
      "end" : 1551,
      "text" : "to",
      "whiteSpace" : false
    }, {
      "id" : "s16-t5",
      "begin" : 1552,
      "end" : 1556,
      "text" : "this",
      "whiteSpace" : false
    }, {
      "id" : "s16-t6",
      "begin" : 1557,
      "end" : 1561,
      "text" : "pair",
      "whiteSpace" : false
    }, {
      "id" : "s16-t7",
      "begin" : 1561,
      "end" : 1562,
      "text" : ".",
      "whiteSpace" : false
    } ]
  }, {
    "id" : "s17",
    "begin" : 1563,
    "end" : 1655,
    "text" : "I walked out with these and I didnt really need a new pair, but they are just that damn good",
    "tokens" : [ {
      "id" : "s17-t0",
      "begin" : 1563,
      "end" : 1564,
      "text" : "I",
      "whiteSpace" : false
    }, {
      "id" : "s17-t1",
      "begin" : 1565,
      "end" : 1571,
      "text" : "walked",
      "whiteSpace" : false
    }, {
      "id" : "s17-t2",
      "begin" : 1572,
      "end" : 1575,
      "text" : "out",
      "whiteSpace" : false
    }, {
      "id" : "s17-t3",
      "begin" : 1576,
      "end" : 1580,
      "text" : "with",
      "whiteSpace" : false
    }, {
      "id" : "s17-t4",
      "begin" : 1581,
      "end" : 1586,
      "text" : "these",
      "whiteSpace" : false
    }, {
      "id" : "s17-t5",
      "begin" : 1587,
      "end" : 1590,
      "text" : "and",
      "whiteSpace" : false
    }, {
      "id" : "s17-t6",
      "begin" : 1591,
      "end" : 1592,
      "text" : "I",
      "whiteSpace" : false
    }, {
      "id" : "s17-t7",
      "begin" : 1593,
      "end" : 1598,
      "text" : "didnt",
      "whiteSpace" : false
    }, {
      "id" : "s17-t8",
      "begin" : 1599,
      "end" : 1605,
      "text" : "really",
      "whiteSpace" : false
    }, {
      "id" : "s17-t9",
      "begin" : 1606,
      "end" : 1610,
      "text" : "need",
      "whiteSpace" : false
    }, {
      "id" : "s17-t10",
      "begin" : 1611,
      "end" : 1612,
      "text" : "a",
      "whiteSpace" : false
    }, {
      "id" : "s17-t11",
      "begin" : 1613,
      "end" : 1616,
      "text" : "new",
      "whiteSpace" : false
    }, {
      "id" : "s17-t12",
      "begin" : 1617,
      "end" : 1621,
      "text" : "pair",
      "whiteSpace" : false
    }, {
      "id" : "s17-t13",
      "begin" : 1621,
      "end" : 1622,
      "text" : ",",
      "whiteSpace" : false
    }, {
      "id" : "s17-t14",
      "begin" : 1623,
      "end" : 1626,
      "text" : "but",
      "whiteSpace" : false
    }, {
      "id" : "s17-t15",
      "begin" : 1627,
      "end" : 1631,
      "text" : "they",
      "whiteSpace" : false
    }, {
      "id" : "s17-t16",
      "begin" : 1632,
      "end" : 1635,
      "text" : "are",
      "whiteSpace" : false
    }, {
      "id" : "s17-t17",
      "begin" : 1636,
      "end" : 1640,
      "text" : "just",
      "whiteSpace" : false
    }, {
      "id" : "s17-t18",
      "begin" : 1641,
      "end" : 1645,
      "text" : "that",
      "whiteSpace" : false
    }, {
      "id" : "s17-t19",
      "begin" : 1646,
      "end" : 1650,
      "text" : "damn",
      "whiteSpace" : false
    }, {
      "id" : "s17-t20",
      "begin" : 1651,
      "end" : 1655,
      "text" : "good",
      "whiteSpace" : false
    } ]
  } ],
  "mentions" : [ {
    "id" : "544799011117287__113200145-M0",
    "properties" : {
      "SIRE_MENTION_CLASS" : "SPC",
      "SIRE_ENTITY_CLASS" : "SPC",
      "SIRE_MENTION_ROLE" : "Consumer",
      "SIRE_MENTION_TYPE" : "NONE",
      "SIRE_ENTITY_LEVEL" : "NONE",
      "SIRE_ENTITY_SUBTYPE" : "NONE"
    },
    "type" : "Consumer",
    "begin" : 0,
    "end" : 1,
    "inCoref" : true
  }, {
    "id" : "s0-m3",
    "properties" : {
      "SIRE_MENTION_ROLE" : "Product",
      "SIRE_ENTITY_SUBTYPE" : "NONE",
      "SIRE_MENTION_TYPE" : "NONE",
      "SIRE_MENTION_CLASS" : "SPC"
    },
    "type" : "Product",
    "begin" : 9,
    "end" : 14,
    "inCoref" : true
  }, {
    "id" : "544799011117287__113200145-M1",
    "properties" : {
      "SIRE_MENTION_CLASS" : "SPC",
      "SIRE_ENTITY_CLASS" : "SPC",
      "SIRE_MENTION_ROLE" : "Company",
      "SIRE_MENTION_TYPE" : "NONE",
      "SIRE_ENTITY_LEVEL" : "NONE",
      "SIRE_ENTITY_SUBTYPE" : "NONE"
    },
    "type" : "Company",
    "begin" : 27,
    "end" : 31,
    "inCoref" : false
  }, {
    "id" : "544799011117287__113200145-M2",
    "properties" : {
      "SIRE_MENTION_CLASS" : "SPC",
      "SIRE_ENTITY_CLASS" : "SPC",
      "SIRE_MENTION_ROLE" : "Consumer",
      "SIRE_MENTION_TYPE" : "NONE",
      "SIRE_ENTITY_LEVEL" : "NONE",
      "SIRE_ENTITY_SUBTYPE" : "NONE"
    },
    "type" : "Consumer",
    "begin" : 64,
    "end" : 65,
    "inCoref" : true
  }, {
    "id" : "s1-m4",
    "properties" : {
      "SIRE_MENTION_ROLE" : "Product",
      "SIRE_ENTITY_SUBTYPE" : "NONE",
      "SIRE_MENTION_TYPE" : "NONE",
      "SIRE_MENTION_CLASS" : "SPC"
    },
    "type" : "Product",
    "begin" : 75,
    "end" : 94,
    "inCoref" : true
  }, {
    "id" : "544799011117287__113200145-M3",
    "properties" : {
      "SIRE_MENTION_CLASS" : "SPC",
      "SIRE_ENTITY_CLASS" : "SPC",
      "SIRE_MENTION_ROLE" : "Company",
      "SIRE_MENTION_TYPE" : "NONE",
      "SIRE_ENTITY_LEVEL" : "NONE",
      "SIRE_ENTITY_SUBTYPE" : "NONE"
    },
    "type" : "Company",
    "begin" : 75,
    "end" : 79,
    "inCoref" : false
  }, {
    "id" : "s2-m3",
    "properties" : {
      "SIRE_MENTION_ROLE" : "Descriptor",
      "SIRE_ENTITY_SUBTYPE" : "NONE",
      "SIRE_MENTION_TYPE" : "NONE",
      "SIRE_MENTION_CLASS" : "SPC"
    },
    "type" : "Descriptor",
    "begin" : 133,
    "end" : 142,
    "inCoref" : false
  }, {
    "id" : "s2-m1",
    "properties" : {
      "SIRE_MENTION_ROLE" : "Feature",
      "SIRE_ENTITY_SUBTYPE" : "NONE",
      "SIRE_MENTION_TYPE" : "NONE",
      "SIRE_MENTION_CLASS" : "SPC"
    },
    "type" : "Feature",
    "begin" : 143,
    "end" : 151,
    "inCoref" : false
  }, {
    "id" : "s3-m3",
    "properties" : {
      "SIRE_MENTION_ROLE" : "Product",
      "SIRE_ENTITY_SUBTYPE" : "NONE",
      "SIRE_MENTION_TYPE" : "NONE",
      "SIRE_MENTION_CLASS" : "SPC"
    },
    "type" : "Product",
    "begin" : 153,
    "end" : 157,
    "inCoref" : true
  }, {
    "id" : "s3-m4",
    "properties" : {
      "SIRE_MENTION_ROLE" : "Product",
      "SIRE_ENTITY_SUBTYPE" : "NONE",
      "SIRE_MENTION_TYPE" : "NONE",
      "SIRE_MENTION_CLASS" : "SPC"
    },
    "type" : "Product",
    "begin" : 185,
    "end" : 190,
    "inCoref" : true
  }, {
    "id" : "s3-m5",
    "properties" : {
      "SIRE_MENTION_ROLE" : "Product",
      "SIRE_ENTITY_SUBTYPE" : "NONE",
      "SIRE_MENTION_TYPE" : "NONE",
      "SIRE_MENTION_CLASS" : "SPC"
    },
    "type" : "Product",
    "begin" : 203,
    "end" : 209,
    "inCoref" : false
  }, {
    "id" : "544799011117287__113200145-M5",
    "properties" : {
      "SIRE_MENTION_CLASS" : "SPC",
      "SIRE_ENTITY_CLASS" : "SPC",
      "SIRE_MENTION_ROLE" : "Company",
      "SIRE_MENTION_TYPE" : "NONE",
      "SIRE_ENTITY_LEVEL" : "NONE",
      "SIRE_ENTITY_SUBTYPE" : "NONE"
    },
    "type" : "Company",
    "begin" : 217,
    "end" : 221,
    "inCoref" : false
  }, {
    "id" : "544799011117287__113200145-M6",
    "properties" : {
      "SIRE_MENTION_CLASS" : "SPC",
      "SIRE_ENTITY_CLASS" : "SPC",
      "SIRE_MENTION_ROLE" : "Company",
      "SIRE_MENTION_TYPE" : "NONE",
      "SIRE_ENTITY_LEVEL" : "NONE",
      "SIRE_ENTITY_SUBTYPE" : "NONE"
    },
    "type" : "Company",
    "begin" : 255,
    "end" : 259,
    "inCoref" : false
  }, {
    "id" : "544799011117287__113200145-M7",
    "properties" : {
      "SIRE_MENTION_CLASS" : "SPC",
      "SIRE_ENTITY_CLASS" : "SPC",
      "SIRE_MENTION_ROLE" : "Product",
      "SIRE_MENTION_TYPE" : "NONE",
      "SIRE_ENTITY_LEVEL" : "NONE",
      "SIRE_ENTITY_SUBTYPE" : "NONE"
    },
    "type" : "Product",
    "begin" : 328,
    "end" : 338,
    "inCoref" : true
  }, {
    "id" : "s5-m2",
    "properties" : {
      "SIRE_MENTION_ROLE" : "Feature",
      "SIRE_ENTITY_SUBTYPE" : "NONE",
      "SIRE_MENTION_TYPE" : "NONE",
      "SIRE_MENTION_CLASS" : "SPC"
    },
    "type" : "Feature",
    "begin" : 339,
    "end" : 344,
    "inCoref" : false
  }, {
    "id" : "s5-m5",
    "properties" : {
      "SIRE_MENTION_ROLE" : "Descriptor",
      "SIRE_ENTITY_SUBTYPE" : "NONE",
      "SIRE_MENTION_TYPE" : "NONE",
      "SIRE_MENTION_CLASS" : "SPC"
    },
    "type" : "Descriptor",
    "begin" : 344,
    "end" : 350,
    "inCoref" : false
  }, {
    "id" : "s5-m4",
    "properties" : {
      "SIRE_MENTION_ROLE" : "Descriptor",
      "SIRE_ENTITY_SUBTYPE" : "NONE",
      "SIRE_MENTION_TYPE" : "NONE",
      "SIRE_MENTION_CLASS" : "SPC"
    },
    "type" : "Descriptor",
    "begin" : 360,
    "end" : 364,
    "inCoref" : false
  }, {
    "id" : "s5-m3",
    "properties" : {
      "SIRE_MENTION_ROLE" : "Feature",
      "SIRE_ENTITY_SUBTYPE" : "NONE",
      "SIRE_MENTION_TYPE" : "NONE",
      "SIRE_MENTION_CLASS" : "SPC"
    },
    "type" : "Feature",
    "begin" : 365,
    "end" : 369,
    "inCoref" : false
  }, {
    "id" : "s6-m4",
    "properties" : {
      "SIRE_MENTION_ROLE" : "Feature",
      "SIRE_ENTITY_SUBTYPE" : "NONE",
      "SIRE_MENTION_TYPE" : "NONE",
      "SIRE_MENTION_CLASS" : "SPC"
    },
    "type" : "Feature",
    "begin" : 375,
    "end" : 383,
    "inCoref" : false
  }, {
    "id" : "s6-m5",
    "properties" : {
      "SIRE_MENTION_ROLE" : "Descriptor",
      "SIRE_ENTITY_SUBTYPE" : "NONE",
      "SIRE_MENTION_TYPE" : "NONE",
      "SIRE_MENTION_CLASS" : "SPC"
    },
    "type" : "Descriptor",
    "begin" : 388,
    "end" : 398,
    "inCoref" : false
  }, {
    "id" : "544799011117287__113200145-M8",
    "properties" : {
      "SIRE_MENTION_CLASS" : "SPC",
      "SIRE_ENTITY_CLASS" : "SPC",
      "SIRE_MENTION_ROLE" : "Consumer",
      "SIRE_MENTION_TYPE" : "NONE",
      "SIRE_ENTITY_LEVEL" : "NONE",
      "SIRE_ENTITY_SUBTYPE" : "NONE"
    },
    "type" : "Consumer",
    "begin" : 400,
    "end" : 401,
    "inCoref" : true
  }, {
    "id" : "544799011117287__113200145-M9",
    "properties" : {
      "SIRE_MENTION_CLASS" : "SPC",
      "SIRE_ENTITY_CLASS" : "SPC",
      "SIRE_MENTION_ROLE" : "Product",
      "SIRE_MENTION_TYPE" : "NONE",
      "SIRE_ENTITY_LEVEL" : "NONE",
      "SIRE_ENTITY_SUBTYPE" : "NONE"
    },
    "type" : "Product",
    "begin" : 425,
    "end" : 435,
    "inCoref" : false
  }, {
    "id" : "s6-m6",
    "properties" : {
      "SIRE_MENTION_ROLE" : "Price",
      "SIRE_ENTITY_SUBTYPE" : "NONE",
      "SIRE_MENTION_TYPE" : "NONE",
      "SIRE_MENTION_CLASS" : "SPC"
    },
    "type" : "Price",
    "begin" : 458,
    "end" : 462,
    "inCoref" : false
  }, {
    "id" : "s6-m7",
    "properties" : {
      "SIRE_MENTION_ROLE" : "Product",
      "SIRE_ENTITY_SUBTYPE" : "NONE",
      "SIRE_MENTION_TYPE" : "NONE",
      "SIRE_MENTION_CLASS" : "SPC"
    },
    "type" : "Product",
    "begin" : 463,
    "end" : 475,
    "inCoref" : false
  }, {
    "id" : "544799011117287__113200145-M10",
    "properties" : {
      "SIRE_MENTION_CLASS" : "SPC",
      "SIRE_ENTITY_CLASS" : "SPC",
      "SIRE_MENTION_ROLE" : "Consumer",
      "SIRE_MENTION_TYPE" : "NONE",
      "SIRE_ENTITY_LEVEL" : "NONE",
      "SIRE_ENTITY_SUBTYPE" : "NONE"
    },
    "type" : "Consumer",
    "begin" : 497,
    "end" : 498,
    "inCoref" : true
  }, {
    "id" : "s6-m8",
    "properties" : {
      "SIRE_MENTION_ROLE" : "Product",
      "SIRE_ENTITY_SUBTYPE" : "NONE",
      "SIRE_MENTION_TYPE" : "NONE",
      "SIRE_MENTION_CLASS" : "SPC"
    },
    "type" : "Product",
    "begin" : 518,
    "end" : 523,
    "inCoref" : true
  }, {
    "id" : "s6-m9",
    "properties" : {
      "SIRE_MENTION_ROLE" : "Feature",
      "SIRE_ENTITY_SUBTYPE" : "NONE",
      "SIRE_MENTION_TYPE" : "NONE",
      "SIRE_MENTION_CLASS" : "SPC"
    },
    "type" : "Feature",
    "begin" : 534,
    "end" : 545,
    "inCoref" : false
  }, {
    "id" : "s6-m11",
    "properties" : {
      "SIRE_MENTION_ROLE" : "Descriptor",
      "SIRE_ENTITY_SUBTYPE" : "NONE",
      "SIRE_MENTION_TYPE" : "NONE",
      "SIRE_MENTION_CLASS" : "SPC"
    },
    "type" : "Descriptor",
    "begin" : 561,
    "end" : 567,
    "inCoref" : false
  }, {
    "id" : "s6-m10",
    "properties" : {
      "SIRE_MENTION_ROLE" : "Feature",
      "SIRE_ENTITY_SUBTYPE" : "NONE",
      "SIRE_MENTION_TYPE" : "NONE",
      "SIRE_MENTION_CLASS" : "SPC"
    },
    "type" : "Feature",
    "begin" : 568,
    "end" : 573,
    "inCoref" : false
  }, {
    "id" : "s7-m2",
    "properties" : {
      "SIRE_MENTION_ROLE" : "Product",
      "SIRE_ENTITY_SUBTYPE" : "NONE",
      "SIRE_MENTION_TYPE" : "NONE",
      "SIRE_MENTION_CLASS" : "SPC"
    },
    "type" : "Product",
    "begin" : 614,
    "end" : 618,
    "inCoref" : true
  }, {
    "id" : "s7-m3",
    "properties" : {
      "SIRE_MENTION_ROLE" : "Feature",
      "SIRE_ENTITY_SUBTYPE" : "NONE",
      "SIRE_MENTION_TYPE" : "NONE",
      "SIRE_MENTION_CLASS" : "NEG"
    },
    "type" : "Feature",
    "begin" : 636,
    "end" : 645,
    "inCoref" : false
  }, {
    "id" : "544799011117287__113200145-M11",
    "properties" : {
      "SIRE_MENTION_CLASS" : "SPC",
      "SIRE_ENTITY_CLASS" : "SPC",
      "SIRE_MENTION_ROLE" : "Company",
      "SIRE_MENTION_TYPE" : "NONE",
      "SIRE_ENTITY_LEVEL" : "NONE",
      "SIRE_ENTITY_SUBTYPE" : "NONE"
    },
    "type" : "Company",
    "begin" : 654,
    "end" : 658,
    "inCoref" : false
  }, {
    "id" : "s7-m4",
    "properties" : {
      "SIRE_MENTION_ROLE" : "Feature",
      "SIRE_ENTITY_SUBTYPE" : "NONE",
      "SIRE_MENTION_TYPE" : "NONE",
      "SIRE_MENTION_CLASS" : "SPC"
    },
    "type" : "Feature",
    "begin" : 674,
    "end" : 688,
    "inCoref" : false
  }, {
    "id" : "544799011117287__113200145-M12",
    "properties" : {
      "SIRE_MENTION_CLASS" : "SPC",
      "SIRE_ENTITY_CLASS" : "SPC",
      "SIRE_MENTION_ROLE" : "Consumer",
      "SIRE_MENTION_TYPE" : "NONE",
      "SIRE_ENTITY_LEVEL" : "NONE",
      "SIRE_ENTITY_SUBTYPE" : "NONE"
    },
    "type" : "Consumer",
    "begin" : 721,
    "end" : 722,
    "inCoref" : true
  }, {
    "id" : "s8-m2",
    "properties" : {
      "SIRE_MENTION_ROLE" : "Feature",
      "SIRE_ENTITY_SUBTYPE" : "NONE",
      "SIRE_MENTION_TYPE" : "NONE",
      "SIRE_MENTION_CLASS" : "SPC"
    },
    "type" : "Feature",
    "begin" : 748,
    "end" : 753,
    "inCoref" : false
  }, {
    "id" : "s9-m5",
    "properties" : {
      "SIRE_MENTION_ROLE" : "Product",
      "SIRE_ENTITY_SUBTYPE" : "NONE",
      "SIRE_MENTION_TYPE" : "NONE",
      "SIRE_MENTION_CLASS" : "SPC"
    },
    "type" : "Product",
    "begin" : 775,
    "end" : 780,
    "inCoref" : true
  }, {
    "id" : "s9-m4",
    "properties" : {
      "SIRE_MENTION_ROLE" : "Product",
      "SIRE_ENTITY_SUBTYPE" : "NONE",
      "SIRE_MENTION_TYPE" : "NONE",
      "SIRE_MENTION_CLASS" : "SPC"
    },
    "type" : "Product",
    "begin" : 789,
    "end" : 797,
    "inCoref" : false
  }, {
    "id" : "544799011117287__113200145-M13",
    "properties" : {
      "SIRE_MENTION_CLASS" : "SPC",
      "SIRE_ENTITY_CLASS" : "SPC",
      "SIRE_MENTION_ROLE" : "Company",
      "SIRE_MENTION_TYPE" : "NONE",
      "SIRE_ENTITY_LEVEL" : "NONE",
      "SIRE_ENTITY_SUBTYPE" : "NONE"
    },
    "type" : "Company",
    "begin" : 789,
    "end" : 793,
    "inCoref" : false
  }, {
    "id" : "s9-m6",
    "properties" : {
      "SIRE_MENTION_ROLE" : "Product",
      "SIRE_ENTITY_SUBTYPE" : "NONE",
      "SIRE_MENTION_TYPE" : "NONE",
      "SIRE_MENTION_CLASS" : "SPC"
    },
    "type" : "Product",
    "begin" : 799,
    "end" : 804,
    "inCoref" : true
  }, {
    "id" : "544799011117287__113200145-M15",
    "properties" : {
      "SIRE_MENTION_CLASS" : "SPC",
      "SIRE_ENTITY_CLASS" : "SPC",
      "SIRE_MENTION_ROLE" : "Product",
      "SIRE_MENTION_TYPE" : "NONE",
      "SIRE_ENTITY_LEVEL" : "NONE",
      "SIRE_ENTITY_SUBTYPE" : "NONE"
    },
    "type" : "Product",
    "begin" : 813,
    "end" : 841,
    "inCoref" : false
  }, {
    "id" : "544799011117287__113200145-M14",
    "properties" : {
      "SIRE_MENTION_CLASS" : "SPC",
      "SIRE_ENTITY_CLASS" : "SPC",
      "SIRE_MENTION_ROLE" : "Company",
      "SIRE_MENTION_TYPE" : "NONE",
      "SIRE_ENTITY_LEVEL" : "NONE",
      "SIRE_ENTITY_SUBTYPE" : "NONE"
    },
    "type" : "Company",
    "begin" : 813,
    "end" : 817,
    "inCoref" : false
  }, {
    "id" : "s10-m1",
    "properties" : {
      "SIRE_MENTION_ROLE" : "Feature",
      "SIRE_ENTITY_SUBTYPE" : "NONE",
      "SIRE_MENTION_TYPE" : "NONE",
      "SIRE_MENTION_CLASS" : "SPC"
    },
    "type" : "Feature",
    "begin" : 864,
    "end" : 869,
    "inCoref" : false
  }, {
    "id" : "s10-m2",
    "properties" : {
      "SIRE_MENTION_ROLE" : "Descriptor",
      "SIRE_ENTITY_SUBTYPE" : "NONE",
      "SIRE_MENTION_TYPE" : "NONE",
      "SIRE_MENTION_CLASS" : "SPC"
    },
    "type" : "Descriptor",
    "begin" : 873,
    "end" : 879,
    "inCoref" : false
  }, {
    "id" : "s10-m3",
    "properties" : {
      "SIRE_MENTION_ROLE" : "Descriptor",
      "SIRE_ENTITY_SUBTYPE" : "NONE",
      "SIRE_MENTION_TYPE" : "NONE",
      "SIRE_MENTION_CLASS" : "SPC"
    },
    "type" : "Descriptor",
    "begin" : 881,
    "end" : 887,
    "inCoref" : false
  }, {
    "id" : "s10-m4",
    "properties" : {
      "SIRE_MENTION_ROLE" : "Descriptor",
      "SIRE_ENTITY_SUBTYPE" : "NONE",
      "SIRE_MENTION_TYPE" : "NONE",
      "SIRE_MENTION_CLASS" : "SPC"
    },
    "type" : "Descriptor",
    "begin" : 889,
    "end" : 895,
    "inCoref" : false
  }, {
    "id" : "s11-m3",
    "properties" : {
      "SIRE_MENTION_ROLE" : "Feature",
      "SIRE_ENTITY_SUBTYPE" : "NONE",
      "SIRE_MENTION_TYPE" : "NONE",
      "SIRE_MENTION_CLASS" : "SPC"
    },
    "type" : "Feature",
    "begin" : 902,
    "end" : 915,
    "inCoref" : false
  }, {
    "id" : "s11-m4",
    "properties" : {
      "SIRE_MENTION_ROLE" : "Descriptor",
      "SIRE_ENTITY_SUBTYPE" : "NONE",
      "SIRE_MENTION_TYPE" : "NONE",
      "SIRE_MENTION_CLASS" : "SPC"
    },
    "type" : "Descriptor",
    "begin" : 919,
    "end" : 936,
    "inCoref" : false
  }, {
    "id" : "544799011117287__113200145-M16",
    "properties" : {
      "SIRE_MENTION_CLASS" : "SPC",
      "SIRE_ENTITY_CLASS" : "SPC",
      "SIRE_MENTION_ROLE" : "Consumer",
      "SIRE_MENTION_TYPE" : "NONE",
      "SIRE_ENTITY_LEVEL" : "NONE",
      "SIRE_ENTITY_SUBTYPE" : "NONE"
    },
    "type" : "Consumer",
    "begin" : 938,
    "end" : 939,
    "inCoref" : true
  }, {
    "id" : "s11-m5",
    "properties" : {
      "SIRE_MENTION_ROLE" : "Product",
      "SIRE_ENTITY_SUBTYPE" : "NONE",
      "SIRE_MENTION_TYPE" : "NONE",
      "SIRE_MENTION_CLASS" : "SPC"
    },
    "type" : "Product",
    "begin" : 978,
    "end" : 989,
    "inCoref" : false
  }, {
    "id" : "544799011117287__113200145-M17",
    "properties" : {
      "SIRE_MENTION_CLASS" : "SPC",
      "SIRE_ENTITY_CLASS" : "SPC",
      "SIRE_MENTION_ROLE" : "Company",
      "SIRE_MENTION_TYPE" : "NONE",
      "SIRE_ENTITY_LEVEL" : "NONE",
      "SIRE_ENTITY_SUBTYPE" : "NONE"
    },
    "type" : "Company",
    "begin" : 978,
    "end" : 982,
    "inCoref" : false
  }, {
    "id" : "s11-m7",
    "properties" : {
      "SIRE_MENTION_ROLE" : "Descriptor",
      "SIRE_ENTITY_SUBTYPE" : "NONE",
      "SIRE_MENTION_TYPE" : "NONE",
      "SIRE_MENTION_CLASS" : "SPC"
    },
    "type" : "Descriptor",
    "begin" : 1007,
    "end" : 1022,
    "inCoref" : false
  }, {
    "id" : "s11-m6",
    "properties" : {
      "SIRE_MENTION_ROLE" : "Feature",
      "SIRE_ENTITY_SUBTYPE" : "NONE",
      "SIRE_MENTION_TYPE" : "NONE",
      "SIRE_MENTION_CLASS" : "SPC"
    },
    "type" : "Feature",
    "begin" : 1032,
    "end" : 1045,
    "inCoref" : false
  }, {
    "id" : "s11-m8",
    "properties" : {
      "SIRE_MENTION_ROLE" : "Descriptor",
      "SIRE_ENTITY_SUBTYPE" : "NONE",
      "SIRE_MENTION_TYPE" : "NONE",
      "SIRE_MENTION_CLASS" : "SPC"
    },
    "type" : "Descriptor",
    "begin" : 1059,
    "end" : 1083,
    "inCoref" : false
  }, {
    "id" : "s11-m9",
    "properties" : {
      "SIRE_MENTION_ROLE" : "Descriptor",
      "SIRE_ENTITY_SUBTYPE" : "NONE",
      "SIRE_MENTION_TYPE" : "NONE",
      "SIRE_MENTION_CLASS" : "SPC"
    },
    "type" : "Feature",
    "begin" : 1092,
    "end" : 1103,
    "inCoref" : true
  }, {
    "id" : "s12-m2",
    "properties" : {
      "SIRE_MENTION_ROLE" : "Product",
      "SIRE_ENTITY_SUBTYPE" : "NONE",
      "SIRE_MENTION_TYPE" : "NONE",
      "SIRE_MENTION_CLASS" : "SPC"
    },
    "type" : "Product",
    "begin" : 1105,
    "end" : 1110,
    "inCoref" : true
  }, {
    "id" : "s12-m3",
    "properties" : {
      "SIRE_MENTION_ROLE" : "Feature",
      "SIRE_ENTITY_SUBTYPE" : "NONE",
      "SIRE_MENTION_TYPE" : "NONE",
      "SIRE_MENTION_CLASS" : "SPC"
    },
    "type" : "Feature",
    "begin" : 1121,
    "end" : 1125,
    "inCoref" : true
  }, {
    "id" : "544799011117287__113200145-M18",
    "properties" : {
      "SIRE_MENTION_CLASS" : "SPC",
      "SIRE_ENTITY_CLASS" : "SPC",
      "SIRE_MENTION_ROLE" : "Consumer",
      "SIRE_MENTION_TYPE" : "NONE",
      "SIRE_ENTITY_LEVEL" : "NONE",
      "SIRE_ENTITY_SUBTYPE" : "NONE"
    },
    "type" : "Consumer",
    "begin" : 1148,
    "end" : 1149,
    "inCoref" : true
  }, {
    "id" : "544799011117287__113200145-M19",
    "properties" : {
      "SIRE_MENTION_CLASS" : "SPC",
      "SIRE_ENTITY_CLASS" : "SPC",
      "SIRE_MENTION_ROLE" : "Consumer",
      "SIRE_MENTION_TYPE" : "NONE",
      "SIRE_ENTITY_LEVEL" : "NONE",
      "SIRE_ENTITY_SUBTYPE" : "NONE"
    },
    "type" : "Consumer",
    "begin" : 1186,
    "end" : 1187,
    "inCoref" : true
  }, {
    "id" : "s13-m2",
    "properties" : {
      "SIRE_MENTION_ROLE" : "Product",
      "SIRE_ENTITY_SUBTYPE" : "NONE",
      "SIRE_MENTION_TYPE" : "NONE",
      "SIRE_MENTION_CLASS" : "SPC"
    },
    "type" : "Product",
    "begin" : 1232,
    "end" : 1236,
    "inCoref" : false
  }, {
    "id" : "544799011117287__113200145-M20",
    "properties" : {
      "SIRE_MENTION_CLASS" : "SPC",
      "SIRE_ENTITY_CLASS" : "SPC",
      "SIRE_MENTION_ROLE" : "Consumer",
      "SIRE_MENTION_TYPE" : "NONE",
      "SIRE_ENTITY_LEVEL" : "NONE",
      "SIRE_ENTITY_SUBTYPE" : "NONE"
    },
    "type" : "Consumer",
    "begin" : 1272,
    "end" : 1273,
    "inCoref" : true
  }, {
    "id" : "544799011117287__113200145-M21",
    "properties" : {
      "SIRE_MENTION_CLASS" : "SPC",
      "SIRE_ENTITY_CLASS" : "SPC",
      "SIRE_MENTION_ROLE" : "Consumer",
      "SIRE_MENTION_TYPE" : "NONE",
      "SIRE_ENTITY_LEVEL" : "NONE",
      "SIRE_ENTITY_SUBTYPE" : "NONE"
    },
    "type" : "Consumer",
    "begin" : 1334,
    "end" : 1335,
    "inCoref" : true
  }, {
    "id" : "544799011117287__113200145-M22",
    "properties" : {
      "SIRE_MENTION_CLASS" : "SPC",
      "SIRE_ENTITY_CLASS" : "SPC",
      "SIRE_MENTION_ROLE" : "Consumer",
      "SIRE_MENTION_TYPE" : "NONE",
      "SIRE_ENTITY_LEVEL" : "NONE",
      "SIRE_ENTITY_SUBTYPE" : "NONE"
    },
    "type" : "Consumer",
    "begin" : 1445,
    "end" : 1446,
    "inCoref" : true
  }, {
    "id" : "544799011117287__113200145-M23",
    "properties" : {
      "SIRE_MENTION_CLASS" : "SPC",
      "SIRE_ENTITY_CLASS" : "SPC",
      "SIRE_MENTION_ROLE" : "Consumer",
      "SIRE_MENTION_TYPE" : "NONE",
      "SIRE_ENTITY_LEVEL" : "NONE",
      "SIRE_ENTITY_SUBTYPE" : "NONE"
    },
    "type" : "Consumer",
    "begin" : 1467,
    "end" : 1468,
    "inCoref" : true
  }, {
    "id" : "544799011117287__113200145-M24",
    "properties" : {
      "SIRE_MENTION_CLASS" : "SPC",
      "SIRE_ENTITY_CLASS" : "SPC",
      "SIRE_MENTION_ROLE" : "Consumer",
      "SIRE_MENTION_TYPE" : "NONE",
      "SIRE_ENTITY_LEVEL" : "NONE",
      "SIRE_ENTITY_SUBTYPE" : "NONE"
    },
    "type" : "Consumer",
    "begin" : 1487,
    "end" : 1488,
    "inCoref" : false
  }, {
    "id" : "544799011117287__113200145-M25",
    "properties" : {
      "SIRE_MENTION_CLASS" : "SPC",
      "SIRE_ENTITY_CLASS" : "SPC",
      "SIRE_MENTION_ROLE" : "Product",
      "SIRE_MENTION_TYPE" : "NONE",
      "SIRE_ENTITY_LEVEL" : "NONE",
      "SIRE_ENTITY_SUBTYPE" : "NONE"
    },
    "type" : "Product",
    "begin" : 1506,
    "end" : 1516,
    "inCoref" : false
  }, {
    "id" : "544799011117287__113200145-M26",
    "properties" : {
      "SIRE_MENTION_CLASS" : "SPC",
      "SIRE_ENTITY_CLASS" : "SPC",
      "SIRE_MENTION_ROLE" : "Consumer",
      "SIRE_MENTION_TYPE" : "NONE",
      "SIRE_ENTITY_LEVEL" : "NONE",
      "SIRE_ENTITY_SUBTYPE" : "NONE"
    },
    "type" : "Consumer",
    "begin" : 1530,
    "end" : 1531,
    "inCoref" : true
  }, {
    "id" : "s16-m2",
    "properties" : {
      "SIRE_MENTION_ROLE" : "Product",
      "SIRE_ENTITY_SUBTYPE" : "NONE",
      "SIRE_MENTION_TYPE" : "NONE",
      "SIRE_MENTION_CLASS" : "SPC"
    },
    "type" : "Product",
    "begin" : 1552,
    "end" : 1561,
    "inCoref" : true
  }, {
    "id" : "544799011117287__113200145-M27",
    "properties" : {
      "SIRE_MENTION_CLASS" : "SPC",
      "SIRE_ENTITY_CLASS" : "SPC",
      "SIRE_MENTION_ROLE" : "Consumer",
      "SIRE_MENTION_TYPE" : "NONE",
      "SIRE_ENTITY_LEVEL" : "NONE",
      "SIRE_ENTITY_SUBTYPE" : "NONE"
    },
    "type" : "Consumer",
    "begin" : 1563,
    "end" : 1564,
    "inCoref" : true
  }, {
    "id" : "s17-m3",
    "properties" : {
      "SIRE_MENTION_ROLE" : "Product",
      "SIRE_ENTITY_SUBTYPE" : "NONE",
      "SIRE_MENTION_TYPE" : "NONE",
      "SIRE_MENTION_CLASS" : "SPC"
    },
    "type" : "Product",
    "begin" : 1581,
    "end" : 1586,
    "inCoref" : true
  }, {
    "id" : "544799011117287__113200145-M28",
    "properties" : {
      "SIRE_MENTION_CLASS" : "SPC",
      "SIRE_ENTITY_CLASS" : "SPC",
      "SIRE_MENTION_ROLE" : "Consumer",
      "SIRE_MENTION_TYPE" : "NONE",
      "SIRE_ENTITY_LEVEL" : "NONE",
      "SIRE_ENTITY_SUBTYPE" : "NONE"
    },
    "type" : "Consumer",
    "begin" : 1591,
    "end" : 1592,
    "inCoref" : true
  }, {
    "id" : "s17-m4",
    "properties" : {
      "SIRE_MENTION_ROLE" : "Product",
      "SIRE_ENTITY_SUBTYPE" : "NONE",
      "SIRE_MENTION_TYPE" : "NONE",
      "SIRE_MENTION_CLASS" : "SPC"
    },
    "type" : "Product",
    "begin" : 1627,
    "end" : 1631,
    "inCoref" : true
  } ],
  "relations" : [ {
    "id" : "s0-r1",
    "properties" : { },
    "type" : "madeBy",
    "args" : [ "s0-m3", "544799011117287__113200145-M1" ]
  }, {
    "id" : "s1-r1",
    "properties" : { },
    "type" : "madeBy",
    "args" : [ "s1-m4", "544799011117287__113200145-M3" ]
  }, {
    "id" : "s2-r1",
    "properties" : { },
    "type" : "hasQuality",
    "args" : [ "s2-m1", "s2-m3" ]
  }, {
    "id" : "s3-r1",
    "properties" : { },
    "type" : "madeBy",
    "args" : [ "s3-m5", "544799011117287__113200145-M5" ]
  }, {
    "id" : "s3-r2",
    "properties" : { },
    "type" : "madeBy",
    "args" : [ "s3-m4", "544799011117287__113200145-M5" ]
  }, {
    "id" : "s5-r1",
    "properties" : { },
    "type" : "hasFeature",
    "args" : [ "544799011117287__113200145-M7", "s5-m2" ]
  }, {
    "id" : "s5-r2",
    "properties" : { },
    "type" : "hasQuality",
    "args" : [ "s5-m2", "s5-m5" ]
  }, {
    "id" : "s5-r3",
    "properties" : { },
    "type" : "hasQuality",
    "args" : [ "s5-m3", "s5-m4" ]
  }, {
    "id" : "s5-r4",
    "properties" : { },
    "type" : "hasFeature",
    "args" : [ "544799011117287__113200145-M7", "s5-m3" ]
  }, {
    "id" : "s6-r1",
    "properties" : { },
    "type" : "hasQuality",
    "args" : [ "s6-m4", "s6-m5" ]
  }, {
    "id" : "s6-r2",
    "properties" : { },
    "type" : "hasFeature",
    "args" : [ "s6-m8", "s6-m9" ]
  }, {
    "id" : "s6-r3",
    "properties" : { },
    "type" : "hasFeature",
    "args" : [ "s6-m7", "s6-m6" ]
  }, {
    "id" : "s6-r4",
    "properties" : { },
    "type" : "hasQuality",
    "args" : [ "s6-m10", "s6-m11" ]
  }, {
    "id" : "s6-r5",
    "properties" : { },
    "type" : "hasFeature",
    "args" : [ "s6-m8", "s6-m10" ]
  }, {
    "id" : "s7-r1",
    "properties" : { },
    "type" : "hasFeature",
    "args" : [ "s7-m2", "s7-m3" ]
  }, {
    "id" : "s9-r1",
    "properties" : { },
    "type" : "madeBy",
    "args" : [ "s9-m4", "544799011117287__113200145-M13" ]
  }, {
    "id" : "s9-r2",
    "properties" : { },
    "type" : "madeBy",
    "args" : [ "544799011117287__113200145-M15", "544799011117287__113200145-M14" ]
  }, {
    "id" : "s10-r1",
    "properties" : { },
    "type" : "hasQuality",
    "args" : [ "s10-m1", "s10-m2" ]
  }, {
    "id" : "s10-r2",
    "properties" : { },
    "type" : "hasQuality",
    "args" : [ "s10-m1", "s10-m3" ]
  }, {
    "id" : "s10-r3",
    "properties" : { },
    "type" : "hasQuality",
    "args" : [ "s10-m1", "s10-m4" ]
  }, {
    "id" : "s11-r1",
    "properties" : { },
    "type" : "hasQuality",
    "args" : [ "s11-m3", "s11-m4" ]
  }, {
    "id" : "s11-r2",
    "properties" : { },
    "type" : "madeBy",
    "args" : [ "s11-m5", "544799011117287__113200145-M17" ]
  }, {
    "id" : "s11-r3",
    "properties" : { },
    "type" : "hasFeature",
    "args" : [ "s11-m5", "s11-m6" ]
  }, {
    "id" : "s11-r4",
    "properties" : { },
    "type" : "hasQuality",
    "args" : [ "s11-m6", "s11-m7" ]
  }, {
    "id" : "s11-r5",
    "properties" : { },
    "type" : "hasQuality",
    "args" : [ "s11-m6", "s11-m8" ]
  }, {
    "id" : "s11-r6",
    "properties" : { },
    "type" : "hasQuality",
    "args" : [ "s11-m6", "s11-m9" ]
  }, {
    "id" : "s12-r1",
    "properties" : { },
    "type" : "hasFeature",
    "args" : [ "s12-m2", "s12-m3" ]
  } ],
  "corefs" : [ {
    "id" : "c1",
    "properties" : { },
    "mentions" : [ "s0-m3", "s3-m4", "544799011117287__113200145-M7", "s6-m8", "s7-m2", "s9-m5", "s9-m6", "s12-m2", "s16-m2", "s17-m3", "s17-m4" ]
  }, {
    "id" : "c2",
    "properties" : { },
    "mentions" : [ "s1-m4", "s3-m3" ]
  }, {
    "id" : "c3",
    "properties" : { },
    "mentions" : [ "s11-m9", "s12-m3" ]
  }, {
    "id" : "c4",
    "properties" : { },
    "mentions" : [ "544799011117287__113200145-M28", "544799011117287__113200145-M27", "544799011117287__113200145-M26", "544799011117287__113200145-M22", "544799011117287__113200145-M23", "544799011117287__113200145-M21", "544799011117287__113200145-M20", "544799011117287__113200145-M19", "544799011117287__113200145-M18", "544799011117287__113200145-M16", "544799011117287__113200145-M12", "544799011117287__113200145-M10", "544799011117287__113200145-M8", "544799011117287__113200145-M2", "544799011117287__113200145-M0" ]
  } ],
  "typeResolved" : true,
  "userResolved" : true
}