{
  "id" : "b9223ee4-fe27-4d77-b915-0c3bca08b2fa-8",
  "modifiedDate" : 1467831665658,
  "name" : "review9.txt",
  "version" : 2,
  "text" : "I was very skeptical with this product, not only was I wrong but I have been so amazed with the ease , convenience and functionality  this hue product that I cannot hesitate in recommending to purchase this item . I myself have recommended a few friends and I have shown the functionality off this product. plenty of apps for this product, to work with OS X and of course IOS 9. I found the best apps are free to work with your OS X which does not limit you to use your IOS only. Initial cost is worth it, it really makes a difference to control your environment as you please, I am a quadriplegic and only have functionality of my Apple products and discuss giving me freedom that I cannot explain, just enjoy...hope you will consider and enjoy this product.",
  "docLength" : 759,
  "language" : "EN",
  "status" : "SUBMITTED",
  "documentSet" : [ ],
  "sentences" : [ {
    "id" : "s0",
    "begin" : 0,
    "end" : 213,
    "text" : "I was very skeptical with this product, not only was I wrong but I have been so amazed with the ease , convenience and functionality  this hue product that I cannot hesitate in recommending to purchase this item .",
    "tokens" : [ {
      "id" : "s0-t0",
      "begin" : 0,
      "end" : 1,
      "text" : "I",
      "whiteSpace" : false
    }, {
      "id" : "s0-t1",
      "begin" : 2,
      "end" : 5,
      "text" : "was",
      "whiteSpace" : false
    }, {
      "id" : "s0-t2",
      "begin" : 6,
      "end" : 10,
      "text" : "very",
      "whiteSpace" : false
    }, {
      "id" : "s0-t3",
      "begin" : 11,
      "end" : 20,
      "text" : "skeptical",
      "whiteSpace" : false
    }, {
      "id" : "s0-t4",
      "begin" : 21,
      "end" : 25,
      "text" : "with",
      "whiteSpace" : false
    }, {
      "id" : "s0-t5",
      "begin" : 26,
      "end" : 30,
      "text" : "this",
      "whiteSpace" : false
    }, {
      "id" : "s0-t6",
      "begin" : 31,
      "end" : 38,
      "text" : "product",
      "whiteSpace" : false
    }, {
      "id" : "s0-t7",
      "begin" : 38,
      "end" : 39,
      "text" : ",",
      "whiteSpace" : false
    }, {
      "id" : "s0-t8",
      "begin" : 40,
      "end" : 43,
      "text" : "not",
      "whiteSpace" : false
    }, {
      "id" : "s0-t9",
      "begin" : 44,
      "end" : 48,
      "text" : "only",
      "whiteSpace" : false
    }, {
      "id" : "s0-t10",
      "begin" : 49,
      "end" : 52,
      "text" : "was",
      "whiteSpace" : false
    }, {
      "id" : "s0-t11",
      "begin" : 53,
      "end" : 54,
      "text" : "I",
      "whiteSpace" : false
    }, {
      "id" : "s0-t12",
      "begin" : 55,
      "end" : 60,
      "text" : "wrong",
      "whiteSpace" : false
    }, {
      "id" : "s0-t13",
      "begin" : 61,
      "end" : 64,
      "text" : "but",
      "whiteSpace" : false
    }, {
      "id" : "s0-t14",
      "begin" : 65,
      "end" : 66,
      "text" : "I",
      "whiteSpace" : false
    }, {
      "id" : "s0-t15",
      "begin" : 67,
      "end" : 71,
      "text" : "have",
      "whiteSpace" : false
    }, {
      "id" : "s0-t16",
      "begin" : 72,
      "end" : 76,
      "text" : "been",
      "whiteSpace" : false
    }, {
      "id" : "s0-t17",
      "begin" : 77,
      "end" : 79,
      "text" : "so",
      "whiteSpace" : false
    }, {
      "id" : "s0-t18",
      "begin" : 80,
      "end" : 86,
      "text" : "amazed",
      "whiteSpace" : false
    }, {
      "id" : "s0-t19",
      "begin" : 87,
      "end" : 91,
      "text" : "with",
      "whiteSpace" : false
    }, {
      "id" : "s0-t20",
      "begin" : 92,
      "end" : 95,
      "text" : "the",
      "whiteSpace" : false
    }, {
      "id" : "s0-t21",
      "begin" : 96,
      "end" : 100,
      "text" : "ease",
      "whiteSpace" : false
    }, {
      "id" : "s0-t22",
      "begin" : 101,
      "end" : 102,
      "text" : ",",
      "whiteSpace" : false
    }, {
      "id" : "s0-t23",
      "begin" : 103,
      "end" : 114,
      "text" : "convenience",
      "whiteSpace" : false
    }, {
      "id" : "s0-t24",
      "begin" : 115,
      "end" : 118,
      "text" : "and",
      "whiteSpace" : false
    }, {
      "id" : "s0-t25",
      "begin" : 119,
      "end" : 132,
      "text" : "functionality",
      "whiteSpace" : false
    }, {
      "id" : "s0-t26",
      "begin" : 134,
      "end" : 138,
      "text" : "this",
      "whiteSpace" : false
    }, {
      "id" : "s0-t27",
      "begin" : 139,
      "end" : 142,
      "text" : "hue",
      "whiteSpace" : false
    }, {
      "id" : "s0-t28",
      "begin" : 143,
      "end" : 150,
      "text" : "product",
      "whiteSpace" : false
    }, {
      "id" : "s0-t29",
      "begin" : 151,
      "end" : 155,
      "text" : "that",
      "whiteSpace" : false
    }, {
      "id" : "s0-t30",
      "begin" : 156,
      "end" : 157,
      "text" : "I",
      "whiteSpace" : false
    }, {
      "id" : "s0-t31",
      "begin" : 158,
      "end" : 164,
      "text" : "cannot",
      "whiteSpace" : false
    }, {
      "id" : "s0-t32",
      "begin" : 165,
      "end" : 173,
      "text" : "hesitate",
      "whiteSpace" : false
    }, {
      "id" : "s0-t33",
      "begin" : 174,
      "end" : 176,
      "text" : "in",
      "whiteSpace" : false
    }, {
      "id" : "s0-t34",
      "begin" : 177,
      "end" : 189,
      "text" : "recommending",
      "whiteSpace" : false
    }, {
      "id" : "s0-t35",
      "begin" : 190,
      "end" : 192,
      "text" : "to",
      "whiteSpace" : false
    }, {
      "id" : "s0-t36",
      "begin" : 193,
      "end" : 201,
      "text" : "purchase",
      "whiteSpace" : false
    }, {
      "id" : "s0-t37",
      "begin" : 202,
      "end" : 206,
      "text" : "this",
      "whiteSpace" : false
    }, {
      "id" : "s0-t38",
      "begin" : 207,
      "end" : 211,
      "text" : "item",
      "whiteSpace" : false
    }, {
      "id" : "s0-t39",
      "begin" : 212,
      "end" : 213,
      "text" : ".",
      "whiteSpace" : false
    } ]
  }, {
    "id" : "s1",
    "begin" : 214,
    "end" : 306,
    "text" : "I myself have recommended a few friends and I have shown the functionality off this product.",
    "tokens" : [ {
      "id" : "s1-t0",
      "begin" : 214,
      "end" : 215,
      "text" : "I",
      "whiteSpace" : false
    }, {
      "id" : "s1-t1",
      "begin" : 216,
      "end" : 222,
      "text" : "myself",
      "whiteSpace" : false
    }, {
      "id" : "s1-t2",
      "begin" : 223,
      "end" : 227,
      "text" : "have",
      "whiteSpace" : false
    }, {
      "id" : "s1-t3",
      "begin" : 228,
      "end" : 239,
      "text" : "recommended",
      "whiteSpace" : false
    }, {
      "id" : "s1-t4",
      "begin" : 240,
      "end" : 241,
      "text" : "a",
      "whiteSpace" : false
    }, {
      "id" : "s1-t5",
      "begin" : 242,
      "end" : 245,
      "text" : "few",
      "whiteSpace" : false
    }, {
      "id" : "s1-t6",
      "begin" : 246,
      "end" : 253,
      "text" : "friends",
      "whiteSpace" : false
    }, {
      "id" : "s1-t7",
      "begin" : 254,
      "end" : 257,
      "text" : "and",
      "whiteSpace" : false
    }, {
      "id" : "s1-t8",
      "begin" : 258,
      "end" : 259,
      "text" : "I",
      "whiteSpace" : false
    }, {
      "id" : "s1-t9",
      "begin" : 260,
      "end" : 264,
      "text" : "have",
      "whiteSpace" : false
    }, {
      "id" : "s1-t10",
      "begin" : 265,
      "end" : 270,
      "text" : "shown",
      "whiteSpace" : false
    }, {
      "id" : "s1-t11",
      "begin" : 271,
      "end" : 274,
      "text" : "the",
      "whiteSpace" : false
    }, {
      "id" : "s1-t12",
      "begin" : 275,
      "end" : 288,
      "text" : "functionality",
      "whiteSpace" : false
    }, {
      "id" : "s1-t13",
      "begin" : 289,
      "end" : 292,
      "text" : "off",
      "whiteSpace" : false
    }, {
      "id" : "s1-t14",
      "begin" : 293,
      "end" : 297,
      "text" : "this",
      "whiteSpace" : false
    }, {
      "id" : "s1-t15",
      "begin" : 298,
      "end" : 305,
      "text" : "product",
      "whiteSpace" : false
    }, {
      "id" : "s1-t16",
      "begin" : 305,
      "end" : 306,
      "text" : ".",
      "whiteSpace" : false
    } ]
  }, {
    "id" : "s2",
    "begin" : 307,
    "end" : 378,
    "text" : "plenty of apps for this product, to work with OS X and of course IOS 9.",
    "tokens" : [ {
      "id" : "s2-t0",
      "begin" : 307,
      "end" : 313,
      "text" : "plenty",
      "whiteSpace" : false
    }, {
      "id" : "s2-t1",
      "begin" : 314,
      "end" : 316,
      "text" : "of",
      "whiteSpace" : false
    }, {
      "id" : "s2-t2",
      "begin" : 317,
      "end" : 321,
      "text" : "apps",
      "whiteSpace" : false
    }, {
      "id" : "s2-t3",
      "begin" : 322,
      "end" : 325,
      "text" : "for",
      "whiteSpace" : false
    }, {
      "id" : "s2-t4",
      "begin" : 326,
      "end" : 330,
      "text" : "this",
      "whiteSpace" : false
    }, {
      "id" : "s2-t5",
      "begin" : 331,
      "end" : 338,
      "text" : "product",
      "whiteSpace" : false
    }, {
      "id" : "s2-t6",
      "begin" : 338,
      "end" : 339,
      "text" : ",",
      "whiteSpace" : false
    }, {
      "id" : "s2-t7",
      "begin" : 340,
      "end" : 342,
      "text" : "to",
      "whiteSpace" : false
    }, {
      "id" : "s2-t8",
      "begin" : 343,
      "end" : 347,
      "text" : "work",
      "whiteSpace" : false
    }, {
      "id" : "s2-t9",
      "begin" : 348,
      "end" : 352,
      "text" : "with",
      "whiteSpace" : false
    }, {
      "id" : "s2-t10",
      "begin" : 353,
      "end" : 355,
      "text" : "OS",
      "whiteSpace" : false
    }, {
      "id" : "s2-t11",
      "begin" : 356,
      "end" : 357,
      "text" : "X",
      "whiteSpace" : false
    }, {
      "id" : "s2-t12",
      "begin" : 358,
      "end" : 361,
      "text" : "and",
      "whiteSpace" : false
    }, {
      "id" : "s2-t13",
      "begin" : 362,
      "end" : 364,
      "text" : "of",
      "whiteSpace" : false
    }, {
      "id" : "s2-t14",
      "begin" : 365,
      "end" : 371,
      "text" : "course",
      "whiteSpace" : false
    }, {
      "id" : "s2-t15",
      "begin" : 372,
      "end" : 375,
      "text" : "IOS",
      "whiteSpace" : false
    }, {
      "id" : "s2-t16",
      "begin" : 376,
      "end" : 377,
      "text" : "9",
      "whiteSpace" : false
    }, {
      "id" : "s2-t17",
      "begin" : 377,
      "end" : 378,
      "text" : ".",
      "whiteSpace" : false
    } ]
  }, {
    "id" : "s3",
    "begin" : 379,
    "end" : 479,
    "text" : "I found the best apps are free to work with your OS X which does not limit you to use your IOS only.",
    "tokens" : [ {
      "id" : "s3-t0",
      "begin" : 379,
      "end" : 380,
      "text" : "I",
      "whiteSpace" : false
    }, {
      "id" : "s3-t1",
      "begin" : 381,
      "end" : 386,
      "text" : "found",
      "whiteSpace" : false
    }, {
      "id" : "s3-t2",
      "begin" : 387,
      "end" : 390,
      "text" : "the",
      "whiteSpace" : false
    }, {
      "id" : "s3-t3",
      "begin" : 391,
      "end" : 395,
      "text" : "best",
      "whiteSpace" : false
    }, {
      "id" : "s3-t4",
      "begin" : 396,
      "end" : 400,
      "text" : "apps",
      "whiteSpace" : false
    }, {
      "id" : "s3-t5",
      "begin" : 401,
      "end" : 404,
      "text" : "are",
      "whiteSpace" : false
    }, {
      "id" : "s3-t6",
      "begin" : 405,
      "end" : 409,
      "text" : "free",
      "whiteSpace" : false
    }, {
      "id" : "s3-t7",
      "begin" : 410,
      "end" : 412,
      "text" : "to",
      "whiteSpace" : false
    }, {
      "id" : "s3-t8",
      "begin" : 413,
      "end" : 417,
      "text" : "work",
      "whiteSpace" : false
    }, {
      "id" : "s3-t9",
      "begin" : 418,
      "end" : 422,
      "text" : "with",
      "whiteSpace" : false
    }, {
      "id" : "s3-t10",
      "begin" : 423,
      "end" : 427,
      "text" : "your",
      "whiteSpace" : false
    }, {
      "id" : "s3-t11",
      "begin" : 428,
      "end" : 430,
      "text" : "OS",
      "whiteSpace" : false
    }, {
      "id" : "s3-t12",
      "begin" : 431,
      "end" : 432,
      "text" : "X",
      "whiteSpace" : false
    }, {
      "id" : "s3-t13",
      "begin" : 433,
      "end" : 438,
      "text" : "which",
      "whiteSpace" : false
    }, {
      "id" : "s3-t14",
      "begin" : 439,
      "end" : 443,
      "text" : "does",
      "whiteSpace" : false
    }, {
      "id" : "s3-t15",
      "begin" : 444,
      "end" : 447,
      "text" : "not",
      "whiteSpace" : false
    }, {
      "id" : "s3-t16",
      "begin" : 448,
      "end" : 453,
      "text" : "limit",
      "whiteSpace" : false
    }, {
      "id" : "s3-t17",
      "begin" : 454,
      "end" : 457,
      "text" : "you",
      "whiteSpace" : false
    }, {
      "id" : "s3-t18",
      "begin" : 458,
      "end" : 460,
      "text" : "to",
      "whiteSpace" : false
    }, {
      "id" : "s3-t19",
      "begin" : 461,
      "end" : 464,
      "text" : "use",
      "whiteSpace" : false
    }, {
      "id" : "s3-t20",
      "begin" : 465,
      "end" : 469,
      "text" : "your",
      "whiteSpace" : false
    }, {
      "id" : "s3-t21",
      "begin" : 470,
      "end" : 473,
      "text" : "IOS",
      "whiteSpace" : false
    }, {
      "id" : "s3-t22",
      "begin" : 474,
      "end" : 478,
      "text" : "only",
      "whiteSpace" : false
    }, {
      "id" : "s3-t23",
      "begin" : 478,
      "end" : 479,
      "text" : ".",
      "whiteSpace" : false
    } ]
  }, {
    "id" : "s4",
    "begin" : 480,
    "end" : 759,
    "text" : "Initial cost is worth it, it really makes a difference to control your environment as you please, I am a quadriplegic and only have functionality of my Apple products and discuss giving me freedom that I cannot explain, just enjoy...hope you will consider and enjoy this product.",
    "tokens" : [ {
      "id" : "s4-t0",
      "begin" : 480,
      "end" : 487,
      "text" : "Initial",
      "whiteSpace" : false
    }, {
      "id" : "s4-t1",
      "begin" : 488,
      "end" : 492,
      "text" : "cost",
      "whiteSpace" : false
    }, {
      "id" : "s4-t2",
      "begin" : 493,
      "end" : 495,
      "text" : "is",
      "whiteSpace" : false
    }, {
      "id" : "s4-t3",
      "begin" : 496,
      "end" : 501,
      "text" : "worth",
      "whiteSpace" : false
    }, {
      "id" : "s4-t4",
      "begin" : 502,
      "end" : 504,
      "text" : "it",
      "whiteSpace" : false
    }, {
      "id" : "s4-t5",
      "begin" : 504,
      "end" : 505,
      "text" : ",",
      "whiteSpace" : false
    }, {
      "id" : "s4-t6",
      "begin" : 506,
      "end" : 508,
      "text" : "it",
      "whiteSpace" : false
    }, {
      "id" : "s4-t7",
      "begin" : 509,
      "end" : 515,
      "text" : "really",
      "whiteSpace" : false
    }, {
      "id" : "s4-t8",
      "begin" : 516,
      "end" : 521,
      "text" : "makes",
      "whiteSpace" : false
    }, {
      "id" : "s4-t9",
      "begin" : 522,
      "end" : 523,
      "text" : "a",
      "whiteSpace" : false
    }, {
      "id" : "s4-t10",
      "begin" : 524,
      "end" : 534,
      "text" : "difference",
      "whiteSpace" : false
    }, {
      "id" : "s4-t11",
      "begin" : 535,
      "end" : 537,
      "text" : "to",
      "whiteSpace" : false
    }, {
      "id" : "s4-t12",
      "begin" : 538,
      "end" : 545,
      "text" : "control",
      "whiteSpace" : false
    }, {
      "id" : "s4-t13",
      "begin" : 546,
      "end" : 550,
      "text" : "your",
      "whiteSpace" : false
    }, {
      "id" : "s4-t14",
      "begin" : 551,
      "end" : 562,
      "text" : "environment",
      "whiteSpace" : false
    }, {
      "id" : "s4-t15",
      "begin" : 563,
      "end" : 565,
      "text" : "as",
      "whiteSpace" : false
    }, {
      "id" : "s4-t16",
      "begin" : 566,
      "end" : 569,
      "text" : "you",
      "whiteSpace" : false
    }, {
      "id" : "s4-t17",
      "begin" : 570,
      "end" : 576,
      "text" : "please",
      "whiteSpace" : false
    }, {
      "id" : "s4-t18",
      "begin" : 576,
      "end" : 577,
      "text" : ",",
      "whiteSpace" : false
    }, {
      "id" : "s4-t19",
      "begin" : 578,
      "end" : 579,
      "text" : "I",
      "whiteSpace" : false
    }, {
      "id" : "s4-t20",
      "begin" : 580,
      "end" : 582,
      "text" : "am",
      "whiteSpace" : false
    }, {
      "id" : "s4-t21",
      "begin" : 583,
      "end" : 584,
      "text" : "a",
      "whiteSpace" : false
    }, {
      "id" : "s4-t22",
      "begin" : 585,
      "end" : 597,
      "text" : "quadriplegic",
      "whiteSpace" : false
    }, {
      "id" : "s4-t23",
      "begin" : 598,
      "end" : 601,
      "text" : "and",
      "whiteSpace" : false
    }, {
      "id" : "s4-t24",
      "begin" : 602,
      "end" : 606,
      "text" : "only",
      "whiteSpace" : false
    }, {
      "id" : "s4-t25",
      "begin" : 607,
      "end" : 611,
      "text" : "have",
      "whiteSpace" : false
    }, {
      "id" : "s4-t26",
      "begin" : 612,
      "end" : 625,
      "text" : "functionality",
      "whiteSpace" : false
    }, {
      "id" : "s4-t27",
      "begin" : 626,
      "end" : 628,
      "text" : "of",
      "whiteSpace" : false
    }, {
      "id" : "s4-t28",
      "begin" : 629,
      "end" : 631,
      "text" : "my",
      "whiteSpace" : false
    }, {
      "id" : "s4-t29",
      "begin" : 632,
      "end" : 637,
      "text" : "Apple",
      "whiteSpace" : false
    }, {
      "id" : "s4-t30",
      "begin" : 638,
      "end" : 646,
      "text" : "products",
      "whiteSpace" : false
    }, {
      "id" : "s4-t31",
      "begin" : 647,
      "end" : 650,
      "text" : "and",
      "whiteSpace" : false
    }, {
      "id" : "s4-t32",
      "begin" : 651,
      "end" : 658,
      "text" : "discuss",
      "whiteSpace" : false
    }, {
      "id" : "s4-t33",
      "begin" : 659,
      "end" : 665,
      "text" : "giving",
      "whiteSpace" : false
    }, {
      "id" : "s4-t34",
      "begin" : 666,
      "end" : 668,
      "text" : "me",
      "whiteSpace" : false
    }, {
      "id" : "s4-t35",
      "begin" : 669,
      "end" : 676,
      "text" : "freedom",
      "whiteSpace" : false
    }, {
      "id" : "s4-t36",
      "begin" : 677,
      "end" : 681,
      "text" : "that",
      "whiteSpace" : false
    }, {
      "id" : "s4-t37",
      "begin" : 682,
      "end" : 683,
      "text" : "I",
      "whiteSpace" : false
    }, {
      "id" : "s4-t38",
      "begin" : 684,
      "end" : 690,
      "text" : "cannot",
      "whiteSpace" : false
    }, {
      "id" : "s4-t39",
      "begin" : 691,
      "end" : 698,
      "text" : "explain",
      "whiteSpace" : false
    }, {
      "id" : "s4-t40",
      "begin" : 698,
      "end" : 699,
      "text" : ",",
      "whiteSpace" : false
    }, {
      "id" : "s4-t41",
      "begin" : 700,
      "end" : 704,
      "text" : "just",
      "whiteSpace" : false
    }, {
      "id" : "s4-t42",
      "begin" : 705,
      "end" : 710,
      "text" : "enjoy",
      "whiteSpace" : false
    }, {
      "id" : "s4-t43",
      "begin" : 710,
      "end" : 713,
      "text" : "...",
      "whiteSpace" : false
    }, {
      "id" : "s4-t44",
      "begin" : 713,
      "end" : 717,
      "text" : "hope",
      "whiteSpace" : false
    }, {
      "id" : "s4-t45",
      "begin" : 718,
      "end" : 721,
      "text" : "you",
      "whiteSpace" : false
    }, {
      "id" : "s4-t46",
      "begin" : 722,
      "end" : 726,
      "text" : "will",
      "whiteSpace" : false
    }, {
      "id" : "s4-t47",
      "begin" : 727,
      "end" : 735,
      "text" : "consider",
      "whiteSpace" : false
    }, {
      "id" : "s4-t48",
      "begin" : 736,
      "end" : 739,
      "text" : "and",
      "whiteSpace" : false
    }, {
      "id" : "s4-t49",
      "begin" : 740,
      "end" : 745,
      "text" : "enjoy",
      "whiteSpace" : false
    }, {
      "id" : "s4-t50",
      "begin" : 746,
      "end" : 750,
      "text" : "this",
      "whiteSpace" : false
    }, {
      "id" : "s4-t51",
      "begin" : 751,
      "end" : 758,
      "text" : "product",
      "whiteSpace" : false
    }, {
      "id" : "s4-t52",
      "begin" : 758,
      "end" : 759,
      "text" : ".",
      "whiteSpace" : false
    } ]
  } ],
  "mentions" : [ {
    "id" : "544829889633929__113200145-M0",
    "properties" : {
      "SIRE_MENTION_CLASS" : "SPC",
      "SIRE_ENTITY_CLASS" : "SPC",
      "SIRE_MENTION_ROLE" : "Consumer",
      "SIRE_MENTION_TYPE" : "NONE",
      "SIRE_ENTITY_LEVEL" : "NONE",
      "SIRE_ENTITY_SUBTYPE" : "NONE"
    },
    "type" : "Consumer",
    "begin" : 0,
    "end" : 1,
    "inCoref" : true
  }, {
    "id" : "s0-m5",
    "properties" : {
      "SIRE_MENTION_ROLE" : "Product",
      "SIRE_ENTITY_SUBTYPE" : "NONE",
      "SIRE_MENTION_TYPE" : "NONE",
      "SIRE_MENTION_CLASS" : "SPC"
    },
    "type" : "Product",
    "begin" : 26,
    "end" : 38,
    "inCoref" : true
  }, {
    "id" : "544829889633929__113200145-M1",
    "properties" : {
      "SIRE_MENTION_CLASS" : "SPC",
      "SIRE_ENTITY_CLASS" : "SPC",
      "SIRE_MENTION_ROLE" : "Consumer",
      "SIRE_MENTION_TYPE" : "NONE",
      "SIRE_ENTITY_LEVEL" : "NONE",
      "SIRE_ENTITY_SUBTYPE" : "NONE"
    },
    "type" : "Consumer",
    "begin" : 53,
    "end" : 54,
    "inCoref" : true
  }, {
    "id" : "544829889633929__113200145-M2",
    "properties" : {
      "SIRE_MENTION_CLASS" : "SPC",
      "SIRE_ENTITY_CLASS" : "SPC",
      "SIRE_MENTION_ROLE" : "Consumer",
      "SIRE_MENTION_TYPE" : "NONE",
      "SIRE_ENTITY_LEVEL" : "NONE",
      "SIRE_ENTITY_SUBTYPE" : "NONE"
    },
    "type" : "Consumer",
    "begin" : 65,
    "end" : 66,
    "inCoref" : true
  }, {
    "id" : "s0-m6",
    "properties" : {
      "SIRE_MENTION_ROLE" : "Feature",
      "SIRE_ENTITY_SUBTYPE" : "NONE",
      "SIRE_MENTION_TYPE" : "NONE",
      "SIRE_MENTION_CLASS" : "SPC"
    },
    "type" : "Feature",
    "begin" : 96,
    "end" : 100,
    "inCoref" : false
  }, {
    "id" : "s0-m7",
    "properties" : {
      "SIRE_MENTION_ROLE" : "Feature",
      "SIRE_ENTITY_SUBTYPE" : "NONE",
      "SIRE_MENTION_TYPE" : "NONE",
      "SIRE_MENTION_CLASS" : "SPC"
    },
    "type" : "Feature",
    "begin" : 103,
    "end" : 114,
    "inCoref" : false
  }, {
    "id" : "s0-m8",
    "properties" : {
      "SIRE_MENTION_ROLE" : "Feature",
      "SIRE_ENTITY_SUBTYPE" : "NONE",
      "SIRE_MENTION_TYPE" : "NONE",
      "SIRE_MENTION_CLASS" : "SPC"
    },
    "type" : "Feature",
    "begin" : 119,
    "end" : 132,
    "inCoref" : false
  }, {
    "id" : "s0-m10",
    "properties" : {
      "SIRE_MENTION_ROLE" : "Product",
      "SIRE_ENTITY_SUBTYPE" : "NONE",
      "SIRE_MENTION_TYPE" : "NONE",
      "SIRE_MENTION_CLASS" : "SPC"
    },
    "type" : "Product",
    "begin" : 139,
    "end" : 150,
    "inCoref" : true
  }, {
    "id" : "s0-m9",
    "properties" : {
      "SIRE_MENTION_ROLE" : "Company",
      "SIRE_ENTITY_SUBTYPE" : "NONE",
      "SIRE_MENTION_TYPE" : "NONE",
      "SIRE_MENTION_CLASS" : "SPC"
    },
    "type" : "Company",
    "begin" : 139,
    "end" : 142,
    "inCoref" : false
  }, {
    "id" : "544829889633929__113200145-M3",
    "properties" : {
      "SIRE_MENTION_CLASS" : "SPC",
      "SIRE_ENTITY_CLASS" : "SPC",
      "SIRE_MENTION_ROLE" : "Consumer",
      "SIRE_MENTION_TYPE" : "NONE",
      "SIRE_ENTITY_LEVEL" : "NONE",
      "SIRE_ENTITY_SUBTYPE" : "NONE"
    },
    "type" : "Consumer",
    "begin" : 156,
    "end" : 157,
    "inCoref" : true
  }, {
    "id" : "s0-m11",
    "properties" : {
      "SIRE_MENTION_ROLE" : "Product",
      "SIRE_ENTITY_SUBTYPE" : "NONE",
      "SIRE_MENTION_TYPE" : "NONE",
      "SIRE_MENTION_CLASS" : "SPC"
    },
    "type" : "Product",
    "begin" : 202,
    "end" : 211,
    "inCoref" : true
  }, {
    "id" : "544829889633929__113200145-M4",
    "properties" : {
      "SIRE_MENTION_CLASS" : "SPC",
      "SIRE_ENTITY_CLASS" : "SPC",
      "SIRE_MENTION_ROLE" : "Consumer",
      "SIRE_MENTION_TYPE" : "NONE",
      "SIRE_ENTITY_LEVEL" : "NONE",
      "SIRE_ENTITY_SUBTYPE" : "NONE"
    },
    "type" : "Consumer",
    "begin" : 214,
    "end" : 215,
    "inCoref" : true
  }, {
    "id" : "544829889633929__113200145-M5",
    "properties" : {
      "SIRE_MENTION_CLASS" : "SPC",
      "SIRE_ENTITY_CLASS" : "SPC",
      "SIRE_MENTION_ROLE" : "Consumer",
      "SIRE_MENTION_TYPE" : "NONE",
      "SIRE_ENTITY_LEVEL" : "NONE",
      "SIRE_ENTITY_SUBTYPE" : "NONE"
    },
    "type" : "Consumer",
    "begin" : 258,
    "end" : 259,
    "inCoref" : true
  }, {
    "id" : "s1-m3",
    "properties" : {
      "SIRE_MENTION_ROLE" : "Product",
      "SIRE_ENTITY_SUBTYPE" : "NONE",
      "SIRE_MENTION_TYPE" : "NONE",
      "SIRE_MENTION_CLASS" : "SPC"
    },
    "type" : "Product",
    "begin" : 293,
    "end" : 305,
    "inCoref" : true
  }, {
    "id" : "s2-m4",
    "properties" : {
      "SIRE_MENTION_ROLE" : "Feature",
      "SIRE_ENTITY_SUBTYPE" : "NONE",
      "SIRE_MENTION_TYPE" : "NONE",
      "SIRE_MENTION_CLASS" : "SPC"
    },
    "type" : "Feature",
    "begin" : 317,
    "end" : 321,
    "inCoref" : false
  }, {
    "id" : "s2-m3",
    "properties" : {
      "SIRE_MENTION_ROLE" : "Product",
      "SIRE_ENTITY_SUBTYPE" : "NONE",
      "SIRE_MENTION_TYPE" : "NONE",
      "SIRE_MENTION_CLASS" : "SPC"
    },
    "type" : "Product",
    "begin" : 326,
    "end" : 338,
    "inCoref" : true
  }, {
    "id" : "s2-m1",
    "properties" : {
      "SIRE_MENTION_ROLE" : "Product",
      "SIRE_ENTITY_SUBTYPE" : "NONE",
      "SIRE_MENTION_TYPE" : "NONE",
      "SIRE_MENTION_CLASS" : "SPC"
    },
    "type" : "Product",
    "begin" : 353,
    "end" : 357,
    "inCoref" : true
  }, {
    "id" : "s2-m2",
    "properties" : {
      "SIRE_MENTION_ROLE" : "Product",
      "SIRE_ENTITY_SUBTYPE" : "NONE",
      "SIRE_MENTION_TYPE" : "NONE",
      "SIRE_MENTION_CLASS" : "SPC"
    },
    "type" : "Product",
    "begin" : 372,
    "end" : 377,
    "inCoref" : true
  }, {
    "id" : "544829889633929__113200145-M6",
    "properties" : {
      "SIRE_MENTION_CLASS" : "SPC",
      "SIRE_ENTITY_CLASS" : "SPC",
      "SIRE_MENTION_ROLE" : "Consumer",
      "SIRE_MENTION_TYPE" : "NONE",
      "SIRE_ENTITY_LEVEL" : "NONE",
      "SIRE_ENTITY_SUBTYPE" : "NONE"
    },
    "type" : "Consumer",
    "begin" : 379,
    "end" : 380,
    "inCoref" : true
  }, {
    "id" : "s3-m3",
    "properties" : {
      "SIRE_MENTION_ROLE" : "Descriptor",
      "SIRE_ENTITY_SUBTYPE" : "NONE",
      "SIRE_MENTION_TYPE" : "NONE",
      "SIRE_MENTION_CLASS" : "SPC"
    },
    "type" : "Descriptor",
    "begin" : 391,
    "end" : 395,
    "inCoref" : false
  }, {
    "id" : "s3-m2",
    "properties" : {
      "SIRE_MENTION_ROLE" : "Feature",
      "SIRE_ENTITY_SUBTYPE" : "NONE",
      "SIRE_MENTION_TYPE" : "NONE",
      "SIRE_MENTION_CLASS" : "SPC"
    },
    "type" : "Feature",
    "begin" : 396,
    "end" : 400,
    "inCoref" : false
  }, {
    "id" : "s3-m5",
    "properties" : {
      "SIRE_MENTION_ROLE" : "Descriptor",
      "SIRE_ENTITY_SUBTYPE" : "NONE",
      "SIRE_MENTION_TYPE" : "NONE",
      "SIRE_MENTION_CLASS" : "SPC"
    },
    "type" : "Descriptor",
    "begin" : 405,
    "end" : 409,
    "inCoref" : false
  }, {
    "id" : "s3-m6",
    "properties" : {
      "SIRE_MENTION_ROLE" : "Product",
      "SIRE_ENTITY_SUBTYPE" : "NONE",
      "SIRE_MENTION_TYPE" : "NONE",
      "SIRE_MENTION_CLASS" : "SPC"
    },
    "type" : "Product",
    "begin" : 428,
    "end" : 432,
    "inCoref" : true
  }, {
    "id" : "s3-m7",
    "properties" : {
      "SIRE_MENTION_ROLE" : "Product",
      "SIRE_ENTITY_SUBTYPE" : "NONE",
      "SIRE_MENTION_TYPE" : "NONE",
      "SIRE_MENTION_CLASS" : "SPC"
    },
    "type" : "Product",
    "begin" : 470,
    "end" : 473,
    "inCoref" : true
  }, {
    "id" : "s4-m5",
    "properties" : {
      "SIRE_MENTION_ROLE" : "Price",
      "SIRE_ENTITY_SUBTYPE" : "NONE",
      "SIRE_MENTION_TYPE" : "NONE",
      "SIRE_MENTION_CLASS" : "SPC"
    },
    "type" : "Price",
    "begin" : 480,
    "end" : 492,
    "inCoref" : false
  }, {
    "id" : "s4-m6",
    "properties" : {
      "SIRE_MENTION_ROLE" : "Feature",
      "SIRE_ENTITY_SUBTYPE" : "NONE",
      "SIRE_MENTION_TYPE" : "NONE",
      "SIRE_MENTION_CLASS" : "SPC"
    },
    "type" : "Feature",
    "begin" : 524,
    "end" : 576,
    "inCoref" : false
  }, {
    "id" : "544829889633929__113200145-M7",
    "properties" : {
      "SIRE_MENTION_CLASS" : "SPC",
      "SIRE_ENTITY_CLASS" : "SPC",
      "SIRE_MENTION_ROLE" : "Consumer",
      "SIRE_MENTION_TYPE" : "NONE",
      "SIRE_ENTITY_LEVEL" : "NONE",
      "SIRE_ENTITY_SUBTYPE" : "NONE"
    },
    "type" : "Consumer",
    "begin" : 578,
    "end" : 579,
    "inCoref" : true
  }, {
    "id" : "544829889633929__113200145-M8",
    "properties" : {
      "SIRE_MENTION_CLASS" : "SPC",
      "SIRE_ENTITY_CLASS" : "SPC",
      "SIRE_MENTION_ROLE" : "Company",
      "SIRE_MENTION_TYPE" : "NONE",
      "SIRE_ENTITY_LEVEL" : "NONE",
      "SIRE_ENTITY_SUBTYPE" : "NONE"
    },
    "type" : "Company",
    "begin" : 632,
    "end" : 637,
    "inCoref" : false
  }, {
    "id" : "544829889633929__113200145-M9",
    "properties" : {
      "SIRE_MENTION_CLASS" : "SPC",
      "SIRE_ENTITY_CLASS" : "SPC",
      "SIRE_MENTION_ROLE" : "Consumer",
      "SIRE_MENTION_TYPE" : "NONE",
      "SIRE_ENTITY_LEVEL" : "NONE",
      "SIRE_ENTITY_SUBTYPE" : "NONE"
    },
    "type" : "Consumer",
    "begin" : 666,
    "end" : 668,
    "inCoref" : true
  }, {
    "id" : "544829889633929__113200145-M10",
    "properties" : {
      "SIRE_MENTION_CLASS" : "SPC",
      "SIRE_ENTITY_CLASS" : "SPC",
      "SIRE_MENTION_ROLE" : "Consumer",
      "SIRE_MENTION_TYPE" : "NONE",
      "SIRE_ENTITY_LEVEL" : "NONE",
      "SIRE_ENTITY_SUBTYPE" : "NONE"
    },
    "type" : "Consumer",
    "begin" : 682,
    "end" : 683,
    "inCoref" : true
  } ],
  "relations" : [ {
    "id" : "s0-r1",
    "properties" : { },
    "type" : "madeBy",
    "args" : [ "s0-m10", "s0-m9" ]
  }, {
    "id" : "s0-r2",
    "properties" : { },
    "type" : "madeBy",
    "args" : [ "s0-m11", "s0-m9" ]
  }, {
    "id" : "s0-r3",
    "properties" : { },
    "type" : "madeBy",
    "args" : [ "s0-m5", "s0-m9" ]
  }, {
    "id" : "s0-r4",
    "properties" : { },
    "type" : "hasFeature",
    "args" : [ "s0-m10", "s0-m8" ]
  }, {
    "id" : "s0-r5",
    "properties" : { },
    "type" : "hasFeature",
    "args" : [ "s0-m10", "s0-m7" ]
  }, {
    "id" : "s0-r6",
    "properties" : { },
    "type" : "hasFeature",
    "args" : [ "s0-m10", "s0-m6" ]
  }, {
    "id" : "s0-r7",
    "properties" : { },
    "type" : "hasFeature",
    "args" : [ "s0-m11", "s0-m8" ]
  }, {
    "id" : "s0-r8",
    "properties" : { },
    "type" : "hasFeature",
    "args" : [ "s0-m11", "s0-m7" ]
  }, {
    "id" : "s0-r9",
    "properties" : { },
    "type" : "hasFeature",
    "args" : [ "s0-m11", "s0-m6" ]
  }, {
    "id" : "s0-r10",
    "properties" : { },
    "type" : "hasFeature",
    "args" : [ "s0-m5", "s0-m6" ]
  }, {
    "id" : "s0-r11",
    "properties" : { },
    "type" : "hasFeature",
    "args" : [ "s0-m5", "s0-m7" ]
  }, {
    "id" : "s0-r12",
    "properties" : { },
    "type" : "hasFeature",
    "args" : [ "s0-m5", "s0-m8" ]
  }, {
    "id" : "s3-r1",
    "properties" : { },
    "type" : "hasQuality",
    "args" : [ "s3-m2", "s3-m3" ]
  }, {
    "id" : "s3-r2",
    "properties" : { },
    "type" : "hasQuality",
    "args" : [ "s3-m2", "s3-m5" ]
  }, {
    "id" : "s3-r3",
    "properties" : { },
    "type" : "hasFeature",
    "args" : [ "s3-m6", "s3-m2" ]
  }, {
    "id" : "s3-r4",
    "properties" : { },
    "type" : "hasFeature",
    "args" : [ "s3-m7", "s3-m2" ]
  } ],
  "corefs" : [ {
    "id" : "c1",
    "properties" : { },
    "mentions" : [ "s0-m5", "s1-m3", "s2-m3", "s0-m11", "s0-m10" ]
  }, {
    "id" : "c2",
    "properties" : { },
    "mentions" : [ "s2-m2", "s3-m7" ]
  }, {
    "id" : "c3",
    "properties" : { },
    "mentions" : [ "s2-m1", "s3-m6" ]
  }, {
    "id" : "c4",
    "properties" : { },
    "mentions" : [ "544829889633929__113200145-M10", "544829889633929__113200145-M9", "544829889633929__113200145-M7", "544829889633929__113200145-M6", "544829889633929__113200145-M4", "544829889633929__113200145-M0", "544829889633929__113200145-M5", "544829889633929__113200145-M1", "544829889633929__113200145-M2", "544829889633929__113200145-M3" ]
  } ],
  "typeResolved" : true,
  "userResolved" : true
}