{
  "id" : "d442e3a2-8558-4659-89ed-fe6d3041fee7-4",
  "modifiedDate" : 1468337051243,
  "name" : "review70.txt",
  "version" : 2,
  "text" : "I purchased the Ring Video Doorbell a few months ago and must say that I would be lost without it now. It is a fantastic product. Installation was easy as the product comes with clear instructions and everything you will need to install the product (apart from a drill).... it even comes with a little spirit level. Even myself, a woman who is not the greatest at DIY, managed to install it myself. Easy to connect to WiFi, set the sensitivity range and zones and was installed and working in no time at all. I had to contact Ring's customer service as I managed to drop and lose one of the small security screws which screws into the bottom of the doorbell and I must stay..... Ring's Customer Services are excellent. I have yet to come across another company in the last few years that has such great service. I have found the video recordings are great and can be downloaded onto your smart device for keeping. One small comment I will make........There is live feed through the Ring Video doorbell if you have it hardwired (which I do not), but I understand that Ring may be rolling this out to their battery operated doorbells too.... which I am hoping for. Overall, I highly recommend the Ring Video Doorbell.",
  "docLength" : 1215,
  "language" : "EN",
  "status" : "READY",
  "documentSet" : [ ],
  "sentences" : [ {
    "id" : "s0",
    "begin" : 0,
    "end" : 102,
    "text" : "I purchased the Ring Video Doorbell a few months ago and must say that I would be lost without it now.",
    "tokens" : [ {
      "id" : "s0-t0",
      "begin" : 0,
      "end" : 1,
      "text" : "I",
      "whiteSpace" : false
    }, {
      "id" : "s0-t1",
      "begin" : 2,
      "end" : 11,
      "text" : "purchased",
      "whiteSpace" : false
    }, {
      "id" : "s0-t2",
      "begin" : 12,
      "end" : 15,
      "text" : "the",
      "whiteSpace" : false
    }, {
      "id" : "s0-t3",
      "begin" : 16,
      "end" : 20,
      "text" : "Ring",
      "whiteSpace" : false
    }, {
      "id" : "s0-t4",
      "begin" : 21,
      "end" : 26,
      "text" : "Video",
      "whiteSpace" : false
    }, {
      "id" : "s0-t5",
      "begin" : 27,
      "end" : 35,
      "text" : "Doorbell",
      "whiteSpace" : false
    }, {
      "id" : "s0-t6",
      "begin" : 36,
      "end" : 37,
      "text" : "a",
      "whiteSpace" : false
    }, {
      "id" : "s0-t7",
      "begin" : 38,
      "end" : 41,
      "text" : "few",
      "whiteSpace" : false
    }, {
      "id" : "s0-t8",
      "begin" : 42,
      "end" : 48,
      "text" : "months",
      "whiteSpace" : false
    }, {
      "id" : "s0-t9",
      "begin" : 49,
      "end" : 52,
      "text" : "ago",
      "whiteSpace" : false
    }, {
      "id" : "s0-t10",
      "begin" : 53,
      "end" : 56,
      "text" : "and",
      "whiteSpace" : false
    }, {
      "id" : "s0-t11",
      "begin" : 57,
      "end" : 61,
      "text" : "must",
      "whiteSpace" : false
    }, {
      "id" : "s0-t12",
      "begin" : 62,
      "end" : 65,
      "text" : "say",
      "whiteSpace" : false
    }, {
      "id" : "s0-t13",
      "begin" : 66,
      "end" : 70,
      "text" : "that",
      "whiteSpace" : false
    }, {
      "id" : "s0-t14",
      "begin" : 71,
      "end" : 72,
      "text" : "I",
      "whiteSpace" : false
    }, {
      "id" : "s0-t15",
      "begin" : 73,
      "end" : 78,
      "text" : "would",
      "whiteSpace" : false
    }, {
      "id" : "s0-t16",
      "begin" : 79,
      "end" : 81,
      "text" : "be",
      "whiteSpace" : false
    }, {
      "id" : "s0-t17",
      "begin" : 82,
      "end" : 86,
      "text" : "lost",
      "whiteSpace" : false
    }, {
      "id" : "s0-t18",
      "begin" : 87,
      "end" : 94,
      "text" : "without",
      "whiteSpace" : false
    }, {
      "id" : "s0-t19",
      "begin" : 95,
      "end" : 97,
      "text" : "it",
      "whiteSpace" : false
    }, {
      "id" : "s0-t20",
      "begin" : 98,
      "end" : 101,
      "text" : "now",
      "whiteSpace" : false
    }, {
      "id" : "s0-t21",
      "begin" : 101,
      "end" : 102,
      "text" : ".",
      "whiteSpace" : false
    } ]
  }, {
    "id" : "s1",
    "begin" : 103,
    "end" : 129,
    "text" : "It is a fantastic product.",
    "tokens" : [ {
      "id" : "s1-t0",
      "begin" : 103,
      "end" : 105,
      "text" : "It",
      "whiteSpace" : false
    }, {
      "id" : "s1-t1",
      "begin" : 106,
      "end" : 108,
      "text" : "is",
      "whiteSpace" : false
    }, {
      "id" : "s1-t2",
      "begin" : 109,
      "end" : 110,
      "text" : "a",
      "whiteSpace" : false
    }, {
      "id" : "s1-t3",
      "begin" : 111,
      "end" : 120,
      "text" : "fantastic",
      "whiteSpace" : false
    }, {
      "id" : "s1-t4",
      "begin" : 121,
      "end" : 128,
      "text" : "product",
      "whiteSpace" : false
    }, {
      "id" : "s1-t5",
      "begin" : 128,
      "end" : 129,
      "text" : ".",
      "whiteSpace" : false
    } ]
  }, {
    "id" : "s2",
    "begin" : 130,
    "end" : 315,
    "text" : "Installation was easy as the product comes with clear instructions and everything you will need to install the product (apart from a drill).... it even comes with a little spirit level.",
    "tokens" : [ {
      "id" : "s2-t0",
      "begin" : 130,
      "end" : 142,
      "text" : "Installation",
      "whiteSpace" : false
    }, {
      "id" : "s2-t1",
      "begin" : 143,
      "end" : 146,
      "text" : "was",
      "whiteSpace" : false
    }, {
      "id" : "s2-t2",
      "begin" : 147,
      "end" : 151,
      "text" : "easy",
      "whiteSpace" : false
    }, {
      "id" : "s2-t3",
      "begin" : 152,
      "end" : 154,
      "text" : "as",
      "whiteSpace" : false
    }, {
      "id" : "s2-t4",
      "begin" : 155,
      "end" : 158,
      "text" : "the",
      "whiteSpace" : false
    }, {
      "id" : "s2-t5",
      "begin" : 159,
      "end" : 166,
      "text" : "product",
      "whiteSpace" : false
    }, {
      "id" : "s2-t6",
      "begin" : 167,
      "end" : 172,
      "text" : "comes",
      "whiteSpace" : false
    }, {
      "id" : "s2-t7",
      "begin" : 173,
      "end" : 177,
      "text" : "with",
      "whiteSpace" : false
    }, {
      "id" : "s2-t8",
      "begin" : 178,
      "end" : 183,
      "text" : "clear",
      "whiteSpace" : false
    }, {
      "id" : "s2-t9",
      "begin" : 184,
      "end" : 196,
      "text" : "instructions",
      "whiteSpace" : false
    }, {
      "id" : "s2-t10",
      "begin" : 197,
      "end" : 200,
      "text" : "and",
      "whiteSpace" : false
    }, {
      "id" : "s2-t11",
      "begin" : 201,
      "end" : 211,
      "text" : "everything",
      "whiteSpace" : false
    }, {
      "id" : "s2-t12",
      "begin" : 212,
      "end" : 215,
      "text" : "you",
      "whiteSpace" : false
    }, {
      "id" : "s2-t13",
      "begin" : 216,
      "end" : 220,
      "text" : "will",
      "whiteSpace" : false
    }, {
      "id" : "s2-t14",
      "begin" : 221,
      "end" : 225,
      "text" : "need",
      "whiteSpace" : false
    }, {
      "id" : "s2-t15",
      "begin" : 226,
      "end" : 228,
      "text" : "to",
      "whiteSpace" : false
    }, {
      "id" : "s2-t16",
      "begin" : 229,
      "end" : 236,
      "text" : "install",
      "whiteSpace" : false
    }, {
      "id" : "s2-t17",
      "begin" : 237,
      "end" : 240,
      "text" : "the",
      "whiteSpace" : false
    }, {
      "id" : "s2-t18",
      "begin" : 241,
      "end" : 248,
      "text" : "product",
      "whiteSpace" : false
    }, {
      "id" : "s2-t19",
      "begin" : 249,
      "end" : 250,
      "text" : "(",
      "whiteSpace" : false
    }, {
      "id" : "s2-t20",
      "begin" : 250,
      "end" : 255,
      "text" : "apart",
      "whiteSpace" : false
    }, {
      "id" : "s2-t21",
      "begin" : 256,
      "end" : 260,
      "text" : "from",
      "whiteSpace" : false
    }, {
      "id" : "s2-t22",
      "begin" : 261,
      "end" : 262,
      "text" : "a",
      "whiteSpace" : false
    }, {
      "id" : "s2-t23",
      "begin" : 263,
      "end" : 268,
      "text" : "drill",
      "whiteSpace" : false
    }, {
      "id" : "s2-t24",
      "begin" : 268,
      "end" : 269,
      "text" : ")",
      "whiteSpace" : false
    }, {
      "id" : "s2-t25",
      "begin" : 269,
      "end" : 273,
      "text" : "....",
      "whiteSpace" : false
    }, {
      "id" : "s2-t26",
      "begin" : 274,
      "end" : 276,
      "text" : "it",
      "whiteSpace" : false
    }, {
      "id" : "s2-t27",
      "begin" : 277,
      "end" : 281,
      "text" : "even",
      "whiteSpace" : false
    }, {
      "id" : "s2-t28",
      "begin" : 282,
      "end" : 287,
      "text" : "comes",
      "whiteSpace" : false
    }, {
      "id" : "s2-t29",
      "begin" : 288,
      "end" : 292,
      "text" : "with",
      "whiteSpace" : false
    }, {
      "id" : "s2-t30",
      "begin" : 293,
      "end" : 294,
      "text" : "a",
      "whiteSpace" : false
    }, {
      "id" : "s2-t31",
      "begin" : 295,
      "end" : 301,
      "text" : "little",
      "whiteSpace" : false
    }, {
      "id" : "s2-t32",
      "begin" : 302,
      "end" : 308,
      "text" : "spirit",
      "whiteSpace" : false
    }, {
      "id" : "s2-t33",
      "begin" : 309,
      "end" : 314,
      "text" : "level",
      "whiteSpace" : false
    }, {
      "id" : "s2-t34",
      "begin" : 314,
      "end" : 315,
      "text" : ".",
      "whiteSpace" : false
    } ]
  }, {
    "id" : "s3",
    "begin" : 316,
    "end" : 398,
    "text" : "Even myself, a woman who is not the greatest at DIY, managed to install it myself.",
    "tokens" : [ {
      "id" : "s3-t0",
      "begin" : 316,
      "end" : 320,
      "text" : "Even",
      "whiteSpace" : false
    }, {
      "id" : "s3-t1",
      "begin" : 321,
      "end" : 327,
      "text" : "myself",
      "whiteSpace" : false
    }, {
      "id" : "s3-t2",
      "begin" : 327,
      "end" : 328,
      "text" : ",",
      "whiteSpace" : false
    }, {
      "id" : "s3-t3",
      "begin" : 329,
      "end" : 330,
      "text" : "a",
      "whiteSpace" : false
    }, {
      "id" : "s3-t4",
      "begin" : 331,
      "end" : 336,
      "text" : "woman",
      "whiteSpace" : false
    }, {
      "id" : "s3-t5",
      "begin" : 337,
      "end" : 340,
      "text" : "who",
      "whiteSpace" : false
    }, {
      "id" : "s3-t6",
      "begin" : 341,
      "end" : 343,
      "text" : "is",
      "whiteSpace" : false
    }, {
      "id" : "s3-t7",
      "begin" : 344,
      "end" : 347,
      "text" : "not",
      "whiteSpace" : false
    }, {
      "id" : "s3-t8",
      "begin" : 348,
      "end" : 351,
      "text" : "the",
      "whiteSpace" : false
    }, {
      "id" : "s3-t9",
      "begin" : 352,
      "end" : 360,
      "text" : "greatest",
      "whiteSpace" : false
    }, {
      "id" : "s3-t10",
      "begin" : 361,
      "end" : 363,
      "text" : "at",
      "whiteSpace" : false
    }, {
      "id" : "s3-t11",
      "begin" : 364,
      "end" : 367,
      "text" : "DIY",
      "whiteSpace" : false
    }, {
      "id" : "s3-t12",
      "begin" : 367,
      "end" : 368,
      "text" : ",",
      "whiteSpace" : false
    }, {
      "id" : "s3-t13",
      "begin" : 369,
      "end" : 376,
      "text" : "managed",
      "whiteSpace" : false
    }, {
      "id" : "s3-t14",
      "begin" : 377,
      "end" : 379,
      "text" : "to",
      "whiteSpace" : false
    }, {
      "id" : "s3-t15",
      "begin" : 380,
      "end" : 387,
      "text" : "install",
      "whiteSpace" : false
    }, {
      "id" : "s3-t16",
      "begin" : 388,
      "end" : 390,
      "text" : "it",
      "whiteSpace" : false
    }, {
      "id" : "s3-t17",
      "begin" : 391,
      "end" : 397,
      "text" : "myself",
      "whiteSpace" : false
    }, {
      "id" : "s3-t18",
      "begin" : 397,
      "end" : 398,
      "text" : ".",
      "whiteSpace" : false
    } ]
  }, {
    "id" : "s4",
    "begin" : 399,
    "end" : 508,
    "text" : "Easy to connect to WiFi, set the sensitivity range and zones and was installed and working in no time at all.",
    "tokens" : [ {
      "id" : "s4-t0",
      "begin" : 399,
      "end" : 403,
      "text" : "Easy",
      "whiteSpace" : false
    }, {
      "id" : "s4-t1",
      "begin" : 404,
      "end" : 406,
      "text" : "to",
      "whiteSpace" : false
    }, {
      "id" : "s4-t2",
      "begin" : 407,
      "end" : 414,
      "text" : "connect",
      "whiteSpace" : false
    }, {
      "id" : "s4-t3",
      "begin" : 415,
      "end" : 417,
      "text" : "to",
      "whiteSpace" : false
    }, {
      "id" : "s4-t4",
      "begin" : 418,
      "end" : 422,
      "text" : "WiFi",
      "whiteSpace" : false
    }, {
      "id" : "s4-t5",
      "begin" : 422,
      "end" : 423,
      "text" : ",",
      "whiteSpace" : false
    }, {
      "id" : "s4-t6",
      "begin" : 424,
      "end" : 427,
      "text" : "set",
      "whiteSpace" : false
    }, {
      "id" : "s4-t7",
      "begin" : 428,
      "end" : 431,
      "text" : "the",
      "whiteSpace" : false
    }, {
      "id" : "s4-t8",
      "begin" : 432,
      "end" : 443,
      "text" : "sensitivity",
      "whiteSpace" : false
    }, {
      "id" : "s4-t9",
      "begin" : 444,
      "end" : 449,
      "text" : "range",
      "whiteSpace" : false
    }, {
      "id" : "s4-t10",
      "begin" : 450,
      "end" : 453,
      "text" : "and",
      "whiteSpace" : false
    }, {
      "id" : "s4-t11",
      "begin" : 454,
      "end" : 459,
      "text" : "zones",
      "whiteSpace" : false
    }, {
      "id" : "s4-t12",
      "begin" : 460,
      "end" : 463,
      "text" : "and",
      "whiteSpace" : false
    }, {
      "id" : "s4-t13",
      "begin" : 464,
      "end" : 467,
      "text" : "was",
      "whiteSpace" : false
    }, {
      "id" : "s4-t14",
      "begin" : 468,
      "end" : 477,
      "text" : "installed",
      "whiteSpace" : false
    }, {
      "id" : "s4-t15",
      "begin" : 478,
      "end" : 481,
      "text" : "and",
      "whiteSpace" : false
    }, {
      "id" : "s4-t16",
      "begin" : 482,
      "end" : 489,
      "text" : "working",
      "whiteSpace" : false
    }, {
      "id" : "s4-t17",
      "begin" : 490,
      "end" : 492,
      "text" : "in",
      "whiteSpace" : false
    }, {
      "id" : "s4-t18",
      "begin" : 493,
      "end" : 495,
      "text" : "no",
      "whiteSpace" : false
    }, {
      "id" : "s4-t19",
      "begin" : 496,
      "end" : 500,
      "text" : "time",
      "whiteSpace" : false
    }, {
      "id" : "s4-t20",
      "begin" : 501,
      "end" : 503,
      "text" : "at",
      "whiteSpace" : false
    }, {
      "id" : "s4-t21",
      "begin" : 504,
      "end" : 507,
      "text" : "all",
      "whiteSpace" : false
    }, {
      "id" : "s4-t22",
      "begin" : 507,
      "end" : 508,
      "text" : ".",
      "whiteSpace" : false
    } ]
  }, {
    "id" : "s5",
    "begin" : 509,
    "end" : 718,
    "text" : "I had to contact Ring's customer service as I managed to drop and lose one of the small security screws which screws into the bottom of the doorbell and I must stay..... Ring's Customer Services are excellent.",
    "tokens" : [ {
      "id" : "s5-t0",
      "begin" : 509,
      "end" : 510,
      "text" : "I",
      "whiteSpace" : false
    }, {
      "id" : "s5-t1",
      "begin" : 511,
      "end" : 514,
      "text" : "had",
      "whiteSpace" : false
    }, {
      "id" : "s5-t2",
      "begin" : 515,
      "end" : 517,
      "text" : "to",
      "whiteSpace" : false
    }, {
      "id" : "s5-t3",
      "begin" : 518,
      "end" : 525,
      "text" : "contact",
      "whiteSpace" : false
    }, {
      "id" : "s5-t4",
      "begin" : 526,
      "end" : 530,
      "text" : "Ring",
      "whiteSpace" : false
    }, {
      "id" : "s5-t5",
      "begin" : 530,
      "end" : 532,
      "text" : "'s",
      "whiteSpace" : false
    }, {
      "id" : "s5-t6",
      "begin" : 533,
      "end" : 541,
      "text" : "customer",
      "whiteSpace" : false
    }, {
      "id" : "s5-t7",
      "begin" : 542,
      "end" : 549,
      "text" : "service",
      "whiteSpace" : false
    }, {
      "id" : "s5-t8",
      "begin" : 550,
      "end" : 552,
      "text" : "as",
      "whiteSpace" : false
    }, {
      "id" : "s5-t9",
      "begin" : 553,
      "end" : 554,
      "text" : "I",
      "whiteSpace" : false
    }, {
      "id" : "s5-t10",
      "begin" : 555,
      "end" : 562,
      "text" : "managed",
      "whiteSpace" : false
    }, {
      "id" : "s5-t11",
      "begin" : 563,
      "end" : 565,
      "text" : "to",
      "whiteSpace" : false
    }, {
      "id" : "s5-t12",
      "begin" : 566,
      "end" : 570,
      "text" : "drop",
      "whiteSpace" : false
    }, {
      "id" : "s5-t13",
      "begin" : 571,
      "end" : 574,
      "text" : "and",
      "whiteSpace" : false
    }, {
      "id" : "s5-t14",
      "begin" : 575,
      "end" : 579,
      "text" : "lose",
      "whiteSpace" : false
    }, {
      "id" : "s5-t15",
      "begin" : 580,
      "end" : 583,
      "text" : "one",
      "whiteSpace" : false
    }, {
      "id" : "s5-t16",
      "begin" : 584,
      "end" : 586,
      "text" : "of",
      "whiteSpace" : false
    }, {
      "id" : "s5-t17",
      "begin" : 587,
      "end" : 590,
      "text" : "the",
      "whiteSpace" : false
    }, {
      "id" : "s5-t18",
      "begin" : 591,
      "end" : 596,
      "text" : "small",
      "whiteSpace" : false
    }, {
      "id" : "s5-t19",
      "begin" : 597,
      "end" : 605,
      "text" : "security",
      "whiteSpace" : false
    }, {
      "id" : "s5-t20",
      "begin" : 606,
      "end" : 612,
      "text" : "screws",
      "whiteSpace" : false
    }, {
      "id" : "s5-t21",
      "begin" : 613,
      "end" : 618,
      "text" : "which",
      "whiteSpace" : false
    }, {
      "id" : "s5-t22",
      "begin" : 619,
      "end" : 625,
      "text" : "screws",
      "whiteSpace" : false
    }, {
      "id" : "s5-t23",
      "begin" : 626,
      "end" : 630,
      "text" : "into",
      "whiteSpace" : false
    }, {
      "id" : "s5-t24",
      "begin" : 631,
      "end" : 634,
      "text" : "the",
      "whiteSpace" : false
    }, {
      "id" : "s5-t25",
      "begin" : 635,
      "end" : 641,
      "text" : "bottom",
      "whiteSpace" : false
    }, {
      "id" : "s5-t26",
      "begin" : 642,
      "end" : 644,
      "text" : "of",
      "whiteSpace" : false
    }, {
      "id" : "s5-t27",
      "begin" : 645,
      "end" : 648,
      "text" : "the",
      "whiteSpace" : false
    }, {
      "id" : "s5-t28",
      "begin" : 649,
      "end" : 657,
      "text" : "doorbell",
      "whiteSpace" : false
    }, {
      "id" : "s5-t29",
      "begin" : 658,
      "end" : 661,
      "text" : "and",
      "whiteSpace" : false
    }, {
      "id" : "s5-t30",
      "begin" : 662,
      "end" : 663,
      "text" : "I",
      "whiteSpace" : false
    }, {
      "id" : "s5-t31",
      "begin" : 664,
      "end" : 668,
      "text" : "must",
      "whiteSpace" : false
    }, {
      "id" : "s5-t32",
      "begin" : 669,
      "end" : 673,
      "text" : "stay",
      "whiteSpace" : false
    }, {
      "id" : "s5-t33",
      "begin" : 673,
      "end" : 678,
      "text" : ".....",
      "whiteSpace" : false
    }, {
      "id" : "s5-t34",
      "begin" : 679,
      "end" : 683,
      "text" : "Ring",
      "whiteSpace" : false
    }, {
      "id" : "s5-t35",
      "begin" : 683,
      "end" : 685,
      "text" : "'s",
      "whiteSpace" : false
    }, {
      "id" : "s5-t36",
      "begin" : 686,
      "end" : 694,
      "text" : "Customer",
      "whiteSpace" : false
    }, {
      "id" : "s5-t37",
      "begin" : 695,
      "end" : 703,
      "text" : "Services",
      "whiteSpace" : false
    }, {
      "id" : "s5-t38",
      "begin" : 704,
      "end" : 707,
      "text" : "are",
      "whiteSpace" : false
    }, {
      "id" : "s5-t39",
      "begin" : 708,
      "end" : 717,
      "text" : "excellent",
      "whiteSpace" : false
    }, {
      "id" : "s5-t40",
      "begin" : 717,
      "end" : 718,
      "text" : ".",
      "whiteSpace" : false
    } ]
  }, {
    "id" : "s6",
    "begin" : 719,
    "end" : 811,
    "text" : "I have yet to come across another company in the last few years that has such great service.",
    "tokens" : [ {
      "id" : "s6-t0",
      "begin" : 719,
      "end" : 720,
      "text" : "I",
      "whiteSpace" : false
    }, {
      "id" : "s6-t1",
      "begin" : 721,
      "end" : 725,
      "text" : "have",
      "whiteSpace" : false
    }, {
      "id" : "s6-t2",
      "begin" : 726,
      "end" : 729,
      "text" : "yet",
      "whiteSpace" : false
    }, {
      "id" : "s6-t3",
      "begin" : 730,
      "end" : 732,
      "text" : "to",
      "whiteSpace" : false
    }, {
      "id" : "s6-t4",
      "begin" : 733,
      "end" : 737,
      "text" : "come",
      "whiteSpace" : false
    }, {
      "id" : "s6-t5",
      "begin" : 738,
      "end" : 744,
      "text" : "across",
      "whiteSpace" : false
    }, {
      "id" : "s6-t6",
      "begin" : 745,
      "end" : 752,
      "text" : "another",
      "whiteSpace" : false
    }, {
      "id" : "s6-t7",
      "begin" : 753,
      "end" : 760,
      "text" : "company",
      "whiteSpace" : false
    }, {
      "id" : "s6-t8",
      "begin" : 761,
      "end" : 763,
      "text" : "in",
      "whiteSpace" : false
    }, {
      "id" : "s6-t9",
      "begin" : 764,
      "end" : 767,
      "text" : "the",
      "whiteSpace" : false
    }, {
      "id" : "s6-t10",
      "begin" : 768,
      "end" : 772,
      "text" : "last",
      "whiteSpace" : false
    }, {
      "id" : "s6-t11",
      "begin" : 773,
      "end" : 776,
      "text" : "few",
      "whiteSpace" : false
    }, {
      "id" : "s6-t12",
      "begin" : 777,
      "end" : 782,
      "text" : "years",
      "whiteSpace" : false
    }, {
      "id" : "s6-t13",
      "begin" : 783,
      "end" : 787,
      "text" : "that",
      "whiteSpace" : false
    }, {
      "id" : "s6-t14",
      "begin" : 788,
      "end" : 791,
      "text" : "has",
      "whiteSpace" : false
    }, {
      "id" : "s6-t15",
      "begin" : 792,
      "end" : 796,
      "text" : "such",
      "whiteSpace" : false
    }, {
      "id" : "s6-t16",
      "begin" : 797,
      "end" : 802,
      "text" : "great",
      "whiteSpace" : false
    }, {
      "id" : "s6-t17",
      "begin" : 803,
      "end" : 810,
      "text" : "service",
      "whiteSpace" : false
    }, {
      "id" : "s6-t18",
      "begin" : 810,
      "end" : 811,
      "text" : ".",
      "whiteSpace" : false
    } ]
  }, {
    "id" : "s7",
    "begin" : 812,
    "end" : 913,
    "text" : "I have found the video recordings are great and can be downloaded onto your smart device for keeping.",
    "tokens" : [ {
      "id" : "s7-t0",
      "begin" : 812,
      "end" : 813,
      "text" : "I",
      "whiteSpace" : false
    }, {
      "id" : "s7-t1",
      "begin" : 814,
      "end" : 818,
      "text" : "have",
      "whiteSpace" : false
    }, {
      "id" : "s7-t2",
      "begin" : 819,
      "end" : 824,
      "text" : "found",
      "whiteSpace" : false
    }, {
      "id" : "s7-t3",
      "begin" : 825,
      "end" : 828,
      "text" : "the",
      "whiteSpace" : false
    }, {
      "id" : "s7-t4",
      "begin" : 829,
      "end" : 834,
      "text" : "video",
      "whiteSpace" : false
    }, {
      "id" : "s7-t5",
      "begin" : 835,
      "end" : 845,
      "text" : "recordings",
      "whiteSpace" : false
    }, {
      "id" : "s7-t6",
      "begin" : 846,
      "end" : 849,
      "text" : "are",
      "whiteSpace" : false
    }, {
      "id" : "s7-t7",
      "begin" : 850,
      "end" : 855,
      "text" : "great",
      "whiteSpace" : false
    }, {
      "id" : "s7-t8",
      "begin" : 856,
      "end" : 859,
      "text" : "and",
      "whiteSpace" : false
    }, {
      "id" : "s7-t9",
      "begin" : 860,
      "end" : 863,
      "text" : "can",
      "whiteSpace" : false
    }, {
      "id" : "s7-t10",
      "begin" : 864,
      "end" : 866,
      "text" : "be",
      "whiteSpace" : false
    }, {
      "id" : "s7-t11",
      "begin" : 867,
      "end" : 877,
      "text" : "downloaded",
      "whiteSpace" : false
    }, {
      "id" : "s7-t12",
      "begin" : 878,
      "end" : 882,
      "text" : "onto",
      "whiteSpace" : false
    }, {
      "id" : "s7-t13",
      "begin" : 883,
      "end" : 887,
      "text" : "your",
      "whiteSpace" : false
    }, {
      "id" : "s7-t14",
      "begin" : 888,
      "end" : 893,
      "text" : "smart",
      "whiteSpace" : false
    }, {
      "id" : "s7-t15",
      "begin" : 894,
      "end" : 900,
      "text" : "device",
      "whiteSpace" : false
    }, {
      "id" : "s7-t16",
      "begin" : 901,
      "end" : 904,
      "text" : "for",
      "whiteSpace" : false
    }, {
      "id" : "s7-t17",
      "begin" : 905,
      "end" : 912,
      "text" : "keeping",
      "whiteSpace" : false
    }, {
      "id" : "s7-t18",
      "begin" : 912,
      "end" : 913,
      "text" : ".",
      "whiteSpace" : false
    } ]
  }, {
    "id" : "s8",
    "begin" : 914,
    "end" : 1162,
    "text" : "One small comment I will make........There is live feed through the Ring Video doorbell if you have it hardwired (which I do not), but I understand that Ring may be rolling this out to their battery operated doorbells too.... which I am hoping for.",
    "tokens" : [ {
      "id" : "s8-t0",
      "begin" : 914,
      "end" : 917,
      "text" : "One",
      "whiteSpace" : false
    }, {
      "id" : "s8-t1",
      "begin" : 918,
      "end" : 923,
      "text" : "small",
      "whiteSpace" : false
    }, {
      "id" : "s8-t2",
      "begin" : 924,
      "end" : 931,
      "text" : "comment",
      "whiteSpace" : false
    }, {
      "id" : "s8-t3",
      "begin" : 932,
      "end" : 933,
      "text" : "I",
      "whiteSpace" : false
    }, {
      "id" : "s8-t4",
      "begin" : 934,
      "end" : 938,
      "text" : "will",
      "whiteSpace" : false
    }, {
      "id" : "s8-t5",
      "begin" : 939,
      "end" : 943,
      "text" : "make",
      "whiteSpace" : false
    }, {
      "id" : "s8-t6",
      "begin" : 943,
      "end" : 951,
      "text" : "........",
      "whiteSpace" : false
    }, {
      "id" : "s8-t7",
      "begin" : 951,
      "end" : 956,
      "text" : "There",
      "whiteSpace" : false
    }, {
      "id" : "s8-t8",
      "begin" : 957,
      "end" : 959,
      "text" : "is",
      "whiteSpace" : false
    }, {
      "id" : "s8-t9",
      "begin" : 960,
      "end" : 964,
      "text" : "live",
      "whiteSpace" : false
    }, {
      "id" : "s8-t10",
      "begin" : 965,
      "end" : 969,
      "text" : "feed",
      "whiteSpace" : false
    }, {
      "id" : "s8-t11",
      "begin" : 970,
      "end" : 977,
      "text" : "through",
      "whiteSpace" : false
    }, {
      "id" : "s8-t12",
      "begin" : 978,
      "end" : 981,
      "text" : "the",
      "whiteSpace" : false
    }, {
      "id" : "s8-t13",
      "begin" : 982,
      "end" : 986,
      "text" : "Ring",
      "whiteSpace" : false
    }, {
      "id" : "s8-t14",
      "begin" : 987,
      "end" : 992,
      "text" : "Video",
      "whiteSpace" : false
    }, {
      "id" : "s8-t15",
      "begin" : 993,
      "end" : 1001,
      "text" : "doorbell",
      "whiteSpace" : false
    }, {
      "id" : "s8-t16",
      "begin" : 1002,
      "end" : 1004,
      "text" : "if",
      "whiteSpace" : false
    }, {
      "id" : "s8-t17",
      "begin" : 1005,
      "end" : 1008,
      "text" : "you",
      "whiteSpace" : false
    }, {
      "id" : "s8-t18",
      "begin" : 1009,
      "end" : 1013,
      "text" : "have",
      "whiteSpace" : false
    }, {
      "id" : "s8-t19",
      "begin" : 1014,
      "end" : 1016,
      "text" : "it",
      "whiteSpace" : false
    }, {
      "id" : "s8-t20",
      "begin" : 1017,
      "end" : 1026,
      "text" : "hardwired",
      "whiteSpace" : false
    }, {
      "id" : "s8-t21",
      "begin" : 1027,
      "end" : 1028,
      "text" : "(",
      "whiteSpace" : false
    }, {
      "id" : "s8-t22",
      "begin" : 1028,
      "end" : 1033,
      "text" : "which",
      "whiteSpace" : false
    }, {
      "id" : "s8-t23",
      "begin" : 1034,
      "end" : 1035,
      "text" : "I",
      "whiteSpace" : false
    }, {
      "id" : "s8-t24",
      "begin" : 1036,
      "end" : 1038,
      "text" : "do",
      "whiteSpace" : false
    }, {
      "id" : "s8-t25",
      "begin" : 1039,
      "end" : 1042,
      "text" : "not",
      "whiteSpace" : false
    }, {
      "id" : "s8-t26",
      "begin" : 1042,
      "end" : 1043,
      "text" : ")",
      "whiteSpace" : false
    }, {
      "id" : "s8-t27",
      "begin" : 1043,
      "end" : 1044,
      "text" : ",",
      "whiteSpace" : false
    }, {
      "id" : "s8-t28",
      "begin" : 1045,
      "end" : 1048,
      "text" : "but",
      "whiteSpace" : false
    }, {
      "id" : "s8-t29",
      "begin" : 1049,
      "end" : 1050,
      "text" : "I",
      "whiteSpace" : false
    }, {
      "id" : "s8-t30",
      "begin" : 1051,
      "end" : 1061,
      "text" : "understand",
      "whiteSpace" : false
    }, {
      "id" : "s8-t31",
      "begin" : 1062,
      "end" : 1066,
      "text" : "that",
      "whiteSpace" : false
    }, {
      "id" : "s8-t32",
      "begin" : 1067,
      "end" : 1071,
      "text" : "Ring",
      "whiteSpace" : false
    }, {
      "id" : "s8-t33",
      "begin" : 1072,
      "end" : 1075,
      "text" : "may",
      "whiteSpace" : false
    }, {
      "id" : "s8-t34",
      "begin" : 1076,
      "end" : 1078,
      "text" : "be",
      "whiteSpace" : false
    }, {
      "id" : "s8-t35",
      "begin" : 1079,
      "end" : 1086,
      "text" : "rolling",
      "whiteSpace" : false
    }, {
      "id" : "s8-t36",
      "begin" : 1087,
      "end" : 1091,
      "text" : "this",
      "whiteSpace" : false
    }, {
      "id" : "s8-t37",
      "begin" : 1092,
      "end" : 1095,
      "text" : "out",
      "whiteSpace" : false
    }, {
      "id" : "s8-t38",
      "begin" : 1096,
      "end" : 1098,
      "text" : "to",
      "whiteSpace" : false
    }, {
      "id" : "s8-t39",
      "begin" : 1099,
      "end" : 1104,
      "text" : "their",
      "whiteSpace" : false
    }, {
      "id" : "s8-t40",
      "begin" : 1105,
      "end" : 1112,
      "text" : "battery",
      "whiteSpace" : false
    }, {
      "id" : "s8-t41",
      "begin" : 1113,
      "end" : 1121,
      "text" : "operated",
      "whiteSpace" : false
    }, {
      "id" : "s8-t42",
      "begin" : 1122,
      "end" : 1131,
      "text" : "doorbells",
      "whiteSpace" : false
    }, {
      "id" : "s8-t43",
      "begin" : 1132,
      "end" : 1135,
      "text" : "too",
      "whiteSpace" : false
    }, {
      "id" : "s8-t44",
      "begin" : 1135,
      "end" : 1139,
      "text" : "....",
      "whiteSpace" : false
    }, {
      "id" : "s8-t45",
      "begin" : 1140,
      "end" : 1145,
      "text" : "which",
      "whiteSpace" : false
    }, {
      "id" : "s8-t46",
      "begin" : 1146,
      "end" : 1147,
      "text" : "I",
      "whiteSpace" : false
    }, {
      "id" : "s8-t47",
      "begin" : 1148,
      "end" : 1150,
      "text" : "am",
      "whiteSpace" : false
    }, {
      "id" : "s8-t48",
      "begin" : 1151,
      "end" : 1157,
      "text" : "hoping",
      "whiteSpace" : false
    }, {
      "id" : "s8-t49",
      "begin" : 1158,
      "end" : 1161,
      "text" : "for",
      "whiteSpace" : false
    }, {
      "id" : "s8-t50",
      "begin" : 1161,
      "end" : 1162,
      "text" : ".",
      "whiteSpace" : false
    } ]
  }, {
    "id" : "s9",
    "begin" : 1163,
    "end" : 1215,
    "text" : "Overall, I highly recommend the Ring Video Doorbell.",
    "tokens" : [ {
      "id" : "s9-t0",
      "begin" : 1163,
      "end" : 1170,
      "text" : "Overall",
      "whiteSpace" : false
    }, {
      "id" : "s9-t1",
      "begin" : 1170,
      "end" : 1171,
      "text" : ",",
      "whiteSpace" : false
    }, {
      "id" : "s9-t2",
      "begin" : 1172,
      "end" : 1173,
      "text" : "I",
      "whiteSpace" : false
    }, {
      "id" : "s9-t3",
      "begin" : 1174,
      "end" : 1180,
      "text" : "highly",
      "whiteSpace" : false
    }, {
      "id" : "s9-t4",
      "begin" : 1181,
      "end" : 1190,
      "text" : "recommend",
      "whiteSpace" : false
    }, {
      "id" : "s9-t5",
      "begin" : 1191,
      "end" : 1194,
      "text" : "the",
      "whiteSpace" : false
    }, {
      "id" : "s9-t6",
      "begin" : 1195,
      "end" : 1199,
      "text" : "Ring",
      "whiteSpace" : false
    }, {
      "id" : "s9-t7",
      "begin" : 1200,
      "end" : 1205,
      "text" : "Video",
      "whiteSpace" : false
    }, {
      "id" : "s9-t8",
      "begin" : 1206,
      "end" : 1214,
      "text" : "Doorbell",
      "whiteSpace" : false
    }, {
      "id" : "s9-t9",
      "begin" : 1214,
      "end" : 1215,
      "text" : ".",
      "whiteSpace" : false
    } ]
  } ],
  "mentions" : [ {
    "id" : "1151251962910407__-785762719-M0",
    "source" : "PREANNOTATION",
    "properties" : {
      "SIRE_ENTITY_SUBTYPE" : "NONE",
      "SIRE_MENTION_CLASS" : "SPC",
      "SIRE_MENTION_TYPE" : "NONE",
      "SIRE_ENTITY_CLASS" : "SPC",
      "SIRE_ENTITY_LEVEL" : "NONE",
      "SIRE_MENTION_ROLE" : "Consumer"
    },
    "type" : "Consumer",
    "begin" : 0,
    "end" : 1,
    "inCoref" : true
  }, {
    "id" : "1151251962910407__-785762719-M1",
    "source" : "PREANNOTATION",
    "properties" : {
      "SIRE_ENTITY_SUBTYPE" : "NONE",
      "SIRE_MENTION_CLASS" : "SPC",
      "SIRE_MENTION_TYPE" : "NONE",
      "SIRE_ENTITY_CLASS" : "SPC",
      "SIRE_ENTITY_LEVEL" : "NONE",
      "SIRE_MENTION_ROLE" : "Company"
    },
    "type" : "Company",
    "begin" : 16,
    "end" : 20,
    "inCoref" : false
  }, {
    "id" : "1151251962910407__-785762719-M2",
    "source" : "PREANNOTATION",
    "properties" : {
      "SIRE_ENTITY_SUBTYPE" : "NONE",
      "SIRE_MENTION_CLASS" : "SPC",
      "SIRE_MENTION_TYPE" : "NONE",
      "SIRE_ENTITY_CLASS" : "SPC",
      "SIRE_ENTITY_LEVEL" : "NONE",
      "SIRE_MENTION_ROLE" : "Product"
    },
    "type" : "Product",
    "begin" : 27,
    "end" : 35,
    "inCoref" : true
  }, {
    "id" : "1151251962910407__-785762719-M3",
    "source" : "PREANNOTATION",
    "properties" : {
      "SIRE_ENTITY_SUBTYPE" : "NONE",
      "SIRE_MENTION_CLASS" : "SPC",
      "SIRE_MENTION_TYPE" : "NONE",
      "SIRE_ENTITY_CLASS" : "SPC",
      "SIRE_ENTITY_LEVEL" : "NONE",
      "SIRE_MENTION_ROLE" : "Consumer"
    },
    "type" : "Consumer",
    "begin" : 71,
    "end" : 72,
    "inCoref" : true
  }, {
    "id" : "1151251962910407__-785762719-M4",
    "source" : "PREANNOTATION",
    "properties" : {
      "SIRE_ENTITY_SUBTYPE" : "NONE",
      "SIRE_MENTION_CLASS" : "SPC",
      "SIRE_MENTION_TYPE" : "NONE",
      "SIRE_ENTITY_CLASS" : "SPC",
      "SIRE_ENTITY_LEVEL" : "NONE",
      "SIRE_MENTION_ROLE" : "Product"
    },
    "type" : "Product",
    "begin" : 103,
    "end" : 105,
    "inCoref" : true
  }, {
    "id" : "1151251962910407__-785762719-M5",
    "source" : "PREANNOTATION",
    "properties" : {
      "SIRE_ENTITY_SUBTYPE" : "NONE",
      "SIRE_MENTION_CLASS" : "SPC",
      "SIRE_MENTION_TYPE" : "NONE",
      "SIRE_ENTITY_CLASS" : "SPC",
      "SIRE_ENTITY_LEVEL" : "NONE",
      "SIRE_MENTION_ROLE" : "Descriptor"
    },
    "type" : "Descriptor",
    "begin" : 111,
    "end" : 120,
    "inCoref" : false
  }, {
    "id" : "1151251962910407__-785762719-M6",
    "source" : "PREANNOTATION",
    "properties" : {
      "SIRE_ENTITY_SUBTYPE" : "NONE",
      "SIRE_MENTION_CLASS" : "SPC",
      "SIRE_MENTION_TYPE" : "NONE",
      "SIRE_ENTITY_CLASS" : "SPC",
      "SIRE_ENTITY_LEVEL" : "NONE",
      "SIRE_MENTION_ROLE" : "Product"
    },
    "type" : "Product",
    "begin" : 121,
    "end" : 128,
    "inCoref" : true
  }, {
    "id" : "1151251962910407__-785762719-M7",
    "source" : "PREANNOTATION",
    "properties" : {
      "SIRE_ENTITY_SUBTYPE" : "NONE",
      "SIRE_MENTION_CLASS" : "SPC",
      "SIRE_MENTION_TYPE" : "NONE",
      "SIRE_ENTITY_CLASS" : "SPC",
      "SIRE_ENTITY_LEVEL" : "NONE",
      "SIRE_MENTION_ROLE" : "Feature"
    },
    "type" : "Feature",
    "begin" : 130,
    "end" : 142,
    "inCoref" : false
  }, {
    "id" : "1151251962910407__-785762719-M8",
    "source" : "PREANNOTATION",
    "properties" : {
      "SIRE_ENTITY_SUBTYPE" : "NONE",
      "SIRE_MENTION_CLASS" : "SPC",
      "SIRE_MENTION_TYPE" : "NONE",
      "SIRE_ENTITY_CLASS" : "SPC",
      "SIRE_ENTITY_LEVEL" : "NONE",
      "SIRE_MENTION_ROLE" : "Product"
    },
    "type" : "Product",
    "begin" : 159,
    "end" : 166,
    "inCoref" : true
  }, {
    "id" : "1151251962910407__-785762719-M9",
    "source" : "PREANNOTATION",
    "properties" : {
      "SIRE_ENTITY_SUBTYPE" : "NONE",
      "SIRE_MENTION_CLASS" : "SPC",
      "SIRE_MENTION_TYPE" : "NONE",
      "SIRE_ENTITY_CLASS" : "SPC",
      "SIRE_ENTITY_LEVEL" : "NONE",
      "SIRE_MENTION_ROLE" : "Feature"
    },
    "type" : "Feature",
    "begin" : 184,
    "end" : 196,
    "inCoref" : false
  }, {
    "id" : "1151251962910407__-785762719-M10",
    "source" : "PREANNOTATION",
    "properties" : {
      "SIRE_ENTITY_SUBTYPE" : "NONE",
      "SIRE_MENTION_CLASS" : "SPC",
      "SIRE_MENTION_TYPE" : "NONE",
      "SIRE_ENTITY_CLASS" : "SPC",
      "SIRE_ENTITY_LEVEL" : "NONE",
      "SIRE_MENTION_ROLE" : "Product"
    },
    "type" : "Product",
    "begin" : 241,
    "end" : 248,
    "inCoref" : true
  }, {
    "id" : "1151251962910407__-785762719-M11",
    "source" : "PREANNOTATION",
    "properties" : {
      "SIRE_ENTITY_SUBTYPE" : "NONE",
      "SIRE_MENTION_CLASS" : "SPC",
      "SIRE_MENTION_TYPE" : "NONE",
      "SIRE_ENTITY_CLASS" : "SPC",
      "SIRE_ENTITY_LEVEL" : "NONE",
      "SIRE_MENTION_ROLE" : "Descriptor"
    },
    "type" : "Descriptor",
    "begin" : 295,
    "end" : 314,
    "inCoref" : false
  }, {
    "id" : "1151251962910407__-785762719-M12",
    "source" : "PREANNOTATION",
    "properties" : {
      "SIRE_ENTITY_SUBTYPE" : "NONE",
      "SIRE_MENTION_CLASS" : "SPC",
      "SIRE_MENTION_TYPE" : "NONE",
      "SIRE_ENTITY_CLASS" : "SPC",
      "SIRE_ENTITY_LEVEL" : "NONE",
      "SIRE_MENTION_ROLE" : "Feature"
    },
    "type" : "Feature",
    "begin" : 432,
    "end" : 449,
    "inCoref" : false
  }, {
    "id" : "1151251962910407__-785762719-M13",
    "source" : "PREANNOTATION",
    "properties" : {
      "SIRE_ENTITY_SUBTYPE" : "NONE",
      "SIRE_MENTION_CLASS" : "SPC",
      "SIRE_MENTION_TYPE" : "NONE",
      "SIRE_ENTITY_CLASS" : "SPC",
      "SIRE_ENTITY_LEVEL" : "NONE",
      "SIRE_MENTION_ROLE" : "Feature"
    },
    "type" : "Feature",
    "begin" : 454,
    "end" : 459,
    "inCoref" : false
  }, {
    "id" : "1151251962910407__-785762719-M14",
    "source" : "PREANNOTATION",
    "properties" : {
      "SIRE_ENTITY_SUBTYPE" : "NONE",
      "SIRE_MENTION_CLASS" : "SPC",
      "SIRE_MENTION_TYPE" : "NONE",
      "SIRE_ENTITY_CLASS" : "SPC",
      "SIRE_ENTITY_LEVEL" : "NONE",
      "SIRE_MENTION_ROLE" : "Descriptor"
    },
    "type" : "Descriptor",
    "begin" : 468,
    "end" : 507,
    "inCoref" : false
  }, {
    "id" : "1151251962910407__-785762719-M15",
    "source" : "PREANNOTATION",
    "properties" : {
      "SIRE_ENTITY_SUBTYPE" : "NONE",
      "SIRE_MENTION_CLASS" : "SPC",
      "SIRE_MENTION_TYPE" : "NONE",
      "SIRE_ENTITY_CLASS" : "SPC",
      "SIRE_ENTITY_LEVEL" : "NONE",
      "SIRE_MENTION_ROLE" : "Consumer"
    },
    "type" : "Consumer",
    "begin" : 509,
    "end" : 510,
    "inCoref" : true
  }, {
    "id" : "1151251962910407__-785762719-M16",
    "source" : "PREANNOTATION",
    "properties" : {
      "SIRE_ENTITY_SUBTYPE" : "NONE",
      "SIRE_MENTION_CLASS" : "SPC",
      "SIRE_MENTION_TYPE" : "NONE",
      "SIRE_ENTITY_CLASS" : "SPC",
      "SIRE_ENTITY_LEVEL" : "NONE",
      "SIRE_MENTION_ROLE" : "Customer_Service"
    },
    "type" : "Customer_Service",
    "begin" : 533,
    "end" : 549,
    "inCoref" : true
  }, {
    "id" : "1151251962910407__-785762719-M17",
    "source" : "PREANNOTATION",
    "properties" : {
      "SIRE_ENTITY_SUBTYPE" : "NONE",
      "SIRE_MENTION_CLASS" : "SPC",
      "SIRE_MENTION_TYPE" : "NONE",
      "SIRE_ENTITY_CLASS" : "SPC",
      "SIRE_ENTITY_LEVEL" : "NONE",
      "SIRE_MENTION_ROLE" : "Consumer"
    },
    "type" : "Consumer",
    "begin" : 553,
    "end" : 554,
    "inCoref" : true
  }, {
    "id" : "1151251962910407__-785762719-M18",
    "source" : "PREANNOTATION",
    "properties" : {
      "SIRE_ENTITY_SUBTYPE" : "NONE",
      "SIRE_MENTION_CLASS" : "SPC",
      "SIRE_MENTION_TYPE" : "NONE",
      "SIRE_ENTITY_CLASS" : "SPC",
      "SIRE_ENTITY_LEVEL" : "NONE",
      "SIRE_MENTION_ROLE" : "Product"
    },
    "type" : "Product",
    "begin" : 649,
    "end" : 657,
    "inCoref" : true
  }, {
    "id" : "1151251962910407__-785762719-M19",
    "source" : "PREANNOTATION",
    "properties" : {
      "SIRE_ENTITY_SUBTYPE" : "NONE",
      "SIRE_MENTION_CLASS" : "SPC",
      "SIRE_MENTION_TYPE" : "NONE",
      "SIRE_ENTITY_CLASS" : "SPC",
      "SIRE_ENTITY_LEVEL" : "NONE",
      "SIRE_MENTION_ROLE" : "Consumer"
    },
    "type" : "Consumer",
    "begin" : 662,
    "end" : 663,
    "inCoref" : true
  }, {
    "id" : "1151251962910407__-785762719-M20",
    "source" : "PREANNOTATION",
    "properties" : {
      "SIRE_ENTITY_SUBTYPE" : "NONE",
      "SIRE_MENTION_CLASS" : "SPC",
      "SIRE_MENTION_TYPE" : "NONE",
      "SIRE_ENTITY_CLASS" : "SPC",
      "SIRE_ENTITY_LEVEL" : "NONE",
      "SIRE_MENTION_ROLE" : "Product"
    },
    "type" : "Product",
    "begin" : 679,
    "end" : 683,
    "inCoref" : true
  }, {
    "id" : "1151251962910407__-785762719-M21",
    "source" : "PREANNOTATION",
    "properties" : {
      "SIRE_ENTITY_SUBTYPE" : "NONE",
      "SIRE_MENTION_CLASS" : "SPC",
      "SIRE_MENTION_TYPE" : "NONE",
      "SIRE_ENTITY_CLASS" : "SPC",
      "SIRE_ENTITY_LEVEL" : "NONE",
      "SIRE_MENTION_ROLE" : "Customer_Service"
    },
    "type" : "Customer_Service",
    "begin" : 686,
    "end" : 703,
    "inCoref" : true
  }, {
    "id" : "1151251962910407__-785762719-M22",
    "source" : "PREANNOTATION",
    "properties" : {
      "SIRE_ENTITY_SUBTYPE" : "NONE",
      "SIRE_MENTION_CLASS" : "SPC",
      "SIRE_MENTION_TYPE" : "NONE",
      "SIRE_ENTITY_CLASS" : "SPC",
      "SIRE_ENTITY_LEVEL" : "NONE",
      "SIRE_MENTION_ROLE" : "Descriptor"
    },
    "type" : "Descriptor",
    "begin" : 708,
    "end" : 717,
    "inCoref" : false
  }, {
    "id" : "1151251962910407__-785762719-M23",
    "source" : "PREANNOTATION",
    "properties" : {
      "SIRE_ENTITY_SUBTYPE" : "NONE",
      "SIRE_MENTION_CLASS" : "SPC",
      "SIRE_MENTION_TYPE" : "NONE",
      "SIRE_ENTITY_CLASS" : "SPC",
      "SIRE_ENTITY_LEVEL" : "NONE",
      "SIRE_MENTION_ROLE" : "Consumer"
    },
    "type" : "Consumer",
    "begin" : 719,
    "end" : 720,
    "inCoref" : true
  }, {
    "id" : "1151251962910407__-785762719-M24",
    "source" : "PREANNOTATION",
    "properties" : {
      "SIRE_ENTITY_SUBTYPE" : "NONE",
      "SIRE_MENTION_CLASS" : "SPC",
      "SIRE_MENTION_TYPE" : "NONE",
      "SIRE_ENTITY_CLASS" : "SPC",
      "SIRE_ENTITY_LEVEL" : "NONE",
      "SIRE_MENTION_ROLE" : "Descriptor"
    },
    "type" : "Descriptor",
    "begin" : 797,
    "end" : 810,
    "inCoref" : false
  }, {
    "id" : "1151251962910407__-785762719-M25",
    "source" : "PREANNOTATION",
    "properties" : {
      "SIRE_ENTITY_SUBTYPE" : "NONE",
      "SIRE_MENTION_CLASS" : "SPC",
      "SIRE_MENTION_TYPE" : "NONE",
      "SIRE_ENTITY_CLASS" : "SPC",
      "SIRE_ENTITY_LEVEL" : "NONE",
      "SIRE_MENTION_ROLE" : "Consumer"
    },
    "type" : "Consumer",
    "begin" : 812,
    "end" : 813,
    "inCoref" : true
  }, {
    "id" : "1151251962910407__-785762719-M26",
    "source" : "PREANNOTATION",
    "properties" : {
      "SIRE_ENTITY_SUBTYPE" : "NONE",
      "SIRE_MENTION_CLASS" : "SPC",
      "SIRE_MENTION_TYPE" : "NONE",
      "SIRE_ENTITY_CLASS" : "SPC",
      "SIRE_ENTITY_LEVEL" : "NONE",
      "SIRE_MENTION_ROLE" : "Feature"
    },
    "type" : "Feature",
    "begin" : 829,
    "end" : 845,
    "inCoref" : false
  }, {
    "id" : "1151251962910407__-785762719-M27",
    "source" : "PREANNOTATION",
    "properties" : {
      "SIRE_ENTITY_SUBTYPE" : "NONE",
      "SIRE_MENTION_CLASS" : "SPC",
      "SIRE_MENTION_TYPE" : "NONE",
      "SIRE_ENTITY_CLASS" : "SPC",
      "SIRE_ENTITY_LEVEL" : "NONE",
      "SIRE_MENTION_ROLE" : "Descriptor"
    },
    "type" : "Descriptor",
    "begin" : 850,
    "end" : 863,
    "inCoref" : false
  }, {
    "id" : "1151251962910407__-785762719-M28",
    "source" : "PREANNOTATION",
    "properties" : {
      "SIRE_ENTITY_SUBTYPE" : "NONE",
      "SIRE_MENTION_CLASS" : "SPC",
      "SIRE_MENTION_TYPE" : "NONE",
      "SIRE_ENTITY_CLASS" : "SPC",
      "SIRE_ENTITY_LEVEL" : "NONE",
      "SIRE_MENTION_ROLE" : "Feature"
    },
    "type" : "Feature",
    "begin" : 867,
    "end" : 912,
    "inCoref" : false
  }, {
    "id" : "1151251962910407__-785762719-M29",
    "source" : "PREANNOTATION",
    "properties" : {
      "SIRE_ENTITY_SUBTYPE" : "NONE",
      "SIRE_MENTION_CLASS" : "SPC",
      "SIRE_MENTION_TYPE" : "NONE",
      "SIRE_ENTITY_CLASS" : "SPC",
      "SIRE_ENTITY_LEVEL" : "NONE",
      "SIRE_MENTION_ROLE" : "Consumer"
    },
    "type" : "Consumer",
    "begin" : 932,
    "end" : 933,
    "inCoref" : true
  }, {
    "id" : "1151251962910407__-785762719-M30",
    "source" : "PREANNOTATION",
    "properties" : {
      "SIRE_ENTITY_SUBTYPE" : "NONE",
      "SIRE_MENTION_CLASS" : "SPC",
      "SIRE_MENTION_TYPE" : "NONE",
      "SIRE_ENTITY_CLASS" : "SPC",
      "SIRE_ENTITY_LEVEL" : "NONE",
      "SIRE_MENTION_ROLE" : "Product"
    },
    "type" : "Product",
    "begin" : 982,
    "end" : 986,
    "inCoref" : true
  }, {
    "id" : "1151251962910407__-785762719-M31",
    "source" : "PREANNOTATION",
    "properties" : {
      "SIRE_ENTITY_SUBTYPE" : "NONE",
      "SIRE_MENTION_CLASS" : "SPC",
      "SIRE_MENTION_TYPE" : "NONE",
      "SIRE_ENTITY_CLASS" : "SPC",
      "SIRE_ENTITY_LEVEL" : "NONE",
      "SIRE_MENTION_ROLE" : "Feature"
    },
    "type" : "Feature",
    "begin" : 987,
    "end" : 992,
    "inCoref" : false
  }, {
    "id" : "1151251962910407__-785762719-M32",
    "source" : "PREANNOTATION",
    "properties" : {
      "SIRE_ENTITY_SUBTYPE" : "NONE",
      "SIRE_MENTION_CLASS" : "SPC",
      "SIRE_MENTION_TYPE" : "NONE",
      "SIRE_ENTITY_CLASS" : "SPC",
      "SIRE_ENTITY_LEVEL" : "NONE",
      "SIRE_MENTION_ROLE" : "Product"
    },
    "type" : "Product",
    "begin" : 993,
    "end" : 1001,
    "inCoref" : true
  }, {
    "id" : "1151251962910407__-785762719-M33",
    "source" : "PREANNOTATION",
    "properties" : {
      "SIRE_ENTITY_SUBTYPE" : "NONE",
      "SIRE_MENTION_CLASS" : "SPC",
      "SIRE_MENTION_TYPE" : "NONE",
      "SIRE_ENTITY_CLASS" : "SPC",
      "SIRE_ENTITY_LEVEL" : "NONE",
      "SIRE_MENTION_ROLE" : "Consumer"
    },
    "type" : "Consumer",
    "begin" : 1034,
    "end" : 1035,
    "inCoref" : true
  }, {
    "id" : "1151251962910407__-785762719-M34",
    "source" : "PREANNOTATION",
    "properties" : {
      "SIRE_ENTITY_SUBTYPE" : "NONE",
      "SIRE_MENTION_CLASS" : "SPC",
      "SIRE_MENTION_TYPE" : "NONE",
      "SIRE_ENTITY_CLASS" : "SPC",
      "SIRE_ENTITY_LEVEL" : "NONE",
      "SIRE_MENTION_ROLE" : "Consumer"
    },
    "type" : "Consumer",
    "begin" : 1049,
    "end" : 1050,
    "inCoref" : true
  }, {
    "id" : "1151251962910407__-785762719-M35",
    "source" : "PREANNOTATION",
    "properties" : {
      "SIRE_ENTITY_SUBTYPE" : "NONE",
      "SIRE_MENTION_CLASS" : "SPC",
      "SIRE_MENTION_TYPE" : "NONE",
      "SIRE_ENTITY_CLASS" : "SPC",
      "SIRE_ENTITY_LEVEL" : "NONE",
      "SIRE_MENTION_ROLE" : "Feature"
    },
    "type" : "Feature",
    "begin" : 1067,
    "end" : 1071,
    "inCoref" : false
  }, {
    "id" : "1151251962910407__-785762719-M36",
    "source" : "PREANNOTATION",
    "properties" : {
      "SIRE_ENTITY_SUBTYPE" : "NONE",
      "SIRE_MENTION_CLASS" : "SPC",
      "SIRE_MENTION_TYPE" : "NONE",
      "SIRE_ENTITY_CLASS" : "SPC",
      "SIRE_ENTITY_LEVEL" : "NONE",
      "SIRE_MENTION_ROLE" : "Consumer"
    },
    "type" : "Consumer",
    "begin" : 1146,
    "end" : 1147,
    "inCoref" : true
  }, {
    "id" : "1151251962910407__-785762719-M37",
    "source" : "PREANNOTATION",
    "properties" : {
      "SIRE_ENTITY_SUBTYPE" : "NONE",
      "SIRE_MENTION_CLASS" : "SPC",
      "SIRE_MENTION_TYPE" : "NONE",
      "SIRE_ENTITY_CLASS" : "SPC",
      "SIRE_ENTITY_LEVEL" : "NONE",
      "SIRE_MENTION_ROLE" : "Consumer"
    },
    "type" : "Consumer",
    "begin" : 1172,
    "end" : 1173,
    "inCoref" : true
  }, {
    "id" : "1151251962910407__-785762719-M38",
    "source" : "PREANNOTATION",
    "properties" : {
      "SIRE_ENTITY_SUBTYPE" : "NONE",
      "SIRE_MENTION_CLASS" : "SPC",
      "SIRE_MENTION_TYPE" : "NONE",
      "SIRE_ENTITY_CLASS" : "SPC",
      "SIRE_ENTITY_LEVEL" : "NONE",
      "SIRE_MENTION_ROLE" : "Company"
    },
    "type" : "Company",
    "begin" : 1195,
    "end" : 1199,
    "inCoref" : false
  }, {
    "id" : "1151251962910407__-785762719-M39",
    "source" : "PREANNOTATION",
    "properties" : {
      "SIRE_ENTITY_SUBTYPE" : "NONE",
      "SIRE_MENTION_CLASS" : "SPC",
      "SIRE_MENTION_TYPE" : "NONE",
      "SIRE_ENTITY_CLASS" : "SPC",
      "SIRE_ENTITY_LEVEL" : "NONE",
      "SIRE_MENTION_ROLE" : "Product"
    },
    "type" : "Product",
    "begin" : 1206,
    "end" : 1214,
    "inCoref" : true
  } ],
  "relations" : [ {
    "id" : "1151251962910407__-785762719-R10-1",
    "source" : "PREANNOTATION",
    "properties" : {
      "SIRE_RELATION_CLASS" : "SPECIFIC",
      "SIRE_RELATION_SUBTYPE" : "OTHER",
      "SIRE_RELATION_MODALITY" : "ASSERTED",
      "SIRE_RELATION_TENSE" : "UNSPECIFIED"
    },
    "type" : "hasFeature",
    "args" : [ "1151251962910407__-785762719-M32", "1151251962910407__-785762719-M31" ]
  }, {
    "id" : "1151251962910407__-785762719-R11-1",
    "source" : "PREANNOTATION",
    "properties" : {
      "SIRE_RELATION_CLASS" : "SPECIFIC",
      "SIRE_RELATION_SUBTYPE" : "OTHER",
      "SIRE_RELATION_MODALITY" : "ASSERTED",
      "SIRE_RELATION_TENSE" : "UNSPECIFIED"
    },
    "type" : "madeBy",
    "args" : [ "1151251962910407__-785762719-M39", "1151251962910407__-785762719-M38" ]
  }, {
    "id" : "1151251962910407__-785762719-R9-1",
    "source" : "PREANNOTATION",
    "properties" : {
      "SIRE_RELATION_CLASS" : "SPECIFIC",
      "SIRE_RELATION_SUBTYPE" : "OTHER",
      "SIRE_RELATION_MODALITY" : "ASSERTED",
      "SIRE_RELATION_TENSE" : "UNSPECIFIED"
    },
    "type" : "hasFeature",
    "args" : [ "1151251962910407__-785762719-M30", "1151251962910407__-785762719-M31" ]
  }, {
    "id" : "1151251962910407__-785762719-R8-1",
    "source" : "PREANNOTATION",
    "properties" : {
      "SIRE_RELATION_CLASS" : "SPECIFIC",
      "SIRE_RELATION_SUBTYPE" : "OTHER",
      "SIRE_RELATION_MODALITY" : "ASSERTED",
      "SIRE_RELATION_TENSE" : "UNSPECIFIED"
    },
    "type" : "hasQuality",
    "args" : [ "1151251962910407__-785762719-M26", "1151251962910407__-785762719-M27" ]
  }, {
    "id" : "1151251962910407__-785762719-R7-1",
    "source" : "PREANNOTATION",
    "properties" : {
      "SIRE_RELATION_CLASS" : "SPECIFIC",
      "SIRE_RELATION_SUBTYPE" : "OTHER",
      "SIRE_RELATION_MODALITY" : "ASSERTED",
      "SIRE_RELATION_TENSE" : "UNSPECIFIED"
    },
    "type" : "hasQuality",
    "args" : [ "1151251962910407__-785762719-M21", "1151251962910407__-785762719-M22" ]
  }, {
    "id" : "1151251962910407__-785762719-R6-1",
    "source" : "PREANNOTATION",
    "properties" : {
      "SIRE_RELATION_CLASS" : "SPECIFIC",
      "SIRE_RELATION_SUBTYPE" : "OTHER",
      "SIRE_RELATION_MODALITY" : "ASSERTED",
      "SIRE_RELATION_TENSE" : "UNSPECIFIED"
    },
    "type" : "hasQuality",
    "args" : [ "1151251962910407__-785762719-M13", "1151251962910407__-785762719-M14" ]
  }, {
    "id" : "1151251962910407__-785762719-R5-1",
    "source" : "PREANNOTATION",
    "properties" : {
      "SIRE_RELATION_CLASS" : "SPECIFIC",
      "SIRE_RELATION_SUBTYPE" : "OTHER",
      "SIRE_RELATION_MODALITY" : "ASSERTED",
      "SIRE_RELATION_TENSE" : "UNSPECIFIED"
    },
    "type" : "hasQuality",
    "args" : [ "1151251962910407__-785762719-M12", "1151251962910407__-785762719-M14" ]
  }, {
    "id" : "1151251962910407__-785762719-R4-1",
    "source" : "PREANNOTATION",
    "properties" : {
      "SIRE_RELATION_CLASS" : "SPECIFIC",
      "SIRE_RELATION_SUBTYPE" : "OTHER",
      "SIRE_RELATION_MODALITY" : "ASSERTED",
      "SIRE_RELATION_TENSE" : "UNSPECIFIED"
    },
    "type" : "hasFeature",
    "args" : [ "1151251962910407__-785762719-M8", "1151251962910407__-785762719-M9" ]
  }, {
    "id" : "1151251962910407__-785762719-R4-2",
    "source" : "PREANNOTATION",
    "properties" : {
      "SIRE_RELATION_CLASS" : "SPECIFIC",
      "SIRE_RELATION_SUBTYPE" : "OTHER",
      "SIRE_RELATION_MODALITY" : "ASSERTED",
      "SIRE_RELATION_TENSE" : "UNSPECIFIED"
    },
    "type" : "hasFeature",
    "args" : [ "1151251962910407__-785762719-M10", "1151251962910407__-785762719-M9" ]
  }, {
    "id" : "1151251962910407__-785762719-R3-1",
    "source" : "PREANNOTATION",
    "properties" : {
      "SIRE_RELATION_CLASS" : "SPECIFIC",
      "SIRE_RELATION_SUBTYPE" : "OTHER",
      "SIRE_RELATION_MODALITY" : "ASSERTED",
      "SIRE_RELATION_TENSE" : "UNSPECIFIED"
    },
    "type" : "hasFeature",
    "args" : [ "1151251962910407__-785762719-M8", "1151251962910407__-785762719-M7" ]
  }, {
    "id" : "1151251962910407__-785762719-R2-1",
    "source" : "PREANNOTATION",
    "properties" : {
      "SIRE_RELATION_CLASS" : "SPECIFIC",
      "SIRE_RELATION_SUBTYPE" : "OTHER",
      "SIRE_RELATION_MODALITY" : "ASSERTED",
      "SIRE_RELATION_TENSE" : "UNSPECIFIED"
    },
    "type" : "hasQuality",
    "args" : [ "1151251962910407__-785762719-M4", "1151251962910407__-785762719-M5" ]
  }, {
    "id" : "1151251962910407__-785762719-R2-2",
    "source" : "PREANNOTATION",
    "properties" : {
      "SIRE_RELATION_CLASS" : "SPECIFIC",
      "SIRE_RELATION_SUBTYPE" : "OTHER",
      "SIRE_RELATION_MODALITY" : "ASSERTED",
      "SIRE_RELATION_TENSE" : "UNSPECIFIED"
    },
    "type" : "hasQuality",
    "args" : [ "1151251962910407__-785762719-M6", "1151251962910407__-785762719-M5" ]
  }, {
    "id" : "1151251962910407__-785762719-R1-1",
    "source" : "PREANNOTATION",
    "properties" : {
      "SIRE_RELATION_CLASS" : "SPECIFIC",
      "SIRE_RELATION_SUBTYPE" : "OTHER",
      "SIRE_RELATION_MODALITY" : "ASSERTED",
      "SIRE_RELATION_TENSE" : "UNSPECIFIED"
    },
    "type" : "madeBy",
    "args" : [ "1151251962910407__-785762719-M2", "1151251962910407__-785762719-M1" ]
  } ],
  "corefs" : [ {
    "id" : "1151251962910407__-785762719-E0",
    "source" : "PREANNOTATION",
    "properties" : { },
    "mentions" : [ "1151251962910407__-785762719-M0", "1151251962910407__-785762719-M15", "1151251962910407__-785762719-M17", "1151251962910407__-785762719-M19", "1151251962910407__-785762719-M23", "1151251962910407__-785762719-M25", "1151251962910407__-785762719-M29", "1151251962910407__-785762719-M3", "1151251962910407__-785762719-M33", "1151251962910407__-785762719-M34", "1151251962910407__-785762719-M36", "1151251962910407__-785762719-M37" ]
  }, {
    "id" : "1151251962910407__-785762719-E10",
    "source" : "PREANNOTATION",
    "properties" : { },
    "mentions" : [ "1151251962910407__-785762719-M16", "1151251962910407__-785762719-M21" ]
  }, {
    "id" : "1151251962910407__-785762719-E11",
    "source" : "PREANNOTATION",
    "properties" : { },
    "mentions" : [ "1151251962910407__-785762719-M20", "1151251962910407__-785762719-M30" ]
  }, {
    "id" : "1151251962910407__-785762719-E2",
    "source" : "PREANNOTATION",
    "properties" : { },
    "mentions" : [ "1151251962910407__-785762719-M10", "1151251962910407__-785762719-M18", "1151251962910407__-785762719-M2", "1151251962910407__-785762719-M32", "1151251962910407__-785762719-M39", "1151251962910407__-785762719-M4", "1151251962910407__-785762719-M6", "1151251962910407__-785762719-M8" ]
  } ],
  "typeResolved" : true,
  "userResolved" : true
}