{
  "id" : "d442e3a2-8558-4659-89ed-fe6d3041fee7-0",
  "modifiedDate" : 1468357665286,
  "name" : "review48.txt",
  "version" : 2,
  "text" : "nothing really to say, acomplished perfectly my expectations. It's a GREAT camera for its price. For me, someone who cares more about the quality, this camera is exactly the same as the D5300 but without the detachable screen and without GPS, neither Wi-fi.\n\nI you want to know, the D3300 have the same:\n\n-MegaPixel\n-Image size (6000x4000)\n-Sensor Size\n-Video Quality (1080p 60fps)\n-ISO sensivity ammount\n\nSo, perfect camera. Just think twice if you really want to pay the double of the price for the D5300, only for Wi-fi, GPS and detachable screen (that makes easier record and take some pictures but, c'mon! we can live without it!). Save those extra $500. Instead buy a 85mm 1.8 with that.",
  "docLength" : 693,
  "language" : "EN",
  "status" : "SUBMITTED",
  "documentSet" : [ ],
  "sentences" : [ {
    "id" : "s0",
    "begin" : 0,
    "end" : 61,
    "text" : "nothing really to say, acomplished perfectly my expectations.",
    "tokens" : [ {
      "id" : "s0-t0",
      "begin" : 0,
      "end" : 7,
      "text" : "nothing",
      "whiteSpace" : false
    }, {
      "id" : "s0-t1",
      "begin" : 8,
      "end" : 14,
      "text" : "really",
      "whiteSpace" : false
    }, {
      "id" : "s0-t2",
      "begin" : 15,
      "end" : 17,
      "text" : "to",
      "whiteSpace" : false
    }, {
      "id" : "s0-t3",
      "begin" : 18,
      "end" : 21,
      "text" : "say",
      "whiteSpace" : false
    }, {
      "id" : "s0-t4",
      "begin" : 21,
      "end" : 22,
      "text" : ",",
      "whiteSpace" : false
    }, {
      "id" : "s0-t5",
      "begin" : 23,
      "end" : 34,
      "text" : "acomplished",
      "whiteSpace" : false
    }, {
      "id" : "s0-t6",
      "begin" : 35,
      "end" : 44,
      "text" : "perfectly",
      "whiteSpace" : false
    }, {
      "id" : "s0-t7",
      "begin" : 45,
      "end" : 47,
      "text" : "my",
      "whiteSpace" : false
    }, {
      "id" : "s0-t8",
      "begin" : 48,
      "end" : 60,
      "text" : "expectations",
      "whiteSpace" : false
    }, {
      "id" : "s0-t9",
      "begin" : 60,
      "end" : 61,
      "text" : ".",
      "whiteSpace" : false
    } ]
  }, {
    "id" : "s1",
    "begin" : 62,
    "end" : 96,
    "text" : "It's a GREAT camera for its price.",
    "tokens" : [ {
      "id" : "s1-t0",
      "begin" : 62,
      "end" : 64,
      "text" : "It",
      "whiteSpace" : false
    }, {
      "id" : "s1-t1",
      "begin" : 64,
      "end" : 66,
      "text" : "'s",
      "whiteSpace" : false
    }, {
      "id" : "s1-t2",
      "begin" : 67,
      "end" : 68,
      "text" : "a",
      "whiteSpace" : false
    }, {
      "id" : "s1-t3",
      "begin" : 69,
      "end" : 74,
      "text" : "GREAT",
      "whiteSpace" : false
    }, {
      "id" : "s1-t4",
      "begin" : 75,
      "end" : 81,
      "text" : "camera",
      "whiteSpace" : false
    }, {
      "id" : "s1-t5",
      "begin" : 82,
      "end" : 85,
      "text" : "for",
      "whiteSpace" : false
    }, {
      "id" : "s1-t6",
      "begin" : 86,
      "end" : 89,
      "text" : "its",
      "whiteSpace" : false
    }, {
      "id" : "s1-t7",
      "begin" : 90,
      "end" : 95,
      "text" : "price",
      "whiteSpace" : false
    }, {
      "id" : "s1-t8",
      "begin" : 95,
      "end" : 96,
      "text" : ".",
      "whiteSpace" : false
    } ]
  }, {
    "id" : "s2",
    "begin" : 97,
    "end" : 257,
    "text" : "For me, someone who cares more about the quality, this camera is exactly the same as the D5300 but without the detachable screen and without GPS, neither Wi-fi.",
    "tokens" : [ {
      "id" : "s2-t0",
      "begin" : 97,
      "end" : 100,
      "text" : "For",
      "whiteSpace" : false
    }, {
      "id" : "s2-t1",
      "begin" : 101,
      "end" : 103,
      "text" : "me",
      "whiteSpace" : false
    }, {
      "id" : "s2-t2",
      "begin" : 103,
      "end" : 104,
      "text" : ",",
      "whiteSpace" : false
    }, {
      "id" : "s2-t3",
      "begin" : 105,
      "end" : 112,
      "text" : "someone",
      "whiteSpace" : false
    }, {
      "id" : "s2-t4",
      "begin" : 113,
      "end" : 116,
      "text" : "who",
      "whiteSpace" : false
    }, {
      "id" : "s2-t5",
      "begin" : 117,
      "end" : 122,
      "text" : "cares",
      "whiteSpace" : false
    }, {
      "id" : "s2-t6",
      "begin" : 123,
      "end" : 127,
      "text" : "more",
      "whiteSpace" : false
    }, {
      "id" : "s2-t7",
      "begin" : 128,
      "end" : 133,
      "text" : "about",
      "whiteSpace" : false
    }, {
      "id" : "s2-t8",
      "begin" : 134,
      "end" : 137,
      "text" : "the",
      "whiteSpace" : false
    }, {
      "id" : "s2-t9",
      "begin" : 138,
      "end" : 145,
      "text" : "quality",
      "whiteSpace" : false
    }, {
      "id" : "s2-t10",
      "begin" : 145,
      "end" : 146,
      "text" : ",",
      "whiteSpace" : false
    }, {
      "id" : "s2-t11",
      "begin" : 147,
      "end" : 151,
      "text" : "this",
      "whiteSpace" : false
    }, {
      "id" : "s2-t12",
      "begin" : 152,
      "end" : 158,
      "text" : "camera",
      "whiteSpace" : false
    }, {
      "id" : "s2-t13",
      "begin" : 159,
      "end" : 161,
      "text" : "is",
      "whiteSpace" : false
    }, {
      "id" : "s2-t14",
      "begin" : 162,
      "end" : 169,
      "text" : "exactly",
      "whiteSpace" : false
    }, {
      "id" : "s2-t15",
      "begin" : 170,
      "end" : 173,
      "text" : "the",
      "whiteSpace" : false
    }, {
      "id" : "s2-t16",
      "begin" : 174,
      "end" : 178,
      "text" : "same",
      "whiteSpace" : false
    }, {
      "id" : "s2-t17",
      "begin" : 179,
      "end" : 181,
      "text" : "as",
      "whiteSpace" : false
    }, {
      "id" : "s2-t18",
      "begin" : 182,
      "end" : 185,
      "text" : "the",
      "whiteSpace" : false
    }, {
      "id" : "s2-t19",
      "begin" : 186,
      "end" : 191,
      "text" : "D5300",
      "whiteSpace" : false
    }, {
      "id" : "s2-t20",
      "begin" : 192,
      "end" : 195,
      "text" : "but",
      "whiteSpace" : false
    }, {
      "id" : "s2-t21",
      "begin" : 196,
      "end" : 203,
      "text" : "without",
      "whiteSpace" : false
    }, {
      "id" : "s2-t22",
      "begin" : 204,
      "end" : 207,
      "text" : "the",
      "whiteSpace" : false
    }, {
      "id" : "s2-t23",
      "begin" : 208,
      "end" : 218,
      "text" : "detachable",
      "whiteSpace" : false
    }, {
      "id" : "s2-t24",
      "begin" : 219,
      "end" : 225,
      "text" : "screen",
      "whiteSpace" : false
    }, {
      "id" : "s2-t25",
      "begin" : 226,
      "end" : 229,
      "text" : "and",
      "whiteSpace" : false
    }, {
      "id" : "s2-t26",
      "begin" : 230,
      "end" : 237,
      "text" : "without",
      "whiteSpace" : false
    }, {
      "id" : "s2-t27",
      "begin" : 238,
      "end" : 241,
      "text" : "GPS",
      "whiteSpace" : false
    }, {
      "id" : "s2-t28",
      "begin" : 241,
      "end" : 242,
      "text" : ",",
      "whiteSpace" : false
    }, {
      "id" : "s2-t29",
      "begin" : 243,
      "end" : 250,
      "text" : "neither",
      "whiteSpace" : false
    }, {
      "id" : "s2-t30",
      "begin" : 251,
      "end" : 256,
      "text" : "Wi-fi",
      "whiteSpace" : false
    }, {
      "id" : "s2-t31",
      "begin" : 256,
      "end" : 257,
      "text" : ".",
      "whiteSpace" : false
    } ]
  }, {
    "id" : "s3",
    "begin" : 259,
    "end" : 303,
    "text" : "I you want to know, the D3300 have the same:",
    "tokens" : [ {
      "id" : "s3-t0",
      "begin" : 259,
      "end" : 260,
      "text" : "I",
      "whiteSpace" : false
    }, {
      "id" : "s3-t1",
      "begin" : 261,
      "end" : 264,
      "text" : "you",
      "whiteSpace" : false
    }, {
      "id" : "s3-t2",
      "begin" : 265,
      "end" : 269,
      "text" : "want",
      "whiteSpace" : false
    }, {
      "id" : "s3-t3",
      "begin" : 270,
      "end" : 272,
      "text" : "to",
      "whiteSpace" : false
    }, {
      "id" : "s3-t4",
      "begin" : 273,
      "end" : 277,
      "text" : "know",
      "whiteSpace" : false
    }, {
      "id" : "s3-t5",
      "begin" : 277,
      "end" : 278,
      "text" : ",",
      "whiteSpace" : false
    }, {
      "id" : "s3-t6",
      "begin" : 279,
      "end" : 282,
      "text" : "the",
      "whiteSpace" : false
    }, {
      "id" : "s3-t7",
      "begin" : 283,
      "end" : 288,
      "text" : "D3300",
      "whiteSpace" : false
    }, {
      "id" : "s3-t8",
      "begin" : 289,
      "end" : 293,
      "text" : "have",
      "whiteSpace" : false
    }, {
      "id" : "s3-t9",
      "begin" : 294,
      "end" : 297,
      "text" : "the",
      "whiteSpace" : false
    }, {
      "id" : "s3-t10",
      "begin" : 298,
      "end" : 302,
      "text" : "same",
      "whiteSpace" : false
    }, {
      "id" : "s3-t11",
      "begin" : 302,
      "end" : 303,
      "text" : ":",
      "whiteSpace" : false
    } ]
  }, {
    "id" : "s4",
    "begin" : 305,
    "end" : 404,
    "text" : "-MegaPixel\n-Image size (6000x4000)\n-Sensor Size\n-Video Quality (1080p 60fps)\n-ISO sensivity ammount",
    "tokens" : [ {
      "id" : "s4-t0",
      "begin" : 305,
      "end" : 315,
      "text" : "-MegaPixel",
      "whiteSpace" : false
    }, {
      "id" : "s4-t1",
      "begin" : 316,
      "end" : 322,
      "text" : "-Image",
      "whiteSpace" : false
    }, {
      "id" : "s4-t2",
      "begin" : 323,
      "end" : 327,
      "text" : "size",
      "whiteSpace" : false
    }, {
      "id" : "s4-t3",
      "begin" : 328,
      "end" : 329,
      "text" : "(",
      "whiteSpace" : false
    }, {
      "id" : "s4-t4",
      "begin" : 329,
      "end" : 338,
      "text" : "6000x4000",
      "whiteSpace" : false
    }, {
      "id" : "s4-t5",
      "begin" : 338,
      "end" : 339,
      "text" : ")",
      "whiteSpace" : false
    }, {
      "id" : "s4-t6",
      "begin" : 340,
      "end" : 347,
      "text" : "-Sensor",
      "whiteSpace" : false
    }, {
      "id" : "s4-t7",
      "begin" : 348,
      "end" : 352,
      "text" : "Size",
      "whiteSpace" : false
    }, {
      "id" : "s4-t8",
      "begin" : 353,
      "end" : 359,
      "text" : "-Video",
      "whiteSpace" : false
    }, {
      "id" : "s4-t9",
      "begin" : 360,
      "end" : 367,
      "text" : "Quality",
      "whiteSpace" : false
    }, {
      "id" : "s4-t10",
      "begin" : 368,
      "end" : 369,
      "text" : "(",
      "whiteSpace" : false
    }, {
      "id" : "s4-t11",
      "begin" : 369,
      "end" : 374,
      "text" : "1080p",
      "whiteSpace" : false
    }, {
      "id" : "s4-t12",
      "begin" : 375,
      "end" : 380,
      "text" : "60fps",
      "whiteSpace" : false
    }, {
      "id" : "s4-t13",
      "begin" : 380,
      "end" : 381,
      "text" : ")",
      "whiteSpace" : false
    }, {
      "id" : "s4-t14",
      "begin" : 382,
      "end" : 386,
      "text" : "-ISO",
      "whiteSpace" : false
    }, {
      "id" : "s4-t15",
      "begin" : 387,
      "end" : 396,
      "text" : "sensivity",
      "whiteSpace" : false
    }, {
      "id" : "s4-t16",
      "begin" : 397,
      "end" : 404,
      "text" : "ammount",
      "whiteSpace" : false
    } ]
  }, {
    "id" : "s5",
    "begin" : 406,
    "end" : 425,
    "text" : "So, perfect camera.",
    "tokens" : [ {
      "id" : "s5-t0",
      "begin" : 406,
      "end" : 408,
      "text" : "So",
      "whiteSpace" : false
    }, {
      "id" : "s5-t1",
      "begin" : 408,
      "end" : 409,
      "text" : ",",
      "whiteSpace" : false
    }, {
      "id" : "s5-t2",
      "begin" : 410,
      "end" : 417,
      "text" : "perfect",
      "whiteSpace" : false
    }, {
      "id" : "s5-t3",
      "begin" : 418,
      "end" : 424,
      "text" : "camera",
      "whiteSpace" : false
    }, {
      "id" : "s5-t4",
      "begin" : 424,
      "end" : 425,
      "text" : ".",
      "whiteSpace" : false
    } ]
  }, {
    "id" : "s6",
    "begin" : 426,
    "end" : 610,
    "text" : "Just think twice if you really want to pay the double of the price for the D5300, only for Wi-fi, GPS and detachable screen (that makes easier record and take some pictures but, c'mon!",
    "tokens" : [ {
      "id" : "s6-t0",
      "begin" : 426,
      "end" : 430,
      "text" : "Just",
      "whiteSpace" : false
    }, {
      "id" : "s6-t1",
      "begin" : 431,
      "end" : 436,
      "text" : "think",
      "whiteSpace" : false
    }, {
      "id" : "s6-t2",
      "begin" : 437,
      "end" : 442,
      "text" : "twice",
      "whiteSpace" : false
    }, {
      "id" : "s6-t3",
      "begin" : 443,
      "end" : 445,
      "text" : "if",
      "whiteSpace" : false
    }, {
      "id" : "s6-t4",
      "begin" : 446,
      "end" : 449,
      "text" : "you",
      "whiteSpace" : false
    }, {
      "id" : "s6-t5",
      "begin" : 450,
      "end" : 456,
      "text" : "really",
      "whiteSpace" : false
    }, {
      "id" : "s6-t6",
      "begin" : 457,
      "end" : 461,
      "text" : "want",
      "whiteSpace" : false
    }, {
      "id" : "s6-t7",
      "begin" : 462,
      "end" : 464,
      "text" : "to",
      "whiteSpace" : false
    }, {
      "id" : "s6-t8",
      "begin" : 465,
      "end" : 468,
      "text" : "pay",
      "whiteSpace" : false
    }, {
      "id" : "s6-t9",
      "begin" : 469,
      "end" : 472,
      "text" : "the",
      "whiteSpace" : false
    }, {
      "id" : "s6-t10",
      "begin" : 473,
      "end" : 479,
      "text" : "double",
      "whiteSpace" : false
    }, {
      "id" : "s6-t11",
      "begin" : 480,
      "end" : 482,
      "text" : "of",
      "whiteSpace" : false
    }, {
      "id" : "s6-t12",
      "begin" : 483,
      "end" : 486,
      "text" : "the",
      "whiteSpace" : false
    }, {
      "id" : "s6-t13",
      "begin" : 487,
      "end" : 492,
      "text" : "price",
      "whiteSpace" : false
    }, {
      "id" : "s6-t14",
      "begin" : 493,
      "end" : 496,
      "text" : "for",
      "whiteSpace" : false
    }, {
      "id" : "s6-t15",
      "begin" : 497,
      "end" : 500,
      "text" : "the",
      "whiteSpace" : false
    }, {
      "id" : "s6-t16",
      "begin" : 501,
      "end" : 506,
      "text" : "D5300",
      "whiteSpace" : false
    }, {
      "id" : "s6-t17",
      "begin" : 506,
      "end" : 507,
      "text" : ",",
      "whiteSpace" : false
    }, {
      "id" : "s6-t18",
      "begin" : 508,
      "end" : 512,
      "text" : "only",
      "whiteSpace" : false
    }, {
      "id" : "s6-t19",
      "begin" : 513,
      "end" : 516,
      "text" : "for",
      "whiteSpace" : false
    }, {
      "id" : "s6-t20",
      "begin" : 517,
      "end" : 522,
      "text" : "Wi-fi",
      "whiteSpace" : false
    }, {
      "id" : "s6-t21",
      "begin" : 522,
      "end" : 523,
      "text" : ",",
      "whiteSpace" : false
    }, {
      "id" : "s6-t22",
      "begin" : 524,
      "end" : 527,
      "text" : "GPS",
      "whiteSpace" : false
    }, {
      "id" : "s6-t23",
      "begin" : 528,
      "end" : 531,
      "text" : "and",
      "whiteSpace" : false
    }, {
      "id" : "s6-t24",
      "begin" : 532,
      "end" : 542,
      "text" : "detachable",
      "whiteSpace" : false
    }, {
      "id" : "s6-t25",
      "begin" : 543,
      "end" : 549,
      "text" : "screen",
      "whiteSpace" : false
    }, {
      "id" : "s6-t26",
      "begin" : 550,
      "end" : 551,
      "text" : "(",
      "whiteSpace" : false
    }, {
      "id" : "s6-t27",
      "begin" : 551,
      "end" : 555,
      "text" : "that",
      "whiteSpace" : false
    }, {
      "id" : "s6-t28",
      "begin" : 556,
      "end" : 561,
      "text" : "makes",
      "whiteSpace" : false
    }, {
      "id" : "s6-t29",
      "begin" : 562,
      "end" : 568,
      "text" : "easier",
      "whiteSpace" : false
    }, {
      "id" : "s6-t30",
      "begin" : 569,
      "end" : 575,
      "text" : "record",
      "whiteSpace" : false
    }, {
      "id" : "s6-t31",
      "begin" : 576,
      "end" : 579,
      "text" : "and",
      "whiteSpace" : false
    }, {
      "id" : "s6-t32",
      "begin" : 580,
      "end" : 584,
      "text" : "take",
      "whiteSpace" : false
    }, {
      "id" : "s6-t33",
      "begin" : 585,
      "end" : 589,
      "text" : "some",
      "whiteSpace" : false
    }, {
      "id" : "s6-t34",
      "begin" : 590,
      "end" : 598,
      "text" : "pictures",
      "whiteSpace" : false
    }, {
      "id" : "s6-t35",
      "begin" : 599,
      "end" : 602,
      "text" : "but",
      "whiteSpace" : false
    }, {
      "id" : "s6-t36",
      "begin" : 602,
      "end" : 603,
      "text" : ",",
      "whiteSpace" : false
    }, {
      "id" : "s6-t37",
      "begin" : 604,
      "end" : 606,
      "text" : "c'",
      "whiteSpace" : false
    }, {
      "id" : "s6-t38",
      "begin" : 606,
      "end" : 609,
      "text" : "mon",
      "whiteSpace" : false
    }, {
      "id" : "s6-t39",
      "begin" : 609,
      "end" : 610,
      "text" : "!",
      "whiteSpace" : false
    } ]
  }, {
    "id" : "s7",
    "begin" : 611,
    "end" : 634,
    "text" : "we can live without it!",
    "tokens" : [ {
      "id" : "s7-t0",
      "begin" : 611,
      "end" : 613,
      "text" : "we",
      "whiteSpace" : false
    }, {
      "id" : "s7-t1",
      "begin" : 614,
      "end" : 617,
      "text" : "can",
      "whiteSpace" : false
    }, {
      "id" : "s7-t2",
      "begin" : 618,
      "end" : 622,
      "text" : "live",
      "whiteSpace" : false
    }, {
      "id" : "s7-t3",
      "begin" : 623,
      "end" : 630,
      "text" : "without",
      "whiteSpace" : false
    }, {
      "id" : "s7-t4",
      "begin" : 631,
      "end" : 633,
      "text" : "it",
      "whiteSpace" : false
    }, {
      "id" : "s7-t5",
      "begin" : 633,
      "end" : 634,
      "text" : "!",
      "whiteSpace" : false
    } ]
  }, {
    "id" : "s8",
    "begin" : 634,
    "end" : 636,
    "text" : ").",
    "tokens" : [ {
      "id" : "s8-t0",
      "begin" : 634,
      "end" : 635,
      "text" : ")",
      "whiteSpace" : false
    }, {
      "id" : "s8-t1",
      "begin" : 635,
      "end" : 636,
      "text" : ".",
      "whiteSpace" : false
    } ]
  }, {
    "id" : "s9",
    "begin" : 637,
    "end" : 659,
    "text" : "Save those extra $500.",
    "tokens" : [ {
      "id" : "s9-t0",
      "begin" : 637,
      "end" : 641,
      "text" : "Save",
      "whiteSpace" : false
    }, {
      "id" : "s9-t1",
      "begin" : 642,
      "end" : 647,
      "text" : "those",
      "whiteSpace" : false
    }, {
      "id" : "s9-t2",
      "begin" : 648,
      "end" : 653,
      "text" : "extra",
      "whiteSpace" : false
    }, {
      "id" : "s9-t3",
      "begin" : 654,
      "end" : 655,
      "text" : "$",
      "whiteSpace" : false
    }, {
      "id" : "s9-t4",
      "begin" : 655,
      "end" : 658,
      "text" : "500",
      "whiteSpace" : false
    }, {
      "id" : "s9-t5",
      "begin" : 658,
      "end" : 659,
      "text" : ".",
      "whiteSpace" : false
    } ]
  }, {
    "id" : "s10",
    "begin" : 660,
    "end" : 693,
    "text" : "Instead buy a 85mm 1.8 with that.",
    "tokens" : [ {
      "id" : "s10-t0",
      "begin" : 660,
      "end" : 667,
      "text" : "Instead",
      "whiteSpace" : false
    }, {
      "id" : "s10-t1",
      "begin" : 668,
      "end" : 671,
      "text" : "buy",
      "whiteSpace" : false
    }, {
      "id" : "s10-t2",
      "begin" : 672,
      "end" : 673,
      "text" : "a",
      "whiteSpace" : false
    }, {
      "id" : "s10-t3",
      "begin" : 674,
      "end" : 678,
      "text" : "85mm",
      "whiteSpace" : false
    }, {
      "id" : "s10-t4",
      "begin" : 679,
      "end" : 682,
      "text" : "1.8",
      "whiteSpace" : false
    }, {
      "id" : "s10-t5",
      "begin" : 683,
      "end" : 687,
      "text" : "with",
      "whiteSpace" : false
    }, {
      "id" : "s10-t6",
      "begin" : 688,
      "end" : 692,
      "text" : "that",
      "whiteSpace" : false
    }, {
      "id" : "s10-t7",
      "begin" : 692,
      "end" : 693,
      "text" : ".",
      "whiteSpace" : false
    } ]
  } ],
  "mentions" : [ {
    "id" : "1151247809222297__-785762719-M0",
    "properties" : {
      "SIRE_ENTITY_SUBTYPE" : "NONE",
      "SIRE_MENTION_CLASS" : "SPC",
      "SIRE_MENTION_TYPE" : "NONE",
      "SIRE_ENTITY_CLASS" : "SPC",
      "SIRE_ENTITY_LEVEL" : "NONE",
      "SIRE_MENTION_ROLE" : "Product"
    },
    "type" : "Product",
    "begin" : 62,
    "end" : 64,
    "inCoref" : true
  }, {
    "id" : "s1-m3",
    "properties" : {
      "SIRE_MENTION_ROLE" : "Descriptor",
      "SIRE_ENTITY_SUBTYPE" : "NONE",
      "SIRE_MENTION_TYPE" : "NONE",
      "SIRE_MENTION_CLASS" : "SPC"
    },
    "type" : "Descriptor",
    "begin" : 69,
    "end" : 74,
    "inCoref" : false
  }, {
    "id" : "s1-m4",
    "properties" : {
      "SIRE_MENTION_ROLE" : "Product",
      "SIRE_ENTITY_SUBTYPE" : "NONE",
      "SIRE_MENTION_TYPE" : "NONE",
      "SIRE_MENTION_CLASS" : "SPC"
    },
    "type" : "Product",
    "begin" : 75,
    "end" : 81,
    "inCoref" : true
  }, {
    "id" : "1151247809222297__-785762719-M1",
    "properties" : {
      "SIRE_ENTITY_SUBTYPE" : "NONE",
      "SIRE_MENTION_CLASS" : "SPC",
      "SIRE_MENTION_TYPE" : "NONE",
      "SIRE_ENTITY_CLASS" : "SPC",
      "SIRE_ENTITY_LEVEL" : "NONE",
      "SIRE_MENTION_ROLE" : "Product"
    },
    "type" : "Product",
    "begin" : 86,
    "end" : 89,
    "inCoref" : true
  }, {
    "id" : "s1-m5",
    "properties" : {
      "SIRE_MENTION_ROLE" : "Price",
      "SIRE_ENTITY_SUBTYPE" : "NONE",
      "SIRE_MENTION_TYPE" : "NONE",
      "SIRE_MENTION_CLASS" : "SPC"
    },
    "type" : "Price",
    "begin" : 90,
    "end" : 95,
    "inCoref" : false
  }, {
    "id" : "1151247809222297__-785762719-M2",
    "properties" : {
      "SIRE_ENTITY_SUBTYPE" : "NONE",
      "SIRE_MENTION_CLASS" : "SPC",
      "SIRE_MENTION_TYPE" : "NONE",
      "SIRE_ENTITY_CLASS" : "SPC",
      "SIRE_ENTITY_LEVEL" : "NONE",
      "SIRE_MENTION_ROLE" : "Consumer"
    },
    "type" : "Consumer",
    "begin" : 101,
    "end" : 103,
    "inCoref" : true
  }, {
    "id" : "1151247809222297__-785762719-M3",
    "properties" : {
      "SIRE_ENTITY_SUBTYPE" : "NONE",
      "SIRE_MENTION_CLASS" : "SPC",
      "SIRE_MENTION_TYPE" : "NONE",
      "SIRE_ENTITY_CLASS" : "SPC",
      "SIRE_ENTITY_LEVEL" : "NONE",
      "SIRE_MENTION_ROLE" : "Feature"
    },
    "type" : "Feature",
    "begin" : 138,
    "end" : 145,
    "inCoref" : false
  }, {
    "id" : "s2-m5",
    "properties" : {
      "SIRE_MENTION_ROLE" : "Product",
      "SIRE_ENTITY_SUBTYPE" : "NONE",
      "SIRE_MENTION_TYPE" : "NONE",
      "SIRE_MENTION_CLASS" : "SPC"
    },
    "type" : "Product",
    "begin" : 147,
    "end" : 158,
    "inCoref" : true
  }, {
    "id" : "s2-m6",
    "properties" : {
      "SIRE_MENTION_ROLE" : "Product",
      "SIRE_ENTITY_SUBTYPE" : "NONE",
      "SIRE_MENTION_TYPE" : "NONE",
      "SIRE_MENTION_CLASS" : "SPC"
    },
    "type" : "Product",
    "begin" : 186,
    "end" : 191,
    "inCoref" : true
  }, {
    "id" : "1151247809222297__-785762719-M5",
    "properties" : {
      "SIRE_ENTITY_SUBTYPE" : "NONE",
      "SIRE_MENTION_CLASS" : "NEG",
      "SIRE_MENTION_TYPE" : "NONE",
      "SIRE_ENTITY_CLASS" : "SPC",
      "SIRE_ENTITY_LEVEL" : "NONE",
      "SIRE_MENTION_ROLE" : "Feature"
    },
    "type" : "Feature",
    "begin" : 208,
    "end" : 225,
    "inCoref" : false
  }, {
    "id" : "s2-m7",
    "properties" : {
      "SIRE_MENTION_ROLE" : "Feature",
      "SIRE_ENTITY_SUBTYPE" : "NONE",
      "SIRE_MENTION_TYPE" : "NONE",
      "SIRE_MENTION_CLASS" : "NEG"
    },
    "type" : "Feature",
    "begin" : 238,
    "end" : 241,
    "inCoref" : false
  }, {
    "id" : "s2-m8",
    "properties" : {
      "SIRE_MENTION_ROLE" : "Feature",
      "SIRE_ENTITY_SUBTYPE" : "NONE",
      "SIRE_MENTION_TYPE" : "NONE",
      "SIRE_MENTION_CLASS" : "NEG"
    },
    "type" : "Feature",
    "begin" : 251,
    "end" : 256,
    "inCoref" : false
  }, {
    "id" : "1151247809222297__-785762719-M6",
    "properties" : {
      "SIRE_ENTITY_SUBTYPE" : "NONE",
      "SIRE_MENTION_CLASS" : "SPC",
      "SIRE_MENTION_TYPE" : "NONE",
      "SIRE_ENTITY_CLASS" : "SPC",
      "SIRE_ENTITY_LEVEL" : "NONE",
      "SIRE_MENTION_ROLE" : "Consumer"
    },
    "type" : "Consumer",
    "begin" : 259,
    "end" : 260,
    "inCoref" : true
  }, {
    "id" : "s3-m2",
    "properties" : {
      "SIRE_MENTION_ROLE" : "Product",
      "SIRE_ENTITY_SUBTYPE" : "NONE",
      "SIRE_MENTION_TYPE" : "NONE",
      "SIRE_MENTION_CLASS" : "SPC"
    },
    "type" : "Product",
    "begin" : 283,
    "end" : 288,
    "inCoref" : true
  }, {
    "id" : "s4-m2",
    "properties" : {
      "SIRE_MENTION_ROLE" : "Feature",
      "SIRE_ENTITY_SUBTYPE" : "NONE",
      "SIRE_MENTION_TYPE" : "NONE",
      "SIRE_MENTION_CLASS" : "SPC"
    },
    "type" : "Feature",
    "begin" : 305,
    "end" : 315,
    "inCoref" : false
  }, {
    "id" : "s4-m3",
    "properties" : {
      "SIRE_MENTION_ROLE" : "Feature",
      "SIRE_ENTITY_SUBTYPE" : "NONE",
      "SIRE_MENTION_TYPE" : "NONE",
      "SIRE_MENTION_CLASS" : "SPC"
    },
    "type" : "Feature",
    "begin" : 316,
    "end" : 327,
    "inCoref" : false
  }, {
    "id" : "s4-m4",
    "properties" : {
      "SIRE_MENTION_ROLE" : "Descriptor",
      "SIRE_ENTITY_SUBTYPE" : "NONE",
      "SIRE_MENTION_TYPE" : "NONE",
      "SIRE_MENTION_CLASS" : "SPC"
    },
    "type" : "Descriptor",
    "begin" : 329,
    "end" : 338,
    "inCoref" : false
  }, {
    "id" : "s4-m5",
    "properties" : {
      "SIRE_MENTION_ROLE" : "Feature",
      "SIRE_ENTITY_SUBTYPE" : "NONE",
      "SIRE_MENTION_TYPE" : "NONE",
      "SIRE_MENTION_CLASS" : "SPC"
    },
    "type" : "Feature",
    "begin" : 340,
    "end" : 352,
    "inCoref" : false
  }, {
    "id" : "s4-m6",
    "properties" : {
      "SIRE_MENTION_ROLE" : "Feature",
      "SIRE_ENTITY_SUBTYPE" : "NONE",
      "SIRE_MENTION_TYPE" : "NONE",
      "SIRE_MENTION_CLASS" : "SPC"
    },
    "type" : "Feature",
    "begin" : 353,
    "end" : 367,
    "inCoref" : false
  }, {
    "id" : "s4-m7",
    "properties" : {
      "SIRE_MENTION_ROLE" : "Descriptor",
      "SIRE_ENTITY_SUBTYPE" : "NONE",
      "SIRE_MENTION_TYPE" : "NONE",
      "SIRE_MENTION_CLASS" : "SPC"
    },
    "type" : "Descriptor",
    "begin" : 369,
    "end" : 380,
    "inCoref" : false
  }, {
    "id" : "s4-m8",
    "properties" : {
      "SIRE_MENTION_ROLE" : "Feature",
      "SIRE_ENTITY_SUBTYPE" : "NONE",
      "SIRE_MENTION_TYPE" : "NONE",
      "SIRE_MENTION_CLASS" : "SPC"
    },
    "type" : "Feature",
    "begin" : 382,
    "end" : 404,
    "inCoref" : false
  }, {
    "id" : "s5-m1",
    "properties" : {
      "SIRE_MENTION_ROLE" : "Descriptor",
      "SIRE_ENTITY_SUBTYPE" : "NONE",
      "SIRE_MENTION_TYPE" : "NONE",
      "SIRE_MENTION_CLASS" : "SPC"
    },
    "type" : "Descriptor",
    "begin" : 410,
    "end" : 417,
    "inCoref" : false
  }, {
    "id" : "s5-m2",
    "properties" : {
      "SIRE_MENTION_ROLE" : "Product",
      "SIRE_ENTITY_SUBTYPE" : "NONE",
      "SIRE_MENTION_TYPE" : "NONE",
      "SIRE_MENTION_CLASS" : "SPC"
    },
    "type" : "Product",
    "begin" : 418,
    "end" : 424,
    "inCoref" : true
  }, {
    "id" : "s6-m3",
    "properties" : {
      "SIRE_MENTION_ROLE" : "Price",
      "SIRE_ENTITY_SUBTYPE" : "NONE",
      "SIRE_MENTION_TYPE" : "NONE",
      "SIRE_MENTION_CLASS" : "SPC"
    },
    "type" : "Price",
    "begin" : 473,
    "end" : 492,
    "inCoref" : false
  }, {
    "id" : "1151247809222297__-785762719-M9",
    "properties" : {
      "SIRE_ENTITY_SUBTYPE" : "NONE",
      "SIRE_MENTION_CLASS" : "SPC",
      "SIRE_MENTION_TYPE" : "NONE",
      "SIRE_ENTITY_CLASS" : "SPC",
      "SIRE_ENTITY_LEVEL" : "NONE",
      "SIRE_MENTION_ROLE" : "Product"
    },
    "type" : "Product",
    "begin" : 501,
    "end" : 506,
    "inCoref" : true
  }, {
    "id" : "s6-m4",
    "properties" : {
      "SIRE_MENTION_ROLE" : "Feature",
      "SIRE_ENTITY_SUBTYPE" : "NONE",
      "SIRE_MENTION_TYPE" : "NONE",
      "SIRE_MENTION_CLASS" : "SPC"
    },
    "type" : "Feature",
    "begin" : 517,
    "end" : 522,
    "inCoref" : false
  }, {
    "id" : "s6-m5",
    "properties" : {
      "SIRE_MENTION_ROLE" : "Feature",
      "SIRE_ENTITY_SUBTYPE" : "NONE",
      "SIRE_MENTION_TYPE" : "NONE",
      "SIRE_MENTION_CLASS" : "SPC"
    },
    "type" : "Feature",
    "begin" : 524,
    "end" : 527,
    "inCoref" : false
  }, {
    "id" : "s6-m6",
    "properties" : {
      "SIRE_MENTION_ROLE" : "Feature",
      "SIRE_ENTITY_SUBTYPE" : "NONE",
      "SIRE_MENTION_TYPE" : "NONE",
      "SIRE_MENTION_CLASS" : "SPC"
    },
    "type" : "Feature",
    "begin" : 532,
    "end" : 549,
    "inCoref" : false
  }, {
    "id" : "1151247809222297__-785762719-M10",
    "properties" : {
      "SIRE_ENTITY_SUBTYPE" : "NONE",
      "SIRE_MENTION_CLASS" : "SPC",
      "SIRE_MENTION_TYPE" : "NONE",
      "SIRE_ENTITY_CLASS" : "SPC",
      "SIRE_ENTITY_LEVEL" : "NONE",
      "SIRE_MENTION_ROLE" : "Price"
    },
    "type" : "Price",
    "begin" : 654,
    "end" : 658,
    "inCoref" : false
  }, {
    "id" : "1151247809222297__-785762719-M11",
    "properties" : {
      "SIRE_ENTITY_SUBTYPE" : "NONE",
      "SIRE_MENTION_CLASS" : "SPC",
      "SIRE_MENTION_TYPE" : "NONE",
      "SIRE_ENTITY_CLASS" : "SPC",
      "SIRE_ENTITY_LEVEL" : "NONE",
      "SIRE_MENTION_ROLE" : "Product"
    },
    "type" : "Product",
    "begin" : 674,
    "end" : 682,
    "inCoref" : false
  } ],
  "relations" : [ {
    "id" : "s1-r1",
    "properties" : { },
    "type" : "hasQuality",
    "args" : [ "1151247809222297__-785762719-M0", "s1-m3" ]
  }, {
    "id" : "s1-r2",
    "properties" : { },
    "type" : "hasQuality",
    "args" : [ "s1-m4", "s1-m3" ]
  }, {
    "id" : "s1-r3",
    "properties" : { },
    "type" : "hasQuality",
    "args" : [ "1151247809222297__-785762719-M1", "s1-m3" ]
  }, {
    "id" : "s1-r4",
    "properties" : { },
    "type" : "hasFeature",
    "args" : [ "s1-m4", "s1-m5" ]
  }, {
    "id" : "s1-r5",
    "properties" : { },
    "type" : "hasFeature",
    "args" : [ "1151247809222297__-785762719-M1", "s1-m5" ]
  }, {
    "id" : "s1-r6",
    "properties" : { },
    "type" : "hasFeature",
    "args" : [ "1151247809222297__-785762719-M0", "s1-m5" ]
  }, {
    "id" : "s2-r3",
    "properties" : { },
    "type" : "hasFeature",
    "args" : [ "s2-m5", "1151247809222297__-785762719-M3" ]
  }, {
    "id" : "s2-r4",
    "properties" : { },
    "type" : "hasFeature",
    "args" : [ "s2-m5", "1151247809222297__-785762719-M5" ]
  }, {
    "id" : "s2-r5",
    "properties" : { },
    "type" : "hasFeature",
    "args" : [ "s2-m5", "s2-m7" ]
  }, {
    "id" : "s2-r6",
    "properties" : { },
    "type" : "hasFeature",
    "args" : [ "s2-m5", "s2-m8" ]
  }, {
    "id" : "s4-r1",
    "properties" : { },
    "type" : "hasQuality",
    "args" : [ "s4-m3", "s4-m4" ]
  }, {
    "id" : "s4-r2",
    "properties" : { },
    "type" : "hasQuality",
    "args" : [ "s4-m6", "s4-m7" ]
  }, {
    "id" : "s5-r1",
    "properties" : { },
    "type" : "hasQuality",
    "args" : [ "s5-m2", "s5-m1" ]
  }, {
    "id" : "s6-r2",
    "properties" : { },
    "type" : "hasFeature",
    "args" : [ "1151247809222297__-785762719-M9", "s6-m6" ]
  }, {
    "id" : "s6-r3",
    "properties" : { },
    "type" : "hasFeature",
    "args" : [ "1151247809222297__-785762719-M9", "s6-m5" ]
  }, {
    "id" : "s6-r4",
    "properties" : { },
    "type" : "hasFeature",
    "args" : [ "1151247809222297__-785762719-M9", "s6-m4" ]
  }, {
    "id" : "s6-r5",
    "properties" : { },
    "type" : "hasFeature",
    "args" : [ "1151247809222297__-785762719-M9", "s6-m3" ]
  } ],
  "corefs" : [ {
    "id" : "1151247809222297__-785762719-E0",
    "properties" : { },
    "mentions" : [ "1151247809222297__-785762719-M0", "1151247809222297__-785762719-M1", "s1-m4", "s3-m2", "s2-m5", "s5-m2" ]
  }, {
    "id" : "1151247809222297__-785762719-E1",
    "properties" : { },
    "mentions" : [ "1151247809222297__-785762719-M2", "1151247809222297__-785762719-M6" ]
  }, {
    "id" : "1151247809222297__-785762719-E3",
    "properties" : { },
    "mentions" : [ "1151247809222297__-785762719-M9", "s2-m6" ]
  } ],
  "typeResolved" : true,
  "userResolved" : true
}