{
  "id" : "d442e3a2-8558-4659-89ed-fe6d3041fee7-1",
  "modifiedDate" : 1468357374328,
  "name" : "review50.txt",
  "version" : 2,
  "text" : "5 minutes in and I'm in love with this tiny speaker. I didn't know what to expect out of it given the price. I figured it would be heavy on the treble and very light on the bass. I was wrong. And I'm so happy I was wrong.\n\nThe sound coming out of this little guy is awesome. Sure, I could go spend $300 on a Bose and get better sound. But that's just it... the sound wouldn't be THAT much better. For 10% of the cost you get about 85% of the sound. I'm sold.\n\nI paired it with a Note 5 and set the volume at 65% on the phone. I had to lower the volume on the speaker a bit because it was too loud in my office. Played some Daft Punk and a bit of Zedd to test out the sound mix. It has pretty solid bass for such a tiny thing. And at higher volumes there is no clipping in the sound output.\n\nTo put it simply, I'm impressed. Very, very well done.\n",
  "docLength" : 846,
  "language" : "EN",
  "status" : "SUBMITTED",
  "documentSet" : [ ],
  "sentences" : [ {
    "id" : "s0",
    "begin" : 0,
    "end" : 52,
    "text" : "5 minutes in and I'm in love with this tiny speaker.",
    "tokens" : [ {
      "id" : "s0-t0",
      "begin" : 0,
      "end" : 1,
      "text" : "5",
      "whiteSpace" : false
    }, {
      "id" : "s0-t1",
      "begin" : 2,
      "end" : 9,
      "text" : "minutes",
      "whiteSpace" : false
    }, {
      "id" : "s0-t2",
      "begin" : 10,
      "end" : 12,
      "text" : "in",
      "whiteSpace" : false
    }, {
      "id" : "s0-t3",
      "begin" : 13,
      "end" : 16,
      "text" : "and",
      "whiteSpace" : false
    }, {
      "id" : "s0-t4",
      "begin" : 17,
      "end" : 18,
      "text" : "I",
      "whiteSpace" : false
    }, {
      "id" : "s0-t5",
      "begin" : 18,
      "end" : 20,
      "text" : "'m",
      "whiteSpace" : false
    }, {
      "id" : "s0-t6",
      "begin" : 21,
      "end" : 23,
      "text" : "in",
      "whiteSpace" : false
    }, {
      "id" : "s0-t7",
      "begin" : 24,
      "end" : 28,
      "text" : "love",
      "whiteSpace" : false
    }, {
      "id" : "s0-t8",
      "begin" : 29,
      "end" : 33,
      "text" : "with",
      "whiteSpace" : false
    }, {
      "id" : "s0-t9",
      "begin" : 34,
      "end" : 38,
      "text" : "this",
      "whiteSpace" : false
    }, {
      "id" : "s0-t10",
      "begin" : 39,
      "end" : 43,
      "text" : "tiny",
      "whiteSpace" : false
    }, {
      "id" : "s0-t11",
      "begin" : 44,
      "end" : 51,
      "text" : "speaker",
      "whiteSpace" : false
    }, {
      "id" : "s0-t12",
      "begin" : 51,
      "end" : 52,
      "text" : ".",
      "whiteSpace" : false
    } ]
  }, {
    "id" : "s1",
    "begin" : 53,
    "end" : 108,
    "text" : "I didn't know what to expect out of it given the price.",
    "tokens" : [ {
      "id" : "s1-t0",
      "begin" : 53,
      "end" : 54,
      "text" : "I",
      "whiteSpace" : false
    }, {
      "id" : "s1-t1",
      "begin" : 55,
      "end" : 58,
      "text" : "did",
      "whiteSpace" : false
    }, {
      "id" : "s1-t2",
      "begin" : 58,
      "end" : 61,
      "text" : "n't",
      "whiteSpace" : false
    }, {
      "id" : "s1-t3",
      "begin" : 62,
      "end" : 66,
      "text" : "know",
      "whiteSpace" : false
    }, {
      "id" : "s1-t4",
      "begin" : 67,
      "end" : 71,
      "text" : "what",
      "whiteSpace" : false
    }, {
      "id" : "s1-t5",
      "begin" : 72,
      "end" : 74,
      "text" : "to",
      "whiteSpace" : false
    }, {
      "id" : "s1-t6",
      "begin" : 75,
      "end" : 81,
      "text" : "expect",
      "whiteSpace" : false
    }, {
      "id" : "s1-t7",
      "begin" : 82,
      "end" : 85,
      "text" : "out",
      "whiteSpace" : false
    }, {
      "id" : "s1-t8",
      "begin" : 86,
      "end" : 88,
      "text" : "of",
      "whiteSpace" : false
    }, {
      "id" : "s1-t9",
      "begin" : 89,
      "end" : 91,
      "text" : "it",
      "whiteSpace" : false
    }, {
      "id" : "s1-t10",
      "begin" : 92,
      "end" : 97,
      "text" : "given",
      "whiteSpace" : false
    }, {
      "id" : "s1-t11",
      "begin" : 98,
      "end" : 101,
      "text" : "the",
      "whiteSpace" : false
    }, {
      "id" : "s1-t12",
      "begin" : 102,
      "end" : 107,
      "text" : "price",
      "whiteSpace" : false
    }, {
      "id" : "s1-t13",
      "begin" : 107,
      "end" : 108,
      "text" : ".",
      "whiteSpace" : false
    } ]
  }, {
    "id" : "s2",
    "begin" : 109,
    "end" : 178,
    "text" : "I figured it would be heavy on the treble and very light on the bass.",
    "tokens" : [ {
      "id" : "s2-t0",
      "begin" : 109,
      "end" : 110,
      "text" : "I",
      "whiteSpace" : false
    }, {
      "id" : "s2-t1",
      "begin" : 111,
      "end" : 118,
      "text" : "figured",
      "whiteSpace" : false
    }, {
      "id" : "s2-t2",
      "begin" : 119,
      "end" : 121,
      "text" : "it",
      "whiteSpace" : false
    }, {
      "id" : "s2-t3",
      "begin" : 122,
      "end" : 127,
      "text" : "would",
      "whiteSpace" : false
    }, {
      "id" : "s2-t4",
      "begin" : 128,
      "end" : 130,
      "text" : "be",
      "whiteSpace" : false
    }, {
      "id" : "s2-t5",
      "begin" : 131,
      "end" : 136,
      "text" : "heavy",
      "whiteSpace" : false
    }, {
      "id" : "s2-t6",
      "begin" : 137,
      "end" : 139,
      "text" : "on",
      "whiteSpace" : false
    }, {
      "id" : "s2-t7",
      "begin" : 140,
      "end" : 143,
      "text" : "the",
      "whiteSpace" : false
    }, {
      "id" : "s2-t8",
      "begin" : 144,
      "end" : 150,
      "text" : "treble",
      "whiteSpace" : false
    }, {
      "id" : "s2-t9",
      "begin" : 151,
      "end" : 154,
      "text" : "and",
      "whiteSpace" : false
    }, {
      "id" : "s2-t10",
      "begin" : 155,
      "end" : 159,
      "text" : "very",
      "whiteSpace" : false
    }, {
      "id" : "s2-t11",
      "begin" : 160,
      "end" : 165,
      "text" : "light",
      "whiteSpace" : false
    }, {
      "id" : "s2-t12",
      "begin" : 166,
      "end" : 168,
      "text" : "on",
      "whiteSpace" : false
    }, {
      "id" : "s2-t13",
      "begin" : 169,
      "end" : 172,
      "text" : "the",
      "whiteSpace" : false
    }, {
      "id" : "s2-t14",
      "begin" : 173,
      "end" : 177,
      "text" : "bass",
      "whiteSpace" : false
    }, {
      "id" : "s2-t15",
      "begin" : 177,
      "end" : 178,
      "text" : ".",
      "whiteSpace" : false
    } ]
  }, {
    "id" : "s3",
    "begin" : 179,
    "end" : 191,
    "text" : "I was wrong.",
    "tokens" : [ {
      "id" : "s3-t0",
      "begin" : 179,
      "end" : 180,
      "text" : "I",
      "whiteSpace" : false
    }, {
      "id" : "s3-t1",
      "begin" : 181,
      "end" : 184,
      "text" : "was",
      "whiteSpace" : false
    }, {
      "id" : "s3-t2",
      "begin" : 185,
      "end" : 190,
      "text" : "wrong",
      "whiteSpace" : false
    }, {
      "id" : "s3-t3",
      "begin" : 190,
      "end" : 191,
      "text" : ".",
      "whiteSpace" : false
    } ]
  }, {
    "id" : "s4",
    "begin" : 192,
    "end" : 221,
    "text" : "And I'm so happy I was wrong.",
    "tokens" : [ {
      "id" : "s4-t0",
      "begin" : 192,
      "end" : 195,
      "text" : "And",
      "whiteSpace" : false
    }, {
      "id" : "s4-t1",
      "begin" : 196,
      "end" : 197,
      "text" : "I",
      "whiteSpace" : false
    }, {
      "id" : "s4-t2",
      "begin" : 197,
      "end" : 199,
      "text" : "'m",
      "whiteSpace" : false
    }, {
      "id" : "s4-t3",
      "begin" : 200,
      "end" : 202,
      "text" : "so",
      "whiteSpace" : false
    }, {
      "id" : "s4-t4",
      "begin" : 203,
      "end" : 208,
      "text" : "happy",
      "whiteSpace" : false
    }, {
      "id" : "s4-t5",
      "begin" : 209,
      "end" : 210,
      "text" : "I",
      "whiteSpace" : false
    }, {
      "id" : "s4-t6",
      "begin" : 211,
      "end" : 214,
      "text" : "was",
      "whiteSpace" : false
    }, {
      "id" : "s4-t7",
      "begin" : 215,
      "end" : 220,
      "text" : "wrong",
      "whiteSpace" : false
    }, {
      "id" : "s4-t8",
      "begin" : 220,
      "end" : 221,
      "text" : ".",
      "whiteSpace" : false
    } ]
  }, {
    "id" : "s5",
    "begin" : 223,
    "end" : 274,
    "text" : "The sound coming out of this little guy is awesome.",
    "tokens" : [ {
      "id" : "s5-t0",
      "begin" : 223,
      "end" : 226,
      "text" : "The",
      "whiteSpace" : false
    }, {
      "id" : "s5-t1",
      "begin" : 227,
      "end" : 232,
      "text" : "sound",
      "whiteSpace" : false
    }, {
      "id" : "s5-t2",
      "begin" : 233,
      "end" : 239,
      "text" : "coming",
      "whiteSpace" : false
    }, {
      "id" : "s5-t3",
      "begin" : 240,
      "end" : 243,
      "text" : "out",
      "whiteSpace" : false
    }, {
      "id" : "s5-t4",
      "begin" : 244,
      "end" : 246,
      "text" : "of",
      "whiteSpace" : false
    }, {
      "id" : "s5-t5",
      "begin" : 247,
      "end" : 251,
      "text" : "this",
      "whiteSpace" : false
    }, {
      "id" : "s5-t6",
      "begin" : 252,
      "end" : 258,
      "text" : "little",
      "whiteSpace" : false
    }, {
      "id" : "s5-t7",
      "begin" : 259,
      "end" : 262,
      "text" : "guy",
      "whiteSpace" : false
    }, {
      "id" : "s5-t8",
      "begin" : 263,
      "end" : 265,
      "text" : "is",
      "whiteSpace" : false
    }, {
      "id" : "s5-t9",
      "begin" : 266,
      "end" : 273,
      "text" : "awesome",
      "whiteSpace" : false
    }, {
      "id" : "s5-t10",
      "begin" : 273,
      "end" : 274,
      "text" : ".",
      "whiteSpace" : false
    } ]
  }, {
    "id" : "s6",
    "begin" : 275,
    "end" : 334,
    "text" : "Sure, I could go spend $300 on a Bose and get better sound.",
    "tokens" : [ {
      "id" : "s6-t0",
      "begin" : 275,
      "end" : 279,
      "text" : "Sure",
      "whiteSpace" : false
    }, {
      "id" : "s6-t1",
      "begin" : 279,
      "end" : 280,
      "text" : ",",
      "whiteSpace" : false
    }, {
      "id" : "s6-t2",
      "begin" : 281,
      "end" : 282,
      "text" : "I",
      "whiteSpace" : false
    }, {
      "id" : "s6-t3",
      "begin" : 283,
      "end" : 288,
      "text" : "could",
      "whiteSpace" : false
    }, {
      "id" : "s6-t4",
      "begin" : 289,
      "end" : 291,
      "text" : "go",
      "whiteSpace" : false
    }, {
      "id" : "s6-t5",
      "begin" : 292,
      "end" : 297,
      "text" : "spend",
      "whiteSpace" : false
    }, {
      "id" : "s6-t6",
      "begin" : 298,
      "end" : 299,
      "text" : "$",
      "whiteSpace" : false
    }, {
      "id" : "s6-t7",
      "begin" : 299,
      "end" : 302,
      "text" : "300",
      "whiteSpace" : false
    }, {
      "id" : "s6-t8",
      "begin" : 303,
      "end" : 305,
      "text" : "on",
      "whiteSpace" : false
    }, {
      "id" : "s6-t9",
      "begin" : 306,
      "end" : 307,
      "text" : "a",
      "whiteSpace" : false
    }, {
      "id" : "s6-t10",
      "begin" : 308,
      "end" : 312,
      "text" : "Bose",
      "whiteSpace" : false
    }, {
      "id" : "s6-t11",
      "begin" : 313,
      "end" : 316,
      "text" : "and",
      "whiteSpace" : false
    }, {
      "id" : "s6-t12",
      "begin" : 317,
      "end" : 320,
      "text" : "get",
      "whiteSpace" : false
    }, {
      "id" : "s6-t13",
      "begin" : 321,
      "end" : 327,
      "text" : "better",
      "whiteSpace" : false
    }, {
      "id" : "s6-t14",
      "begin" : 328,
      "end" : 333,
      "text" : "sound",
      "whiteSpace" : false
    }, {
      "id" : "s6-t15",
      "begin" : 333,
      "end" : 334,
      "text" : ".",
      "whiteSpace" : false
    } ]
  }, {
    "id" : "s7",
    "begin" : 335,
    "end" : 396,
    "text" : "But that's just it... the sound wouldn't be THAT much better.",
    "tokens" : [ {
      "id" : "s7-t0",
      "begin" : 335,
      "end" : 338,
      "text" : "But",
      "whiteSpace" : false
    }, {
      "id" : "s7-t1",
      "begin" : 339,
      "end" : 343,
      "text" : "that",
      "whiteSpace" : false
    }, {
      "id" : "s7-t2",
      "begin" : 343,
      "end" : 345,
      "text" : "'s",
      "whiteSpace" : false
    }, {
      "id" : "s7-t3",
      "begin" : 346,
      "end" : 350,
      "text" : "just",
      "whiteSpace" : false
    }, {
      "id" : "s7-t4",
      "begin" : 351,
      "end" : 353,
      "text" : "it",
      "whiteSpace" : false
    }, {
      "id" : "s7-t5",
      "begin" : 353,
      "end" : 356,
      "text" : "...",
      "whiteSpace" : false
    }, {
      "id" : "s7-t6",
      "begin" : 357,
      "end" : 360,
      "text" : "the",
      "whiteSpace" : false
    }, {
      "id" : "s7-t7",
      "begin" : 361,
      "end" : 366,
      "text" : "sound",
      "whiteSpace" : false
    }, {
      "id" : "s7-t8",
      "begin" : 367,
      "end" : 372,
      "text" : "would",
      "whiteSpace" : false
    }, {
      "id" : "s7-t9",
      "begin" : 372,
      "end" : 375,
      "text" : "n't",
      "whiteSpace" : false
    }, {
      "id" : "s7-t10",
      "begin" : 376,
      "end" : 378,
      "text" : "be",
      "whiteSpace" : false
    }, {
      "id" : "s7-t11",
      "begin" : 379,
      "end" : 383,
      "text" : "THAT",
      "whiteSpace" : false
    }, {
      "id" : "s7-t12",
      "begin" : 384,
      "end" : 388,
      "text" : "much",
      "whiteSpace" : false
    }, {
      "id" : "s7-t13",
      "begin" : 389,
      "end" : 395,
      "text" : "better",
      "whiteSpace" : false
    }, {
      "id" : "s7-t14",
      "begin" : 395,
      "end" : 396,
      "text" : ".",
      "whiteSpace" : false
    } ]
  }, {
    "id" : "s8",
    "begin" : 397,
    "end" : 448,
    "text" : "For 10% of the cost you get about 85% of the sound.",
    "tokens" : [ {
      "id" : "s8-t0",
      "begin" : 397,
      "end" : 400,
      "text" : "For",
      "whiteSpace" : false
    }, {
      "id" : "s8-t1",
      "begin" : 401,
      "end" : 403,
      "text" : "10",
      "whiteSpace" : false
    }, {
      "id" : "s8-t2",
      "begin" : 403,
      "end" : 404,
      "text" : "%",
      "whiteSpace" : false
    }, {
      "id" : "s8-t3",
      "begin" : 405,
      "end" : 407,
      "text" : "of",
      "whiteSpace" : false
    }, {
      "id" : "s8-t4",
      "begin" : 408,
      "end" : 411,
      "text" : "the",
      "whiteSpace" : false
    }, {
      "id" : "s8-t5",
      "begin" : 412,
      "end" : 416,
      "text" : "cost",
      "whiteSpace" : false
    }, {
      "id" : "s8-t6",
      "begin" : 417,
      "end" : 420,
      "text" : "you",
      "whiteSpace" : false
    }, {
      "id" : "s8-t7",
      "begin" : 421,
      "end" : 424,
      "text" : "get",
      "whiteSpace" : false
    }, {
      "id" : "s8-t8",
      "begin" : 425,
      "end" : 430,
      "text" : "about",
      "whiteSpace" : false
    }, {
      "id" : "s8-t9",
      "begin" : 431,
      "end" : 433,
      "text" : "85",
      "whiteSpace" : false
    }, {
      "id" : "s8-t10",
      "begin" : 433,
      "end" : 434,
      "text" : "%",
      "whiteSpace" : false
    }, {
      "id" : "s8-t11",
      "begin" : 435,
      "end" : 437,
      "text" : "of",
      "whiteSpace" : false
    }, {
      "id" : "s8-t12",
      "begin" : 438,
      "end" : 441,
      "text" : "the",
      "whiteSpace" : false
    }, {
      "id" : "s8-t13",
      "begin" : 442,
      "end" : 447,
      "text" : "sound",
      "whiteSpace" : false
    }, {
      "id" : "s8-t14",
      "begin" : 447,
      "end" : 448,
      "text" : ".",
      "whiteSpace" : false
    } ]
  }, {
    "id" : "s9",
    "begin" : 449,
    "end" : 458,
    "text" : "I'm sold.",
    "tokens" : [ {
      "id" : "s9-t0",
      "begin" : 449,
      "end" : 450,
      "text" : "I",
      "whiteSpace" : false
    }, {
      "id" : "s9-t1",
      "begin" : 450,
      "end" : 452,
      "text" : "'m",
      "whiteSpace" : false
    }, {
      "id" : "s9-t2",
      "begin" : 453,
      "end" : 457,
      "text" : "sold",
      "whiteSpace" : false
    }, {
      "id" : "s9-t3",
      "begin" : 457,
      "end" : 458,
      "text" : ".",
      "whiteSpace" : false
    } ]
  }, {
    "id" : "s10",
    "begin" : 460,
    "end" : 525,
    "text" : "I paired it with a Note 5 and set the volume at 65% on the phone.",
    "tokens" : [ {
      "id" : "s10-t0",
      "begin" : 460,
      "end" : 461,
      "text" : "I",
      "whiteSpace" : false
    }, {
      "id" : "s10-t1",
      "begin" : 462,
      "end" : 468,
      "text" : "paired",
      "whiteSpace" : false
    }, {
      "id" : "s10-t2",
      "begin" : 469,
      "end" : 471,
      "text" : "it",
      "whiteSpace" : false
    }, {
      "id" : "s10-t3",
      "begin" : 472,
      "end" : 476,
      "text" : "with",
      "whiteSpace" : false
    }, {
      "id" : "s10-t4",
      "begin" : 477,
      "end" : 478,
      "text" : "a",
      "whiteSpace" : false
    }, {
      "id" : "s10-t5",
      "begin" : 479,
      "end" : 483,
      "text" : "Note",
      "whiteSpace" : false
    }, {
      "id" : "s10-t6",
      "begin" : 484,
      "end" : 485,
      "text" : "5",
      "whiteSpace" : false
    }, {
      "id" : "s10-t7",
      "begin" : 486,
      "end" : 489,
      "text" : "and",
      "whiteSpace" : false
    }, {
      "id" : "s10-t8",
      "begin" : 490,
      "end" : 493,
      "text" : "set",
      "whiteSpace" : false
    }, {
      "id" : "s10-t9",
      "begin" : 494,
      "end" : 497,
      "text" : "the",
      "whiteSpace" : false
    }, {
      "id" : "s10-t10",
      "begin" : 498,
      "end" : 504,
      "text" : "volume",
      "whiteSpace" : false
    }, {
      "id" : "s10-t11",
      "begin" : 505,
      "end" : 507,
      "text" : "at",
      "whiteSpace" : false
    }, {
      "id" : "s10-t12",
      "begin" : 508,
      "end" : 510,
      "text" : "65",
      "whiteSpace" : false
    }, {
      "id" : "s10-t13",
      "begin" : 510,
      "end" : 511,
      "text" : "%",
      "whiteSpace" : false
    }, {
      "id" : "s10-t14",
      "begin" : 512,
      "end" : 514,
      "text" : "on",
      "whiteSpace" : false
    }, {
      "id" : "s10-t15",
      "begin" : 515,
      "end" : 518,
      "text" : "the",
      "whiteSpace" : false
    }, {
      "id" : "s10-t16",
      "begin" : 519,
      "end" : 524,
      "text" : "phone",
      "whiteSpace" : false
    }, {
      "id" : "s10-t17",
      "begin" : 524,
      "end" : 525,
      "text" : ".",
      "whiteSpace" : false
    } ]
  }, {
    "id" : "s11",
    "begin" : 526,
    "end" : 610,
    "text" : "I had to lower the volume on the speaker a bit because it was too loud in my office.",
    "tokens" : [ {
      "id" : "s11-t0",
      "begin" : 526,
      "end" : 527,
      "text" : "I",
      "whiteSpace" : false
    }, {
      "id" : "s11-t1",
      "begin" : 528,
      "end" : 531,
      "text" : "had",
      "whiteSpace" : false
    }, {
      "id" : "s11-t2",
      "begin" : 532,
      "end" : 534,
      "text" : "to",
      "whiteSpace" : false
    }, {
      "id" : "s11-t3",
      "begin" : 535,
      "end" : 540,
      "text" : "lower",
      "whiteSpace" : false
    }, {
      "id" : "s11-t4",
      "begin" : 541,
      "end" : 544,
      "text" : "the",
      "whiteSpace" : false
    }, {
      "id" : "s11-t5",
      "begin" : 545,
      "end" : 551,
      "text" : "volume",
      "whiteSpace" : false
    }, {
      "id" : "s11-t6",
      "begin" : 552,
      "end" : 554,
      "text" : "on",
      "whiteSpace" : false
    }, {
      "id" : "s11-t7",
      "begin" : 555,
      "end" : 558,
      "text" : "the",
      "whiteSpace" : false
    }, {
      "id" : "s11-t8",
      "begin" : 559,
      "end" : 566,
      "text" : "speaker",
      "whiteSpace" : false
    }, {
      "id" : "s11-t9",
      "begin" : 567,
      "end" : 568,
      "text" : "a",
      "whiteSpace" : false
    }, {
      "id" : "s11-t10",
      "begin" : 569,
      "end" : 572,
      "text" : "bit",
      "whiteSpace" : false
    }, {
      "id" : "s11-t11",
      "begin" : 573,
      "end" : 580,
      "text" : "because",
      "whiteSpace" : false
    }, {
      "id" : "s11-t12",
      "begin" : 581,
      "end" : 583,
      "text" : "it",
      "whiteSpace" : false
    }, {
      "id" : "s11-t13",
      "begin" : 584,
      "end" : 587,
      "text" : "was",
      "whiteSpace" : false
    }, {
      "id" : "s11-t14",
      "begin" : 588,
      "end" : 591,
      "text" : "too",
      "whiteSpace" : false
    }, {
      "id" : "s11-t15",
      "begin" : 592,
      "end" : 596,
      "text" : "loud",
      "whiteSpace" : false
    }, {
      "id" : "s11-t16",
      "begin" : 597,
      "end" : 599,
      "text" : "in",
      "whiteSpace" : false
    }, {
      "id" : "s11-t17",
      "begin" : 600,
      "end" : 602,
      "text" : "my",
      "whiteSpace" : false
    }, {
      "id" : "s11-t18",
      "begin" : 603,
      "end" : 609,
      "text" : "office",
      "whiteSpace" : false
    }, {
      "id" : "s11-t19",
      "begin" : 609,
      "end" : 610,
      "text" : ".",
      "whiteSpace" : false
    } ]
  }, {
    "id" : "s12",
    "begin" : 611,
    "end" : 677,
    "text" : "Played some Daft Punk and a bit of Zedd to test out the sound mix.",
    "tokens" : [ {
      "id" : "s12-t0",
      "begin" : 611,
      "end" : 617,
      "text" : "Played",
      "whiteSpace" : false
    }, {
      "id" : "s12-t1",
      "begin" : 618,
      "end" : 622,
      "text" : "some",
      "whiteSpace" : false
    }, {
      "id" : "s12-t2",
      "begin" : 623,
      "end" : 627,
      "text" : "Daft",
      "whiteSpace" : false
    }, {
      "id" : "s12-t3",
      "begin" : 628,
      "end" : 632,
      "text" : "Punk",
      "whiteSpace" : false
    }, {
      "id" : "s12-t4",
      "begin" : 633,
      "end" : 636,
      "text" : "and",
      "whiteSpace" : false
    }, {
      "id" : "s12-t5",
      "begin" : 637,
      "end" : 638,
      "text" : "a",
      "whiteSpace" : false
    }, {
      "id" : "s12-t6",
      "begin" : 639,
      "end" : 642,
      "text" : "bit",
      "whiteSpace" : false
    }, {
      "id" : "s12-t7",
      "begin" : 643,
      "end" : 645,
      "text" : "of",
      "whiteSpace" : false
    }, {
      "id" : "s12-t8",
      "begin" : 646,
      "end" : 650,
      "text" : "Zedd",
      "whiteSpace" : false
    }, {
      "id" : "s12-t9",
      "begin" : 651,
      "end" : 653,
      "text" : "to",
      "whiteSpace" : false
    }, {
      "id" : "s12-t10",
      "begin" : 654,
      "end" : 658,
      "text" : "test",
      "whiteSpace" : false
    }, {
      "id" : "s12-t11",
      "begin" : 659,
      "end" : 662,
      "text" : "out",
      "whiteSpace" : false
    }, {
      "id" : "s12-t12",
      "begin" : 663,
      "end" : 666,
      "text" : "the",
      "whiteSpace" : false
    }, {
      "id" : "s12-t13",
      "begin" : 667,
      "end" : 672,
      "text" : "sound",
      "whiteSpace" : false
    }, {
      "id" : "s12-t14",
      "begin" : 673,
      "end" : 676,
      "text" : "mix",
      "whiteSpace" : false
    }, {
      "id" : "s12-t15",
      "begin" : 676,
      "end" : 677,
      "text" : ".",
      "whiteSpace" : false
    } ]
  }, {
    "id" : "s13",
    "begin" : 678,
    "end" : 725,
    "text" : "It has pretty solid bass for such a tiny thing.",
    "tokens" : [ {
      "id" : "s13-t0",
      "begin" : 678,
      "end" : 680,
      "text" : "It",
      "whiteSpace" : false
    }, {
      "id" : "s13-t1",
      "begin" : 681,
      "end" : 684,
      "text" : "has",
      "whiteSpace" : false
    }, {
      "id" : "s13-t2",
      "begin" : 685,
      "end" : 691,
      "text" : "pretty",
      "whiteSpace" : false
    }, {
      "id" : "s13-t3",
      "begin" : 692,
      "end" : 697,
      "text" : "solid",
      "whiteSpace" : false
    }, {
      "id" : "s13-t4",
      "begin" : 698,
      "end" : 702,
      "text" : "bass",
      "whiteSpace" : false
    }, {
      "id" : "s13-t5",
      "begin" : 703,
      "end" : 706,
      "text" : "for",
      "whiteSpace" : false
    }, {
      "id" : "s13-t6",
      "begin" : 707,
      "end" : 711,
      "text" : "such",
      "whiteSpace" : false
    }, {
      "id" : "s13-t7",
      "begin" : 712,
      "end" : 713,
      "text" : "a",
      "whiteSpace" : false
    }, {
      "id" : "s13-t8",
      "begin" : 714,
      "end" : 718,
      "text" : "tiny",
      "whiteSpace" : false
    }, {
      "id" : "s13-t9",
      "begin" : 719,
      "end" : 724,
      "text" : "thing",
      "whiteSpace" : false
    }, {
      "id" : "s13-t10",
      "begin" : 724,
      "end" : 725,
      "text" : ".",
      "whiteSpace" : false
    } ]
  }, {
    "id" : "s14",
    "begin" : 726,
    "end" : 789,
    "text" : "And at higher volumes there is no clipping in the sound output.",
    "tokens" : [ {
      "id" : "s14-t0",
      "begin" : 726,
      "end" : 729,
      "text" : "And",
      "whiteSpace" : false
    }, {
      "id" : "s14-t1",
      "begin" : 730,
      "end" : 732,
      "text" : "at",
      "whiteSpace" : false
    }, {
      "id" : "s14-t2",
      "begin" : 733,
      "end" : 739,
      "text" : "higher",
      "whiteSpace" : false
    }, {
      "id" : "s14-t3",
      "begin" : 740,
      "end" : 747,
      "text" : "volumes",
      "whiteSpace" : false
    }, {
      "id" : "s14-t4",
      "begin" : 748,
      "end" : 753,
      "text" : "there",
      "whiteSpace" : false
    }, {
      "id" : "s14-t5",
      "begin" : 754,
      "end" : 756,
      "text" : "is",
      "whiteSpace" : false
    }, {
      "id" : "s14-t6",
      "begin" : 757,
      "end" : 759,
      "text" : "no",
      "whiteSpace" : false
    }, {
      "id" : "s14-t7",
      "begin" : 760,
      "end" : 768,
      "text" : "clipping",
      "whiteSpace" : false
    }, {
      "id" : "s14-t8",
      "begin" : 769,
      "end" : 771,
      "text" : "in",
      "whiteSpace" : false
    }, {
      "id" : "s14-t9",
      "begin" : 772,
      "end" : 775,
      "text" : "the",
      "whiteSpace" : false
    }, {
      "id" : "s14-t10",
      "begin" : 776,
      "end" : 781,
      "text" : "sound",
      "whiteSpace" : false
    }, {
      "id" : "s14-t11",
      "begin" : 782,
      "end" : 788,
      "text" : "output",
      "whiteSpace" : false
    }, {
      "id" : "s14-t12",
      "begin" : 788,
      "end" : 789,
      "text" : ".",
      "whiteSpace" : false
    } ]
  }, {
    "id" : "s15",
    "begin" : 791,
    "end" : 823,
    "text" : "To put it simply, I'm impressed.",
    "tokens" : [ {
      "id" : "s15-t0",
      "begin" : 791,
      "end" : 793,
      "text" : "To",
      "whiteSpace" : false
    }, {
      "id" : "s15-t1",
      "begin" : 794,
      "end" : 797,
      "text" : "put",
      "whiteSpace" : false
    }, {
      "id" : "s15-t2",
      "begin" : 798,
      "end" : 800,
      "text" : "it",
      "whiteSpace" : false
    }, {
      "id" : "s15-t3",
      "begin" : 801,
      "end" : 807,
      "text" : "simply",
      "whiteSpace" : false
    }, {
      "id" : "s15-t4",
      "begin" : 807,
      "end" : 808,
      "text" : ",",
      "whiteSpace" : false
    }, {
      "id" : "s15-t5",
      "begin" : 809,
      "end" : 810,
      "text" : "I",
      "whiteSpace" : false
    }, {
      "id" : "s15-t6",
      "begin" : 810,
      "end" : 812,
      "text" : "'m",
      "whiteSpace" : false
    }, {
      "id" : "s15-t7",
      "begin" : 813,
      "end" : 822,
      "text" : "impressed",
      "whiteSpace" : false
    }, {
      "id" : "s15-t8",
      "begin" : 822,
      "end" : 823,
      "text" : ".",
      "whiteSpace" : false
    } ]
  }, {
    "id" : "s16",
    "begin" : 824,
    "end" : 845,
    "text" : "Very, very well done.",
    "tokens" : [ {
      "id" : "s16-t0",
      "begin" : 824,
      "end" : 828,
      "text" : "Very",
      "whiteSpace" : false
    }, {
      "id" : "s16-t1",
      "begin" : 828,
      "end" : 829,
      "text" : ",",
      "whiteSpace" : false
    }, {
      "id" : "s16-t2",
      "begin" : 830,
      "end" : 834,
      "text" : "very",
      "whiteSpace" : false
    }, {
      "id" : "s16-t3",
      "begin" : 835,
      "end" : 839,
      "text" : "well",
      "whiteSpace" : false
    }, {
      "id" : "s16-t4",
      "begin" : 840,
      "end" : 844,
      "text" : "done",
      "whiteSpace" : false
    }, {
      "id" : "s16-t5",
      "begin" : 844,
      "end" : 845,
      "text" : ".",
      "whiteSpace" : false
    } ]
  } ],
  "mentions" : [ {
    "id" : "1151246966079384__-785762719-M0",
    "properties" : {
      "SIRE_ENTITY_SUBTYPE" : "NONE",
      "SIRE_MENTION_CLASS" : "SPC",
      "SIRE_MENTION_TYPE" : "NONE",
      "SIRE_ENTITY_CLASS" : "SPC",
      "SIRE_ENTITY_LEVEL" : "NONE",
      "SIRE_MENTION_ROLE" : "Consumer"
    },
    "type" : "Consumer",
    "begin" : 17,
    "end" : 18,
    "inCoref" : true
  }, {
    "id" : "s0-m3",
    "properties" : {
      "SIRE_MENTION_ROLE" : "Descriptor",
      "SIRE_ENTITY_SUBTYPE" : "NONE",
      "SIRE_MENTION_TYPE" : "NONE",
      "SIRE_MENTION_CLASS" : "SPC"
    },
    "type" : "Descriptor",
    "begin" : 39,
    "end" : 43,
    "inCoref" : false
  }, {
    "id" : "s0-m4",
    "properties" : {
      "SIRE_MENTION_ROLE" : "Product",
      "SIRE_ENTITY_SUBTYPE" : "NONE",
      "SIRE_MENTION_TYPE" : "NONE",
      "SIRE_MENTION_CLASS" : "SPC"
    },
    "type" : "Product",
    "begin" : 44,
    "end" : 51,
    "inCoref" : true
  }, {
    "id" : "1151246966079384__-785762719-M2",
    "properties" : {
      "SIRE_ENTITY_SUBTYPE" : "NONE",
      "SIRE_MENTION_CLASS" : "SPC",
      "SIRE_MENTION_TYPE" : "NONE",
      "SIRE_ENTITY_CLASS" : "SPC",
      "SIRE_ENTITY_LEVEL" : "NONE",
      "SIRE_MENTION_ROLE" : "Consumer"
    },
    "type" : "Consumer",
    "begin" : 53,
    "end" : 54,
    "inCoref" : true
  }, {
    "id" : "s1-m2",
    "properties" : {
      "SIRE_MENTION_ROLE" : "Product",
      "SIRE_ENTITY_SUBTYPE" : "NONE",
      "SIRE_MENTION_TYPE" : "NONE",
      "SIRE_MENTION_CLASS" : "SPC"
    },
    "type" : "Product",
    "begin" : 89,
    "end" : 91,
    "inCoref" : true
  }, {
    "id" : "s1-m3",
    "properties" : {
      "SIRE_MENTION_ROLE" : "Price",
      "SIRE_ENTITY_SUBTYPE" : "NONE",
      "SIRE_MENTION_TYPE" : "NONE",
      "SIRE_MENTION_CLASS" : "SPC"
    },
    "type" : "Price",
    "begin" : 98,
    "end" : 107,
    "inCoref" : false
  }, {
    "id" : "1151246966079384__-785762719-M3",
    "properties" : {
      "SIRE_ENTITY_SUBTYPE" : "NONE",
      "SIRE_MENTION_CLASS" : "SPC",
      "SIRE_MENTION_TYPE" : "NONE",
      "SIRE_ENTITY_CLASS" : "SPC",
      "SIRE_ENTITY_LEVEL" : "NONE",
      "SIRE_MENTION_ROLE" : "Consumer"
    },
    "type" : "Consumer",
    "begin" : 109,
    "end" : 110,
    "inCoref" : true
  }, {
    "id" : "s2-m5",
    "properties" : {
      "SIRE_MENTION_ROLE" : "Descriptor",
      "SIRE_ENTITY_SUBTYPE" : "NONE",
      "SIRE_MENTION_TYPE" : "NONE",
      "SIRE_MENTION_CLASS" : "SPC"
    },
    "type" : "Descriptor",
    "begin" : 131,
    "end" : 136,
    "inCoref" : false
  }, {
    "id" : "s2-m6",
    "properties" : {
      "SIRE_MENTION_ROLE" : "Feature",
      "SIRE_ENTITY_SUBTYPE" : "NONE",
      "SIRE_MENTION_TYPE" : "NONE",
      "SIRE_MENTION_CLASS" : "SPC"
    },
    "type" : "Feature",
    "begin" : 144,
    "end" : 150,
    "inCoref" : false
  }, {
    "id" : "1151246966079384__-785762719-M5",
    "properties" : {
      "SIRE_MENTION_ROLE" : "Descriptor",
      "SIRE_ENTITY_SUBTYPE" : "NONE",
      "SIRE_MENTION_TYPE" : "NONE",
      "SIRE_MENTION_CLASS" : "SPC"
    },
    "type" : "Descriptor",
    "begin" : 155,
    "end" : 165,
    "inCoref" : false
  }, {
    "id" : "1151246966079384__-785762719-M6",
    "properties" : {
      "SIRE_ENTITY_SUBTYPE" : "NONE",
      "SIRE_MENTION_CLASS" : "SPC",
      "SIRE_MENTION_TYPE" : "NONE",
      "SIRE_ENTITY_CLASS" : "SPC",
      "SIRE_ENTITY_LEVEL" : "NONE",
      "SIRE_MENTION_ROLE" : "Feature"
    },
    "type" : "Feature",
    "begin" : 173,
    "end" : 177,
    "inCoref" : false
  }, {
    "id" : "1151246966079384__-785762719-M7",
    "properties" : {
      "SIRE_ENTITY_SUBTYPE" : "NONE",
      "SIRE_MENTION_CLASS" : "SPC",
      "SIRE_MENTION_TYPE" : "NONE",
      "SIRE_ENTITY_CLASS" : "SPC",
      "SIRE_ENTITY_LEVEL" : "NONE",
      "SIRE_MENTION_ROLE" : "Consumer"
    },
    "type" : "Consumer",
    "begin" : 179,
    "end" : 180,
    "inCoref" : true
  }, {
    "id" : "1151246966079384__-785762719-M8",
    "properties" : {
      "SIRE_ENTITY_SUBTYPE" : "NONE",
      "SIRE_MENTION_CLASS" : "SPC",
      "SIRE_MENTION_TYPE" : "NONE",
      "SIRE_ENTITY_CLASS" : "SPC",
      "SIRE_ENTITY_LEVEL" : "NONE",
      "SIRE_MENTION_ROLE" : "Consumer"
    },
    "type" : "Consumer",
    "begin" : 196,
    "end" : 197,
    "inCoref" : true
  }, {
    "id" : "1151246966079384__-785762719-M9",
    "properties" : {
      "SIRE_ENTITY_SUBTYPE" : "NONE",
      "SIRE_MENTION_CLASS" : "SPC",
      "SIRE_MENTION_TYPE" : "NONE",
      "SIRE_ENTITY_CLASS" : "SPC",
      "SIRE_ENTITY_LEVEL" : "NONE",
      "SIRE_MENTION_ROLE" : "Consumer"
    },
    "type" : "Consumer",
    "begin" : 209,
    "end" : 210,
    "inCoref" : true
  }, {
    "id" : "1151246966079384__-785762719-M10",
    "properties" : {
      "SIRE_ENTITY_SUBTYPE" : "NONE",
      "SIRE_MENTION_CLASS" : "SPC",
      "SIRE_MENTION_TYPE" : "NONE",
      "SIRE_ENTITY_CLASS" : "SPC",
      "SIRE_ENTITY_LEVEL" : "NONE",
      "SIRE_MENTION_ROLE" : "Feature"
    },
    "type" : "Feature",
    "begin" : 227,
    "end" : 232,
    "inCoref" : false
  }, {
    "id" : "s5-m5",
    "properties" : {
      "SIRE_MENTION_ROLE" : "Descriptor",
      "SIRE_ENTITY_SUBTYPE" : "NONE",
      "SIRE_MENTION_TYPE" : "NONE",
      "SIRE_MENTION_CLASS" : "SPC"
    },
    "type" : "Descriptor",
    "begin" : 252,
    "end" : 258,
    "inCoref" : false
  }, {
    "id" : "s5-m4",
    "properties" : {
      "SIRE_MENTION_ROLE" : "Product",
      "SIRE_ENTITY_SUBTYPE" : "NONE",
      "SIRE_MENTION_TYPE" : "NONE",
      "SIRE_MENTION_CLASS" : "SPC"
    },
    "type" : "Product",
    "begin" : 259,
    "end" : 262,
    "inCoref" : true
  }, {
    "id" : "1151246966079384__-785762719-M12",
    "properties" : {
      "SIRE_ENTITY_SUBTYPE" : "NONE",
      "SIRE_MENTION_CLASS" : "SPC",
      "SIRE_MENTION_TYPE" : "NONE",
      "SIRE_ENTITY_CLASS" : "SPC",
      "SIRE_ENTITY_LEVEL" : "NONE",
      "SIRE_MENTION_ROLE" : "Descriptor"
    },
    "type" : "Descriptor",
    "begin" : 266,
    "end" : 273,
    "inCoref" : false
  }, {
    "id" : "1151246966079384__-785762719-M13",
    "properties" : {
      "SIRE_ENTITY_SUBTYPE" : "NONE",
      "SIRE_MENTION_CLASS" : "SPC",
      "SIRE_MENTION_TYPE" : "NONE",
      "SIRE_ENTITY_CLASS" : "SPC",
      "SIRE_ENTITY_LEVEL" : "NONE",
      "SIRE_MENTION_ROLE" : "Consumer"
    },
    "type" : "Consumer",
    "begin" : 281,
    "end" : 282,
    "inCoref" : true
  }, {
    "id" : "s6-m5",
    "properties" : {
      "SIRE_MENTION_ROLE" : "Price",
      "SIRE_ENTITY_SUBTYPE" : "NONE",
      "SIRE_MENTION_TYPE" : "NONE",
      "SIRE_MENTION_CLASS" : "SPC"
    },
    "type" : "Price",
    "begin" : 298,
    "end" : 302,
    "inCoref" : false
  }, {
    "id" : "1151246966079384__-785762719-M14",
    "properties" : {
      "SIRE_ENTITY_SUBTYPE" : "NONE",
      "SIRE_MENTION_CLASS" : "SPC",
      "SIRE_MENTION_TYPE" : "NONE",
      "SIRE_ENTITY_CLASS" : "SPC",
      "SIRE_ENTITY_LEVEL" : "NONE",
      "SIRE_MENTION_ROLE" : "Product"
    },
    "type" : "Company",
    "begin" : 308,
    "end" : 312,
    "inCoref" : false
  }, {
    "id" : "1151246966079384__-785762719-M15",
    "properties" : {
      "SIRE_ENTITY_SUBTYPE" : "NONE",
      "SIRE_MENTION_CLASS" : "SPC",
      "SIRE_MENTION_TYPE" : "NONE",
      "SIRE_ENTITY_CLASS" : "SPC",
      "SIRE_ENTITY_LEVEL" : "NONE",
      "SIRE_MENTION_ROLE" : "Descriptor"
    },
    "type" : "Descriptor",
    "begin" : 321,
    "end" : 327,
    "inCoref" : false
  }, {
    "id" : "1151246966079384__-785762719-M16",
    "properties" : {
      "SIRE_ENTITY_SUBTYPE" : "NONE",
      "SIRE_MENTION_CLASS" : "SPC",
      "SIRE_MENTION_TYPE" : "NONE",
      "SIRE_ENTITY_CLASS" : "SPC",
      "SIRE_ENTITY_LEVEL" : "NONE",
      "SIRE_MENTION_ROLE" : "Feature"
    },
    "type" : "Feature",
    "begin" : 328,
    "end" : 333,
    "inCoref" : false
  }, {
    "id" : "1151246966079384__-785762719-M17",
    "properties" : {
      "SIRE_ENTITY_SUBTYPE" : "NONE",
      "SIRE_MENTION_CLASS" : "SPC",
      "SIRE_MENTION_TYPE" : "NONE",
      "SIRE_ENTITY_CLASS" : "SPC",
      "SIRE_ENTITY_LEVEL" : "NONE",
      "SIRE_MENTION_ROLE" : "Feature"
    },
    "type" : "Feature",
    "begin" : 361,
    "end" : 366,
    "inCoref" : false
  }, {
    "id" : "s8-m2",
    "properties" : {
      "SIRE_MENTION_ROLE" : "Price",
      "SIRE_ENTITY_SUBTYPE" : "NONE",
      "SIRE_MENTION_TYPE" : "NONE",
      "SIRE_MENTION_CLASS" : "SPC"
    },
    "type" : "Price",
    "begin" : 401,
    "end" : 416,
    "inCoref" : false
  }, {
    "id" : "1151246966079384__-785762719-M18",
    "properties" : {
      "SIRE_ENTITY_SUBTYPE" : "NONE",
      "SIRE_MENTION_CLASS" : "SPC",
      "SIRE_MENTION_TYPE" : "NONE",
      "SIRE_ENTITY_CLASS" : "SPC",
      "SIRE_ENTITY_LEVEL" : "NONE",
      "SIRE_MENTION_ROLE" : "Descriptor"
    },
    "type" : "Descriptor",
    "begin" : 431,
    "end" : 447,
    "inCoref" : false
  }, {
    "id" : "1151246966079384__-785762719-M19",
    "properties" : {
      "SIRE_ENTITY_SUBTYPE" : "NONE",
      "SIRE_MENTION_CLASS" : "SPC",
      "SIRE_MENTION_TYPE" : "NONE",
      "SIRE_ENTITY_CLASS" : "SPC",
      "SIRE_ENTITY_LEVEL" : "NONE",
      "SIRE_MENTION_ROLE" : "Consumer"
    },
    "type" : "Consumer",
    "begin" : 449,
    "end" : 450,
    "inCoref" : true
  }, {
    "id" : "1151246966079384__-785762719-M20",
    "properties" : {
      "SIRE_ENTITY_SUBTYPE" : "NONE",
      "SIRE_MENTION_CLASS" : "SPC",
      "SIRE_MENTION_TYPE" : "NONE",
      "SIRE_ENTITY_CLASS" : "SPC",
      "SIRE_ENTITY_LEVEL" : "NONE",
      "SIRE_MENTION_ROLE" : "Consumer"
    },
    "type" : "Consumer",
    "begin" : 460,
    "end" : 461,
    "inCoref" : true
  }, {
    "id" : "1151246966079384__-785762719-M21",
    "properties" : {
      "SIRE_ENTITY_SUBTYPE" : "NONE",
      "SIRE_MENTION_CLASS" : "SPC",
      "SIRE_MENTION_TYPE" : "NONE",
      "SIRE_ENTITY_CLASS" : "SPC",
      "SIRE_ENTITY_LEVEL" : "NONE",
      "SIRE_MENTION_ROLE" : "Product"
    },
    "type" : "Product",
    "begin" : 469,
    "end" : 471,
    "inCoref" : true
  }, {
    "id" : "s10-m5",
    "properties" : {
      "SIRE_MENTION_ROLE" : "Product",
      "SIRE_ENTITY_SUBTYPE" : "NONE",
      "SIRE_MENTION_TYPE" : "NONE",
      "SIRE_MENTION_CLASS" : "SPC"
    },
    "type" : "Product",
    "begin" : 479,
    "end" : 485,
    "inCoref" : true
  }, {
    "id" : "1151246966079384__-785762719-M22",
    "properties" : {
      "SIRE_ENTITY_SUBTYPE" : "NONE",
      "SIRE_MENTION_CLASS" : "SPC",
      "SIRE_MENTION_TYPE" : "NONE",
      "SIRE_ENTITY_CLASS" : "SPC",
      "SIRE_ENTITY_LEVEL" : "NONE",
      "SIRE_MENTION_ROLE" : "Feature"
    },
    "type" : "Feature",
    "begin" : 498,
    "end" : 504,
    "inCoref" : false
  }, {
    "id" : "1151246966079384__-785762719-M23",
    "properties" : {
      "SIRE_ENTITY_SUBTYPE" : "NONE",
      "SIRE_MENTION_CLASS" : "SPC",
      "SIRE_MENTION_TYPE" : "NONE",
      "SIRE_ENTITY_CLASS" : "SPC",
      "SIRE_ENTITY_LEVEL" : "NONE",
      "SIRE_MENTION_ROLE" : "Product"
    },
    "type" : "Product",
    "begin" : 519,
    "end" : 524,
    "inCoref" : true
  }, {
    "id" : "1151246966079384__-785762719-M24",
    "properties" : {
      "SIRE_ENTITY_SUBTYPE" : "NONE",
      "SIRE_MENTION_CLASS" : "SPC",
      "SIRE_MENTION_TYPE" : "NONE",
      "SIRE_ENTITY_CLASS" : "SPC",
      "SIRE_ENTITY_LEVEL" : "NONE",
      "SIRE_MENTION_ROLE" : "Consumer"
    },
    "type" : "Consumer",
    "begin" : 526,
    "end" : 527,
    "inCoref" : true
  }, {
    "id" : "s11-m2",
    "properties" : {
      "SIRE_MENTION_ROLE" : "Product",
      "SIRE_ENTITY_SUBTYPE" : "NONE",
      "SIRE_MENTION_TYPE" : "NONE",
      "SIRE_MENTION_CLASS" : "SPC"
    },
    "type" : "Product",
    "begin" : 555,
    "end" : 566,
    "inCoref" : true
  }, {
    "id" : "1151246966079384__-785762719-M25",
    "properties" : {
      "SIRE_ENTITY_SUBTYPE" : "NONE",
      "SIRE_MENTION_CLASS" : "SPC",
      "SIRE_MENTION_TYPE" : "NONE",
      "SIRE_ENTITY_CLASS" : "SPC",
      "SIRE_ENTITY_LEVEL" : "NONE",
      "SIRE_MENTION_ROLE" : "Feature"
    },
    "type" : "Feature",
    "begin" : 667,
    "end" : 676,
    "inCoref" : false
  }, {
    "id" : "1151246966079384__-785762719-M26",
    "properties" : {
      "SIRE_ENTITY_SUBTYPE" : "NONE",
      "SIRE_MENTION_CLASS" : "SPC",
      "SIRE_MENTION_TYPE" : "NONE",
      "SIRE_ENTITY_CLASS" : "SPC",
      "SIRE_ENTITY_LEVEL" : "NONE",
      "SIRE_MENTION_ROLE" : "Product"
    },
    "type" : "Product",
    "begin" : 678,
    "end" : 680,
    "inCoref" : true
  }, {
    "id" : "1151246966079384__-785762719-M27",
    "properties" : {
      "SIRE_ENTITY_SUBTYPE" : "NONE",
      "SIRE_MENTION_CLASS" : "SPC",
      "SIRE_MENTION_TYPE" : "NONE",
      "SIRE_ENTITY_CLASS" : "SPC",
      "SIRE_ENTITY_LEVEL" : "NONE",
      "SIRE_MENTION_ROLE" : "Descriptor"
    },
    "type" : "Descriptor",
    "begin" : 685,
    "end" : 697,
    "inCoref" : false
  }, {
    "id" : "1151246966079384__-785762719-M28",
    "properties" : {
      "SIRE_ENTITY_SUBTYPE" : "NONE",
      "SIRE_MENTION_CLASS" : "SPC",
      "SIRE_MENTION_TYPE" : "NONE",
      "SIRE_ENTITY_CLASS" : "SPC",
      "SIRE_ENTITY_LEVEL" : "NONE",
      "SIRE_MENTION_ROLE" : "Feature"
    },
    "type" : "Feature",
    "begin" : 698,
    "end" : 702,
    "inCoref" : false
  }, {
    "id" : "s13-m4",
    "properties" : {
      "SIRE_MENTION_ROLE" : "Descriptor",
      "SIRE_ENTITY_SUBTYPE" : "NONE",
      "SIRE_MENTION_TYPE" : "NONE",
      "SIRE_MENTION_CLASS" : "SPC"
    },
    "type" : "Descriptor",
    "begin" : 714,
    "end" : 724,
    "inCoref" : false
  }, {
    "id" : "s14-m2",
    "properties" : {
      "SIRE_MENTION_ROLE" : "Descriptor",
      "SIRE_ENTITY_SUBTYPE" : "NONE",
      "SIRE_MENTION_TYPE" : "NONE",
      "SIRE_MENTION_CLASS" : "SPC"
    },
    "type" : "Descriptor",
    "begin" : 757,
    "end" : 768,
    "inCoref" : false
  }, {
    "id" : "1151246966079384__-785762719-M29",
    "properties" : {
      "SIRE_ENTITY_SUBTYPE" : "NONE",
      "SIRE_MENTION_CLASS" : "SPC",
      "SIRE_MENTION_TYPE" : "NONE",
      "SIRE_ENTITY_CLASS" : "SPC",
      "SIRE_ENTITY_LEVEL" : "NONE",
      "SIRE_MENTION_ROLE" : "Feature"
    },
    "type" : "Feature",
    "begin" : 776,
    "end" : 788,
    "inCoref" : false
  }, {
    "id" : "1151246966079384__-785762719-M31",
    "properties" : {
      "SIRE_ENTITY_SUBTYPE" : "NONE",
      "SIRE_MENTION_CLASS" : "SPC",
      "SIRE_MENTION_TYPE" : "NONE",
      "SIRE_ENTITY_CLASS" : "SPC",
      "SIRE_ENTITY_LEVEL" : "NONE",
      "SIRE_MENTION_ROLE" : "Consumer"
    },
    "type" : "Consumer",
    "begin" : 809,
    "end" : 810,
    "inCoref" : true
  }, {
    "id" : "1151246966079384__-785762719-M32",
    "properties" : {
      "SIRE_ENTITY_SUBTYPE" : "NONE",
      "SIRE_MENTION_CLASS" : "SPC",
      "SIRE_MENTION_TYPE" : "NONE",
      "SIRE_ENTITY_CLASS" : "SPC",
      "SIRE_ENTITY_LEVEL" : "NONE",
      "SIRE_MENTION_ROLE" : "Descriptor"
    },
    "type" : "Descriptor",
    "begin" : 824,
    "end" : 828,
    "inCoref" : false
  }, {
    "id" : "s16-m3",
    "properties" : {
      "SIRE_MENTION_ROLE" : "Descriptor",
      "SIRE_ENTITY_SUBTYPE" : "NONE",
      "SIRE_MENTION_TYPE" : "NONE",
      "SIRE_MENTION_CLASS" : "SPC"
    },
    "type" : "Descriptor",
    "begin" : 830,
    "end" : 834,
    "inCoref" : false
  }, {
    "id" : "s16-m4",
    "properties" : {
      "SIRE_MENTION_ROLE" : "Descriptor",
      "SIRE_ENTITY_SUBTYPE" : "NONE",
      "SIRE_MENTION_TYPE" : "NONE",
      "SIRE_MENTION_CLASS" : "SPC"
    },
    "type" : "Descriptor",
    "begin" : 835,
    "end" : 844,
    "inCoref" : false
  } ],
  "relations" : [ {
    "id" : "s0-r1",
    "properties" : { },
    "type" : "hasQuality",
    "args" : [ "s0-m4", "s0-m3" ]
  }, {
    "id" : "s1-r1",
    "properties" : { },
    "type" : "hasFeature",
    "args" : [ "s1-m2", "s1-m3" ]
  }, {
    "id" : "s2-r3",
    "properties" : { },
    "type" : "hasQuality",
    "args" : [ "s2-m6", "s2-m5" ]
  }, {
    "id" : "s2-r4",
    "properties" : { },
    "type" : "hasQuality",
    "args" : [ "1151246966079384__-785762719-M6", "1151246966079384__-785762719-M5" ]
  }, {
    "id" : "1151246966079384__-785762719-R3-1",
    "properties" : {
      "SIRE_RELATION_CLASS" : "SPECIFIC",
      "SIRE_RELATION_SUBTYPE" : "OTHER",
      "SIRE_RELATION_MODALITY" : "ASSERTED",
      "SIRE_RELATION_TENSE" : "UNSPECIFIED"
    },
    "type" : "hasQuality",
    "args" : [ "1151246966079384__-785762719-M10", "1151246966079384__-785762719-M12" ]
  }, {
    "id" : "s5-r4",
    "properties" : { },
    "type" : "hasFeature",
    "args" : [ "s5-m4", "1151246966079384__-785762719-M10" ]
  }, {
    "id" : "s5-r5",
    "properties" : { },
    "type" : "hasQuality",
    "args" : [ "s5-m4", "s5-m5" ]
  }, {
    "id" : "1151246966079384__-785762719-R5-1",
    "properties" : {
      "SIRE_RELATION_CLASS" : "SPECIFIC",
      "SIRE_RELATION_SUBTYPE" : "OTHER",
      "SIRE_RELATION_MODALITY" : "ASSERTED",
      "SIRE_RELATION_TENSE" : "UNSPECIFIED"
    },
    "type" : "hasQuality",
    "args" : [ "1151246966079384__-785762719-M16", "1151246966079384__-785762719-M15" ]
  }, {
    "id" : "s6-r2",
    "properties" : { },
    "type" : "hasFeature",
    "args" : [ "1151246966079384__-785762719-M14", "s6-m5" ]
  }, {
    "id" : "s6-r3",
    "properties" : { },
    "type" : "hasFeature",
    "args" : [ "1151246966079384__-785762719-M14", "1151246966079384__-785762719-M16" ]
  }, {
    "id" : "1151246966079384__-785762719-R6-1",
    "properties" : {
      "SIRE_RELATION_CLASS" : "SPECIFIC",
      "SIRE_RELATION_SUBTYPE" : "OTHER",
      "SIRE_RELATION_MODALITY" : "ASSERTED",
      "SIRE_RELATION_TENSE" : "UNSPECIFIED"
    },
    "type" : "hasFeature",
    "args" : [ "1151246966079384__-785762719-M21", "1151246966079384__-785762719-M22" ]
  }, {
    "id" : "1151246966079384__-785762719-R7-1",
    "properties" : {
      "SIRE_RELATION_CLASS" : "SPECIFIC",
      "SIRE_RELATION_SUBTYPE" : "OTHER",
      "SIRE_RELATION_MODALITY" : "ASSERTED",
      "SIRE_RELATION_TENSE" : "UNSPECIFIED"
    },
    "type" : "hasFeature",
    "args" : [ "1151246966079384__-785762719-M23", "1151246966079384__-785762719-M22" ]
  }, {
    "id" : "1151246966079384__-785762719-R9-1",
    "properties" : {
      "SIRE_RELATION_CLASS" : "SPECIFIC",
      "SIRE_RELATION_SUBTYPE" : "OTHER",
      "SIRE_RELATION_MODALITY" : "ASSERTED",
      "SIRE_RELATION_TENSE" : "UNSPECIFIED"
    },
    "type" : "hasFeature",
    "args" : [ "1151246966079384__-785762719-M26", "1151246966079384__-785762719-M28" ]
  }, {
    "id" : "1151246966079384__-785762719-R10-1",
    "properties" : {
      "SIRE_RELATION_CLASS" : "SPECIFIC",
      "SIRE_RELATION_SUBTYPE" : "OTHER",
      "SIRE_RELATION_MODALITY" : "ASSERTED",
      "SIRE_RELATION_TENSE" : "UNSPECIFIED"
    },
    "type" : "hasQuality",
    "args" : [ "1151246966079384__-785762719-M28", "1151246966079384__-785762719-M27" ]
  }, {
    "id" : "s13-r4",
    "properties" : { },
    "type" : "hasQuality",
    "args" : [ "1151246966079384__-785762719-M26", "s13-m4" ]
  }, {
    "id" : "s14-r1",
    "properties" : { },
    "type" : "hasQuality",
    "args" : [ "1151246966079384__-785762719-M29", "s14-m2" ]
  } ],
  "corefs" : [ {
    "id" : "1151246966079384__-785762719-E0",
    "properties" : { },
    "mentions" : [ "1151246966079384__-785762719-M0", "1151246966079384__-785762719-M13", "1151246966079384__-785762719-M19", "1151246966079384__-785762719-M2", "1151246966079384__-785762719-M20", "1151246966079384__-785762719-M24", "1151246966079384__-785762719-M3", "1151246966079384__-785762719-M31", "1151246966079384__-785762719-M7", "1151246966079384__-785762719-M8", "1151246966079384__-785762719-M9" ]
  }, {
    "id" : "1151246966079384__-785762719-E13",
    "properties" : { },
    "mentions" : [ "1151246966079384__-785762719-M21", "1151246966079384__-785762719-M26", "s5-m4", "s11-m2", "s1-m2", "s0-m4" ]
  }, {
    "id" : "c4",
    "properties" : { },
    "mentions" : [ "1151246966079384__-785762719-M23", "s10-m5" ]
  } ],
  "typeResolved" : true,
  "userResolved" : true
}