{
  "id" : "d442e3a2-8558-4659-89ed-fe6d3041fee7-10",
  "modifiedDate" : 1468358678883,
  "name" : "review40.txt",
  "version" : 2,
  "text" : "I received the headphones today. Product works right out of the box. I really like the look and the feel of the these earbuds. The piece that goes over the ear is very flexible which can make it clumsy at first, but very comfortable. It also comes with multiple inner ear pieces. It took me several tries but I found the right fit for both ears, and they were totally different sizes ! I really enjoyed the ability to customize my fit. The sound has PLENTY of bass which was important to my taste but also has a good sound level. I paired it with my phone and my Ipod Nano very easily. I will start the real test tomorow during running and working out. I will also update as to how long they last, play time, etc. Good first impression! \n\n",
  "docLength" : 739,
  "language" : "EN",
  "status" : "SUBMITTED",
  "documentSet" : [ ],
  "sentences" : [ {
    "id" : "s0",
    "begin" : 0,
    "end" : 32,
    "text" : "I received the headphones today.",
    "tokens" : [ {
      "id" : "s0-t0",
      "begin" : 0,
      "end" : 1,
      "text" : "I",
      "whiteSpace" : false
    }, {
      "id" : "s0-t1",
      "begin" : 2,
      "end" : 10,
      "text" : "received",
      "whiteSpace" : false
    }, {
      "id" : "s0-t2",
      "begin" : 11,
      "end" : 14,
      "text" : "the",
      "whiteSpace" : false
    }, {
      "id" : "s0-t3",
      "begin" : 15,
      "end" : 25,
      "text" : "headphones",
      "whiteSpace" : false
    }, {
      "id" : "s0-t4",
      "begin" : 26,
      "end" : 31,
      "text" : "today",
      "whiteSpace" : false
    }, {
      "id" : "s0-t5",
      "begin" : 31,
      "end" : 32,
      "text" : ".",
      "whiteSpace" : false
    } ]
  }, {
    "id" : "s1",
    "begin" : 33,
    "end" : 68,
    "text" : "Product works right out of the box.",
    "tokens" : [ {
      "id" : "s1-t0",
      "begin" : 33,
      "end" : 40,
      "text" : "Product",
      "whiteSpace" : false
    }, {
      "id" : "s1-t1",
      "begin" : 41,
      "end" : 46,
      "text" : "works",
      "whiteSpace" : false
    }, {
      "id" : "s1-t2",
      "begin" : 47,
      "end" : 52,
      "text" : "right",
      "whiteSpace" : false
    }, {
      "id" : "s1-t3",
      "begin" : 53,
      "end" : 56,
      "text" : "out",
      "whiteSpace" : false
    }, {
      "id" : "s1-t4",
      "begin" : 57,
      "end" : 59,
      "text" : "of",
      "whiteSpace" : false
    }, {
      "id" : "s1-t5",
      "begin" : 60,
      "end" : 63,
      "text" : "the",
      "whiteSpace" : false
    }, {
      "id" : "s1-t6",
      "begin" : 64,
      "end" : 67,
      "text" : "box",
      "whiteSpace" : false
    }, {
      "id" : "s1-t7",
      "begin" : 67,
      "end" : 68,
      "text" : ".",
      "whiteSpace" : false
    } ]
  }, {
    "id" : "s2",
    "begin" : 69,
    "end" : 126,
    "text" : "I really like the look and the feel of the these earbuds.",
    "tokens" : [ {
      "id" : "s2-t0",
      "begin" : 69,
      "end" : 70,
      "text" : "I",
      "whiteSpace" : false
    }, {
      "id" : "s2-t1",
      "begin" : 71,
      "end" : 77,
      "text" : "really",
      "whiteSpace" : false
    }, {
      "id" : "s2-t2",
      "begin" : 78,
      "end" : 82,
      "text" : "like",
      "whiteSpace" : false
    }, {
      "id" : "s2-t3",
      "begin" : 83,
      "end" : 86,
      "text" : "the",
      "whiteSpace" : false
    }, {
      "id" : "s2-t4",
      "begin" : 87,
      "end" : 91,
      "text" : "look",
      "whiteSpace" : false
    }, {
      "id" : "s2-t5",
      "begin" : 92,
      "end" : 95,
      "text" : "and",
      "whiteSpace" : false
    }, {
      "id" : "s2-t6",
      "begin" : 96,
      "end" : 99,
      "text" : "the",
      "whiteSpace" : false
    }, {
      "id" : "s2-t7",
      "begin" : 100,
      "end" : 104,
      "text" : "feel",
      "whiteSpace" : false
    }, {
      "id" : "s2-t8",
      "begin" : 105,
      "end" : 107,
      "text" : "of",
      "whiteSpace" : false
    }, {
      "id" : "s2-t9",
      "begin" : 108,
      "end" : 111,
      "text" : "the",
      "whiteSpace" : false
    }, {
      "id" : "s2-t10",
      "begin" : 112,
      "end" : 117,
      "text" : "these",
      "whiteSpace" : false
    }, {
      "id" : "s2-t11",
      "begin" : 118,
      "end" : 125,
      "text" : "earbuds",
      "whiteSpace" : false
    }, {
      "id" : "s2-t12",
      "begin" : 125,
      "end" : 126,
      "text" : ".",
      "whiteSpace" : false
    } ]
  }, {
    "id" : "s3",
    "begin" : 127,
    "end" : 233,
    "text" : "The piece that goes over the ear is very flexible which can make it clumsy at first, but very comfortable.",
    "tokens" : [ {
      "id" : "s3-t0",
      "begin" : 127,
      "end" : 130,
      "text" : "The",
      "whiteSpace" : false
    }, {
      "id" : "s3-t1",
      "begin" : 131,
      "end" : 136,
      "text" : "piece",
      "whiteSpace" : false
    }, {
      "id" : "s3-t2",
      "begin" : 137,
      "end" : 141,
      "text" : "that",
      "whiteSpace" : false
    }, {
      "id" : "s3-t3",
      "begin" : 142,
      "end" : 146,
      "text" : "goes",
      "whiteSpace" : false
    }, {
      "id" : "s3-t4",
      "begin" : 147,
      "end" : 151,
      "text" : "over",
      "whiteSpace" : false
    }, {
      "id" : "s3-t5",
      "begin" : 152,
      "end" : 155,
      "text" : "the",
      "whiteSpace" : false
    }, {
      "id" : "s3-t6",
      "begin" : 156,
      "end" : 159,
      "text" : "ear",
      "whiteSpace" : false
    }, {
      "id" : "s3-t7",
      "begin" : 160,
      "end" : 162,
      "text" : "is",
      "whiteSpace" : false
    }, {
      "id" : "s3-t8",
      "begin" : 163,
      "end" : 167,
      "text" : "very",
      "whiteSpace" : false
    }, {
      "id" : "s3-t9",
      "begin" : 168,
      "end" : 176,
      "text" : "flexible",
      "whiteSpace" : false
    }, {
      "id" : "s3-t10",
      "begin" : 177,
      "end" : 182,
      "text" : "which",
      "whiteSpace" : false
    }, {
      "id" : "s3-t11",
      "begin" : 183,
      "end" : 186,
      "text" : "can",
      "whiteSpace" : false
    }, {
      "id" : "s3-t12",
      "begin" : 187,
      "end" : 191,
      "text" : "make",
      "whiteSpace" : false
    }, {
      "id" : "s3-t13",
      "begin" : 192,
      "end" : 194,
      "text" : "it",
      "whiteSpace" : false
    }, {
      "id" : "s3-t14",
      "begin" : 195,
      "end" : 201,
      "text" : "clumsy",
      "whiteSpace" : false
    }, {
      "id" : "s3-t15",
      "begin" : 202,
      "end" : 204,
      "text" : "at",
      "whiteSpace" : false
    }, {
      "id" : "s3-t16",
      "begin" : 205,
      "end" : 210,
      "text" : "first",
      "whiteSpace" : false
    }, {
      "id" : "s3-t17",
      "begin" : 210,
      "end" : 211,
      "text" : ",",
      "whiteSpace" : false
    }, {
      "id" : "s3-t18",
      "begin" : 212,
      "end" : 215,
      "text" : "but",
      "whiteSpace" : false
    }, {
      "id" : "s3-t19",
      "begin" : 216,
      "end" : 220,
      "text" : "very",
      "whiteSpace" : false
    }, {
      "id" : "s3-t20",
      "begin" : 221,
      "end" : 232,
      "text" : "comfortable",
      "whiteSpace" : false
    }, {
      "id" : "s3-t21",
      "begin" : 232,
      "end" : 233,
      "text" : ".",
      "whiteSpace" : false
    } ]
  }, {
    "id" : "s4",
    "begin" : 234,
    "end" : 279,
    "text" : "It also comes with multiple inner ear pieces.",
    "tokens" : [ {
      "id" : "s4-t0",
      "begin" : 234,
      "end" : 236,
      "text" : "It",
      "whiteSpace" : false
    }, {
      "id" : "s4-t1",
      "begin" : 237,
      "end" : 241,
      "text" : "also",
      "whiteSpace" : false
    }, {
      "id" : "s4-t2",
      "begin" : 242,
      "end" : 247,
      "text" : "comes",
      "whiteSpace" : false
    }, {
      "id" : "s4-t3",
      "begin" : 248,
      "end" : 252,
      "text" : "with",
      "whiteSpace" : false
    }, {
      "id" : "s4-t4",
      "begin" : 253,
      "end" : 261,
      "text" : "multiple",
      "whiteSpace" : false
    }, {
      "id" : "s4-t5",
      "begin" : 262,
      "end" : 267,
      "text" : "inner",
      "whiteSpace" : false
    }, {
      "id" : "s4-t6",
      "begin" : 268,
      "end" : 271,
      "text" : "ear",
      "whiteSpace" : false
    }, {
      "id" : "s4-t7",
      "begin" : 272,
      "end" : 278,
      "text" : "pieces",
      "whiteSpace" : false
    }, {
      "id" : "s4-t8",
      "begin" : 278,
      "end" : 279,
      "text" : ".",
      "whiteSpace" : false
    } ]
  }, {
    "id" : "s5",
    "begin" : 280,
    "end" : 385,
    "text" : "It took me several tries but I found the right fit for both ears, and they were totally different sizes !",
    "tokens" : [ {
      "id" : "s5-t0",
      "begin" : 280,
      "end" : 282,
      "text" : "It",
      "whiteSpace" : false
    }, {
      "id" : "s5-t1",
      "begin" : 283,
      "end" : 287,
      "text" : "took",
      "whiteSpace" : false
    }, {
      "id" : "s5-t2",
      "begin" : 288,
      "end" : 290,
      "text" : "me",
      "whiteSpace" : false
    }, {
      "id" : "s5-t3",
      "begin" : 291,
      "end" : 298,
      "text" : "several",
      "whiteSpace" : false
    }, {
      "id" : "s5-t4",
      "begin" : 299,
      "end" : 304,
      "text" : "tries",
      "whiteSpace" : false
    }, {
      "id" : "s5-t5",
      "begin" : 305,
      "end" : 308,
      "text" : "but",
      "whiteSpace" : false
    }, {
      "id" : "s5-t6",
      "begin" : 309,
      "end" : 310,
      "text" : "I",
      "whiteSpace" : false
    }, {
      "id" : "s5-t7",
      "begin" : 311,
      "end" : 316,
      "text" : "found",
      "whiteSpace" : false
    }, {
      "id" : "s5-t8",
      "begin" : 317,
      "end" : 320,
      "text" : "the",
      "whiteSpace" : false
    }, {
      "id" : "s5-t9",
      "begin" : 321,
      "end" : 326,
      "text" : "right",
      "whiteSpace" : false
    }, {
      "id" : "s5-t10",
      "begin" : 327,
      "end" : 330,
      "text" : "fit",
      "whiteSpace" : false
    }, {
      "id" : "s5-t11",
      "begin" : 331,
      "end" : 334,
      "text" : "for",
      "whiteSpace" : false
    }, {
      "id" : "s5-t12",
      "begin" : 335,
      "end" : 339,
      "text" : "both",
      "whiteSpace" : false
    }, {
      "id" : "s5-t13",
      "begin" : 340,
      "end" : 344,
      "text" : "ears",
      "whiteSpace" : false
    }, {
      "id" : "s5-t14",
      "begin" : 344,
      "end" : 345,
      "text" : ",",
      "whiteSpace" : false
    }, {
      "id" : "s5-t15",
      "begin" : 346,
      "end" : 349,
      "text" : "and",
      "whiteSpace" : false
    }, {
      "id" : "s5-t16",
      "begin" : 350,
      "end" : 354,
      "text" : "they",
      "whiteSpace" : false
    }, {
      "id" : "s5-t17",
      "begin" : 355,
      "end" : 359,
      "text" : "were",
      "whiteSpace" : false
    }, {
      "id" : "s5-t18",
      "begin" : 360,
      "end" : 367,
      "text" : "totally",
      "whiteSpace" : false
    }, {
      "id" : "s5-t19",
      "begin" : 368,
      "end" : 377,
      "text" : "different",
      "whiteSpace" : false
    }, {
      "id" : "s5-t20",
      "begin" : 378,
      "end" : 383,
      "text" : "sizes",
      "whiteSpace" : false
    }, {
      "id" : "s5-t21",
      "begin" : 384,
      "end" : 385,
      "text" : "!",
      "whiteSpace" : false
    } ]
  }, {
    "id" : "s6",
    "begin" : 386,
    "end" : 435,
    "text" : "I really enjoyed the ability to customize my fit.",
    "tokens" : [ {
      "id" : "s6-t0",
      "begin" : 386,
      "end" : 387,
      "text" : "I",
      "whiteSpace" : false
    }, {
      "id" : "s6-t1",
      "begin" : 388,
      "end" : 394,
      "text" : "really",
      "whiteSpace" : false
    }, {
      "id" : "s6-t2",
      "begin" : 395,
      "end" : 402,
      "text" : "enjoyed",
      "whiteSpace" : false
    }, {
      "id" : "s6-t3",
      "begin" : 403,
      "end" : 406,
      "text" : "the",
      "whiteSpace" : false
    }, {
      "id" : "s6-t4",
      "begin" : 407,
      "end" : 414,
      "text" : "ability",
      "whiteSpace" : false
    }, {
      "id" : "s6-t5",
      "begin" : 415,
      "end" : 417,
      "text" : "to",
      "whiteSpace" : false
    }, {
      "id" : "s6-t6",
      "begin" : 418,
      "end" : 427,
      "text" : "customize",
      "whiteSpace" : false
    }, {
      "id" : "s6-t7",
      "begin" : 428,
      "end" : 430,
      "text" : "my",
      "whiteSpace" : false
    }, {
      "id" : "s6-t8",
      "begin" : 431,
      "end" : 434,
      "text" : "fit",
      "whiteSpace" : false
    }, {
      "id" : "s6-t9",
      "begin" : 434,
      "end" : 435,
      "text" : ".",
      "whiteSpace" : false
    } ]
  }, {
    "id" : "s7",
    "begin" : 436,
    "end" : 529,
    "text" : "The sound has PLENTY of bass which was important to my taste but also has a good sound level.",
    "tokens" : [ {
      "id" : "s7-t0",
      "begin" : 436,
      "end" : 439,
      "text" : "The",
      "whiteSpace" : false
    }, {
      "id" : "s7-t1",
      "begin" : 440,
      "end" : 445,
      "text" : "sound",
      "whiteSpace" : false
    }, {
      "id" : "s7-t2",
      "begin" : 446,
      "end" : 449,
      "text" : "has",
      "whiteSpace" : false
    }, {
      "id" : "s7-t3",
      "begin" : 450,
      "end" : 456,
      "text" : "PLENTY",
      "whiteSpace" : false
    }, {
      "id" : "s7-t4",
      "begin" : 457,
      "end" : 459,
      "text" : "of",
      "whiteSpace" : false
    }, {
      "id" : "s7-t5",
      "begin" : 460,
      "end" : 464,
      "text" : "bass",
      "whiteSpace" : false
    }, {
      "id" : "s7-t6",
      "begin" : 465,
      "end" : 470,
      "text" : "which",
      "whiteSpace" : false
    }, {
      "id" : "s7-t7",
      "begin" : 471,
      "end" : 474,
      "text" : "was",
      "whiteSpace" : false
    }, {
      "id" : "s7-t8",
      "begin" : 475,
      "end" : 484,
      "text" : "important",
      "whiteSpace" : false
    }, {
      "id" : "s7-t9",
      "begin" : 485,
      "end" : 487,
      "text" : "to",
      "whiteSpace" : false
    }, {
      "id" : "s7-t10",
      "begin" : 488,
      "end" : 490,
      "text" : "my",
      "whiteSpace" : false
    }, {
      "id" : "s7-t11",
      "begin" : 491,
      "end" : 496,
      "text" : "taste",
      "whiteSpace" : false
    }, {
      "id" : "s7-t12",
      "begin" : 497,
      "end" : 500,
      "text" : "but",
      "whiteSpace" : false
    }, {
      "id" : "s7-t13",
      "begin" : 501,
      "end" : 505,
      "text" : "also",
      "whiteSpace" : false
    }, {
      "id" : "s7-t14",
      "begin" : 506,
      "end" : 509,
      "text" : "has",
      "whiteSpace" : false
    }, {
      "id" : "s7-t15",
      "begin" : 510,
      "end" : 511,
      "text" : "a",
      "whiteSpace" : false
    }, {
      "id" : "s7-t16",
      "begin" : 512,
      "end" : 516,
      "text" : "good",
      "whiteSpace" : false
    }, {
      "id" : "s7-t17",
      "begin" : 517,
      "end" : 522,
      "text" : "sound",
      "whiteSpace" : false
    }, {
      "id" : "s7-t18",
      "begin" : 523,
      "end" : 528,
      "text" : "level",
      "whiteSpace" : false
    }, {
      "id" : "s7-t19",
      "begin" : 528,
      "end" : 529,
      "text" : ".",
      "whiteSpace" : false
    } ]
  }, {
    "id" : "s8",
    "begin" : 530,
    "end" : 585,
    "text" : "I paired it with my phone and my Ipod Nano very easily.",
    "tokens" : [ {
      "id" : "s8-t0",
      "begin" : 530,
      "end" : 531,
      "text" : "I",
      "whiteSpace" : false
    }, {
      "id" : "s8-t1",
      "begin" : 532,
      "end" : 538,
      "text" : "paired",
      "whiteSpace" : false
    }, {
      "id" : "s8-t2",
      "begin" : 539,
      "end" : 541,
      "text" : "it",
      "whiteSpace" : false
    }, {
      "id" : "s8-t3",
      "begin" : 542,
      "end" : 546,
      "text" : "with",
      "whiteSpace" : false
    }, {
      "id" : "s8-t4",
      "begin" : 547,
      "end" : 549,
      "text" : "my",
      "whiteSpace" : false
    }, {
      "id" : "s8-t5",
      "begin" : 550,
      "end" : 555,
      "text" : "phone",
      "whiteSpace" : false
    }, {
      "id" : "s8-t6",
      "begin" : 556,
      "end" : 559,
      "text" : "and",
      "whiteSpace" : false
    }, {
      "id" : "s8-t7",
      "begin" : 560,
      "end" : 562,
      "text" : "my",
      "whiteSpace" : false
    }, {
      "id" : "s8-t8",
      "begin" : 563,
      "end" : 567,
      "text" : "Ipod",
      "whiteSpace" : false
    }, {
      "id" : "s8-t9",
      "begin" : 568,
      "end" : 572,
      "text" : "Nano",
      "whiteSpace" : false
    }, {
      "id" : "s8-t10",
      "begin" : 573,
      "end" : 577,
      "text" : "very",
      "whiteSpace" : false
    }, {
      "id" : "s8-t11",
      "begin" : 578,
      "end" : 584,
      "text" : "easily",
      "whiteSpace" : false
    }, {
      "id" : "s8-t12",
      "begin" : 584,
      "end" : 585,
      "text" : ".",
      "whiteSpace" : false
    } ]
  }, {
    "id" : "s9",
    "begin" : 586,
    "end" : 652,
    "text" : "I will start the real test tomorow during running and working out.",
    "tokens" : [ {
      "id" : "s9-t0",
      "begin" : 586,
      "end" : 587,
      "text" : "I",
      "whiteSpace" : false
    }, {
      "id" : "s9-t1",
      "begin" : 588,
      "end" : 592,
      "text" : "will",
      "whiteSpace" : false
    }, {
      "id" : "s9-t2",
      "begin" : 593,
      "end" : 598,
      "text" : "start",
      "whiteSpace" : false
    }, {
      "id" : "s9-t3",
      "begin" : 599,
      "end" : 602,
      "text" : "the",
      "whiteSpace" : false
    }, {
      "id" : "s9-t4",
      "begin" : 603,
      "end" : 607,
      "text" : "real",
      "whiteSpace" : false
    }, {
      "id" : "s9-t5",
      "begin" : 608,
      "end" : 612,
      "text" : "test",
      "whiteSpace" : false
    }, {
      "id" : "s9-t6",
      "begin" : 613,
      "end" : 620,
      "text" : "tomorow",
      "whiteSpace" : false
    }, {
      "id" : "s9-t7",
      "begin" : 621,
      "end" : 627,
      "text" : "during",
      "whiteSpace" : false
    }, {
      "id" : "s9-t8",
      "begin" : 628,
      "end" : 635,
      "text" : "running",
      "whiteSpace" : false
    }, {
      "id" : "s9-t9",
      "begin" : 636,
      "end" : 639,
      "text" : "and",
      "whiteSpace" : false
    }, {
      "id" : "s9-t10",
      "begin" : 640,
      "end" : 647,
      "text" : "working",
      "whiteSpace" : false
    }, {
      "id" : "s9-t11",
      "begin" : 648,
      "end" : 651,
      "text" : "out",
      "whiteSpace" : false
    }, {
      "id" : "s9-t12",
      "begin" : 651,
      "end" : 652,
      "text" : ".",
      "whiteSpace" : false
    } ]
  }, {
    "id" : "s10",
    "begin" : 653,
    "end" : 736,
    "text" : "I will also update as to how long they last, play time, etc. Good first impression!",
    "tokens" : [ {
      "id" : "s10-t0",
      "begin" : 653,
      "end" : 654,
      "text" : "I",
      "whiteSpace" : false
    }, {
      "id" : "s10-t1",
      "begin" : 655,
      "end" : 659,
      "text" : "will",
      "whiteSpace" : false
    }, {
      "id" : "s10-t2",
      "begin" : 660,
      "end" : 664,
      "text" : "also",
      "whiteSpace" : false
    }, {
      "id" : "s10-t3",
      "begin" : 665,
      "end" : 671,
      "text" : "update",
      "whiteSpace" : false
    }, {
      "id" : "s10-t4",
      "begin" : 672,
      "end" : 674,
      "text" : "as",
      "whiteSpace" : false
    }, {
      "id" : "s10-t5",
      "begin" : 675,
      "end" : 677,
      "text" : "to",
      "whiteSpace" : false
    }, {
      "id" : "s10-t6",
      "begin" : 678,
      "end" : 681,
      "text" : "how",
      "whiteSpace" : false
    }, {
      "id" : "s10-t7",
      "begin" : 682,
      "end" : 686,
      "text" : "long",
      "whiteSpace" : false
    }, {
      "id" : "s10-t8",
      "begin" : 687,
      "end" : 691,
      "text" : "they",
      "whiteSpace" : false
    }, {
      "id" : "s10-t9",
      "begin" : 692,
      "end" : 696,
      "text" : "last",
      "whiteSpace" : false
    }, {
      "id" : "s10-t10",
      "begin" : 696,
      "end" : 697,
      "text" : ",",
      "whiteSpace" : false
    }, {
      "id" : "s10-t11",
      "begin" : 698,
      "end" : 702,
      "text" : "play",
      "whiteSpace" : false
    }, {
      "id" : "s10-t12",
      "begin" : 703,
      "end" : 707,
      "text" : "time",
      "whiteSpace" : false
    }, {
      "id" : "s10-t13",
      "begin" : 707,
      "end" : 708,
      "text" : ",",
      "whiteSpace" : false
    }, {
      "id" : "s10-t14",
      "begin" : 709,
      "end" : 713,
      "text" : "etc.",
      "whiteSpace" : false
    }, {
      "id" : "s10-t15",
      "begin" : 714,
      "end" : 718,
      "text" : "Good",
      "whiteSpace" : false
    }, {
      "id" : "s10-t16",
      "begin" : 719,
      "end" : 724,
      "text" : "first",
      "whiteSpace" : false
    }, {
      "id" : "s10-t17",
      "begin" : 725,
      "end" : 735,
      "text" : "impression",
      "whiteSpace" : false
    }, {
      "id" : "s10-t18",
      "begin" : 735,
      "end" : 736,
      "text" : "!",
      "whiteSpace" : false
    } ]
  } ],
  "mentions" : [ {
    "id" : "1151248162466131__-785762719-M0",
    "properties" : {
      "SIRE_ENTITY_SUBTYPE" : "NONE",
      "SIRE_MENTION_CLASS" : "SPC",
      "SIRE_MENTION_TYPE" : "NONE",
      "SIRE_ENTITY_CLASS" : "SPC",
      "SIRE_ENTITY_LEVEL" : "NONE",
      "SIRE_MENTION_ROLE" : "Consumer"
    },
    "type" : "Consumer",
    "begin" : 0,
    "end" : 1,
    "inCoref" : true
  }, {
    "id" : "1151248162466131__-785762719-M1",
    "properties" : {
      "SIRE_ENTITY_SUBTYPE" : "NONE",
      "SIRE_MENTION_CLASS" : "SPC",
      "SIRE_MENTION_TYPE" : "NONE",
      "SIRE_ENTITY_CLASS" : "SPC",
      "SIRE_ENTITY_LEVEL" : "NONE",
      "SIRE_MENTION_ROLE" : "Product"
    },
    "type" : "Product",
    "begin" : 15,
    "end" : 25,
    "inCoref" : true
  }, {
    "id" : "1151248162466131__-785762719-M2",
    "properties" : {
      "SIRE_ENTITY_SUBTYPE" : "NONE",
      "SIRE_MENTION_CLASS" : "SPC",
      "SIRE_MENTION_TYPE" : "NONE",
      "SIRE_ENTITY_CLASS" : "SPC",
      "SIRE_ENTITY_LEVEL" : "NONE",
      "SIRE_MENTION_ROLE" : "Descriptor"
    },
    "type" : "Descriptor",
    "begin" : 26,
    "end" : 31,
    "inCoref" : false
  }, {
    "id" : "1151248162466131__-785762719-M3",
    "properties" : {
      "SIRE_ENTITY_SUBTYPE" : "NONE",
      "SIRE_MENTION_CLASS" : "SPC",
      "SIRE_MENTION_TYPE" : "NONE",
      "SIRE_ENTITY_CLASS" : "SPC",
      "SIRE_ENTITY_LEVEL" : "NONE",
      "SIRE_MENTION_ROLE" : "Product"
    },
    "type" : "Product",
    "begin" : 33,
    "end" : 40,
    "inCoref" : true
  }, {
    "id" : "1151248162466131__-785762719-M4",
    "properties" : {
      "SIRE_ENTITY_SUBTYPE" : "NONE",
      "SIRE_MENTION_CLASS" : "SPC",
      "SIRE_MENTION_TYPE" : "NONE",
      "SIRE_ENTITY_CLASS" : "SPC",
      "SIRE_ENTITY_LEVEL" : "NONE",
      "SIRE_MENTION_ROLE" : "Descriptor"
    },
    "type" : "Descriptor",
    "begin" : 41,
    "end" : 67,
    "inCoref" : false
  }, {
    "id" : "1151248162466131__-785762719-M5",
    "properties" : {
      "SIRE_ENTITY_SUBTYPE" : "NONE",
      "SIRE_MENTION_CLASS" : "SPC",
      "SIRE_MENTION_TYPE" : "NONE",
      "SIRE_ENTITY_CLASS" : "SPC",
      "SIRE_ENTITY_LEVEL" : "NONE",
      "SIRE_MENTION_ROLE" : "Consumer"
    },
    "type" : "Consumer",
    "begin" : 69,
    "end" : 70,
    "inCoref" : true
  }, {
    "id" : "s2-m4",
    "properties" : {
      "SIRE_MENTION_ROLE" : "Feature",
      "SIRE_ENTITY_SUBTYPE" : "NONE",
      "SIRE_MENTION_TYPE" : "NONE",
      "SIRE_MENTION_CLASS" : "SPC"
    },
    "type" : "Feature",
    "begin" : 87,
    "end" : 91,
    "inCoref" : false
  }, {
    "id" : "1151248162466131__-785762719-M6",
    "properties" : {
      "SIRE_ENTITY_SUBTYPE" : "NONE",
      "SIRE_MENTION_CLASS" : "SPC",
      "SIRE_MENTION_TYPE" : "NONE",
      "SIRE_ENTITY_CLASS" : "SPC",
      "SIRE_ENTITY_LEVEL" : "NONE",
      "SIRE_MENTION_ROLE" : "Feature"
    },
    "type" : "Feature",
    "begin" : 100,
    "end" : 104,
    "inCoref" : false
  }, {
    "id" : "1151248162466131__-785762719-M7",
    "properties" : {
      "SIRE_ENTITY_SUBTYPE" : "NONE",
      "SIRE_MENTION_CLASS" : "SPC",
      "SIRE_MENTION_TYPE" : "NONE",
      "SIRE_ENTITY_CLASS" : "SPC",
      "SIRE_ENTITY_LEVEL" : "NONE",
      "SIRE_MENTION_ROLE" : "Product"
    },
    "type" : "Product",
    "begin" : 112,
    "end" : 125,
    "inCoref" : true
  }, {
    "id" : "1151248162466131__-785762719-M8",
    "properties" : {
      "SIRE_ENTITY_SUBTYPE" : "NONE",
      "SIRE_MENTION_CLASS" : "SPC",
      "SIRE_MENTION_TYPE" : "NONE",
      "SIRE_ENTITY_CLASS" : "SPC",
      "SIRE_ENTITY_LEVEL" : "NONE",
      "SIRE_MENTION_ROLE" : "Feature"
    },
    "type" : "Feature",
    "begin" : 131,
    "end" : 159,
    "inCoref" : true
  }, {
    "id" : "1151248162466131__-785762719-M9",
    "properties" : {
      "SIRE_ENTITY_SUBTYPE" : "NONE",
      "SIRE_MENTION_CLASS" : "SPC",
      "SIRE_MENTION_TYPE" : "NONE",
      "SIRE_ENTITY_CLASS" : "SPC",
      "SIRE_ENTITY_LEVEL" : "NONE",
      "SIRE_MENTION_ROLE" : "Descriptor"
    },
    "type" : "Descriptor",
    "begin" : 163,
    "end" : 176,
    "inCoref" : false
  }, {
    "id" : "s3-m4",
    "properties" : {
      "SIRE_MENTION_ROLE" : "Feature",
      "SIRE_ENTITY_SUBTYPE" : "NONE",
      "SIRE_MENTION_TYPE" : "NONE",
      "SIRE_MENTION_CLASS" : "SPC"
    },
    "type" : "Feature",
    "begin" : 192,
    "end" : 194,
    "inCoref" : true
  }, {
    "id" : "s3-m5",
    "properties" : {
      "SIRE_MENTION_ROLE" : "Descriptor",
      "SIRE_ENTITY_SUBTYPE" : "NONE",
      "SIRE_MENTION_TYPE" : "NONE",
      "SIRE_MENTION_CLASS" : "SPC"
    },
    "type" : "Descriptor",
    "begin" : 195,
    "end" : 210,
    "inCoref" : false
  }, {
    "id" : "1151248162466131__-785762719-M10",
    "properties" : {
      "SIRE_MENTION_ROLE" : "Descriptor",
      "SIRE_ENTITY_SUBTYPE" : "NONE",
      "SIRE_MENTION_TYPE" : "NONE",
      "SIRE_MENTION_CLASS" : "SPC"
    },
    "type" : "Descriptor",
    "begin" : 216,
    "end" : 232,
    "inCoref" : false
  }, {
    "id" : "s4-m1",
    "properties" : {
      "SIRE_MENTION_ROLE" : "Product",
      "SIRE_ENTITY_SUBTYPE" : "NONE",
      "SIRE_MENTION_TYPE" : "NONE",
      "SIRE_MENTION_CLASS" : "SPC"
    },
    "type" : "Product",
    "begin" : 234,
    "end" : 236,
    "inCoref" : true
  }, {
    "id" : "s4-m2",
    "properties" : {
      "SIRE_MENTION_ROLE" : "Feature",
      "SIRE_ENTITY_SUBTYPE" : "NONE",
      "SIRE_MENTION_TYPE" : "NONE",
      "SIRE_MENTION_CLASS" : "SPC"
    },
    "type" : "Feature",
    "begin" : 253,
    "end" : 278,
    "inCoref" : true
  }, {
    "id" : "1151248162466131__-785762719-M11",
    "properties" : {
      "SIRE_ENTITY_SUBTYPE" : "NONE",
      "SIRE_MENTION_CLASS" : "SPC",
      "SIRE_MENTION_TYPE" : "NONE",
      "SIRE_ENTITY_CLASS" : "SPC",
      "SIRE_ENTITY_LEVEL" : "NONE",
      "SIRE_MENTION_ROLE" : "Consumer"
    },
    "type" : "Consumer",
    "begin" : 288,
    "end" : 290,
    "inCoref" : true
  }, {
    "id" : "1151248162466131__-785762719-M12",
    "properties" : {
      "SIRE_ENTITY_SUBTYPE" : "NONE",
      "SIRE_MENTION_CLASS" : "SPC",
      "SIRE_MENTION_TYPE" : "NONE",
      "SIRE_ENTITY_CLASS" : "SPC",
      "SIRE_ENTITY_LEVEL" : "NONE",
      "SIRE_MENTION_ROLE" : "Consumer"
    },
    "type" : "Consumer",
    "begin" : 309,
    "end" : 310,
    "inCoref" : true
  }, {
    "id" : "1151248162466131__-785762719-M13",
    "properties" : {
      "SIRE_ENTITY_SUBTYPE" : "NONE",
      "SIRE_MENTION_CLASS" : "SPC",
      "SIRE_MENTION_TYPE" : "NONE",
      "SIRE_ENTITY_CLASS" : "SPC",
      "SIRE_ENTITY_LEVEL" : "NONE",
      "SIRE_MENTION_ROLE" : "Feature"
    },
    "type" : "Feature",
    "begin" : 321,
    "end" : 330,
    "inCoref" : false
  }, {
    "id" : "1151248162466131__-785762719-M16",
    "properties" : {
      "SIRE_ENTITY_SUBTYPE" : "NONE",
      "SIRE_MENTION_CLASS" : "SPC",
      "SIRE_MENTION_TYPE" : "NONE",
      "SIRE_ENTITY_CLASS" : "SPC",
      "SIRE_ENTITY_LEVEL" : "NONE",
      "SIRE_MENTION_ROLE" : "Descriptor"
    },
    "type" : "Descriptor",
    "begin" : 368,
    "end" : 383,
    "inCoref" : false
  }, {
    "id" : "1151248162466131__-785762719-M17",
    "properties" : {
      "SIRE_ENTITY_SUBTYPE" : "NONE",
      "SIRE_MENTION_CLASS" : "SPC",
      "SIRE_MENTION_TYPE" : "NONE",
      "SIRE_ENTITY_CLASS" : "SPC",
      "SIRE_ENTITY_LEVEL" : "NONE",
      "SIRE_MENTION_ROLE" : "Consumer"
    },
    "type" : "Consumer",
    "begin" : 386,
    "end" : 387,
    "inCoref" : true
  }, {
    "id" : "s6-m2",
    "properties" : {
      "SIRE_MENTION_ROLE" : "Descriptor",
      "SIRE_ENTITY_SUBTYPE" : "NONE",
      "SIRE_MENTION_TYPE" : "NONE",
      "SIRE_MENTION_CLASS" : "SPC"
    },
    "type" : "Descriptor",
    "begin" : 388,
    "end" : 402,
    "inCoref" : false
  }, {
    "id" : "s6-m3",
    "properties" : {
      "SIRE_MENTION_ROLE" : "Feature",
      "SIRE_ENTITY_SUBTYPE" : "NONE",
      "SIRE_MENTION_TYPE" : "NONE",
      "SIRE_MENTION_CLASS" : "SPC"
    },
    "type" : "Feature",
    "begin" : 407,
    "end" : 434,
    "inCoref" : false
  }, {
    "id" : "1151248162466131__-785762719-M18",
    "properties" : {
      "SIRE_ENTITY_SUBTYPE" : "NONE",
      "SIRE_MENTION_CLASS" : "SPC",
      "SIRE_MENTION_TYPE" : "NONE",
      "SIRE_ENTITY_CLASS" : "SPC",
      "SIRE_ENTITY_LEVEL" : "NONE",
      "SIRE_MENTION_ROLE" : "Feature"
    },
    "type" : "Feature",
    "begin" : 440,
    "end" : 445,
    "inCoref" : false
  }, {
    "id" : "1151248162466131__-785762719-M19",
    "properties" : {
      "SIRE_ENTITY_SUBTYPE" : "NONE",
      "SIRE_MENTION_CLASS" : "SPC",
      "SIRE_MENTION_TYPE" : "NONE",
      "SIRE_ENTITY_CLASS" : "SPC",
      "SIRE_ENTITY_LEVEL" : "NONE",
      "SIRE_MENTION_ROLE" : "Descriptor"
    },
    "type" : "Descriptor",
    "begin" : 450,
    "end" : 456,
    "inCoref" : false
  }, {
    "id" : "1151248162466131__-785762719-M20",
    "properties" : {
      "SIRE_ENTITY_SUBTYPE" : "NONE",
      "SIRE_MENTION_CLASS" : "SPC",
      "SIRE_MENTION_TYPE" : "NONE",
      "SIRE_ENTITY_CLASS" : "SPC",
      "SIRE_ENTITY_LEVEL" : "NONE",
      "SIRE_MENTION_ROLE" : "Feature"
    },
    "type" : "Feature",
    "begin" : 460,
    "end" : 464,
    "inCoref" : false
  }, {
    "id" : "1151248162466131__-785762719-M21",
    "properties" : {
      "SIRE_ENTITY_SUBTYPE" : "NONE",
      "SIRE_MENTION_CLASS" : "SPC",
      "SIRE_MENTION_TYPE" : "NONE",
      "SIRE_ENTITY_CLASS" : "SPC",
      "SIRE_ENTITY_LEVEL" : "NONE",
      "SIRE_MENTION_ROLE" : "Descriptor"
    },
    "type" : "Descriptor",
    "begin" : 475,
    "end" : 496,
    "inCoref" : false
  }, {
    "id" : "1151248162466131__-785762719-M23",
    "properties" : {
      "SIRE_ENTITY_SUBTYPE" : "NONE",
      "SIRE_MENTION_CLASS" : "SPC",
      "SIRE_MENTION_TYPE" : "NONE",
      "SIRE_ENTITY_CLASS" : "SPC",
      "SIRE_ENTITY_LEVEL" : "NONE",
      "SIRE_MENTION_ROLE" : "Descriptor"
    },
    "type" : "Descriptor",
    "begin" : 512,
    "end" : 516,
    "inCoref" : false
  }, {
    "id" : "1151248162466131__-785762719-M24",
    "properties" : {
      "SIRE_ENTITY_SUBTYPE" : "NONE",
      "SIRE_MENTION_CLASS" : "SPC",
      "SIRE_MENTION_TYPE" : "NONE",
      "SIRE_ENTITY_CLASS" : "SPC",
      "SIRE_ENTITY_LEVEL" : "NONE",
      "SIRE_MENTION_ROLE" : "Feature"
    },
    "type" : "Feature",
    "begin" : 517,
    "end" : 528,
    "inCoref" : false
  }, {
    "id" : "1151248162466131__-785762719-M25",
    "properties" : {
      "SIRE_ENTITY_SUBTYPE" : "NONE",
      "SIRE_MENTION_CLASS" : "SPC",
      "SIRE_MENTION_TYPE" : "NONE",
      "SIRE_ENTITY_CLASS" : "SPC",
      "SIRE_ENTITY_LEVEL" : "NONE",
      "SIRE_MENTION_ROLE" : "Consumer"
    },
    "type" : "Consumer",
    "begin" : 530,
    "end" : 531,
    "inCoref" : true
  }, {
    "id" : "1151248162466131__-785762719-M26",
    "properties" : {
      "SIRE_ENTITY_SUBTYPE" : "NONE",
      "SIRE_MENTION_CLASS" : "SPC",
      "SIRE_MENTION_TYPE" : "NONE",
      "SIRE_ENTITY_CLASS" : "SPC",
      "SIRE_ENTITY_LEVEL" : "NONE",
      "SIRE_MENTION_ROLE" : "Product"
    },
    "type" : "Product",
    "begin" : 539,
    "end" : 541,
    "inCoref" : true
  }, {
    "id" : "1151248162466131__-785762719-M27",
    "properties" : {
      "SIRE_ENTITY_SUBTYPE" : "NONE",
      "SIRE_MENTION_CLASS" : "SPC",
      "SIRE_MENTION_TYPE" : "NONE",
      "SIRE_ENTITY_CLASS" : "SPC",
      "SIRE_ENTITY_LEVEL" : "NONE",
      "SIRE_MENTION_ROLE" : "Product"
    },
    "type" : "Product",
    "begin" : 550,
    "end" : 555,
    "inCoref" : false
  }, {
    "id" : "s8-m4",
    "properties" : {
      "SIRE_MENTION_ROLE" : "Product",
      "SIRE_ENTITY_SUBTYPE" : "NONE",
      "SIRE_MENTION_TYPE" : "NONE",
      "SIRE_MENTION_CLASS" : "SPC"
    },
    "type" : "Product",
    "begin" : 563,
    "end" : 572,
    "inCoref" : false
  }, {
    "id" : "1151248162466131__-785762719-M28",
    "properties" : {
      "SIRE_ENTITY_SUBTYPE" : "NONE",
      "SIRE_MENTION_CLASS" : "SPC",
      "SIRE_MENTION_TYPE" : "NONE",
      "SIRE_ENTITY_CLASS" : "SPC",
      "SIRE_ENTITY_LEVEL" : "NONE",
      "SIRE_MENTION_ROLE" : "Consumer"
    },
    "type" : "Consumer",
    "begin" : 586,
    "end" : 587,
    "inCoref" : true
  }, {
    "id" : "1151248162466131__-785762719-M29",
    "properties" : {
      "SIRE_ENTITY_SUBTYPE" : "NONE",
      "SIRE_MENTION_CLASS" : "SPC",
      "SIRE_MENTION_TYPE" : "NONE",
      "SIRE_ENTITY_CLASS" : "SPC",
      "SIRE_ENTITY_LEVEL" : "NONE",
      "SIRE_MENTION_ROLE" : "Consumer"
    },
    "type" : "Consumer",
    "begin" : 653,
    "end" : 654,
    "inCoref" : true
  }, {
    "id" : "1151248162466131__-785762719-M30",
    "properties" : {
      "SIRE_ENTITY_SUBTYPE" : "NONE",
      "SIRE_MENTION_CLASS" : "SPC",
      "SIRE_MENTION_TYPE" : "NONE",
      "SIRE_ENTITY_CLASS" : "SPC",
      "SIRE_ENTITY_LEVEL" : "NONE",
      "SIRE_MENTION_ROLE" : "Product"
    },
    "type" : "Product",
    "begin" : 687,
    "end" : 691,
    "inCoref" : true
  }, {
    "id" : "1151248162466131__-785762719-M31",
    "properties" : {
      "SIRE_ENTITY_SUBTYPE" : "NONE",
      "SIRE_MENTION_CLASS" : "SPC",
      "SIRE_MENTION_TYPE" : "NONE",
      "SIRE_ENTITY_CLASS" : "SPC",
      "SIRE_ENTITY_LEVEL" : "NONE",
      "SIRE_MENTION_ROLE" : "Feature"
    },
    "type" : "Feature",
    "begin" : 698,
    "end" : 707,
    "inCoref" : false
  }, {
    "id" : "1151248162466131__-785762719-M32",
    "properties" : {
      "SIRE_ENTITY_SUBTYPE" : "NONE",
      "SIRE_MENTION_CLASS" : "SPC",
      "SIRE_MENTION_TYPE" : "NONE",
      "SIRE_ENTITY_CLASS" : "SPC",
      "SIRE_ENTITY_LEVEL" : "NONE",
      "SIRE_MENTION_ROLE" : "Descriptor"
    },
    "type" : "Descriptor",
    "begin" : 714,
    "end" : 735,
    "inCoref" : false
  } ],
  "relations" : [ {
    "id" : "1151248162466131__-785762719-R1-1",
    "properties" : {
      "SIRE_RELATION_CLASS" : "SPECIFIC",
      "SIRE_RELATION_SUBTYPE" : "OTHER",
      "SIRE_RELATION_MODALITY" : "ASSERTED",
      "SIRE_RELATION_TENSE" : "UNSPECIFIED"
    },
    "type" : "hasQuality",
    "args" : [ "1151248162466131__-785762719-M1", "1151248162466131__-785762719-M2" ]
  }, {
    "id" : "1151248162466131__-785762719-R2-1",
    "properties" : {
      "SIRE_RELATION_CLASS" : "SPECIFIC",
      "SIRE_RELATION_SUBTYPE" : "OTHER",
      "SIRE_RELATION_MODALITY" : "ASSERTED",
      "SIRE_RELATION_TENSE" : "UNSPECIFIED"
    },
    "type" : "hasQuality",
    "args" : [ "1151248162466131__-785762719-M3", "1151248162466131__-785762719-M4" ]
  }, {
    "id" : "1151248162466131__-785762719-R3-1",
    "properties" : {
      "SIRE_RELATION_CLASS" : "SPECIFIC",
      "SIRE_RELATION_SUBTYPE" : "OTHER",
      "SIRE_RELATION_MODALITY" : "ASSERTED",
      "SIRE_RELATION_TENSE" : "UNSPECIFIED"
    },
    "type" : "hasFeature",
    "args" : [ "1151248162466131__-785762719-M7", "1151248162466131__-785762719-M6" ]
  }, {
    "id" : "s2-r2",
    "properties" : { },
    "type" : "hasFeature",
    "args" : [ "1151248162466131__-785762719-M7", "s2-m4" ]
  }, {
    "id" : "1151248162466131__-785762719-R4-1",
    "properties" : {
      "SIRE_RELATION_CLASS" : "SPECIFIC",
      "SIRE_RELATION_SUBTYPE" : "OTHER",
      "SIRE_RELATION_MODALITY" : "ASSERTED",
      "SIRE_RELATION_TENSE" : "UNSPECIFIED"
    },
    "type" : "hasQuality",
    "args" : [ "1151248162466131__-785762719-M8", "1151248162466131__-785762719-M9" ]
  }, {
    "id" : "s3-r2",
    "properties" : { },
    "type" : "hasQuality",
    "args" : [ "s3-m4", "1151248162466131__-785762719-M10" ]
  }, {
    "id" : "s3-r3",
    "properties" : { },
    "type" : "hasQuality",
    "args" : [ "1151248162466131__-785762719-M8", "s3-m5" ]
  }, {
    "id" : "s3-r4",
    "properties" : { },
    "type" : "hasQuality",
    "args" : [ "1151248162466131__-785762719-M8", "1151248162466131__-785762719-M10" ]
  }, {
    "id" : "s3-r5",
    "properties" : { },
    "type" : "hasQuality",
    "args" : [ "s3-m4", "1151248162466131__-785762719-M9" ]
  }, {
    "id" : "s3-r6",
    "properties" : { },
    "type" : "hasQuality",
    "args" : [ "s3-m4", "s3-m5" ]
  }, {
    "id" : "s4-r1",
    "properties" : { },
    "type" : "hasFeature",
    "args" : [ "s4-m1", "s4-m2" ]
  }, {
    "id" : "1151248162466131__-785762719-R6-1",
    "properties" : {
      "SIRE_RELATION_CLASS" : "SPECIFIC",
      "SIRE_RELATION_SUBTYPE" : "OTHER",
      "SIRE_RELATION_MODALITY" : "ASSERTED",
      "SIRE_RELATION_TENSE" : "UNSPECIFIED"
    },
    "type" : "hasQuality",
    "args" : [ "1151248162466131__-785762719-M13", "1151248162466131__-785762719-M16" ]
  }, {
    "id" : "s6-r1",
    "properties" : { },
    "type" : "hasQuality",
    "args" : [ "s6-m3", "s6-m2" ]
  }, {
    "id" : "1151248162466131__-785762719-R9-1",
    "properties" : {
      "SIRE_RELATION_CLASS" : "SPECIFIC",
      "SIRE_RELATION_SUBTYPE" : "OTHER",
      "SIRE_RELATION_MODALITY" : "ASSERTED",
      "SIRE_RELATION_TENSE" : "UNSPECIFIED"
    },
    "type" : "hasQuality",
    "args" : [ "1151248162466131__-785762719-M18", "1151248162466131__-785762719-M21" ]
  }, {
    "id" : "1151248162466131__-785762719-R8-1",
    "properties" : {
      "SIRE_RELATION_CLASS" : "SPECIFIC",
      "SIRE_RELATION_SUBTYPE" : "OTHER",
      "SIRE_RELATION_MODALITY" : "ASSERTED",
      "SIRE_RELATION_TENSE" : "UNSPECIFIED"
    },
    "type" : "hasQuality",
    "args" : [ "1151248162466131__-785762719-M18", "1151248162466131__-785762719-M19" ]
  }, {
    "id" : "1151248162466131__-785762719-R11-1",
    "properties" : {
      "SIRE_RELATION_CLASS" : "SPECIFIC",
      "SIRE_RELATION_SUBTYPE" : "OTHER",
      "SIRE_RELATION_MODALITY" : "ASSERTED",
      "SIRE_RELATION_TENSE" : "UNSPECIFIED"
    },
    "type" : "hasQuality",
    "args" : [ "1151248162466131__-785762719-M20", "1151248162466131__-785762719-M21" ]
  }, {
    "id" : "1151248162466131__-785762719-R10-1",
    "properties" : {
      "SIRE_RELATION_CLASS" : "SPECIFIC",
      "SIRE_RELATION_SUBTYPE" : "OTHER",
      "SIRE_RELATION_MODALITY" : "ASSERTED",
      "SIRE_RELATION_TENSE" : "UNSPECIFIED"
    },
    "type" : "hasQuality",
    "args" : [ "1151248162466131__-785762719-M20", "1151248162466131__-785762719-M19" ]
  }, {
    "id" : "1151248162466131__-785762719-R13-1",
    "properties" : {
      "SIRE_RELATION_CLASS" : "SPECIFIC",
      "SIRE_RELATION_SUBTYPE" : "OTHER",
      "SIRE_RELATION_MODALITY" : "ASSERTED",
      "SIRE_RELATION_TENSE" : "UNSPECIFIED"
    },
    "type" : "hasQuality",
    "args" : [ "1151248162466131__-785762719-M24", "1151248162466131__-785762719-M23" ]
  }, {
    "id" : "s10-r1",
    "properties" : { },
    "type" : "hasFeature",
    "args" : [ "1151248162466131__-785762719-M30", "1151248162466131__-785762719-M31" ]
  }, {
    "id" : "s10-r2",
    "properties" : { },
    "type" : "hasQuality",
    "args" : [ "1151248162466131__-785762719-M30", "1151248162466131__-785762719-M32" ]
  } ],
  "corefs" : [ {
    "id" : "1151248162466131__-785762719-E0",
    "properties" : { },
    "mentions" : [ "1151248162466131__-785762719-M0", "1151248162466131__-785762719-M11", "1151248162466131__-785762719-M12", "1151248162466131__-785762719-M17", "1151248162466131__-785762719-M25", "1151248162466131__-785762719-M28", "1151248162466131__-785762719-M29", "1151248162466131__-785762719-M5" ]
  }, {
    "id" : "1151248162466131__-785762719-E1",
    "properties" : { },
    "mentions" : [ "1151248162466131__-785762719-M1", "1151248162466131__-785762719-M3" ]
  }, {
    "id" : "1151248162466131__-785762719-E10",
    "properties" : { },
    "mentions" : [ "1151248162466131__-785762719-M26", "1151248162466131__-785762719-M30", "1151248162466131__-785762719-M7", "s4-m1" ]
  }, {
    "id" : "c5",
    "properties" : { },
    "mentions" : [ "s3-m4", "1151248162466131__-785762719-M8", "s4-m2" ]
  } ],
  "typeResolved" : true,
  "userResolved" : true
}