{
  "id" : "d442e3a2-8558-4659-89ed-fe6d3041fee7-2",
  "modifiedDate" : 1468359783764,
  "name" : "review51.txt",
  "version" : 2,
  "text" : "Excellent little speaker. Great audio quality. I saw the makeuseof review. It looks beautiful. It is truly very loud. With a price point like this and a compact, sleek size, it is really portable, but it doesn't have the strongest bass. Which is normal and expected. It still has some power and umph. And for portable speakers, this one will definitely not disappoint. Great quality. No distortion or audio \"fuzz\".",
  "docLength" : 414,
  "language" : "EN",
  "status" : "SUBMITTED",
  "documentSet" : [ ],
  "sentences" : [ {
    "id" : "s0",
    "begin" : 0,
    "end" : 25,
    "text" : "Excellent little speaker.",
    "tokens" : [ {
      "id" : "s0-t0",
      "begin" : 0,
      "end" : 9,
      "text" : "Excellent",
      "whiteSpace" : false
    }, {
      "id" : "s0-t1",
      "begin" : 10,
      "end" : 16,
      "text" : "little",
      "whiteSpace" : false
    }, {
      "id" : "s0-t2",
      "begin" : 17,
      "end" : 24,
      "text" : "speaker",
      "whiteSpace" : false
    }, {
      "id" : "s0-t3",
      "begin" : 24,
      "end" : 25,
      "text" : ".",
      "whiteSpace" : false
    } ]
  }, {
    "id" : "s1",
    "begin" : 26,
    "end" : 46,
    "text" : "Great audio quality.",
    "tokens" : [ {
      "id" : "s1-t0",
      "begin" : 26,
      "end" : 31,
      "text" : "Great",
      "whiteSpace" : false
    }, {
      "id" : "s1-t1",
      "begin" : 32,
      "end" : 37,
      "text" : "audio",
      "whiteSpace" : false
    }, {
      "id" : "s1-t2",
      "begin" : 38,
      "end" : 45,
      "text" : "quality",
      "whiteSpace" : false
    }, {
      "id" : "s1-t3",
      "begin" : 45,
      "end" : 46,
      "text" : ".",
      "whiteSpace" : false
    } ]
  }, {
    "id" : "s2",
    "begin" : 47,
    "end" : 74,
    "text" : "I saw the makeuseof review.",
    "tokens" : [ {
      "id" : "s2-t0",
      "begin" : 47,
      "end" : 48,
      "text" : "I",
      "whiteSpace" : false
    }, {
      "id" : "s2-t1",
      "begin" : 49,
      "end" : 52,
      "text" : "saw",
      "whiteSpace" : false
    }, {
      "id" : "s2-t2",
      "begin" : 53,
      "end" : 56,
      "text" : "the",
      "whiteSpace" : false
    }, {
      "id" : "s2-t3",
      "begin" : 57,
      "end" : 66,
      "text" : "makeuseof",
      "whiteSpace" : false
    }, {
      "id" : "s2-t4",
      "begin" : 67,
      "end" : 73,
      "text" : "review",
      "whiteSpace" : false
    }, {
      "id" : "s2-t5",
      "begin" : 73,
      "end" : 74,
      "text" : ".",
      "whiteSpace" : false
    } ]
  }, {
    "id" : "s3",
    "begin" : 75,
    "end" : 94,
    "text" : "It looks beautiful.",
    "tokens" : [ {
      "id" : "s3-t0",
      "begin" : 75,
      "end" : 77,
      "text" : "It",
      "whiteSpace" : false
    }, {
      "id" : "s3-t1",
      "begin" : 78,
      "end" : 83,
      "text" : "looks",
      "whiteSpace" : false
    }, {
      "id" : "s3-t2",
      "begin" : 84,
      "end" : 93,
      "text" : "beautiful",
      "whiteSpace" : false
    }, {
      "id" : "s3-t3",
      "begin" : 93,
      "end" : 94,
      "text" : ".",
      "whiteSpace" : false
    } ]
  }, {
    "id" : "s4",
    "begin" : 95,
    "end" : 117,
    "text" : "It is truly very loud.",
    "tokens" : [ {
      "id" : "s4-t0",
      "begin" : 95,
      "end" : 97,
      "text" : "It",
      "whiteSpace" : false
    }, {
      "id" : "s4-t1",
      "begin" : 98,
      "end" : 100,
      "text" : "is",
      "whiteSpace" : false
    }, {
      "id" : "s4-t2",
      "begin" : 101,
      "end" : 106,
      "text" : "truly",
      "whiteSpace" : false
    }, {
      "id" : "s4-t3",
      "begin" : 107,
      "end" : 111,
      "text" : "very",
      "whiteSpace" : false
    }, {
      "id" : "s4-t4",
      "begin" : 112,
      "end" : 116,
      "text" : "loud",
      "whiteSpace" : false
    }, {
      "id" : "s4-t5",
      "begin" : 116,
      "end" : 117,
      "text" : ".",
      "whiteSpace" : false
    } ]
  }, {
    "id" : "s5",
    "begin" : 118,
    "end" : 236,
    "text" : "With a price point like this and a compact, sleek size, it is really portable, but it doesn't have the strongest bass.",
    "tokens" : [ {
      "id" : "s5-t0",
      "begin" : 118,
      "end" : 122,
      "text" : "With",
      "whiteSpace" : false
    }, {
      "id" : "s5-t1",
      "begin" : 123,
      "end" : 124,
      "text" : "a",
      "whiteSpace" : false
    }, {
      "id" : "s5-t2",
      "begin" : 125,
      "end" : 130,
      "text" : "price",
      "whiteSpace" : false
    }, {
      "id" : "s5-t3",
      "begin" : 131,
      "end" : 136,
      "text" : "point",
      "whiteSpace" : false
    }, {
      "id" : "s5-t4",
      "begin" : 137,
      "end" : 141,
      "text" : "like",
      "whiteSpace" : false
    }, {
      "id" : "s5-t5",
      "begin" : 142,
      "end" : 146,
      "text" : "this",
      "whiteSpace" : false
    }, {
      "id" : "s5-t6",
      "begin" : 147,
      "end" : 150,
      "text" : "and",
      "whiteSpace" : false
    }, {
      "id" : "s5-t7",
      "begin" : 151,
      "end" : 152,
      "text" : "a",
      "whiteSpace" : false
    }, {
      "id" : "s5-t8",
      "begin" : 153,
      "end" : 160,
      "text" : "compact",
      "whiteSpace" : false
    }, {
      "id" : "s5-t9",
      "begin" : 160,
      "end" : 161,
      "text" : ",",
      "whiteSpace" : false
    }, {
      "id" : "s5-t10",
      "begin" : 162,
      "end" : 167,
      "text" : "sleek",
      "whiteSpace" : false
    }, {
      "id" : "s5-t11",
      "begin" : 168,
      "end" : 172,
      "text" : "size",
      "whiteSpace" : false
    }, {
      "id" : "s5-t12",
      "begin" : 172,
      "end" : 173,
      "text" : ",",
      "whiteSpace" : false
    }, {
      "id" : "s5-t13",
      "begin" : 174,
      "end" : 176,
      "text" : "it",
      "whiteSpace" : false
    }, {
      "id" : "s5-t14",
      "begin" : 177,
      "end" : 179,
      "text" : "is",
      "whiteSpace" : false
    }, {
      "id" : "s5-t15",
      "begin" : 180,
      "end" : 186,
      "text" : "really",
      "whiteSpace" : false
    }, {
      "id" : "s5-t16",
      "begin" : 187,
      "end" : 195,
      "text" : "portable",
      "whiteSpace" : false
    }, {
      "id" : "s5-t17",
      "begin" : 195,
      "end" : 196,
      "text" : ",",
      "whiteSpace" : false
    }, {
      "id" : "s5-t18",
      "begin" : 197,
      "end" : 200,
      "text" : "but",
      "whiteSpace" : false
    }, {
      "id" : "s5-t19",
      "begin" : 201,
      "end" : 203,
      "text" : "it",
      "whiteSpace" : false
    }, {
      "id" : "s5-t20",
      "begin" : 204,
      "end" : 208,
      "text" : "does",
      "whiteSpace" : false
    }, {
      "id" : "s5-t21",
      "begin" : 208,
      "end" : 211,
      "text" : "n't",
      "whiteSpace" : false
    }, {
      "id" : "s5-t22",
      "begin" : 212,
      "end" : 216,
      "text" : "have",
      "whiteSpace" : false
    }, {
      "id" : "s5-t23",
      "begin" : 217,
      "end" : 220,
      "text" : "the",
      "whiteSpace" : false
    }, {
      "id" : "s5-t24",
      "begin" : 221,
      "end" : 230,
      "text" : "strongest",
      "whiteSpace" : false
    }, {
      "id" : "s5-t25",
      "begin" : 231,
      "end" : 235,
      "text" : "bass",
      "whiteSpace" : false
    }, {
      "id" : "s5-t26",
      "begin" : 235,
      "end" : 236,
      "text" : ".",
      "whiteSpace" : false
    } ]
  }, {
    "id" : "s6",
    "begin" : 237,
    "end" : 266,
    "text" : "Which is normal and expected.",
    "tokens" : [ {
      "id" : "s6-t0",
      "begin" : 237,
      "end" : 242,
      "text" : "Which",
      "whiteSpace" : false
    }, {
      "id" : "s6-t1",
      "begin" : 243,
      "end" : 245,
      "text" : "is",
      "whiteSpace" : false
    }, {
      "id" : "s6-t2",
      "begin" : 246,
      "end" : 252,
      "text" : "normal",
      "whiteSpace" : false
    }, {
      "id" : "s6-t3",
      "begin" : 253,
      "end" : 256,
      "text" : "and",
      "whiteSpace" : false
    }, {
      "id" : "s6-t4",
      "begin" : 257,
      "end" : 265,
      "text" : "expected",
      "whiteSpace" : false
    }, {
      "id" : "s6-t5",
      "begin" : 265,
      "end" : 266,
      "text" : ".",
      "whiteSpace" : false
    } ]
  }, {
    "id" : "s7",
    "begin" : 267,
    "end" : 300,
    "text" : "It still has some power and umph.",
    "tokens" : [ {
      "id" : "s7-t0",
      "begin" : 267,
      "end" : 269,
      "text" : "It",
      "whiteSpace" : false
    }, {
      "id" : "s7-t1",
      "begin" : 270,
      "end" : 275,
      "text" : "still",
      "whiteSpace" : false
    }, {
      "id" : "s7-t2",
      "begin" : 276,
      "end" : 279,
      "text" : "has",
      "whiteSpace" : false
    }, {
      "id" : "s7-t3",
      "begin" : 280,
      "end" : 284,
      "text" : "some",
      "whiteSpace" : false
    }, {
      "id" : "s7-t4",
      "begin" : 285,
      "end" : 290,
      "text" : "power",
      "whiteSpace" : false
    }, {
      "id" : "s7-t5",
      "begin" : 291,
      "end" : 294,
      "text" : "and",
      "whiteSpace" : false
    }, {
      "id" : "s7-t6",
      "begin" : 295,
      "end" : 299,
      "text" : "umph",
      "whiteSpace" : false
    }, {
      "id" : "s7-t7",
      "begin" : 299,
      "end" : 300,
      "text" : ".",
      "whiteSpace" : false
    } ]
  }, {
    "id" : "s8",
    "begin" : 301,
    "end" : 368,
    "text" : "And for portable speakers, this one will definitely not disappoint.",
    "tokens" : [ {
      "id" : "s8-t0",
      "begin" : 301,
      "end" : 304,
      "text" : "And",
      "whiteSpace" : false
    }, {
      "id" : "s8-t1",
      "begin" : 305,
      "end" : 308,
      "text" : "for",
      "whiteSpace" : false
    }, {
      "id" : "s8-t2",
      "begin" : 309,
      "end" : 317,
      "text" : "portable",
      "whiteSpace" : false
    }, {
      "id" : "s8-t3",
      "begin" : 318,
      "end" : 326,
      "text" : "speakers",
      "whiteSpace" : false
    }, {
      "id" : "s8-t4",
      "begin" : 326,
      "end" : 327,
      "text" : ",",
      "whiteSpace" : false
    }, {
      "id" : "s8-t5",
      "begin" : 328,
      "end" : 332,
      "text" : "this",
      "whiteSpace" : false
    }, {
      "id" : "s8-t6",
      "begin" : 333,
      "end" : 336,
      "text" : "one",
      "whiteSpace" : false
    }, {
      "id" : "s8-t7",
      "begin" : 337,
      "end" : 341,
      "text" : "will",
      "whiteSpace" : false
    }, {
      "id" : "s8-t8",
      "begin" : 342,
      "end" : 352,
      "text" : "definitely",
      "whiteSpace" : false
    }, {
      "id" : "s8-t9",
      "begin" : 353,
      "end" : 356,
      "text" : "not",
      "whiteSpace" : false
    }, {
      "id" : "s8-t10",
      "begin" : 357,
      "end" : 367,
      "text" : "disappoint",
      "whiteSpace" : false
    }, {
      "id" : "s8-t11",
      "begin" : 367,
      "end" : 368,
      "text" : ".",
      "whiteSpace" : false
    } ]
  }, {
    "id" : "s9",
    "begin" : 369,
    "end" : 383,
    "text" : "Great quality.",
    "tokens" : [ {
      "id" : "s9-t0",
      "begin" : 369,
      "end" : 374,
      "text" : "Great",
      "whiteSpace" : false
    }, {
      "id" : "s9-t1",
      "begin" : 375,
      "end" : 382,
      "text" : "quality",
      "whiteSpace" : false
    }, {
      "id" : "s9-t2",
      "begin" : 382,
      "end" : 383,
      "text" : ".",
      "whiteSpace" : false
    } ]
  }, {
    "id" : "s10",
    "begin" : 384,
    "end" : 414,
    "text" : "No distortion or audio \"fuzz\".",
    "tokens" : [ {
      "id" : "s10-t0",
      "begin" : 384,
      "end" : 386,
      "text" : "No",
      "whiteSpace" : false
    }, {
      "id" : "s10-t1",
      "begin" : 387,
      "end" : 397,
      "text" : "distortion",
      "whiteSpace" : false
    }, {
      "id" : "s10-t2",
      "begin" : 398,
      "end" : 400,
      "text" : "or",
      "whiteSpace" : false
    }, {
      "id" : "s10-t3",
      "begin" : 401,
      "end" : 406,
      "text" : "audio",
      "whiteSpace" : false
    }, {
      "id" : "s10-t4",
      "begin" : 407,
      "end" : 408,
      "text" : "\"",
      "whiteSpace" : false
    }, {
      "id" : "s10-t5",
      "begin" : 408,
      "end" : 412,
      "text" : "fuzz",
      "whiteSpace" : false
    }, {
      "id" : "s10-t6",
      "begin" : 412,
      "end" : 413,
      "text" : "\"",
      "whiteSpace" : false
    }, {
      "id" : "s10-t7",
      "begin" : 413,
      "end" : 414,
      "text" : ".",
      "whiteSpace" : false
    } ]
  } ],
  "mentions" : [ {
    "id" : "1151253146629686__-785762719-M0",
    "properties" : {
      "SIRE_ENTITY_SUBTYPE" : "NONE",
      "SIRE_MENTION_CLASS" : "SPC",
      "SIRE_MENTION_TYPE" : "NONE",
      "SIRE_ENTITY_CLASS" : "SPC",
      "SIRE_ENTITY_LEVEL" : "NONE",
      "SIRE_MENTION_ROLE" : "Descriptor"
    },
    "type" : "Descriptor",
    "begin" : 0,
    "end" : 9,
    "inCoref" : false
  }, {
    "id" : "s0-m4",
    "properties" : {
      "SIRE_MENTION_ROLE" : "Descriptor",
      "SIRE_ENTITY_SUBTYPE" : "NONE",
      "SIRE_MENTION_TYPE" : "NONE",
      "SIRE_MENTION_CLASS" : "SPC"
    },
    "type" : "Descriptor",
    "begin" : 10,
    "end" : 16,
    "inCoref" : false
  }, {
    "id" : "s0-m3",
    "properties" : {
      "SIRE_MENTION_ROLE" : "Product",
      "SIRE_ENTITY_SUBTYPE" : "NONE",
      "SIRE_MENTION_TYPE" : "NONE",
      "SIRE_MENTION_CLASS" : "SPC"
    },
    "type" : "Product",
    "begin" : 17,
    "end" : 24,
    "inCoref" : true
  }, {
    "id" : "1151253146629686__-785762719-M2",
    "properties" : {
      "SIRE_ENTITY_SUBTYPE" : "NONE",
      "SIRE_MENTION_CLASS" : "SPC",
      "SIRE_MENTION_TYPE" : "NONE",
      "SIRE_ENTITY_CLASS" : "SPC",
      "SIRE_ENTITY_LEVEL" : "NONE",
      "SIRE_MENTION_ROLE" : "Descriptor"
    },
    "type" : "Descriptor",
    "begin" : 26,
    "end" : 31,
    "inCoref" : false
  }, {
    "id" : "1151253146629686__-785762719-M3",
    "properties" : {
      "SIRE_ENTITY_SUBTYPE" : "NONE",
      "SIRE_MENTION_CLASS" : "SPC",
      "SIRE_MENTION_TYPE" : "NONE",
      "SIRE_ENTITY_CLASS" : "SPC",
      "SIRE_ENTITY_LEVEL" : "NONE",
      "SIRE_MENTION_ROLE" : "Feature"
    },
    "type" : "Feature",
    "begin" : 32,
    "end" : 45,
    "inCoref" : false
  }, {
    "id" : "1151253146629686__-785762719-M4",
    "properties" : {
      "SIRE_ENTITY_SUBTYPE" : "NONE",
      "SIRE_MENTION_CLASS" : "SPC",
      "SIRE_MENTION_TYPE" : "NONE",
      "SIRE_ENTITY_CLASS" : "SPC",
      "SIRE_ENTITY_LEVEL" : "NONE",
      "SIRE_MENTION_ROLE" : "Consumer"
    },
    "type" : "Consumer",
    "begin" : 47,
    "end" : 48,
    "inCoref" : true
  }, {
    "id" : "s3-m2",
    "properties" : {
      "SIRE_MENTION_ROLE" : "Product",
      "SIRE_ENTITY_SUBTYPE" : "NONE",
      "SIRE_MENTION_TYPE" : "NONE",
      "SIRE_MENTION_CLASS" : "SPC"
    },
    "type" : "Product",
    "begin" : 75,
    "end" : 77,
    "inCoref" : true
  }, {
    "id" : "s3-m3",
    "properties" : {
      "SIRE_MENTION_ROLE" : "Descriptor",
      "SIRE_ENTITY_SUBTYPE" : "NONE",
      "SIRE_MENTION_TYPE" : "NONE",
      "SIRE_MENTION_CLASS" : "SPC"
    },
    "type" : "Descriptor",
    "begin" : 78,
    "end" : 93,
    "inCoref" : false
  }, {
    "id" : "1151253146629686__-785762719-M6",
    "properties" : {
      "SIRE_ENTITY_SUBTYPE" : "NONE",
      "SIRE_MENTION_CLASS" : "SPC",
      "SIRE_MENTION_TYPE" : "NONE",
      "SIRE_ENTITY_CLASS" : "SPC",
      "SIRE_ENTITY_LEVEL" : "NONE",
      "SIRE_MENTION_ROLE" : "Feature"
    },
    "type" : "Feature",
    "begin" : 95,
    "end" : 97,
    "inCoref" : false
  }, {
    "id" : "1151253146629686__-785762719-M7",
    "properties" : {
      "SIRE_ENTITY_SUBTYPE" : "NONE",
      "SIRE_MENTION_CLASS" : "SPC",
      "SIRE_MENTION_TYPE" : "NONE",
      "SIRE_ENTITY_CLASS" : "SPC",
      "SIRE_ENTITY_LEVEL" : "NONE",
      "SIRE_MENTION_ROLE" : "Descriptor"
    },
    "type" : "Descriptor",
    "begin" : 101,
    "end" : 116,
    "inCoref" : false
  }, {
    "id" : "s5-m2",
    "properties" : {
      "SIRE_MENTION_ROLE" : "Price",
      "SIRE_ENTITY_SUBTYPE" : "NONE",
      "SIRE_MENTION_TYPE" : "NONE",
      "SIRE_MENTION_CLASS" : "SPC"
    },
    "type" : "Price",
    "begin" : 125,
    "end" : 136,
    "inCoref" : false
  }, {
    "id" : "s5-m3",
    "properties" : {
      "SIRE_MENTION_ROLE" : "Descriptor",
      "SIRE_ENTITY_SUBTYPE" : "NONE",
      "SIRE_MENTION_TYPE" : "NONE",
      "SIRE_MENTION_CLASS" : "SPC"
    },
    "type" : "Descriptor",
    "begin" : 153,
    "end" : 160,
    "inCoref" : false
  }, {
    "id" : "s5-m5",
    "properties" : {
      "SIRE_MENTION_ROLE" : "Descriptor",
      "SIRE_ENTITY_SUBTYPE" : "NONE",
      "SIRE_MENTION_TYPE" : "NONE",
      "SIRE_MENTION_CLASS" : "SPC"
    },
    "type" : "Descriptor",
    "begin" : 162,
    "end" : 167,
    "inCoref" : false
  }, {
    "id" : "s5-m6",
    "properties" : {
      "SIRE_MENTION_ROLE" : "Feature",
      "SIRE_ENTITY_SUBTYPE" : "NONE",
      "SIRE_MENTION_TYPE" : "NONE",
      "SIRE_MENTION_CLASS" : "SPC"
    },
    "type" : "Feature",
    "begin" : 168,
    "end" : 172,
    "inCoref" : false
  }, {
    "id" : "s5-m8",
    "properties" : {
      "SIRE_MENTION_ROLE" : "Product",
      "SIRE_ENTITY_SUBTYPE" : "NONE",
      "SIRE_MENTION_TYPE" : "NONE",
      "SIRE_MENTION_CLASS" : "SPC"
    },
    "type" : "Product",
    "begin" : 174,
    "end" : 176,
    "inCoref" : true
  }, {
    "id" : "s5-m7",
    "properties" : {
      "SIRE_MENTION_ROLE" : "Descriptor",
      "SIRE_ENTITY_SUBTYPE" : "NONE",
      "SIRE_MENTION_TYPE" : "NONE",
      "SIRE_MENTION_CLASS" : "SPC"
    },
    "type" : "Descriptor",
    "begin" : 187,
    "end" : 195,
    "inCoref" : false
  }, {
    "id" : "s5-m9",
    "properties" : {
      "SIRE_MENTION_ROLE" : "Product",
      "SIRE_ENTITY_SUBTYPE" : "NONE",
      "SIRE_MENTION_TYPE" : "NONE",
      "SIRE_MENTION_CLASS" : "SPC"
    },
    "type" : "Product",
    "begin" : 201,
    "end" : 203,
    "inCoref" : true
  }, {
    "id" : "s5-m11",
    "properties" : {
      "SIRE_MENTION_ROLE" : "Descriptor",
      "SIRE_ENTITY_SUBTYPE" : "NONE",
      "SIRE_MENTION_TYPE" : "NONE",
      "SIRE_MENTION_CLASS" : "NEG"
    },
    "type" : "Descriptor",
    "begin" : 221,
    "end" : 230,
    "inCoref" : false
  }, {
    "id" : "s5-m10",
    "properties" : {
      "SIRE_MENTION_ROLE" : "Feature",
      "SIRE_ENTITY_SUBTYPE" : "NONE",
      "SIRE_MENTION_TYPE" : "NONE",
      "SIRE_MENTION_CLASS" : "SPC"
    },
    "type" : "Feature",
    "begin" : 231,
    "end" : 235,
    "inCoref" : false
  }, {
    "id" : "1151253146629686__-785762719-M10",
    "properties" : {
      "SIRE_ENTITY_SUBTYPE" : "NONE",
      "SIRE_MENTION_CLASS" : "SPC",
      "SIRE_MENTION_TYPE" : "NONE",
      "SIRE_ENTITY_CLASS" : "SPC",
      "SIRE_ENTITY_LEVEL" : "NONE",
      "SIRE_MENTION_ROLE" : "Product"
    },
    "type" : "Product",
    "begin" : 267,
    "end" : 269,
    "inCoref" : true
  }, {
    "id" : "s7-m2",
    "properties" : {
      "SIRE_MENTION_ROLE" : "Feature",
      "SIRE_ENTITY_SUBTYPE" : "NONE",
      "SIRE_MENTION_TYPE" : "NONE",
      "SIRE_MENTION_CLASS" : "SPC"
    },
    "type" : "Feature",
    "begin" : 285,
    "end" : 290,
    "inCoref" : false
  }, {
    "id" : "s7-m3",
    "properties" : {
      "SIRE_MENTION_ROLE" : "Feature",
      "SIRE_ENTITY_SUBTYPE" : "NONE",
      "SIRE_MENTION_TYPE" : "NONE",
      "SIRE_MENTION_CLASS" : "SPC"
    },
    "type" : "Feature",
    "begin" : 295,
    "end" : 299,
    "inCoref" : false
  }, {
    "id" : "s8-m2",
    "properties" : {
      "SIRE_MENTION_ROLE" : "Product",
      "SIRE_ENTITY_SUBTYPE" : "NONE",
      "SIRE_MENTION_TYPE" : "NONE",
      "SIRE_MENTION_CLASS" : "SPC"
    },
    "type" : "Product",
    "begin" : 318,
    "end" : 326,
    "inCoref" : true
  }, {
    "id" : "1151253146629686__-785762719-M11",
    "properties" : {
      "SIRE_ENTITY_SUBTYPE" : "NONE",
      "SIRE_MENTION_CLASS" : "SPC",
      "SIRE_MENTION_TYPE" : "NONE",
      "SIRE_ENTITY_CLASS" : "SPC",
      "SIRE_ENTITY_LEVEL" : "NONE",
      "SIRE_MENTION_ROLE" : "Product"
    },
    "type" : "Product",
    "begin" : 328,
    "end" : 332,
    "inCoref" : true
  }, {
    "id" : "s9-m2",
    "properties" : {
      "SIRE_MENTION_ROLE" : "Descriptor",
      "SIRE_ENTITY_SUBTYPE" : "NONE",
      "SIRE_MENTION_TYPE" : "NONE",
      "SIRE_MENTION_CLASS" : "SPC"
    },
    "type" : "Descriptor",
    "begin" : 369,
    "end" : 374,
    "inCoref" : false
  }, {
    "id" : "s9-m3",
    "properties" : {
      "SIRE_MENTION_ROLE" : "Feature",
      "SIRE_ENTITY_SUBTYPE" : "NONE",
      "SIRE_MENTION_TYPE" : "NONE",
      "SIRE_MENTION_CLASS" : "SPC"
    },
    "type" : "Feature",
    "begin" : 375,
    "end" : 382,
    "inCoref" : false
  }, {
    "id" : "s10-m1",
    "properties" : {
      "SIRE_MENTION_ROLE" : "Feature",
      "SIRE_ENTITY_SUBTYPE" : "NONE",
      "SIRE_MENTION_TYPE" : "NONE",
      "SIRE_MENTION_CLASS" : "SPC"
    },
    "type" : "Feature",
    "begin" : 384,
    "end" : 397,
    "inCoref" : false
  } ],
  "relations" : [ {
    "id" : "s0-r2",
    "properties" : { },
    "type" : "hasQuality",
    "args" : [ "s0-m3", "s0-m4" ]
  }, {
    "id" : "s0-r3",
    "properties" : { },
    "type" : "hasQuality",
    "args" : [ "s0-m3", "1151253146629686__-785762719-M0" ]
  }, {
    "id" : "1151253146629686__-785762719-R2-1",
    "properties" : {
      "SIRE_RELATION_CLASS" : "SPECIFIC",
      "SIRE_RELATION_SUBTYPE" : "OTHER",
      "SIRE_RELATION_MODALITY" : "ASSERTED",
      "SIRE_RELATION_TENSE" : "UNSPECIFIED"
    },
    "type" : "hasQuality",
    "args" : [ "1151253146629686__-785762719-M3", "1151253146629686__-785762719-M2" ]
  }, {
    "id" : "s3-r1",
    "properties" : { },
    "type" : "hasQuality",
    "args" : [ "s3-m2", "s3-m3" ]
  }, {
    "id" : "1151253146629686__-785762719-R3-1",
    "properties" : {
      "SIRE_RELATION_CLASS" : "SPECIFIC",
      "SIRE_RELATION_SUBTYPE" : "OTHER",
      "SIRE_RELATION_MODALITY" : "ASSERTED",
      "SIRE_RELATION_TENSE" : "UNSPECIFIED"
    },
    "type" : "hasQuality",
    "args" : [ "1151253146629686__-785762719-M6", "1151253146629686__-785762719-M7" ]
  }, {
    "id" : "s5-r1",
    "properties" : { },
    "type" : "hasFeature",
    "args" : [ "s5-m8", "s5-m6" ]
  }, {
    "id" : "s5-r2",
    "properties" : { },
    "type" : "hasQuality",
    "args" : [ "s5-m6", "s5-m5" ]
  }, {
    "id" : "s5-r3",
    "properties" : { },
    "type" : "hasQuality",
    "args" : [ "s5-m6", "s5-m3" ]
  }, {
    "id" : "s5-r4",
    "properties" : { },
    "type" : "hasFeature",
    "args" : [ "s5-m8", "s5-m2" ]
  }, {
    "id" : "s5-r5",
    "properties" : { },
    "type" : "hasQuality",
    "args" : [ "s5-m8", "s5-m7" ]
  }, {
    "id" : "s5-r6",
    "properties" : { },
    "type" : "hasFeature",
    "args" : [ "s5-m9", "s5-m10" ]
  }, {
    "id" : "s5-r7",
    "properties" : { },
    "type" : "hasQuality",
    "args" : [ "s5-m10", "s5-m11" ]
  }, {
    "id" : "s7-r1",
    "properties" : { },
    "type" : "hasFeature",
    "args" : [ "1151253146629686__-785762719-M10", "s7-m2" ]
  }, {
    "id" : "s7-r2",
    "properties" : { },
    "type" : "hasFeature",
    "args" : [ "1151253146629686__-785762719-M10", "s7-m3" ]
  }, {
    "id" : "s9-r1",
    "properties" : { },
    "type" : "hasQuality",
    "args" : [ "s9-m3", "s9-m2" ]
  } ],
  "corefs" : [ {
    "id" : "c1",
    "properties" : { },
    "mentions" : [ "1151253146629686__-785762719-M4" ]
  }, {
    "id" : "c2",
    "properties" : { },
    "mentions" : [ "s3-m2", "s0-m3", "s5-m8", "s5-m9", "1151253146629686__-785762719-M10", "s8-m2", "1151253146629686__-785762719-M11" ]
  } ],
  "typeResolved" : true,
  "userResolved" : true
}