{
  "id" : "d442e3a2-8558-4659-89ed-fe6d3041fee7-9",
  "modifiedDate" : 1468357946255,
  "name" : "review49.txt",
  "version" : 2,
  "text" : "<<<<<<< HEAD\nhis camera is fantastic for the price. I have had a few digital SLR's in the same price range (Olympus, Canon) but never a Nikon. After hearing good word of mouth about the product (clarity, megapixels, ease of use) I decided that I would take advantage while it was still on sale and purchase it. It has only been a few months since having the camera and I feel the need to take it with me everywhere I go! I have gotten some quality shots and the case is a nice add on. Now I understand it when people say if you go Nikon, you don't go back! Great buy, especially for a beginner/intermediate photographer!\n\n=======\n﻿These shoes feel wonderful, like you are running on a cloud, BUT...., I've only had them for a month and the purple on the bottom is already worn through to the white part. I only run about 2-3 miles 3-4 days a week. They should not have worn down this fast. I'm really sad cuz I really loved this shoe \r\r\n>>>>>>> origin/master\n",
  "docLength" : 959,
  "language" : "EN",
  "status" : "SUBMITTED",
  "documentSet" : [ ],
  "sentences" : [ {
    "id" : "s0",
    "begin" : 0,
    "end" : 51,
    "text" : "<<<<<<< HEAD\nhis camera is fantastic for the price.",
    "tokens" : [ {
      "id" : "s0-t0",
      "begin" : 0,
      "end" : 1,
      "text" : "<",
      "whiteSpace" : false
    }, {
      "id" : "s0-t1",
      "begin" : 1,
      "end" : 2,
      "text" : "<",
      "whiteSpace" : false
    }, {
      "id" : "s0-t2",
      "begin" : 2,
      "end" : 3,
      "text" : "<",
      "whiteSpace" : false
    }, {
      "id" : "s0-t3",
      "begin" : 3,
      "end" : 4,
      "text" : "<",
      "whiteSpace" : false
    }, {
      "id" : "s0-t4",
      "begin" : 4,
      "end" : 5,
      "text" : "<",
      "whiteSpace" : false
    }, {
      "id" : "s0-t5",
      "begin" : 5,
      "end" : 6,
      "text" : "<",
      "whiteSpace" : false
    }, {
      "id" : "s0-t6",
      "begin" : 6,
      "end" : 7,
      "text" : "<",
      "whiteSpace" : false
    }, {
      "id" : "s0-t7",
      "begin" : 8,
      "end" : 12,
      "text" : "HEAD",
      "whiteSpace" : false
    }, {
      "id" : "s0-t8",
      "begin" : 13,
      "end" : 16,
      "text" : "his",
      "whiteSpace" : false
    }, {
      "id" : "s0-t9",
      "begin" : 17,
      "end" : 23,
      "text" : "camera",
      "whiteSpace" : false
    }, {
      "id" : "s0-t10",
      "begin" : 24,
      "end" : 26,
      "text" : "is",
      "whiteSpace" : false
    }, {
      "id" : "s0-t11",
      "begin" : 27,
      "end" : 36,
      "text" : "fantastic",
      "whiteSpace" : false
    }, {
      "id" : "s0-t12",
      "begin" : 37,
      "end" : 40,
      "text" : "for",
      "whiteSpace" : false
    }, {
      "id" : "s0-t13",
      "begin" : 41,
      "end" : 44,
      "text" : "the",
      "whiteSpace" : false
    }, {
      "id" : "s0-t14",
      "begin" : 45,
      "end" : 50,
      "text" : "price",
      "whiteSpace" : false
    }, {
      "id" : "s0-t15",
      "begin" : 50,
      "end" : 51,
      "text" : ".",
      "whiteSpace" : false
    } ]
  }, {
    "id" : "s1",
    "begin" : 52,
    "end" : 142,
    "text" : "I have had a few digital SLR's in the same price range (Olympus, Canon) but never a Nikon.",
    "tokens" : [ {
      "id" : "s1-t0",
      "begin" : 52,
      "end" : 53,
      "text" : "I",
      "whiteSpace" : false
    }, {
      "id" : "s1-t1",
      "begin" : 54,
      "end" : 58,
      "text" : "have",
      "whiteSpace" : false
    }, {
      "id" : "s1-t2",
      "begin" : 59,
      "end" : 62,
      "text" : "had",
      "whiteSpace" : false
    }, {
      "id" : "s1-t3",
      "begin" : 63,
      "end" : 64,
      "text" : "a",
      "whiteSpace" : false
    }, {
      "id" : "s1-t4",
      "begin" : 65,
      "end" : 68,
      "text" : "few",
      "whiteSpace" : false
    }, {
      "id" : "s1-t5",
      "begin" : 69,
      "end" : 76,
      "text" : "digital",
      "whiteSpace" : false
    }, {
      "id" : "s1-t6",
      "begin" : 77,
      "end" : 80,
      "text" : "SLR",
      "whiteSpace" : false
    }, {
      "id" : "s1-t7",
      "begin" : 80,
      "end" : 82,
      "text" : "'s",
      "whiteSpace" : false
    }, {
      "id" : "s1-t8",
      "begin" : 83,
      "end" : 85,
      "text" : "in",
      "whiteSpace" : false
    }, {
      "id" : "s1-t9",
      "begin" : 86,
      "end" : 89,
      "text" : "the",
      "whiteSpace" : false
    }, {
      "id" : "s1-t10",
      "begin" : 90,
      "end" : 94,
      "text" : "same",
      "whiteSpace" : false
    }, {
      "id" : "s1-t11",
      "begin" : 95,
      "end" : 100,
      "text" : "price",
      "whiteSpace" : false
    }, {
      "id" : "s1-t12",
      "begin" : 101,
      "end" : 106,
      "text" : "range",
      "whiteSpace" : false
    }, {
      "id" : "s1-t13",
      "begin" : 107,
      "end" : 108,
      "text" : "(",
      "whiteSpace" : false
    }, {
      "id" : "s1-t14",
      "begin" : 108,
      "end" : 115,
      "text" : "Olympus",
      "whiteSpace" : false
    }, {
      "id" : "s1-t15",
      "begin" : 115,
      "end" : 116,
      "text" : ",",
      "whiteSpace" : false
    }, {
      "id" : "s1-t16",
      "begin" : 117,
      "end" : 122,
      "text" : "Canon",
      "whiteSpace" : false
    }, {
      "id" : "s1-t17",
      "begin" : 122,
      "end" : 123,
      "text" : ")",
      "whiteSpace" : false
    }, {
      "id" : "s1-t18",
      "begin" : 124,
      "end" : 127,
      "text" : "but",
      "whiteSpace" : false
    }, {
      "id" : "s1-t19",
      "begin" : 128,
      "end" : 133,
      "text" : "never",
      "whiteSpace" : false
    }, {
      "id" : "s1-t20",
      "begin" : 134,
      "end" : 135,
      "text" : "a",
      "whiteSpace" : false
    }, {
      "id" : "s1-t21",
      "begin" : 136,
      "end" : 141,
      "text" : "Nikon",
      "whiteSpace" : false
    }, {
      "id" : "s1-t22",
      "begin" : 141,
      "end" : 142,
      "text" : ".",
      "whiteSpace" : false
    } ]
  }, {
    "id" : "s2",
    "begin" : 143,
    "end" : 310,
    "text" : "After hearing good word of mouth about the product (clarity, megapixels, ease of use) I decided that I would take advantage while it was still on sale and purchase it.",
    "tokens" : [ {
      "id" : "s2-t0",
      "begin" : 143,
      "end" : 148,
      "text" : "After",
      "whiteSpace" : false
    }, {
      "id" : "s2-t1",
      "begin" : 149,
      "end" : 156,
      "text" : "hearing",
      "whiteSpace" : false
    }, {
      "id" : "s2-t2",
      "begin" : 157,
      "end" : 161,
      "text" : "good",
      "whiteSpace" : false
    }, {
      "id" : "s2-t3",
      "begin" : 162,
      "end" : 166,
      "text" : "word",
      "whiteSpace" : false
    }, {
      "id" : "s2-t4",
      "begin" : 167,
      "end" : 169,
      "text" : "of",
      "whiteSpace" : false
    }, {
      "id" : "s2-t5",
      "begin" : 170,
      "end" : 175,
      "text" : "mouth",
      "whiteSpace" : false
    }, {
      "id" : "s2-t6",
      "begin" : 176,
      "end" : 181,
      "text" : "about",
      "whiteSpace" : false
    }, {
      "id" : "s2-t7",
      "begin" : 182,
      "end" : 185,
      "text" : "the",
      "whiteSpace" : false
    }, {
      "id" : "s2-t8",
      "begin" : 186,
      "end" : 193,
      "text" : "product",
      "whiteSpace" : false
    }, {
      "id" : "s2-t9",
      "begin" : 194,
      "end" : 195,
      "text" : "(",
      "whiteSpace" : false
    }, {
      "id" : "s2-t10",
      "begin" : 195,
      "end" : 202,
      "text" : "clarity",
      "whiteSpace" : false
    }, {
      "id" : "s2-t11",
      "begin" : 202,
      "end" : 203,
      "text" : ",",
      "whiteSpace" : false
    }, {
      "id" : "s2-t12",
      "begin" : 204,
      "end" : 214,
      "text" : "megapixels",
      "whiteSpace" : false
    }, {
      "id" : "s2-t13",
      "begin" : 214,
      "end" : 215,
      "text" : ",",
      "whiteSpace" : false
    }, {
      "id" : "s2-t14",
      "begin" : 216,
      "end" : 220,
      "text" : "ease",
      "whiteSpace" : false
    }, {
      "id" : "s2-t15",
      "begin" : 221,
      "end" : 223,
      "text" : "of",
      "whiteSpace" : false
    }, {
      "id" : "s2-t16",
      "begin" : 224,
      "end" : 227,
      "text" : "use",
      "whiteSpace" : false
    }, {
      "id" : "s2-t17",
      "begin" : 227,
      "end" : 228,
      "text" : ")",
      "whiteSpace" : false
    }, {
      "id" : "s2-t18",
      "begin" : 229,
      "end" : 230,
      "text" : "I",
      "whiteSpace" : false
    }, {
      "id" : "s2-t19",
      "begin" : 231,
      "end" : 238,
      "text" : "decided",
      "whiteSpace" : false
    }, {
      "id" : "s2-t20",
      "begin" : 239,
      "end" : 243,
      "text" : "that",
      "whiteSpace" : false
    }, {
      "id" : "s2-t21",
      "begin" : 244,
      "end" : 245,
      "text" : "I",
      "whiteSpace" : false
    }, {
      "id" : "s2-t22",
      "begin" : 246,
      "end" : 251,
      "text" : "would",
      "whiteSpace" : false
    }, {
      "id" : "s2-t23",
      "begin" : 252,
      "end" : 256,
      "text" : "take",
      "whiteSpace" : false
    }, {
      "id" : "s2-t24",
      "begin" : 257,
      "end" : 266,
      "text" : "advantage",
      "whiteSpace" : false
    }, {
      "id" : "s2-t25",
      "begin" : 267,
      "end" : 272,
      "text" : "while",
      "whiteSpace" : false
    }, {
      "id" : "s2-t26",
      "begin" : 273,
      "end" : 275,
      "text" : "it",
      "whiteSpace" : false
    }, {
      "id" : "s2-t27",
      "begin" : 276,
      "end" : 279,
      "text" : "was",
      "whiteSpace" : false
    }, {
      "id" : "s2-t28",
      "begin" : 280,
      "end" : 285,
      "text" : "still",
      "whiteSpace" : false
    }, {
      "id" : "s2-t29",
      "begin" : 286,
      "end" : 288,
      "text" : "on",
      "whiteSpace" : false
    }, {
      "id" : "s2-t30",
      "begin" : 289,
      "end" : 293,
      "text" : "sale",
      "whiteSpace" : false
    }, {
      "id" : "s2-t31",
      "begin" : 294,
      "end" : 297,
      "text" : "and",
      "whiteSpace" : false
    }, {
      "id" : "s2-t32",
      "begin" : 298,
      "end" : 306,
      "text" : "purchase",
      "whiteSpace" : false
    }, {
      "id" : "s2-t33",
      "begin" : 307,
      "end" : 309,
      "text" : "it",
      "whiteSpace" : false
    }, {
      "id" : "s2-t34",
      "begin" : 309,
      "end" : 310,
      "text" : ".",
      "whiteSpace" : false
    } ]
  }, {
    "id" : "s3",
    "begin" : 311,
    "end" : 420,
    "text" : "It has only been a few months since having the camera and I feel the need to take it with me everywhere I go!",
    "tokens" : [ {
      "id" : "s3-t0",
      "begin" : 311,
      "end" : 313,
      "text" : "It",
      "whiteSpace" : false
    }, {
      "id" : "s3-t1",
      "begin" : 314,
      "end" : 317,
      "text" : "has",
      "whiteSpace" : false
    }, {
      "id" : "s3-t2",
      "begin" : 318,
      "end" : 322,
      "text" : "only",
      "whiteSpace" : false
    }, {
      "id" : "s3-t3",
      "begin" : 323,
      "end" : 327,
      "text" : "been",
      "whiteSpace" : false
    }, {
      "id" : "s3-t4",
      "begin" : 328,
      "end" : 329,
      "text" : "a",
      "whiteSpace" : false
    }, {
      "id" : "s3-t5",
      "begin" : 330,
      "end" : 333,
      "text" : "few",
      "whiteSpace" : false
    }, {
      "id" : "s3-t6",
      "begin" : 334,
      "end" : 340,
      "text" : "months",
      "whiteSpace" : false
    }, {
      "id" : "s3-t7",
      "begin" : 341,
      "end" : 346,
      "text" : "since",
      "whiteSpace" : false
    }, {
      "id" : "s3-t8",
      "begin" : 347,
      "end" : 353,
      "text" : "having",
      "whiteSpace" : false
    }, {
      "id" : "s3-t9",
      "begin" : 354,
      "end" : 357,
      "text" : "the",
      "whiteSpace" : false
    }, {
      "id" : "s3-t10",
      "begin" : 358,
      "end" : 364,
      "text" : "camera",
      "whiteSpace" : false
    }, {
      "id" : "s3-t11",
      "begin" : 365,
      "end" : 368,
      "text" : "and",
      "whiteSpace" : false
    }, {
      "id" : "s3-t12",
      "begin" : 369,
      "end" : 370,
      "text" : "I",
      "whiteSpace" : false
    }, {
      "id" : "s3-t13",
      "begin" : 371,
      "end" : 375,
      "text" : "feel",
      "whiteSpace" : false
    }, {
      "id" : "s3-t14",
      "begin" : 376,
      "end" : 379,
      "text" : "the",
      "whiteSpace" : false
    }, {
      "id" : "s3-t15",
      "begin" : 380,
      "end" : 384,
      "text" : "need",
      "whiteSpace" : false
    }, {
      "id" : "s3-t16",
      "begin" : 385,
      "end" : 387,
      "text" : "to",
      "whiteSpace" : false
    }, {
      "id" : "s3-t17",
      "begin" : 388,
      "end" : 392,
      "text" : "take",
      "whiteSpace" : false
    }, {
      "id" : "s3-t18",
      "begin" : 393,
      "end" : 395,
      "text" : "it",
      "whiteSpace" : false
    }, {
      "id" : "s3-t19",
      "begin" : 396,
      "end" : 400,
      "text" : "with",
      "whiteSpace" : false
    }, {
      "id" : "s3-t20",
      "begin" : 401,
      "end" : 403,
      "text" : "me",
      "whiteSpace" : false
    }, {
      "id" : "s3-t21",
      "begin" : 404,
      "end" : 414,
      "text" : "everywhere",
      "whiteSpace" : false
    }, {
      "id" : "s3-t22",
      "begin" : 415,
      "end" : 416,
      "text" : "I",
      "whiteSpace" : false
    }, {
      "id" : "s3-t23",
      "begin" : 417,
      "end" : 419,
      "text" : "go",
      "whiteSpace" : false
    }, {
      "id" : "s3-t24",
      "begin" : 419,
      "end" : 420,
      "text" : "!",
      "whiteSpace" : false
    } ]
  }, {
    "id" : "s4",
    "begin" : 421,
    "end" : 484,
    "text" : "I have gotten some quality shots and the case is a nice add on.",
    "tokens" : [ {
      "id" : "s4-t0",
      "begin" : 421,
      "end" : 422,
      "text" : "I",
      "whiteSpace" : false
    }, {
      "id" : "s4-t1",
      "begin" : 423,
      "end" : 427,
      "text" : "have",
      "whiteSpace" : false
    }, {
      "id" : "s4-t2",
      "begin" : 428,
      "end" : 434,
      "text" : "gotten",
      "whiteSpace" : false
    }, {
      "id" : "s4-t3",
      "begin" : 435,
      "end" : 439,
      "text" : "some",
      "whiteSpace" : false
    }, {
      "id" : "s4-t4",
      "begin" : 440,
      "end" : 447,
      "text" : "quality",
      "whiteSpace" : false
    }, {
      "id" : "s4-t5",
      "begin" : 448,
      "end" : 453,
      "text" : "shots",
      "whiteSpace" : false
    }, {
      "id" : "s4-t6",
      "begin" : 454,
      "end" : 457,
      "text" : "and",
      "whiteSpace" : false
    }, {
      "id" : "s4-t7",
      "begin" : 458,
      "end" : 461,
      "text" : "the",
      "whiteSpace" : false
    }, {
      "id" : "s4-t8",
      "begin" : 462,
      "end" : 466,
      "text" : "case",
      "whiteSpace" : false
    }, {
      "id" : "s4-t9",
      "begin" : 467,
      "end" : 469,
      "text" : "is",
      "whiteSpace" : false
    }, {
      "id" : "s4-t10",
      "begin" : 470,
      "end" : 471,
      "text" : "a",
      "whiteSpace" : false
    }, {
      "id" : "s4-t11",
      "begin" : 472,
      "end" : 476,
      "text" : "nice",
      "whiteSpace" : false
    }, {
      "id" : "s4-t12",
      "begin" : 477,
      "end" : 480,
      "text" : "add",
      "whiteSpace" : false
    }, {
      "id" : "s4-t13",
      "begin" : 481,
      "end" : 483,
      "text" : "on",
      "whiteSpace" : false
    }, {
      "id" : "s4-t14",
      "begin" : 483,
      "end" : 484,
      "text" : ".",
      "whiteSpace" : false
    } ]
  }, {
    "id" : "s5",
    "begin" : 485,
    "end" : 556,
    "text" : "Now I understand it when people say if you go Nikon, you don't go back!",
    "tokens" : [ {
      "id" : "s5-t0",
      "begin" : 485,
      "end" : 488,
      "text" : "Now",
      "whiteSpace" : false
    }, {
      "id" : "s5-t1",
      "begin" : 489,
      "end" : 490,
      "text" : "I",
      "whiteSpace" : false
    }, {
      "id" : "s5-t2",
      "begin" : 491,
      "end" : 501,
      "text" : "understand",
      "whiteSpace" : false
    }, {
      "id" : "s5-t3",
      "begin" : 502,
      "end" : 504,
      "text" : "it",
      "whiteSpace" : false
    }, {
      "id" : "s5-t4",
      "begin" : 505,
      "end" : 509,
      "text" : "when",
      "whiteSpace" : false
    }, {
      "id" : "s5-t5",
      "begin" : 510,
      "end" : 516,
      "text" : "people",
      "whiteSpace" : false
    }, {
      "id" : "s5-t6",
      "begin" : 517,
      "end" : 520,
      "text" : "say",
      "whiteSpace" : false
    }, {
      "id" : "s5-t7",
      "begin" : 521,
      "end" : 523,
      "text" : "if",
      "whiteSpace" : false
    }, {
      "id" : "s5-t8",
      "begin" : 524,
      "end" : 527,
      "text" : "you",
      "whiteSpace" : false
    }, {
      "id" : "s5-t9",
      "begin" : 528,
      "end" : 530,
      "text" : "go",
      "whiteSpace" : false
    }, {
      "id" : "s5-t10",
      "begin" : 531,
      "end" : 536,
      "text" : "Nikon",
      "whiteSpace" : false
    }, {
      "id" : "s5-t11",
      "begin" : 536,
      "end" : 537,
      "text" : ",",
      "whiteSpace" : false
    }, {
      "id" : "s5-t12",
      "begin" : 538,
      "end" : 541,
      "text" : "you",
      "whiteSpace" : false
    }, {
      "id" : "s5-t13",
      "begin" : 542,
      "end" : 544,
      "text" : "do",
      "whiteSpace" : false
    }, {
      "id" : "s5-t14",
      "begin" : 544,
      "end" : 547,
      "text" : "n't",
      "whiteSpace" : false
    }, {
      "id" : "s5-t15",
      "begin" : 548,
      "end" : 550,
      "text" : "go",
      "whiteSpace" : false
    }, {
      "id" : "s5-t16",
      "begin" : 551,
      "end" : 555,
      "text" : "back",
      "whiteSpace" : false
    }, {
      "id" : "s5-t17",
      "begin" : 555,
      "end" : 556,
      "text" : "!",
      "whiteSpace" : false
    } ]
  }, {
    "id" : "s6",
    "begin" : 557,
    "end" : 620,
    "text" : "Great buy, especially for a beginner/intermediate photographer!",
    "tokens" : [ {
      "id" : "s6-t0",
      "begin" : 557,
      "end" : 562,
      "text" : "Great",
      "whiteSpace" : false
    }, {
      "id" : "s6-t1",
      "begin" : 563,
      "end" : 566,
      "text" : "buy",
      "whiteSpace" : false
    }, {
      "id" : "s6-t2",
      "begin" : 566,
      "end" : 567,
      "text" : ",",
      "whiteSpace" : false
    }, {
      "id" : "s6-t3",
      "begin" : 568,
      "end" : 578,
      "text" : "especially",
      "whiteSpace" : false
    }, {
      "id" : "s6-t4",
      "begin" : 579,
      "end" : 582,
      "text" : "for",
      "whiteSpace" : false
    }, {
      "id" : "s6-t5",
      "begin" : 583,
      "end" : 584,
      "text" : "a",
      "whiteSpace" : false
    }, {
      "id" : "s6-t6",
      "begin" : 585,
      "end" : 593,
      "text" : "beginner",
      "whiteSpace" : false
    }, {
      "id" : "s6-t7",
      "begin" : 593,
      "end" : 594,
      "text" : "/",
      "whiteSpace" : false
    }, {
      "id" : "s6-t8",
      "begin" : 594,
      "end" : 606,
      "text" : "intermediate",
      "whiteSpace" : false
    }, {
      "id" : "s6-t9",
      "begin" : 607,
      "end" : 619,
      "text" : "photographer",
      "whiteSpace" : false
    }, {
      "id" : "s6-t10",
      "begin" : 619,
      "end" : 620,
      "text" : "!",
      "whiteSpace" : false
    } ]
  }, {
    "id" : "s7",
    "begin" : 622,
    "end" : 803,
    "text" : "=======\n﻿These shoes feel wonderful, like you are running on a cloud, BUT...., I've only had them for a month and the purple on the bottom is already worn through to the white part.",
    "tokens" : [ {
      "id" : "s7-t0",
      "begin" : 622,
      "end" : 624,
      "text" : "==",
      "whiteSpace" : false
    }, {
      "id" : "s7-t1",
      "begin" : 624,
      "end" : 626,
      "text" : "==",
      "whiteSpace" : false
    }, {
      "id" : "s7-t2",
      "begin" : 626,
      "end" : 628,
      "text" : "==",
      "whiteSpace" : false
    }, {
      "id" : "s7-t3",
      "begin" : 628,
      "end" : 629,
      "text" : "=",
      "whiteSpace" : false
    }, {
      "id" : "s7-t4",
      "begin" : 631,
      "end" : 636,
      "text" : "These",
      "whiteSpace" : false
    }, {
      "id" : "s7-t5",
      "begin" : 637,
      "end" : 642,
      "text" : "shoes",
      "whiteSpace" : false
    }, {
      "id" : "s7-t6",
      "begin" : 643,
      "end" : 647,
      "text" : "feel",
      "whiteSpace" : false
    }, {
      "id" : "s7-t7",
      "begin" : 648,
      "end" : 657,
      "text" : "wonderful",
      "whiteSpace" : false
    }, {
      "id" : "s7-t8",
      "begin" : 657,
      "end" : 658,
      "text" : ",",
      "whiteSpace" : false
    }, {
      "id" : "s7-t9",
      "begin" : 659,
      "end" : 663,
      "text" : "like",
      "whiteSpace" : false
    }, {
      "id" : "s7-t10",
      "begin" : 664,
      "end" : 667,
      "text" : "you",
      "whiteSpace" : false
    }, {
      "id" : "s7-t11",
      "begin" : 668,
      "end" : 671,
      "text" : "are",
      "whiteSpace" : false
    }, {
      "id" : "s7-t12",
      "begin" : 672,
      "end" : 679,
      "text" : "running",
      "whiteSpace" : false
    }, {
      "id" : "s7-t13",
      "begin" : 680,
      "end" : 682,
      "text" : "on",
      "whiteSpace" : false
    }, {
      "id" : "s7-t14",
      "begin" : 683,
      "end" : 684,
      "text" : "a",
      "whiteSpace" : false
    }, {
      "id" : "s7-t15",
      "begin" : 685,
      "end" : 690,
      "text" : "cloud",
      "whiteSpace" : false
    }, {
      "id" : "s7-t16",
      "begin" : 690,
      "end" : 691,
      "text" : ",",
      "whiteSpace" : false
    }, {
      "id" : "s7-t17",
      "begin" : 692,
      "end" : 695,
      "text" : "BUT",
      "whiteSpace" : false
    }, {
      "id" : "s7-t18",
      "begin" : 695,
      "end" : 699,
      "text" : "....",
      "whiteSpace" : false
    }, {
      "id" : "s7-t19",
      "begin" : 699,
      "end" : 700,
      "text" : ",",
      "whiteSpace" : false
    }, {
      "id" : "s7-t20",
      "begin" : 701,
      "end" : 702,
      "text" : "I",
      "whiteSpace" : false
    }, {
      "id" : "s7-t21",
      "begin" : 702,
      "end" : 705,
      "text" : "'ve",
      "whiteSpace" : false
    }, {
      "id" : "s7-t22",
      "begin" : 706,
      "end" : 710,
      "text" : "only",
      "whiteSpace" : false
    }, {
      "id" : "s7-t23",
      "begin" : 711,
      "end" : 714,
      "text" : "had",
      "whiteSpace" : false
    }, {
      "id" : "s7-t24",
      "begin" : 715,
      "end" : 719,
      "text" : "them",
      "whiteSpace" : false
    }, {
      "id" : "s7-t25",
      "begin" : 720,
      "end" : 723,
      "text" : "for",
      "whiteSpace" : false
    }, {
      "id" : "s7-t26",
      "begin" : 724,
      "end" : 725,
      "text" : "a",
      "whiteSpace" : false
    }, {
      "id" : "s7-t27",
      "begin" : 726,
      "end" : 731,
      "text" : "month",
      "whiteSpace" : false
    }, {
      "id" : "s7-t28",
      "begin" : 732,
      "end" : 735,
      "text" : "and",
      "whiteSpace" : false
    }, {
      "id" : "s7-t29",
      "begin" : 736,
      "end" : 739,
      "text" : "the",
      "whiteSpace" : false
    }, {
      "id" : "s7-t30",
      "begin" : 740,
      "end" : 746,
      "text" : "purple",
      "whiteSpace" : false
    }, {
      "id" : "s7-t31",
      "begin" : 747,
      "end" : 749,
      "text" : "on",
      "whiteSpace" : false
    }, {
      "id" : "s7-t32",
      "begin" : 750,
      "end" : 753,
      "text" : "the",
      "whiteSpace" : false
    }, {
      "id" : "s7-t33",
      "begin" : 754,
      "end" : 760,
      "text" : "bottom",
      "whiteSpace" : false
    }, {
      "id" : "s7-t34",
      "begin" : 761,
      "end" : 763,
      "text" : "is",
      "whiteSpace" : false
    }, {
      "id" : "s7-t35",
      "begin" : 764,
      "end" : 771,
      "text" : "already",
      "whiteSpace" : false
    }, {
      "id" : "s7-t36",
      "begin" : 772,
      "end" : 776,
      "text" : "worn",
      "whiteSpace" : false
    }, {
      "id" : "s7-t37",
      "begin" : 777,
      "end" : 784,
      "text" : "through",
      "whiteSpace" : false
    }, {
      "id" : "s7-t38",
      "begin" : 785,
      "end" : 787,
      "text" : "to",
      "whiteSpace" : false
    }, {
      "id" : "s7-t39",
      "begin" : 788,
      "end" : 791,
      "text" : "the",
      "whiteSpace" : false
    }, {
      "id" : "s7-t40",
      "begin" : 792,
      "end" : 797,
      "text" : "white",
      "whiteSpace" : false
    }, {
      "id" : "s7-t41",
      "begin" : 798,
      "end" : 802,
      "text" : "part",
      "whiteSpace" : false
    }, {
      "id" : "s7-t42",
      "begin" : 802,
      "end" : 803,
      "text" : ".",
      "whiteSpace" : false
    } ]
  }, {
    "id" : "s8",
    "begin" : 804,
    "end" : 847,
    "text" : "I only run about 2-3 miles 3-4 days a week.",
    "tokens" : [ {
      "id" : "s8-t0",
      "begin" : 804,
      "end" : 805,
      "text" : "I",
      "whiteSpace" : false
    }, {
      "id" : "s8-t1",
      "begin" : 806,
      "end" : 810,
      "text" : "only",
      "whiteSpace" : false
    }, {
      "id" : "s8-t2",
      "begin" : 811,
      "end" : 814,
      "text" : "run",
      "whiteSpace" : false
    }, {
      "id" : "s8-t3",
      "begin" : 815,
      "end" : 820,
      "text" : "about",
      "whiteSpace" : false
    }, {
      "id" : "s8-t4",
      "begin" : 821,
      "end" : 824,
      "text" : "2-3",
      "whiteSpace" : false
    }, {
      "id" : "s8-t5",
      "begin" : 825,
      "end" : 830,
      "text" : "miles",
      "whiteSpace" : false
    }, {
      "id" : "s8-t6",
      "begin" : 831,
      "end" : 834,
      "text" : "3-4",
      "whiteSpace" : false
    }, {
      "id" : "s8-t7",
      "begin" : 835,
      "end" : 839,
      "text" : "days",
      "whiteSpace" : false
    }, {
      "id" : "s8-t8",
      "begin" : 840,
      "end" : 841,
      "text" : "a",
      "whiteSpace" : false
    }, {
      "id" : "s8-t9",
      "begin" : 842,
      "end" : 846,
      "text" : "week",
      "whiteSpace" : false
    }, {
      "id" : "s8-t10",
      "begin" : 846,
      "end" : 847,
      "text" : ".",
      "whiteSpace" : false
    } ]
  }, {
    "id" : "s9",
    "begin" : 848,
    "end" : 889,
    "text" : "They should not have worn down this fast.",
    "tokens" : [ {
      "id" : "s9-t0",
      "begin" : 848,
      "end" : 852,
      "text" : "They",
      "whiteSpace" : false
    }, {
      "id" : "s9-t1",
      "begin" : 853,
      "end" : 859,
      "text" : "should",
      "whiteSpace" : false
    }, {
      "id" : "s9-t2",
      "begin" : 860,
      "end" : 863,
      "text" : "not",
      "whiteSpace" : false
    }, {
      "id" : "s9-t3",
      "begin" : 864,
      "end" : 868,
      "text" : "have",
      "whiteSpace" : false
    }, {
      "id" : "s9-t4",
      "begin" : 869,
      "end" : 873,
      "text" : "worn",
      "whiteSpace" : false
    }, {
      "id" : "s9-t5",
      "begin" : 874,
      "end" : 878,
      "text" : "down",
      "whiteSpace" : false
    }, {
      "id" : "s9-t6",
      "begin" : 879,
      "end" : 883,
      "text" : "this",
      "whiteSpace" : false
    }, {
      "id" : "s9-t7",
      "begin" : 884,
      "end" : 888,
      "text" : "fast",
      "whiteSpace" : false
    }, {
      "id" : "s9-t8",
      "begin" : 888,
      "end" : 889,
      "text" : ".",
      "whiteSpace" : false
    } ]
  }, {
    "id" : "s10",
    "begin" : 890,
    "end" : 958,
    "text" : "I'm really sad cuz I really loved this shoe \r\r\n>>>>>>> origin/master",
    "tokens" : [ {
      "id" : "s10-t0",
      "begin" : 890,
      "end" : 891,
      "text" : "I",
      "whiteSpace" : false
    }, {
      "id" : "s10-t1",
      "begin" : 891,
      "end" : 893,
      "text" : "'m",
      "whiteSpace" : false
    }, {
      "id" : "s10-t2",
      "begin" : 894,
      "end" : 900,
      "text" : "really",
      "whiteSpace" : false
    }, {
      "id" : "s10-t3",
      "begin" : 901,
      "end" : 904,
      "text" : "sad",
      "whiteSpace" : false
    }, {
      "id" : "s10-t4",
      "begin" : 905,
      "end" : 908,
      "text" : "cuz",
      "whiteSpace" : false
    }, {
      "id" : "s10-t5",
      "begin" : 909,
      "end" : 910,
      "text" : "I",
      "whiteSpace" : false
    }, {
      "id" : "s10-t6",
      "begin" : 911,
      "end" : 917,
      "text" : "really",
      "whiteSpace" : false
    }, {
      "id" : "s10-t7",
      "begin" : 918,
      "end" : 923,
      "text" : "loved",
      "whiteSpace" : false
    }, {
      "id" : "s10-t8",
      "begin" : 924,
      "end" : 928,
      "text" : "this",
      "whiteSpace" : false
    }, {
      "id" : "s10-t9",
      "begin" : 929,
      "end" : 933,
      "text" : "shoe",
      "whiteSpace" : false
    }, {
      "id" : "s10-t10",
      "begin" : 937,
      "end" : 938,
      "text" : ">",
      "whiteSpace" : false
    }, {
      "id" : "s10-t11",
      "begin" : 938,
      "end" : 939,
      "text" : ">",
      "whiteSpace" : false
    }, {
      "id" : "s10-t12",
      "begin" : 939,
      "end" : 940,
      "text" : ">",
      "whiteSpace" : false
    }, {
      "id" : "s10-t13",
      "begin" : 940,
      "end" : 941,
      "text" : ">",
      "whiteSpace" : false
    }, {
      "id" : "s10-t14",
      "begin" : 941,
      "end" : 942,
      "text" : ">",
      "whiteSpace" : false
    }, {
      "id" : "s10-t15",
      "begin" : 942,
      "end" : 943,
      "text" : ">",
      "whiteSpace" : false
    }, {
      "id" : "s10-t16",
      "begin" : 943,
      "end" : 944,
      "text" : ">",
      "whiteSpace" : false
    }, {
      "id" : "s10-t17",
      "begin" : 945,
      "end" : 951,
      "text" : "origin",
      "whiteSpace" : false
    }, {
      "id" : "s10-t18",
      "begin" : 951,
      "end" : 952,
      "text" : "/",
      "whiteSpace" : false
    }, {
      "id" : "s10-t19",
      "begin" : 952,
      "end" : 958,
      "text" : "master",
      "whiteSpace" : false
    } ]
  } ],
  "mentions" : [ {
    "id" : "s0-m1",
    "properties" : {
      "SIRE_MENTION_ROLE" : "Product",
      "SIRE_ENTITY_SUBTYPE" : "NONE",
      "SIRE_MENTION_TYPE" : "NONE",
      "SIRE_MENTION_CLASS" : "SPC"
    },
    "type" : "Product",
    "begin" : 17,
    "end" : 23,
    "inCoref" : true
  }, {
    "id" : "s0-m2",
    "properties" : {
      "SIRE_MENTION_ROLE" : "Descriptor",
      "SIRE_ENTITY_SUBTYPE" : "NONE",
      "SIRE_MENTION_TYPE" : "NONE",
      "SIRE_MENTION_CLASS" : "SPC"
    },
    "type" : "Descriptor",
    "begin" : 27,
    "end" : 36,
    "inCoref" : false
  }, {
    "id" : "s0-m3",
    "properties" : {
      "SIRE_MENTION_ROLE" : "Price",
      "SIRE_ENTITY_SUBTYPE" : "NONE",
      "SIRE_MENTION_TYPE" : "NONE",
      "SIRE_MENTION_CLASS" : "SPC"
    },
    "type" : "Price",
    "begin" : 41,
    "end" : 50,
    "inCoref" : false
  }, {
    "id" : "1151249897485268__-785762719-M0",
    "properties" : {
      "SIRE_ENTITY_SUBTYPE" : "NONE",
      "SIRE_MENTION_CLASS" : "SPC",
      "SIRE_MENTION_TYPE" : "NONE",
      "SIRE_ENTITY_CLASS" : "SPC",
      "SIRE_ENTITY_LEVEL" : "NONE",
      "SIRE_MENTION_ROLE" : "Consumer"
    },
    "type" : "Consumer",
    "begin" : 52,
    "end" : 53,
    "inCoref" : true
  }, {
    "id" : "s1-m3",
    "properties" : {
      "SIRE_MENTION_ROLE" : "Feature",
      "SIRE_ENTITY_SUBTYPE" : "NONE",
      "SIRE_MENTION_TYPE" : "NONE",
      "SIRE_MENTION_CLASS" : "SPC"
    },
    "type" : "Feature",
    "begin" : 69,
    "end" : 76,
    "inCoref" : false
  }, {
    "id" : "s1-m4",
    "properties" : {
      "SIRE_MENTION_ROLE" : "Feature",
      "SIRE_ENTITY_SUBTYPE" : "NONE",
      "SIRE_MENTION_TYPE" : "NONE",
      "SIRE_MENTION_CLASS" : "SPC"
    },
    "type" : "Feature",
    "begin" : 77,
    "end" : 80,
    "inCoref" : false
  }, {
    "id" : "s1-m5",
    "properties" : {
      "SIRE_MENTION_ROLE" : "Price",
      "SIRE_ENTITY_SUBTYPE" : "NONE",
      "SIRE_MENTION_TYPE" : "NONE",
      "SIRE_MENTION_CLASS" : "SPC"
    },
    "type" : "Price",
    "begin" : 95,
    "end" : 106,
    "inCoref" : false
  }, {
    "id" : "s1-m6",
    "properties" : {
      "SIRE_MENTION_ROLE" : "Product",
      "SIRE_ENTITY_SUBTYPE" : "NONE",
      "SIRE_MENTION_TYPE" : "NONE",
      "SIRE_MENTION_CLASS" : "SPC"
    },
    "type" : "Company",
    "begin" : 108,
    "end" : 115,
    "inCoref" : false
  }, {
    "id" : "s1-m7",
    "properties" : {
      "SIRE_MENTION_ROLE" : "Product",
      "SIRE_ENTITY_SUBTYPE" : "NONE",
      "SIRE_MENTION_TYPE" : "NONE",
      "SIRE_MENTION_CLASS" : "SPC"
    },
    "type" : "Company",
    "begin" : 117,
    "end" : 122,
    "inCoref" : false
  }, {
    "id" : "1151249897485268__-785762719-M1",
    "properties" : {
      "SIRE_MENTION_ROLE" : "Product",
      "SIRE_ENTITY_SUBTYPE" : "NONE",
      "SIRE_MENTION_TYPE" : "NONE",
      "SIRE_MENTION_CLASS" : "SPC"
    },
    "type" : "Company",
    "begin" : 136,
    "end" : 141,
    "inCoref" : true
  }, {
    "id" : "s2-m6",
    "properties" : {
      "SIRE_MENTION_ROLE" : "Descriptor",
      "SIRE_ENTITY_SUBTYPE" : "NONE",
      "SIRE_MENTION_TYPE" : "NONE",
      "SIRE_MENTION_CLASS" : "SPC"
    },
    "type" : "Descriptor",
    "begin" : 157,
    "end" : 161,
    "inCoref" : false
  }, {
    "id" : "s2-m7",
    "properties" : {
      "SIRE_MENTION_ROLE" : "Feature",
      "SIRE_ENTITY_SUBTYPE" : "NONE",
      "SIRE_MENTION_TYPE" : "NONE",
      "SIRE_MENTION_CLASS" : "SPC"
    },
    "type" : "Feature",
    "begin" : 162,
    "end" : 175,
    "inCoref" : false
  }, {
    "id" : "1151249897485268__-785762719-M3",
    "properties" : {
      "SIRE_ENTITY_SUBTYPE" : "NONE",
      "SIRE_MENTION_CLASS" : "SPC",
      "SIRE_MENTION_TYPE" : "NONE",
      "SIRE_ENTITY_CLASS" : "SPC",
      "SIRE_ENTITY_LEVEL" : "NONE",
      "SIRE_MENTION_ROLE" : "Product"
    },
    "type" : "Product",
    "begin" : 186,
    "end" : 193,
    "inCoref" : true
  }, {
    "id" : "1151249897485268__-785762719-M4",
    "properties" : {
      "SIRE_ENTITY_SUBTYPE" : "NONE",
      "SIRE_MENTION_CLASS" : "SPC",
      "SIRE_MENTION_TYPE" : "NONE",
      "SIRE_ENTITY_CLASS" : "SPC",
      "SIRE_ENTITY_LEVEL" : "NONE",
      "SIRE_MENTION_ROLE" : "Feature"
    },
    "type" : "Feature",
    "begin" : 195,
    "end" : 202,
    "inCoref" : false
  }, {
    "id" : "s2-m8",
    "properties" : {
      "SIRE_MENTION_ROLE" : "Feature",
      "SIRE_ENTITY_SUBTYPE" : "NONE",
      "SIRE_MENTION_TYPE" : "NONE",
      "SIRE_MENTION_CLASS" : "SPC"
    },
    "type" : "Feature",
    "begin" : 204,
    "end" : 214,
    "inCoref" : false
  }, {
    "id" : "s2-m9",
    "properties" : {
      "SIRE_MENTION_ROLE" : "Feature",
      "SIRE_ENTITY_SUBTYPE" : "NONE",
      "SIRE_MENTION_TYPE" : "NONE",
      "SIRE_MENTION_CLASS" : "SPC"
    },
    "type" : "Feature",
    "begin" : 216,
    "end" : 227,
    "inCoref" : false
  }, {
    "id" : "1151249897485268__-785762719-M5",
    "properties" : {
      "SIRE_ENTITY_SUBTYPE" : "NONE",
      "SIRE_MENTION_CLASS" : "SPC",
      "SIRE_MENTION_TYPE" : "NONE",
      "SIRE_ENTITY_CLASS" : "SPC",
      "SIRE_ENTITY_LEVEL" : "NONE",
      "SIRE_MENTION_ROLE" : "Consumer"
    },
    "type" : "Consumer",
    "begin" : 229,
    "end" : 230,
    "inCoref" : true
  }, {
    "id" : "1151249897485268__-785762719-M6",
    "properties" : {
      "SIRE_ENTITY_SUBTYPE" : "NONE",
      "SIRE_MENTION_CLASS" : "SPC",
      "SIRE_MENTION_TYPE" : "NONE",
      "SIRE_ENTITY_CLASS" : "SPC",
      "SIRE_ENTITY_LEVEL" : "NONE",
      "SIRE_MENTION_ROLE" : "Consumer"
    },
    "type" : "Consumer",
    "begin" : 244,
    "end" : 245,
    "inCoref" : true
  }, {
    "id" : "s2-m10",
    "properties" : {
      "SIRE_MENTION_ROLE" : "Product",
      "SIRE_ENTITY_SUBTYPE" : "NONE",
      "SIRE_MENTION_TYPE" : "NONE",
      "SIRE_MENTION_CLASS" : "SPC"
    },
    "type" : "Product",
    "begin" : 273,
    "end" : 275,
    "inCoref" : true
  }, {
    "id" : "s2-m12",
    "properties" : {
      "SIRE_MENTION_ROLE" : "Price",
      "SIRE_ENTITY_SUBTYPE" : "NONE",
      "SIRE_MENTION_TYPE" : "NONE",
      "SIRE_MENTION_CLASS" : "SPC"
    },
    "type" : "Price",
    "begin" : 286,
    "end" : 293,
    "inCoref" : false
  }, {
    "id" : "s2-m11",
    "properties" : {
      "SIRE_MENTION_ROLE" : "Product",
      "SIRE_ENTITY_SUBTYPE" : "NONE",
      "SIRE_MENTION_TYPE" : "NONE",
      "SIRE_MENTION_CLASS" : "SPC"
    },
    "type" : "Product",
    "begin" : 307,
    "end" : 309,
    "inCoref" : true
  }, {
    "id" : "1151249897485268__-785762719-M8",
    "properties" : {
      "SIRE_MENTION_ROLE" : "Product",
      "SIRE_ENTITY_SUBTYPE" : "NONE",
      "SIRE_MENTION_TYPE" : "NONE",
      "SIRE_MENTION_CLASS" : "SPC"
    },
    "type" : "Product",
    "begin" : 358,
    "end" : 364,
    "inCoref" : true
  }, {
    "id" : "1151249897485268__-785762719-M9",
    "properties" : {
      "SIRE_ENTITY_SUBTYPE" : "NONE",
      "SIRE_MENTION_CLASS" : "SPC",
      "SIRE_MENTION_TYPE" : "NONE",
      "SIRE_ENTITY_CLASS" : "SPC",
      "SIRE_ENTITY_LEVEL" : "NONE",
      "SIRE_MENTION_ROLE" : "Consumer"
    },
    "type" : "Consumer",
    "begin" : 369,
    "end" : 370,
    "inCoref" : true
  }, {
    "id" : "s3-m6",
    "properties" : {
      "SIRE_MENTION_ROLE" : "Product",
      "SIRE_ENTITY_SUBTYPE" : "NONE",
      "SIRE_MENTION_TYPE" : "NONE",
      "SIRE_MENTION_CLASS" : "SPC"
    },
    "type" : "Product",
    "begin" : 393,
    "end" : 395,
    "inCoref" : true
  }, {
    "id" : "1151249897485268__-785762719-M10",
    "properties" : {
      "SIRE_ENTITY_SUBTYPE" : "NONE",
      "SIRE_MENTION_CLASS" : "SPC",
      "SIRE_MENTION_TYPE" : "NONE",
      "SIRE_ENTITY_CLASS" : "SPC",
      "SIRE_ENTITY_LEVEL" : "NONE",
      "SIRE_MENTION_ROLE" : "Consumer"
    },
    "type" : "Consumer",
    "begin" : 401,
    "end" : 403,
    "inCoref" : true
  }, {
    "id" : "1151249897485268__-785762719-M11",
    "properties" : {
      "SIRE_ENTITY_SUBTYPE" : "NONE",
      "SIRE_MENTION_CLASS" : "SPC",
      "SIRE_MENTION_TYPE" : "NONE",
      "SIRE_ENTITY_CLASS" : "SPC",
      "SIRE_ENTITY_LEVEL" : "NONE",
      "SIRE_MENTION_ROLE" : "Consumer"
    },
    "type" : "Consumer",
    "begin" : 415,
    "end" : 416,
    "inCoref" : true
  }, {
    "id" : "1151249897485268__-785762719-M12",
    "properties" : {
      "SIRE_ENTITY_SUBTYPE" : "NONE",
      "SIRE_MENTION_CLASS" : "SPC",
      "SIRE_MENTION_TYPE" : "NONE",
      "SIRE_ENTITY_CLASS" : "SPC",
      "SIRE_ENTITY_LEVEL" : "NONE",
      "SIRE_MENTION_ROLE" : "Consumer"
    },
    "type" : "Consumer",
    "begin" : 421,
    "end" : 422,
    "inCoref" : true
  }, {
    "id" : "1151249897485268__-785762719-M13",
    "properties" : {
      "SIRE_ENTITY_SUBTYPE" : "NONE",
      "SIRE_MENTION_CLASS" : "SPC",
      "SIRE_MENTION_TYPE" : "NONE",
      "SIRE_ENTITY_CLASS" : "SPC",
      "SIRE_ENTITY_LEVEL" : "NONE",
      "SIRE_MENTION_ROLE" : "Feature"
    },
    "type" : "Feature",
    "begin" : 440,
    "end" : 453,
    "inCoref" : false
  }, {
    "id" : "s4-m4",
    "properties" : {
      "SIRE_MENTION_ROLE" : "Feature",
      "SIRE_ENTITY_SUBTYPE" : "NONE",
      "SIRE_MENTION_TYPE" : "NONE",
      "SIRE_MENTION_CLASS" : "SPC"
    },
    "type" : "Feature",
    "begin" : 458,
    "end" : 466,
    "inCoref" : false
  }, {
    "id" : "1151249897485268__-785762719-M14",
    "properties" : {
      "SIRE_ENTITY_SUBTYPE" : "NONE",
      "SIRE_MENTION_CLASS" : "SPC",
      "SIRE_MENTION_TYPE" : "NONE",
      "SIRE_ENTITY_CLASS" : "SPC",
      "SIRE_ENTITY_LEVEL" : "NONE",
      "SIRE_MENTION_ROLE" : "Descriptor"
    },
    "type" : "Descriptor",
    "begin" : 472,
    "end" : 483,
    "inCoref" : false
  }, {
    "id" : "1151249897485268__-785762719-M15",
    "properties" : {
      "SIRE_ENTITY_SUBTYPE" : "NONE",
      "SIRE_MENTION_CLASS" : "SPC",
      "SIRE_MENTION_TYPE" : "NONE",
      "SIRE_ENTITY_CLASS" : "SPC",
      "SIRE_ENTITY_LEVEL" : "NONE",
      "SIRE_MENTION_ROLE" : "Consumer"
    },
    "type" : "Consumer",
    "begin" : 489,
    "end" : 490,
    "inCoref" : true
  }, {
    "id" : "s5-m3",
    "properties" : {
      "SIRE_MENTION_ROLE" : "Product",
      "SIRE_ENTITY_SUBTYPE" : "NONE",
      "SIRE_MENTION_TYPE" : "NONE",
      "SIRE_MENTION_CLASS" : "SPC"
    },
    "type" : "Company",
    "begin" : 531,
    "end" : 536,
    "inCoref" : true
  }, {
    "id" : "1151249897485268__-785762719-M17",
    "properties" : {
      "SIRE_ENTITY_SUBTYPE" : "NONE",
      "SIRE_MENTION_CLASS" : "SPC",
      "SIRE_MENTION_TYPE" : "NONE",
      "SIRE_ENTITY_CLASS" : "SPC",
      "SIRE_ENTITY_LEVEL" : "NONE",
      "SIRE_MENTION_ROLE" : "Descriptor"
    },
    "type" : "Descriptor",
    "begin" : 557,
    "end" : 566,
    "inCoref" : false
  }, {
    "id" : "s7-m5",
    "properties" : {
      "SIRE_MENTION_ROLE" : "Product",
      "SIRE_ENTITY_SUBTYPE" : "NONE",
      "SIRE_MENTION_TYPE" : "NONE",
      "SIRE_MENTION_CLASS" : "SPC"
    },
    "type" : "Product",
    "begin" : 637,
    "end" : 642,
    "inCoref" : true
  }, {
    "id" : "s7-m6",
    "properties" : {
      "SIRE_MENTION_ROLE" : "Feature",
      "SIRE_ENTITY_SUBTYPE" : "NONE",
      "SIRE_MENTION_TYPE" : "NONE",
      "SIRE_MENTION_CLASS" : "SPC"
    },
    "type" : "Feature",
    "begin" : 643,
    "end" : 647,
    "inCoref" : false
  }, {
    "id" : "s7-m7",
    "properties" : {
      "SIRE_MENTION_ROLE" : "Descriptor",
      "SIRE_ENTITY_SUBTYPE" : "NONE",
      "SIRE_MENTION_TYPE" : "NONE",
      "SIRE_MENTION_CLASS" : "SPC"
    },
    "type" : "Descriptor",
    "begin" : 648,
    "end" : 657,
    "inCoref" : false
  }, {
    "id" : "s7-m8",
    "properties" : {
      "SIRE_MENTION_ROLE" : "Descriptor",
      "SIRE_ENTITY_SUBTYPE" : "NONE",
      "SIRE_MENTION_TYPE" : "NONE",
      "SIRE_MENTION_CLASS" : "SPC"
    },
    "type" : "Descriptor",
    "begin" : 659,
    "end" : 690,
    "inCoref" : false
  }, {
    "id" : "1151249897485268__-785762719-M19",
    "properties" : {
      "SIRE_ENTITY_SUBTYPE" : "NONE",
      "SIRE_MENTION_CLASS" : "SPC",
      "SIRE_MENTION_TYPE" : "NONE",
      "SIRE_ENTITY_CLASS" : "SPC",
      "SIRE_ENTITY_LEVEL" : "NONE",
      "SIRE_MENTION_ROLE" : "Consumer"
    },
    "type" : "Consumer",
    "begin" : 701,
    "end" : 702,
    "inCoref" : true
  }, {
    "id" : "1151249897485268__-785762719-M20",
    "properties" : {
      "SIRE_ENTITY_SUBTYPE" : "NONE",
      "SIRE_MENTION_CLASS" : "SPC",
      "SIRE_MENTION_TYPE" : "NONE",
      "SIRE_ENTITY_CLASS" : "SPC",
      "SIRE_ENTITY_LEVEL" : "NONE",
      "SIRE_MENTION_ROLE" : "Product"
    },
    "type" : "Product",
    "begin" : 715,
    "end" : 719,
    "inCoref" : true
  }, {
    "id" : "1151249897485268__-785762719-M21",
    "properties" : {
      "SIRE_ENTITY_SUBTYPE" : "NONE",
      "SIRE_MENTION_CLASS" : "SPC",
      "SIRE_MENTION_TYPE" : "NONE",
      "SIRE_ENTITY_CLASS" : "SPC",
      "SIRE_ENTITY_LEVEL" : "NONE",
      "SIRE_MENTION_ROLE" : "Feature"
    },
    "type" : "Feature",
    "begin" : 740,
    "end" : 760,
    "inCoref" : false
  }, {
    "id" : "s7-m9",
    "properties" : {
      "SIRE_MENTION_ROLE" : "Descriptor",
      "SIRE_ENTITY_SUBTYPE" : "NONE",
      "SIRE_MENTION_TYPE" : "NONE",
      "SIRE_MENTION_CLASS" : "SPC"
    },
    "type" : "Descriptor",
    "begin" : 792,
    "end" : 802,
    "inCoref" : false
  }, {
    "id" : "1151249897485268__-785762719-M22",
    "properties" : {
      "SIRE_ENTITY_SUBTYPE" : "NONE",
      "SIRE_MENTION_CLASS" : "SPC",
      "SIRE_MENTION_TYPE" : "NONE",
      "SIRE_ENTITY_CLASS" : "SPC",
      "SIRE_ENTITY_LEVEL" : "NONE",
      "SIRE_MENTION_ROLE" : "Consumer"
    },
    "type" : "Consumer",
    "begin" : 804,
    "end" : 805,
    "inCoref" : true
  }, {
    "id" : "s9-m2",
    "properties" : {
      "SIRE_MENTION_ROLE" : "Product",
      "SIRE_ENTITY_SUBTYPE" : "NONE",
      "SIRE_MENTION_TYPE" : "NONE",
      "SIRE_MENTION_CLASS" : "SPC"
    },
    "type" : "Product",
    "begin" : 848,
    "end" : 852,
    "inCoref" : true
  }, {
    "id" : "s9-m1",
    "properties" : {
      "SIRE_MENTION_ROLE" : "Descriptor",
      "SIRE_ENTITY_SUBTYPE" : "NONE",
      "SIRE_MENTION_TYPE" : "NONE",
      "SIRE_MENTION_CLASS" : "SPC"
    },
    "type" : "Descriptor",
    "begin" : 869,
    "end" : 888,
    "inCoref" : false
  }, {
    "id" : "1151249897485268__-785762719-M23",
    "properties" : {
      "SIRE_ENTITY_SUBTYPE" : "NONE",
      "SIRE_MENTION_CLASS" : "SPC",
      "SIRE_MENTION_TYPE" : "NONE",
      "SIRE_ENTITY_CLASS" : "SPC",
      "SIRE_ENTITY_LEVEL" : "NONE",
      "SIRE_MENTION_ROLE" : "Consumer"
    },
    "type" : "Consumer",
    "begin" : 890,
    "end" : 891,
    "inCoref" : true
  }, {
    "id" : "1151249897485268__-785762719-M24",
    "properties" : {
      "SIRE_ENTITY_SUBTYPE" : "NONE",
      "SIRE_MENTION_CLASS" : "SPC",
      "SIRE_MENTION_TYPE" : "NONE",
      "SIRE_ENTITY_CLASS" : "SPC",
      "SIRE_ENTITY_LEVEL" : "NONE",
      "SIRE_MENTION_ROLE" : "Consumer"
    },
    "type" : "Consumer",
    "begin" : 909,
    "end" : 910,
    "inCoref" : true
  }, {
    "id" : "s10-m4",
    "properties" : {
      "SIRE_MENTION_ROLE" : "Product",
      "SIRE_ENTITY_SUBTYPE" : "NONE",
      "SIRE_MENTION_TYPE" : "NONE",
      "SIRE_MENTION_CLASS" : "SPC"
    },
    "type" : "Product",
    "begin" : 924,
    "end" : 933,
    "inCoref" : true
  } ],
  "relations" : [ {
    "id" : "s0-r1",
    "properties" : { },
    "type" : "hasQuality",
    "args" : [ "s0-m1", "s0-m2" ]
  }, {
    "id" : "s0-r2",
    "properties" : { },
    "type" : "hasFeature",
    "args" : [ "s0-m1", "s0-m3" ]
  }, {
    "id" : "s1-r1",
    "properties" : { },
    "type" : "hasFeature",
    "args" : [ "1151249897485268__-785762719-M1", "s1-m3" ]
  }, {
    "id" : "s1-r2",
    "properties" : { },
    "type" : "hasFeature",
    "args" : [ "1151249897485268__-785762719-M1", "s1-m4" ]
  }, {
    "id" : "s1-r3",
    "properties" : { },
    "type" : "hasFeature",
    "args" : [ "s1-m6", "s1-m3" ]
  }, {
    "id" : "s1-r4",
    "properties" : { },
    "type" : "hasFeature",
    "args" : [ "s1-m7", "s1-m3" ]
  }, {
    "id" : "s1-r5",
    "properties" : { },
    "type" : "hasFeature",
    "args" : [ "s1-m6", "s1-m4" ]
  }, {
    "id" : "s1-r6",
    "properties" : { },
    "type" : "hasFeature",
    "args" : [ "s1-m7", "s1-m4" ]
  }, {
    "id" : "1151249897485268__-785762719-R2-1",
    "properties" : {
      "SIRE_RELATION_CLASS" : "SPECIFIC",
      "SIRE_RELATION_SUBTYPE" : "OTHER",
      "SIRE_RELATION_MODALITY" : "ASSERTED",
      "SIRE_RELATION_TENSE" : "UNSPECIFIED"
    },
    "type" : "hasFeature",
    "args" : [ "1151249897485268__-785762719-M3", "1151249897485268__-785762719-M4" ]
  }, {
    "id" : "s2-r3",
    "properties" : { },
    "type" : "hasQuality",
    "args" : [ "s2-m7", "s2-m6" ]
  }, {
    "id" : "s2-r4",
    "properties" : { },
    "type" : "hasFeature",
    "args" : [ "1151249897485268__-785762719-M3", "s2-m9" ]
  }, {
    "id" : "s2-r5",
    "properties" : { },
    "type" : "hasFeature",
    "args" : [ "1151249897485268__-785762719-M3", "s2-m8" ]
  }, {
    "id" : "s2-r6",
    "properties" : { },
    "type" : "hasFeature",
    "args" : [ "s2-m10", "s2-m12" ]
  }, {
    "id" : "s2-r7",
    "properties" : { },
    "type" : "hasFeature",
    "args" : [ "s2-m11", "s2-m12" ]
  }, {
    "id" : "s2-r8",
    "properties" : { },
    "type" : "hasFeature",
    "args" : [ "s2-m11", "s2-m9" ]
  }, {
    "id" : "s2-r9",
    "properties" : { },
    "type" : "hasFeature",
    "args" : [ "s2-m10", "s2-m8" ]
  }, {
    "id" : "s2-r10",
    "properties" : { },
    "type" : "hasFeature",
    "args" : [ "s2-m11", "1151249897485268__-785762719-M4" ]
  }, {
    "id" : "s2-r11",
    "properties" : { },
    "type" : "hasFeature",
    "args" : [ "s2-m10", "s2-m9" ]
  }, {
    "id" : "s2-r12",
    "properties" : { },
    "type" : "hasFeature",
    "args" : [ "s2-m11", "s2-m8" ]
  }, {
    "id" : "s4-r2",
    "properties" : { },
    "type" : "hasQuality",
    "args" : [ "s4-m4", "1151249897485268__-785762719-M14" ]
  }, {
    "id" : "1151249897485268__-785762719-R5-1",
    "properties" : {
      "SIRE_RELATION_CLASS" : "SPECIFIC",
      "SIRE_RELATION_SUBTYPE" : "OTHER",
      "SIRE_RELATION_MODALITY" : "ASSERTED",
      "SIRE_RELATION_TENSE" : "UNSPECIFIED"
    },
    "type" : "hasFeature",
    "args" : [ "1151249897485268__-785762719-M20", "1151249897485268__-785762719-M21" ]
  }, {
    "id" : "s7-r2",
    "properties" : { },
    "type" : "hasFeature",
    "args" : [ "s7-m5", "s7-m6" ]
  }, {
    "id" : "s7-r5",
    "properties" : { },
    "type" : "hasQuality",
    "args" : [ "s7-m6", "s7-m7" ]
  }, {
    "id" : "s7-r6",
    "properties" : { },
    "type" : "hasQuality",
    "args" : [ "s7-m6", "s7-m8" ]
  }, {
    "id" : "s9-r1",
    "properties" : { },
    "type" : "hasQuality",
    "args" : [ "s9-m2", "s9-m1" ]
  } ],
  "corefs" : [ {
    "id" : "1151249897485268__-785762719-E0",
    "properties" : { },
    "mentions" : [ "1151249897485268__-785762719-M0", "1151249897485268__-785762719-M10", "1151249897485268__-785762719-M11", "1151249897485268__-785762719-M12", "1151249897485268__-785762719-M15", "1151249897485268__-785762719-M19", "1151249897485268__-785762719-M22", "1151249897485268__-785762719-M23", "1151249897485268__-785762719-M24", "1151249897485268__-785762719-M5", "1151249897485268__-785762719-M6", "1151249897485268__-785762719-M9" ]
  }, {
    "id" : "c3",
    "properties" : { },
    "mentions" : [ "s7-m5", "1151249897485268__-785762719-M20", "s9-m2", "s10-m4" ]
  }, {
    "id" : "c4",
    "properties" : { },
    "mentions" : [ "s5-m3", "1151249897485268__-785762719-M1" ]
  }, {
    "id" : "c5",
    "properties" : { },
    "mentions" : [ "s0-m1", "1151249897485268__-785762719-M3", "s2-m10", "1151249897485268__-785762719-M8", "s3-m6", "s2-m11" ]
  } ],
  "typeResolved" : true,
  "userResolved" : true
}