{
  "id" : "d442e3a2-8558-4659-89ed-fe6d3041fee7-3",
  "modifiedDate" : 1468360201086,
  "name" : "review52.txt",
  "version" : 2,
  "text" : "As an engineer, I go nuts over techie toys like this but am not easily pleased by marketing hooplah and fancy packaging alone. So far, I'm pleased to report that the Ring doorbell's performance has exceeded my expectations of what a Smart doorbell should be. I'm satisfied with the lag (~1 to 4 secs in my testing) from pressing the doorbell to getting a phone notification message. Daytime/nighttime (has 2 IR emitters) video quality is better than expected. 720p resolution is very good. Viewing angle is very good. 2 way audio quality and volume is reasonable for most outdoor applications (making this in App adjustable would be great feature though!). It's faults are already well known: motion sensing feature not currently enabled, no ability to remotely activate the viewer in the current App, no settings to turn off the in-unit fake doorbell sound, no setting to temporarily disable interior doorbell sound (unlike Skybell). I do have a high speed internet connection and strong Wifi coverage to support the HD quality video feed. Your results might differ if you don't have these by your front door location.\r\rI do hope the Ring App designers release an update soon to fix some of the limited capabilities, but I am quite satisfied with even the current functionality of the device. I've never used the Doorbot (the predecessor to Ring) and based on its horrid reviews I was scared to even give Ring a try. Well, I generally think this is a better looking and higher performing product than Skybell and I'm glad I took the gamble to try it out.\r\r3/11/15 Edit: Motion Detection feature is now enabled and worked pretty reliably for the few days that I tested it. I disabled it again since I don't like generating an alert every time I enter and exit through the front door. I played a little bit with my wifi router placement and noticed that the Ring doorbell really needs a strong signal for reliable performance. When I moved my router further, my video recordings would get choppy and my notification lags would range from 2-10 seconds. Sometimes, it simply could not connect meaning you would get no video recordings and no notification of a visitor other than the hardwired existing doorbell chime. I contacted Ring support and they remotely decreased the resolution of the video to better cope with a low bandwidth/poor wifi situation but that didn't help enough. I would suggest that if you have performance issues with this doorbell that you increase your wifi signal by better router placement or install a signal extender and see if that corrects your problems. Overall, I'm still happy with this product.",
  "docLength" : 2626,
  "language" : "EN",
  "status" : "SUBMITTED",
  "documentSet" : [ ],
  "sentences" : [ {
    "id" : "s0",
    "begin" : 0,
    "end" : 126,
    "text" : "As an engineer, I go nuts over techie toys like this but am not easily pleased by marketing hooplah and fancy packaging alone.",
    "tokens" : [ {
      "id" : "s0-t0",
      "begin" : 0,
      "end" : 2,
      "text" : "As",
      "whiteSpace" : false
    }, {
      "id" : "s0-t1",
      "begin" : 3,
      "end" : 5,
      "text" : "an",
      "whiteSpace" : false
    }, {
      "id" : "s0-t2",
      "begin" : 6,
      "end" : 14,
      "text" : "engineer",
      "whiteSpace" : false
    }, {
      "id" : "s0-t3",
      "begin" : 14,
      "end" : 15,
      "text" : ",",
      "whiteSpace" : false
    }, {
      "id" : "s0-t4",
      "begin" : 16,
      "end" : 17,
      "text" : "I",
      "whiteSpace" : false
    }, {
      "id" : "s0-t5",
      "begin" : 18,
      "end" : 20,
      "text" : "go",
      "whiteSpace" : false
    }, {
      "id" : "s0-t6",
      "begin" : 21,
      "end" : 25,
      "text" : "nuts",
      "whiteSpace" : false
    }, {
      "id" : "s0-t7",
      "begin" : 26,
      "end" : 30,
      "text" : "over",
      "whiteSpace" : false
    }, {
      "id" : "s0-t8",
      "begin" : 31,
      "end" : 37,
      "text" : "techie",
      "whiteSpace" : false
    }, {
      "id" : "s0-t9",
      "begin" : 38,
      "end" : 42,
      "text" : "toys",
      "whiteSpace" : false
    }, {
      "id" : "s0-t10",
      "begin" : 43,
      "end" : 47,
      "text" : "like",
      "whiteSpace" : false
    }, {
      "id" : "s0-t11",
      "begin" : 48,
      "end" : 52,
      "text" : "this",
      "whiteSpace" : false
    }, {
      "id" : "s0-t12",
      "begin" : 53,
      "end" : 56,
      "text" : "but",
      "whiteSpace" : false
    }, {
      "id" : "s0-t13",
      "begin" : 57,
      "end" : 59,
      "text" : "am",
      "whiteSpace" : false
    }, {
      "id" : "s0-t14",
      "begin" : 60,
      "end" : 63,
      "text" : "not",
      "whiteSpace" : false
    }, {
      "id" : "s0-t15",
      "begin" : 64,
      "end" : 70,
      "text" : "easily",
      "whiteSpace" : false
    }, {
      "id" : "s0-t16",
      "begin" : 71,
      "end" : 78,
      "text" : "pleased",
      "whiteSpace" : false
    }, {
      "id" : "s0-t17",
      "begin" : 79,
      "end" : 81,
      "text" : "by",
      "whiteSpace" : false
    }, {
      "id" : "s0-t18",
      "begin" : 82,
      "end" : 91,
      "text" : "marketing",
      "whiteSpace" : false
    }, {
      "id" : "s0-t19",
      "begin" : 92,
      "end" : 99,
      "text" : "hooplah",
      "whiteSpace" : false
    }, {
      "id" : "s0-t20",
      "begin" : 100,
      "end" : 103,
      "text" : "and",
      "whiteSpace" : false
    }, {
      "id" : "s0-t21",
      "begin" : 104,
      "end" : 109,
      "text" : "fancy",
      "whiteSpace" : false
    }, {
      "id" : "s0-t22",
      "begin" : 110,
      "end" : 119,
      "text" : "packaging",
      "whiteSpace" : false
    }, {
      "id" : "s0-t23",
      "begin" : 120,
      "end" : 125,
      "text" : "alone",
      "whiteSpace" : false
    }, {
      "id" : "s0-t24",
      "begin" : 125,
      "end" : 126,
      "text" : ".",
      "whiteSpace" : false
    } ]
  }, {
    "id" : "s1",
    "begin" : 127,
    "end" : 258,
    "text" : "So far, I'm pleased to report that the Ring doorbell's performance has exceeded my expectations of what a Smart doorbell should be.",
    "tokens" : [ {
      "id" : "s1-t0",
      "begin" : 127,
      "end" : 129,
      "text" : "So",
      "whiteSpace" : false
    }, {
      "id" : "s1-t1",
      "begin" : 130,
      "end" : 133,
      "text" : "far",
      "whiteSpace" : false
    }, {
      "id" : "s1-t2",
      "begin" : 133,
      "end" : 134,
      "text" : ",",
      "whiteSpace" : false
    }, {
      "id" : "s1-t3",
      "begin" : 135,
      "end" : 136,
      "text" : "I",
      "whiteSpace" : false
    }, {
      "id" : "s1-t4",
      "begin" : 136,
      "end" : 138,
      "text" : "'m",
      "whiteSpace" : false
    }, {
      "id" : "s1-t5",
      "begin" : 139,
      "end" : 146,
      "text" : "pleased",
      "whiteSpace" : false
    }, {
      "id" : "s1-t6",
      "begin" : 147,
      "end" : 149,
      "text" : "to",
      "whiteSpace" : false
    }, {
      "id" : "s1-t7",
      "begin" : 150,
      "end" : 156,
      "text" : "report",
      "whiteSpace" : false
    }, {
      "id" : "s1-t8",
      "begin" : 157,
      "end" : 161,
      "text" : "that",
      "whiteSpace" : false
    }, {
      "id" : "s1-t9",
      "begin" : 162,
      "end" : 165,
      "text" : "the",
      "whiteSpace" : false
    }, {
      "id" : "s1-t10",
      "begin" : 166,
      "end" : 170,
      "text" : "Ring",
      "whiteSpace" : false
    }, {
      "id" : "s1-t11",
      "begin" : 171,
      "end" : 179,
      "text" : "doorbell",
      "whiteSpace" : false
    }, {
      "id" : "s1-t12",
      "begin" : 179,
      "end" : 181,
      "text" : "'s",
      "whiteSpace" : false
    }, {
      "id" : "s1-t13",
      "begin" : 182,
      "end" : 193,
      "text" : "performance",
      "whiteSpace" : false
    }, {
      "id" : "s1-t14",
      "begin" : 194,
      "end" : 197,
      "text" : "has",
      "whiteSpace" : false
    }, {
      "id" : "s1-t15",
      "begin" : 198,
      "end" : 206,
      "text" : "exceeded",
      "whiteSpace" : false
    }, {
      "id" : "s1-t16",
      "begin" : 207,
      "end" : 209,
      "text" : "my",
      "whiteSpace" : false
    }, {
      "id" : "s1-t17",
      "begin" : 210,
      "end" : 222,
      "text" : "expectations",
      "whiteSpace" : false
    }, {
      "id" : "s1-t18",
      "begin" : 223,
      "end" : 225,
      "text" : "of",
      "whiteSpace" : false
    }, {
      "id" : "s1-t19",
      "begin" : 226,
      "end" : 230,
      "text" : "what",
      "whiteSpace" : false
    }, {
      "id" : "s1-t20",
      "begin" : 231,
      "end" : 232,
      "text" : "a",
      "whiteSpace" : false
    }, {
      "id" : "s1-t21",
      "begin" : 233,
      "end" : 238,
      "text" : "Smart",
      "whiteSpace" : false
    }, {
      "id" : "s1-t22",
      "begin" : 239,
      "end" : 247,
      "text" : "doorbell",
      "whiteSpace" : false
    }, {
      "id" : "s1-t23",
      "begin" : 248,
      "end" : 254,
      "text" : "should",
      "whiteSpace" : false
    }, {
      "id" : "s1-t24",
      "begin" : 255,
      "end" : 257,
      "text" : "be",
      "whiteSpace" : false
    }, {
      "id" : "s1-t25",
      "begin" : 257,
      "end" : 258,
      "text" : ".",
      "whiteSpace" : false
    } ]
  }, {
    "id" : "s2",
    "begin" : 259,
    "end" : 382,
    "text" : "I'm satisfied with the lag (~1 to 4 secs in my testing) from pressing the doorbell to getting a phone notification message.",
    "tokens" : [ {
      "id" : "s2-t0",
      "begin" : 259,
      "end" : 260,
      "text" : "I",
      "whiteSpace" : false
    }, {
      "id" : "s2-t1",
      "begin" : 260,
      "end" : 262,
      "text" : "'m",
      "whiteSpace" : false
    }, {
      "id" : "s2-t2",
      "begin" : 263,
      "end" : 272,
      "text" : "satisfied",
      "whiteSpace" : false
    }, {
      "id" : "s2-t3",
      "begin" : 273,
      "end" : 277,
      "text" : "with",
      "whiteSpace" : false
    }, {
      "id" : "s2-t4",
      "begin" : 278,
      "end" : 281,
      "text" : "the",
      "whiteSpace" : false
    }, {
      "id" : "s2-t5",
      "begin" : 282,
      "end" : 285,
      "text" : "lag",
      "whiteSpace" : false
    }, {
      "id" : "s2-t6",
      "begin" : 286,
      "end" : 287,
      "text" : "(",
      "whiteSpace" : false
    }, {
      "id" : "s2-t7",
      "begin" : 287,
      "end" : 288,
      "text" : "~",
      "whiteSpace" : false
    }, {
      "id" : "s2-t8",
      "begin" : 288,
      "end" : 289,
      "text" : "1",
      "whiteSpace" : false
    }, {
      "id" : "s2-t9",
      "begin" : 290,
      "end" : 292,
      "text" : "to",
      "whiteSpace" : false
    }, {
      "id" : "s2-t10",
      "begin" : 293,
      "end" : 294,
      "text" : "4",
      "whiteSpace" : false
    }, {
      "id" : "s2-t11",
      "begin" : 295,
      "end" : 299,
      "text" : "secs",
      "whiteSpace" : false
    }, {
      "id" : "s2-t12",
      "begin" : 300,
      "end" : 302,
      "text" : "in",
      "whiteSpace" : false
    }, {
      "id" : "s2-t13",
      "begin" : 303,
      "end" : 305,
      "text" : "my",
      "whiteSpace" : false
    }, {
      "id" : "s2-t14",
      "begin" : 306,
      "end" : 313,
      "text" : "testing",
      "whiteSpace" : false
    }, {
      "id" : "s2-t15",
      "begin" : 313,
      "end" : 314,
      "text" : ")",
      "whiteSpace" : false
    }, {
      "id" : "s2-t16",
      "begin" : 315,
      "end" : 319,
      "text" : "from",
      "whiteSpace" : false
    }, {
      "id" : "s2-t17",
      "begin" : 320,
      "end" : 328,
      "text" : "pressing",
      "whiteSpace" : false
    }, {
      "id" : "s2-t18",
      "begin" : 329,
      "end" : 332,
      "text" : "the",
      "whiteSpace" : false
    }, {
      "id" : "s2-t19",
      "begin" : 333,
      "end" : 341,
      "text" : "doorbell",
      "whiteSpace" : false
    }, {
      "id" : "s2-t20",
      "begin" : 342,
      "end" : 344,
      "text" : "to",
      "whiteSpace" : false
    }, {
      "id" : "s2-t21",
      "begin" : 345,
      "end" : 352,
      "text" : "getting",
      "whiteSpace" : false
    }, {
      "id" : "s2-t22",
      "begin" : 353,
      "end" : 354,
      "text" : "a",
      "whiteSpace" : false
    }, {
      "id" : "s2-t23",
      "begin" : 355,
      "end" : 360,
      "text" : "phone",
      "whiteSpace" : false
    }, {
      "id" : "s2-t24",
      "begin" : 361,
      "end" : 373,
      "text" : "notification",
      "whiteSpace" : false
    }, {
      "id" : "s2-t25",
      "begin" : 374,
      "end" : 381,
      "text" : "message",
      "whiteSpace" : false
    }, {
      "id" : "s2-t26",
      "begin" : 381,
      "end" : 382,
      "text" : ".",
      "whiteSpace" : false
    } ]
  }, {
    "id" : "s3",
    "begin" : 383,
    "end" : 459,
    "text" : "Daytime/nighttime (has 2 IR emitters) video quality is better than expected.",
    "tokens" : [ {
      "id" : "s3-t0",
      "begin" : 383,
      "end" : 390,
      "text" : "Daytime",
      "whiteSpace" : false
    }, {
      "id" : "s3-t1",
      "begin" : 390,
      "end" : 391,
      "text" : "/",
      "whiteSpace" : false
    }, {
      "id" : "s3-t2",
      "begin" : 391,
      "end" : 400,
      "text" : "nighttime",
      "whiteSpace" : false
    }, {
      "id" : "s3-t3",
      "begin" : 401,
      "end" : 402,
      "text" : "(",
      "whiteSpace" : false
    }, {
      "id" : "s3-t4",
      "begin" : 402,
      "end" : 405,
      "text" : "has",
      "whiteSpace" : false
    }, {
      "id" : "s3-t5",
      "begin" : 406,
      "end" : 407,
      "text" : "2",
      "whiteSpace" : false
    }, {
      "id" : "s3-t6",
      "begin" : 408,
      "end" : 410,
      "text" : "IR",
      "whiteSpace" : false
    }, {
      "id" : "s3-t7",
      "begin" : 411,
      "end" : 419,
      "text" : "emitters",
      "whiteSpace" : false
    }, {
      "id" : "s3-t8",
      "begin" : 419,
      "end" : 420,
      "text" : ")",
      "whiteSpace" : false
    }, {
      "id" : "s3-t9",
      "begin" : 421,
      "end" : 426,
      "text" : "video",
      "whiteSpace" : false
    }, {
      "id" : "s3-t10",
      "begin" : 427,
      "end" : 434,
      "text" : "quality",
      "whiteSpace" : false
    }, {
      "id" : "s3-t11",
      "begin" : 435,
      "end" : 437,
      "text" : "is",
      "whiteSpace" : false
    }, {
      "id" : "s3-t12",
      "begin" : 438,
      "end" : 444,
      "text" : "better",
      "whiteSpace" : false
    }, {
      "id" : "s3-t13",
      "begin" : 445,
      "end" : 449,
      "text" : "than",
      "whiteSpace" : false
    }, {
      "id" : "s3-t14",
      "begin" : 450,
      "end" : 458,
      "text" : "expected",
      "whiteSpace" : false
    }, {
      "id" : "s3-t15",
      "begin" : 458,
      "end" : 459,
      "text" : ".",
      "whiteSpace" : false
    } ]
  }, {
    "id" : "s4",
    "begin" : 460,
    "end" : 489,
    "text" : "720p resolution is very good.",
    "tokens" : [ {
      "id" : "s4-t0",
      "begin" : 460,
      "end" : 464,
      "text" : "720p",
      "whiteSpace" : false
    }, {
      "id" : "s4-t1",
      "begin" : 465,
      "end" : 475,
      "text" : "resolution",
      "whiteSpace" : false
    }, {
      "id" : "s4-t2",
      "begin" : 476,
      "end" : 478,
      "text" : "is",
      "whiteSpace" : false
    }, {
      "id" : "s4-t3",
      "begin" : 479,
      "end" : 483,
      "text" : "very",
      "whiteSpace" : false
    }, {
      "id" : "s4-t4",
      "begin" : 484,
      "end" : 488,
      "text" : "good",
      "whiteSpace" : false
    }, {
      "id" : "s4-t5",
      "begin" : 488,
      "end" : 489,
      "text" : ".",
      "whiteSpace" : false
    } ]
  }, {
    "id" : "s5",
    "begin" : 490,
    "end" : 517,
    "text" : "Viewing angle is very good.",
    "tokens" : [ {
      "id" : "s5-t0",
      "begin" : 490,
      "end" : 497,
      "text" : "Viewing",
      "whiteSpace" : false
    }, {
      "id" : "s5-t1",
      "begin" : 498,
      "end" : 503,
      "text" : "angle",
      "whiteSpace" : false
    }, {
      "id" : "s5-t2",
      "begin" : 504,
      "end" : 506,
      "text" : "is",
      "whiteSpace" : false
    }, {
      "id" : "s5-t3",
      "begin" : 507,
      "end" : 511,
      "text" : "very",
      "whiteSpace" : false
    }, {
      "id" : "s5-t4",
      "begin" : 512,
      "end" : 516,
      "text" : "good",
      "whiteSpace" : false
    }, {
      "id" : "s5-t5",
      "begin" : 516,
      "end" : 517,
      "text" : ".",
      "whiteSpace" : false
    } ]
  }, {
    "id" : "s6",
    "begin" : 518,
    "end" : 654,
    "text" : "2 way audio quality and volume is reasonable for most outdoor applications (making this in App adjustable would be great feature though!",
    "tokens" : [ {
      "id" : "s6-t0",
      "begin" : 518,
      "end" : 519,
      "text" : "2",
      "whiteSpace" : false
    }, {
      "id" : "s6-t1",
      "begin" : 520,
      "end" : 523,
      "text" : "way",
      "whiteSpace" : false
    }, {
      "id" : "s6-t2",
      "begin" : 524,
      "end" : 529,
      "text" : "audio",
      "whiteSpace" : false
    }, {
      "id" : "s6-t3",
      "begin" : 530,
      "end" : 537,
      "text" : "quality",
      "whiteSpace" : false
    }, {
      "id" : "s6-t4",
      "begin" : 538,
      "end" : 541,
      "text" : "and",
      "whiteSpace" : false
    }, {
      "id" : "s6-t5",
      "begin" : 542,
      "end" : 548,
      "text" : "volume",
      "whiteSpace" : false
    }, {
      "id" : "s6-t6",
      "begin" : 549,
      "end" : 551,
      "text" : "is",
      "whiteSpace" : false
    }, {
      "id" : "s6-t7",
      "begin" : 552,
      "end" : 562,
      "text" : "reasonable",
      "whiteSpace" : false
    }, {
      "id" : "s6-t8",
      "begin" : 563,
      "end" : 566,
      "text" : "for",
      "whiteSpace" : false
    }, {
      "id" : "s6-t9",
      "begin" : 567,
      "end" : 571,
      "text" : "most",
      "whiteSpace" : false
    }, {
      "id" : "s6-t10",
      "begin" : 572,
      "end" : 579,
      "text" : "outdoor",
      "whiteSpace" : false
    }, {
      "id" : "s6-t11",
      "begin" : 580,
      "end" : 592,
      "text" : "applications",
      "whiteSpace" : false
    }, {
      "id" : "s6-t12",
      "begin" : 593,
      "end" : 594,
      "text" : "(",
      "whiteSpace" : false
    }, {
      "id" : "s6-t13",
      "begin" : 594,
      "end" : 600,
      "text" : "making",
      "whiteSpace" : false
    }, {
      "id" : "s6-t14",
      "begin" : 601,
      "end" : 605,
      "text" : "this",
      "whiteSpace" : false
    }, {
      "id" : "s6-t15",
      "begin" : 606,
      "end" : 608,
      "text" : "in",
      "whiteSpace" : false
    }, {
      "id" : "s6-t16",
      "begin" : 609,
      "end" : 612,
      "text" : "App",
      "whiteSpace" : false
    }, {
      "id" : "s6-t17",
      "begin" : 613,
      "end" : 623,
      "text" : "adjustable",
      "whiteSpace" : false
    }, {
      "id" : "s6-t18",
      "begin" : 624,
      "end" : 629,
      "text" : "would",
      "whiteSpace" : false
    }, {
      "id" : "s6-t19",
      "begin" : 630,
      "end" : 632,
      "text" : "be",
      "whiteSpace" : false
    }, {
      "id" : "s6-t20",
      "begin" : 633,
      "end" : 638,
      "text" : "great",
      "whiteSpace" : false
    }, {
      "id" : "s6-t21",
      "begin" : 639,
      "end" : 646,
      "text" : "feature",
      "whiteSpace" : false
    }, {
      "id" : "s6-t22",
      "begin" : 647,
      "end" : 653,
      "text" : "though",
      "whiteSpace" : false
    }, {
      "id" : "s6-t23",
      "begin" : 653,
      "end" : 654,
      "text" : "!",
      "whiteSpace" : false
    } ]
  }, {
    "id" : "s7",
    "begin" : 654,
    "end" : 656,
    "text" : ").",
    "tokens" : [ {
      "id" : "s7-t0",
      "begin" : 654,
      "end" : 655,
      "text" : ")",
      "whiteSpace" : false
    }, {
      "id" : "s7-t1",
      "begin" : 655,
      "end" : 656,
      "text" : ".",
      "whiteSpace" : false
    } ]
  }, {
    "id" : "s8",
    "begin" : 657,
    "end" : 934,
    "text" : "It's faults are already well known: motion sensing feature not currently enabled, no ability to remotely activate the viewer in the current App, no settings to turn off the in-unit fake doorbell sound, no setting to temporarily disable interior doorbell sound (unlike Skybell).",
    "tokens" : [ {
      "id" : "s8-t0",
      "begin" : 657,
      "end" : 659,
      "text" : "It",
      "whiteSpace" : false
    }, {
      "id" : "s8-t1",
      "begin" : 659,
      "end" : 661,
      "text" : "'s",
      "whiteSpace" : false
    }, {
      "id" : "s8-t2",
      "begin" : 662,
      "end" : 668,
      "text" : "faults",
      "whiteSpace" : false
    }, {
      "id" : "s8-t3",
      "begin" : 669,
      "end" : 672,
      "text" : "are",
      "whiteSpace" : false
    }, {
      "id" : "s8-t4",
      "begin" : 673,
      "end" : 680,
      "text" : "already",
      "whiteSpace" : false
    }, {
      "id" : "s8-t5",
      "begin" : 681,
      "end" : 685,
      "text" : "well",
      "whiteSpace" : false
    }, {
      "id" : "s8-t6",
      "begin" : 686,
      "end" : 691,
      "text" : "known",
      "whiteSpace" : false
    }, {
      "id" : "s8-t7",
      "begin" : 691,
      "end" : 692,
      "text" : ":",
      "whiteSpace" : false
    }, {
      "id" : "s8-t8",
      "begin" : 693,
      "end" : 699,
      "text" : "motion",
      "whiteSpace" : false
    }, {
      "id" : "s8-t9",
      "begin" : 700,
      "end" : 707,
      "text" : "sensing",
      "whiteSpace" : false
    }, {
      "id" : "s8-t10",
      "begin" : 708,
      "end" : 715,
      "text" : "feature",
      "whiteSpace" : false
    }, {
      "id" : "s8-t11",
      "begin" : 716,
      "end" : 719,
      "text" : "not",
      "whiteSpace" : false
    }, {
      "id" : "s8-t12",
      "begin" : 720,
      "end" : 729,
      "text" : "currently",
      "whiteSpace" : false
    }, {
      "id" : "s8-t13",
      "begin" : 730,
      "end" : 737,
      "text" : "enabled",
      "whiteSpace" : false
    }, {
      "id" : "s8-t14",
      "begin" : 737,
      "end" : 738,
      "text" : ",",
      "whiteSpace" : false
    }, {
      "id" : "s8-t15",
      "begin" : 739,
      "end" : 741,
      "text" : "no",
      "whiteSpace" : false
    }, {
      "id" : "s8-t16",
      "begin" : 742,
      "end" : 749,
      "text" : "ability",
      "whiteSpace" : false
    }, {
      "id" : "s8-t17",
      "begin" : 750,
      "end" : 752,
      "text" : "to",
      "whiteSpace" : false
    }, {
      "id" : "s8-t18",
      "begin" : 753,
      "end" : 761,
      "text" : "remotely",
      "whiteSpace" : false
    }, {
      "id" : "s8-t19",
      "begin" : 762,
      "end" : 770,
      "text" : "activate",
      "whiteSpace" : false
    }, {
      "id" : "s8-t20",
      "begin" : 771,
      "end" : 774,
      "text" : "the",
      "whiteSpace" : false
    }, {
      "id" : "s8-t21",
      "begin" : 775,
      "end" : 781,
      "text" : "viewer",
      "whiteSpace" : false
    }, {
      "id" : "s8-t22",
      "begin" : 782,
      "end" : 784,
      "text" : "in",
      "whiteSpace" : false
    }, {
      "id" : "s8-t23",
      "begin" : 785,
      "end" : 788,
      "text" : "the",
      "whiteSpace" : false
    }, {
      "id" : "s8-t24",
      "begin" : 789,
      "end" : 796,
      "text" : "current",
      "whiteSpace" : false
    }, {
      "id" : "s8-t25",
      "begin" : 797,
      "end" : 800,
      "text" : "App",
      "whiteSpace" : false
    }, {
      "id" : "s8-t26",
      "begin" : 800,
      "end" : 801,
      "text" : ",",
      "whiteSpace" : false
    }, {
      "id" : "s8-t27",
      "begin" : 802,
      "end" : 804,
      "text" : "no",
      "whiteSpace" : false
    }, {
      "id" : "s8-t28",
      "begin" : 805,
      "end" : 813,
      "text" : "settings",
      "whiteSpace" : false
    }, {
      "id" : "s8-t29",
      "begin" : 814,
      "end" : 816,
      "text" : "to",
      "whiteSpace" : false
    }, {
      "id" : "s8-t30",
      "begin" : 817,
      "end" : 821,
      "text" : "turn",
      "whiteSpace" : false
    }, {
      "id" : "s8-t31",
      "begin" : 822,
      "end" : 825,
      "text" : "off",
      "whiteSpace" : false
    }, {
      "id" : "s8-t32",
      "begin" : 826,
      "end" : 829,
      "text" : "the",
      "whiteSpace" : false
    }, {
      "id" : "s8-t33",
      "begin" : 830,
      "end" : 832,
      "text" : "in",
      "whiteSpace" : false
    }, {
      "id" : "s8-t34",
      "begin" : 832,
      "end" : 833,
      "text" : "-",
      "whiteSpace" : false
    }, {
      "id" : "s8-t35",
      "begin" : 833,
      "end" : 837,
      "text" : "unit",
      "whiteSpace" : false
    }, {
      "id" : "s8-t36",
      "begin" : 838,
      "end" : 842,
      "text" : "fake",
      "whiteSpace" : false
    }, {
      "id" : "s8-t37",
      "begin" : 843,
      "end" : 851,
      "text" : "doorbell",
      "whiteSpace" : false
    }, {
      "id" : "s8-t38",
      "begin" : 852,
      "end" : 857,
      "text" : "sound",
      "whiteSpace" : false
    }, {
      "id" : "s8-t39",
      "begin" : 857,
      "end" : 858,
      "text" : ",",
      "whiteSpace" : false
    }, {
      "id" : "s8-t40",
      "begin" : 859,
      "end" : 861,
      "text" : "no",
      "whiteSpace" : false
    }, {
      "id" : "s8-t41",
      "begin" : 862,
      "end" : 869,
      "text" : "setting",
      "whiteSpace" : false
    }, {
      "id" : "s8-t42",
      "begin" : 870,
      "end" : 872,
      "text" : "to",
      "whiteSpace" : false
    }, {
      "id" : "s8-t43",
      "begin" : 873,
      "end" : 884,
      "text" : "temporarily",
      "whiteSpace" : false
    }, {
      "id" : "s8-t44",
      "begin" : 885,
      "end" : 892,
      "text" : "disable",
      "whiteSpace" : false
    }, {
      "id" : "s8-t45",
      "begin" : 893,
      "end" : 901,
      "text" : "interior",
      "whiteSpace" : false
    }, {
      "id" : "s8-t46",
      "begin" : 902,
      "end" : 910,
      "text" : "doorbell",
      "whiteSpace" : false
    }, {
      "id" : "s8-t47",
      "begin" : 911,
      "end" : 916,
      "text" : "sound",
      "whiteSpace" : false
    }, {
      "id" : "s8-t48",
      "begin" : 917,
      "end" : 918,
      "text" : "(",
      "whiteSpace" : false
    }, {
      "id" : "s8-t49",
      "begin" : 918,
      "end" : 924,
      "text" : "unlike",
      "whiteSpace" : false
    }, {
      "id" : "s8-t50",
      "begin" : 925,
      "end" : 932,
      "text" : "Skybell",
      "whiteSpace" : false
    }, {
      "id" : "s8-t51",
      "begin" : 932,
      "end" : 933,
      "text" : ")",
      "whiteSpace" : false
    }, {
      "id" : "s8-t52",
      "begin" : 933,
      "end" : 934,
      "text" : ".",
      "whiteSpace" : false
    } ]
  }, {
    "id" : "s9",
    "begin" : 935,
    "end" : 1040,
    "text" : "I do have a high speed internet connection and strong Wifi coverage to support the HD quality video feed.",
    "tokens" : [ {
      "id" : "s9-t0",
      "begin" : 935,
      "end" : 936,
      "text" : "I",
      "whiteSpace" : false
    }, {
      "id" : "s9-t1",
      "begin" : 937,
      "end" : 939,
      "text" : "do",
      "whiteSpace" : false
    }, {
      "id" : "s9-t2",
      "begin" : 940,
      "end" : 944,
      "text" : "have",
      "whiteSpace" : false
    }, {
      "id" : "s9-t3",
      "begin" : 945,
      "end" : 946,
      "text" : "a",
      "whiteSpace" : false
    }, {
      "id" : "s9-t4",
      "begin" : 947,
      "end" : 951,
      "text" : "high",
      "whiteSpace" : false
    }, {
      "id" : "s9-t5",
      "begin" : 952,
      "end" : 957,
      "text" : "speed",
      "whiteSpace" : false
    }, {
      "id" : "s9-t6",
      "begin" : 958,
      "end" : 966,
      "text" : "internet",
      "whiteSpace" : false
    }, {
      "id" : "s9-t7",
      "begin" : 967,
      "end" : 977,
      "text" : "connection",
      "whiteSpace" : false
    }, {
      "id" : "s9-t8",
      "begin" : 978,
      "end" : 981,
      "text" : "and",
      "whiteSpace" : false
    }, {
      "id" : "s9-t9",
      "begin" : 982,
      "end" : 988,
      "text" : "strong",
      "whiteSpace" : false
    }, {
      "id" : "s9-t10",
      "begin" : 989,
      "end" : 993,
      "text" : "Wifi",
      "whiteSpace" : false
    }, {
      "id" : "s9-t11",
      "begin" : 994,
      "end" : 1002,
      "text" : "coverage",
      "whiteSpace" : false
    }, {
      "id" : "s9-t12",
      "begin" : 1003,
      "end" : 1005,
      "text" : "to",
      "whiteSpace" : false
    }, {
      "id" : "s9-t13",
      "begin" : 1006,
      "end" : 1013,
      "text" : "support",
      "whiteSpace" : false
    }, {
      "id" : "s9-t14",
      "begin" : 1014,
      "end" : 1017,
      "text" : "the",
      "whiteSpace" : false
    }, {
      "id" : "s9-t15",
      "begin" : 1018,
      "end" : 1020,
      "text" : "HD",
      "whiteSpace" : false
    }, {
      "id" : "s9-t16",
      "begin" : 1021,
      "end" : 1028,
      "text" : "quality",
      "whiteSpace" : false
    }, {
      "id" : "s9-t17",
      "begin" : 1029,
      "end" : 1034,
      "text" : "video",
      "whiteSpace" : false
    }, {
      "id" : "s9-t18",
      "begin" : 1035,
      "end" : 1039,
      "text" : "feed",
      "whiteSpace" : false
    }, {
      "id" : "s9-t19",
      "begin" : 1039,
      "end" : 1040,
      "text" : ".",
      "whiteSpace" : false
    } ]
  }, {
    "id" : "s10",
    "begin" : 1041,
    "end" : 1119,
    "text" : "Your results might differ if you don't have these by your front door location.",
    "tokens" : [ {
      "id" : "s10-t0",
      "begin" : 1041,
      "end" : 1045,
      "text" : "Your",
      "whiteSpace" : false
    }, {
      "id" : "s10-t1",
      "begin" : 1046,
      "end" : 1053,
      "text" : "results",
      "whiteSpace" : false
    }, {
      "id" : "s10-t2",
      "begin" : 1054,
      "end" : 1059,
      "text" : "might",
      "whiteSpace" : false
    }, {
      "id" : "s10-t3",
      "begin" : 1060,
      "end" : 1066,
      "text" : "differ",
      "whiteSpace" : false
    }, {
      "id" : "s10-t4",
      "begin" : 1067,
      "end" : 1069,
      "text" : "if",
      "whiteSpace" : false
    }, {
      "id" : "s10-t5",
      "begin" : 1070,
      "end" : 1073,
      "text" : "you",
      "whiteSpace" : false
    }, {
      "id" : "s10-t6",
      "begin" : 1074,
      "end" : 1076,
      "text" : "do",
      "whiteSpace" : false
    }, {
      "id" : "s10-t7",
      "begin" : 1076,
      "end" : 1079,
      "text" : "n't",
      "whiteSpace" : false
    }, {
      "id" : "s10-t8",
      "begin" : 1080,
      "end" : 1084,
      "text" : "have",
      "whiteSpace" : false
    }, {
      "id" : "s10-t9",
      "begin" : 1085,
      "end" : 1090,
      "text" : "these",
      "whiteSpace" : false
    }, {
      "id" : "s10-t10",
      "begin" : 1091,
      "end" : 1093,
      "text" : "by",
      "whiteSpace" : false
    }, {
      "id" : "s10-t11",
      "begin" : 1094,
      "end" : 1098,
      "text" : "your",
      "whiteSpace" : false
    }, {
      "id" : "s10-t12",
      "begin" : 1099,
      "end" : 1104,
      "text" : "front",
      "whiteSpace" : false
    }, {
      "id" : "s10-t13",
      "begin" : 1105,
      "end" : 1109,
      "text" : "door",
      "whiteSpace" : false
    }, {
      "id" : "s10-t14",
      "begin" : 1110,
      "end" : 1118,
      "text" : "location",
      "whiteSpace" : false
    }, {
      "id" : "s10-t15",
      "begin" : 1118,
      "end" : 1119,
      "text" : ".",
      "whiteSpace" : false
    } ]
  }, {
    "id" : "s11",
    "begin" : 1121,
    "end" : 1293,
    "text" : "I do hope the Ring App designers release an update soon to fix some of the limited capabilities, but I am quite satisfied with even the current functionality of the device.",
    "tokens" : [ {
      "id" : "s11-t0",
      "begin" : 1121,
      "end" : 1122,
      "text" : "I",
      "whiteSpace" : false
    }, {
      "id" : "s11-t1",
      "begin" : 1123,
      "end" : 1125,
      "text" : "do",
      "whiteSpace" : false
    }, {
      "id" : "s11-t2",
      "begin" : 1126,
      "end" : 1130,
      "text" : "hope",
      "whiteSpace" : false
    }, {
      "id" : "s11-t3",
      "begin" : 1131,
      "end" : 1134,
      "text" : "the",
      "whiteSpace" : false
    }, {
      "id" : "s11-t4",
      "begin" : 1135,
      "end" : 1139,
      "text" : "Ring",
      "whiteSpace" : false
    }, {
      "id" : "s11-t5",
      "begin" : 1140,
      "end" : 1143,
      "text" : "App",
      "whiteSpace" : false
    }, {
      "id" : "s11-t6",
      "begin" : 1144,
      "end" : 1153,
      "text" : "designers",
      "whiteSpace" : false
    }, {
      "id" : "s11-t7",
      "begin" : 1154,
      "end" : 1161,
      "text" : "release",
      "whiteSpace" : false
    }, {
      "id" : "s11-t8",
      "begin" : 1162,
      "end" : 1164,
      "text" : "an",
      "whiteSpace" : false
    }, {
      "id" : "s11-t9",
      "begin" : 1165,
      "end" : 1171,
      "text" : "update",
      "whiteSpace" : false
    }, {
      "id" : "s11-t10",
      "begin" : 1172,
      "end" : 1176,
      "text" : "soon",
      "whiteSpace" : false
    }, {
      "id" : "s11-t11",
      "begin" : 1177,
      "end" : 1179,
      "text" : "to",
      "whiteSpace" : false
    }, {
      "id" : "s11-t12",
      "begin" : 1180,
      "end" : 1183,
      "text" : "fix",
      "whiteSpace" : false
    }, {
      "id" : "s11-t13",
      "begin" : 1184,
      "end" : 1188,
      "text" : "some",
      "whiteSpace" : false
    }, {
      "id" : "s11-t14",
      "begin" : 1189,
      "end" : 1191,
      "text" : "of",
      "whiteSpace" : false
    }, {
      "id" : "s11-t15",
      "begin" : 1192,
      "end" : 1195,
      "text" : "the",
      "whiteSpace" : false
    }, {
      "id" : "s11-t16",
      "begin" : 1196,
      "end" : 1203,
      "text" : "limited",
      "whiteSpace" : false
    }, {
      "id" : "s11-t17",
      "begin" : 1204,
      "end" : 1216,
      "text" : "capabilities",
      "whiteSpace" : false
    }, {
      "id" : "s11-t18",
      "begin" : 1216,
      "end" : 1217,
      "text" : ",",
      "whiteSpace" : false
    }, {
      "id" : "s11-t19",
      "begin" : 1218,
      "end" : 1221,
      "text" : "but",
      "whiteSpace" : false
    }, {
      "id" : "s11-t20",
      "begin" : 1222,
      "end" : 1223,
      "text" : "I",
      "whiteSpace" : false
    }, {
      "id" : "s11-t21",
      "begin" : 1224,
      "end" : 1226,
      "text" : "am",
      "whiteSpace" : false
    }, {
      "id" : "s11-t22",
      "begin" : 1227,
      "end" : 1232,
      "text" : "quite",
      "whiteSpace" : false
    }, {
      "id" : "s11-t23",
      "begin" : 1233,
      "end" : 1242,
      "text" : "satisfied",
      "whiteSpace" : false
    }, {
      "id" : "s11-t24",
      "begin" : 1243,
      "end" : 1247,
      "text" : "with",
      "whiteSpace" : false
    }, {
      "id" : "s11-t25",
      "begin" : 1248,
      "end" : 1252,
      "text" : "even",
      "whiteSpace" : false
    }, {
      "id" : "s11-t26",
      "begin" : 1253,
      "end" : 1256,
      "text" : "the",
      "whiteSpace" : false
    }, {
      "id" : "s11-t27",
      "begin" : 1257,
      "end" : 1264,
      "text" : "current",
      "whiteSpace" : false
    }, {
      "id" : "s11-t28",
      "begin" : 1265,
      "end" : 1278,
      "text" : "functionality",
      "whiteSpace" : false
    }, {
      "id" : "s11-t29",
      "begin" : 1279,
      "end" : 1281,
      "text" : "of",
      "whiteSpace" : false
    }, {
      "id" : "s11-t30",
      "begin" : 1282,
      "end" : 1285,
      "text" : "the",
      "whiteSpace" : false
    }, {
      "id" : "s11-t31",
      "begin" : 1286,
      "end" : 1292,
      "text" : "device",
      "whiteSpace" : false
    }, {
      "id" : "s11-t32",
      "begin" : 1292,
      "end" : 1293,
      "text" : ".",
      "whiteSpace" : false
    } ]
  }, {
    "id" : "s12",
    "begin" : 1294,
    "end" : 1417,
    "text" : "I've never used the Doorbot (the predecessor to Ring) and based on its horrid reviews I was scared to even give Ring a try.",
    "tokens" : [ {
      "id" : "s12-t0",
      "begin" : 1294,
      "end" : 1295,
      "text" : "I",
      "whiteSpace" : false
    }, {
      "id" : "s12-t1",
      "begin" : 1295,
      "end" : 1298,
      "text" : "'ve",
      "whiteSpace" : false
    }, {
      "id" : "s12-t2",
      "begin" : 1299,
      "end" : 1304,
      "text" : "never",
      "whiteSpace" : false
    }, {
      "id" : "s12-t3",
      "begin" : 1305,
      "end" : 1309,
      "text" : "used",
      "whiteSpace" : false
    }, {
      "id" : "s12-t4",
      "begin" : 1310,
      "end" : 1313,
      "text" : "the",
      "whiteSpace" : false
    }, {
      "id" : "s12-t5",
      "begin" : 1314,
      "end" : 1321,
      "text" : "Doorbot",
      "whiteSpace" : false
    }, {
      "id" : "s12-t6",
      "begin" : 1322,
      "end" : 1323,
      "text" : "(",
      "whiteSpace" : false
    }, {
      "id" : "s12-t7",
      "begin" : 1323,
      "end" : 1326,
      "text" : "the",
      "whiteSpace" : false
    }, {
      "id" : "s12-t8",
      "begin" : 1327,
      "end" : 1338,
      "text" : "predecessor",
      "whiteSpace" : false
    }, {
      "id" : "s12-t9",
      "begin" : 1339,
      "end" : 1341,
      "text" : "to",
      "whiteSpace" : false
    }, {
      "id" : "s12-t10",
      "begin" : 1342,
      "end" : 1346,
      "text" : "Ring",
      "whiteSpace" : false
    }, {
      "id" : "s12-t11",
      "begin" : 1346,
      "end" : 1347,
      "text" : ")",
      "whiteSpace" : false
    }, {
      "id" : "s12-t12",
      "begin" : 1348,
      "end" : 1351,
      "text" : "and",
      "whiteSpace" : false
    }, {
      "id" : "s12-t13",
      "begin" : 1352,
      "end" : 1357,
      "text" : "based",
      "whiteSpace" : false
    }, {
      "id" : "s12-t14",
      "begin" : 1358,
      "end" : 1360,
      "text" : "on",
      "whiteSpace" : false
    }, {
      "id" : "s12-t15",
      "begin" : 1361,
      "end" : 1364,
      "text" : "its",
      "whiteSpace" : false
    }, {
      "id" : "s12-t16",
      "begin" : 1365,
      "end" : 1371,
      "text" : "horrid",
      "whiteSpace" : false
    }, {
      "id" : "s12-t17",
      "begin" : 1372,
      "end" : 1379,
      "text" : "reviews",
      "whiteSpace" : false
    }, {
      "id" : "s12-t18",
      "begin" : 1380,
      "end" : 1381,
      "text" : "I",
      "whiteSpace" : false
    }, {
      "id" : "s12-t19",
      "begin" : 1382,
      "end" : 1385,
      "text" : "was",
      "whiteSpace" : false
    }, {
      "id" : "s12-t20",
      "begin" : 1386,
      "end" : 1392,
      "text" : "scared",
      "whiteSpace" : false
    }, {
      "id" : "s12-t21",
      "begin" : 1393,
      "end" : 1395,
      "text" : "to",
      "whiteSpace" : false
    }, {
      "id" : "s12-t22",
      "begin" : 1396,
      "end" : 1400,
      "text" : "even",
      "whiteSpace" : false
    }, {
      "id" : "s12-t23",
      "begin" : 1401,
      "end" : 1405,
      "text" : "give",
      "whiteSpace" : false
    }, {
      "id" : "s12-t24",
      "begin" : 1406,
      "end" : 1410,
      "text" : "Ring",
      "whiteSpace" : false
    }, {
      "id" : "s12-t25",
      "begin" : 1411,
      "end" : 1412,
      "text" : "a",
      "whiteSpace" : false
    }, {
      "id" : "s12-t26",
      "begin" : 1413,
      "end" : 1416,
      "text" : "try",
      "whiteSpace" : false
    }, {
      "id" : "s12-t27",
      "begin" : 1416,
      "end" : 1417,
      "text" : ".",
      "whiteSpace" : false
    } ]
  }, {
    "id" : "s13",
    "begin" : 1418,
    "end" : 1555,
    "text" : "Well, I generally think this is a better looking and higher performing product than Skybell and I'm glad I took the gamble to try it out.",
    "tokens" : [ {
      "id" : "s13-t0",
      "begin" : 1418,
      "end" : 1422,
      "text" : "Well",
      "whiteSpace" : false
    }, {
      "id" : "s13-t1",
      "begin" : 1422,
      "end" : 1423,
      "text" : ",",
      "whiteSpace" : false
    }, {
      "id" : "s13-t2",
      "begin" : 1424,
      "end" : 1425,
      "text" : "I",
      "whiteSpace" : false
    }, {
      "id" : "s13-t3",
      "begin" : 1426,
      "end" : 1435,
      "text" : "generally",
      "whiteSpace" : false
    }, {
      "id" : "s13-t4",
      "begin" : 1436,
      "end" : 1441,
      "text" : "think",
      "whiteSpace" : false
    }, {
      "id" : "s13-t5",
      "begin" : 1442,
      "end" : 1446,
      "text" : "this",
      "whiteSpace" : false
    }, {
      "id" : "s13-t6",
      "begin" : 1447,
      "end" : 1449,
      "text" : "is",
      "whiteSpace" : false
    }, {
      "id" : "s13-t7",
      "begin" : 1450,
      "end" : 1451,
      "text" : "a",
      "whiteSpace" : false
    }, {
      "id" : "s13-t8",
      "begin" : 1452,
      "end" : 1458,
      "text" : "better",
      "whiteSpace" : false
    }, {
      "id" : "s13-t9",
      "begin" : 1459,
      "end" : 1466,
      "text" : "looking",
      "whiteSpace" : false
    }, {
      "id" : "s13-t10",
      "begin" : 1467,
      "end" : 1470,
      "text" : "and",
      "whiteSpace" : false
    }, {
      "id" : "s13-t11",
      "begin" : 1471,
      "end" : 1477,
      "text" : "higher",
      "whiteSpace" : false
    }, {
      "id" : "s13-t12",
      "begin" : 1478,
      "end" : 1488,
      "text" : "performing",
      "whiteSpace" : false
    }, {
      "id" : "s13-t13",
      "begin" : 1489,
      "end" : 1496,
      "text" : "product",
      "whiteSpace" : false
    }, {
      "id" : "s13-t14",
      "begin" : 1497,
      "end" : 1501,
      "text" : "than",
      "whiteSpace" : false
    }, {
      "id" : "s13-t15",
      "begin" : 1502,
      "end" : 1509,
      "text" : "Skybell",
      "whiteSpace" : false
    }, {
      "id" : "s13-t16",
      "begin" : 1510,
      "end" : 1513,
      "text" : "and",
      "whiteSpace" : false
    }, {
      "id" : "s13-t17",
      "begin" : 1514,
      "end" : 1515,
      "text" : "I",
      "whiteSpace" : false
    }, {
      "id" : "s13-t18",
      "begin" : 1515,
      "end" : 1517,
      "text" : "'m",
      "whiteSpace" : false
    }, {
      "id" : "s13-t19",
      "begin" : 1518,
      "end" : 1522,
      "text" : "glad",
      "whiteSpace" : false
    }, {
      "id" : "s13-t20",
      "begin" : 1523,
      "end" : 1524,
      "text" : "I",
      "whiteSpace" : false
    }, {
      "id" : "s13-t21",
      "begin" : 1525,
      "end" : 1529,
      "text" : "took",
      "whiteSpace" : false
    }, {
      "id" : "s13-t22",
      "begin" : 1530,
      "end" : 1533,
      "text" : "the",
      "whiteSpace" : false
    }, {
      "id" : "s13-t23",
      "begin" : 1534,
      "end" : 1540,
      "text" : "gamble",
      "whiteSpace" : false
    }, {
      "id" : "s13-t24",
      "begin" : 1541,
      "end" : 1543,
      "text" : "to",
      "whiteSpace" : false
    }, {
      "id" : "s13-t25",
      "begin" : 1544,
      "end" : 1547,
      "text" : "try",
      "whiteSpace" : false
    }, {
      "id" : "s13-t26",
      "begin" : 1548,
      "end" : 1550,
      "text" : "it",
      "whiteSpace" : false
    }, {
      "id" : "s13-t27",
      "begin" : 1551,
      "end" : 1554,
      "text" : "out",
      "whiteSpace" : false
    }, {
      "id" : "s13-t28",
      "begin" : 1554,
      "end" : 1555,
      "text" : ".",
      "whiteSpace" : false
    } ]
  }, {
    "id" : "s14",
    "begin" : 1557,
    "end" : 1672,
    "text" : "3/11/15 Edit: Motion Detection feature is now enabled and worked pretty reliably for the few days that I tested it.",
    "tokens" : [ {
      "id" : "s14-t0",
      "begin" : 1557,
      "end" : 1564,
      "text" : "3/11/15",
      "whiteSpace" : false
    }, {
      "id" : "s14-t1",
      "begin" : 1565,
      "end" : 1569,
      "text" : "Edit",
      "whiteSpace" : false
    }, {
      "id" : "s14-t2",
      "begin" : 1569,
      "end" : 1570,
      "text" : ":",
      "whiteSpace" : false
    }, {
      "id" : "s14-t3",
      "begin" : 1571,
      "end" : 1577,
      "text" : "Motion",
      "whiteSpace" : false
    }, {
      "id" : "s14-t4",
      "begin" : 1578,
      "end" : 1587,
      "text" : "Detection",
      "whiteSpace" : false
    }, {
      "id" : "s14-t5",
      "begin" : 1588,
      "end" : 1595,
      "text" : "feature",
      "whiteSpace" : false
    }, {
      "id" : "s14-t6",
      "begin" : 1596,
      "end" : 1598,
      "text" : "is",
      "whiteSpace" : false
    }, {
      "id" : "s14-t7",
      "begin" : 1599,
      "end" : 1602,
      "text" : "now",
      "whiteSpace" : false
    }, {
      "id" : "s14-t8",
      "begin" : 1603,
      "end" : 1610,
      "text" : "enabled",
      "whiteSpace" : false
    }, {
      "id" : "s14-t9",
      "begin" : 1611,
      "end" : 1614,
      "text" : "and",
      "whiteSpace" : false
    }, {
      "id" : "s14-t10",
      "begin" : 1615,
      "end" : 1621,
      "text" : "worked",
      "whiteSpace" : false
    }, {
      "id" : "s14-t11",
      "begin" : 1622,
      "end" : 1628,
      "text" : "pretty",
      "whiteSpace" : false
    }, {
      "id" : "s14-t12",
      "begin" : 1629,
      "end" : 1637,
      "text" : "reliably",
      "whiteSpace" : false
    }, {
      "id" : "s14-t13",
      "begin" : 1638,
      "end" : 1641,
      "text" : "for",
      "whiteSpace" : false
    }, {
      "id" : "s14-t14",
      "begin" : 1642,
      "end" : 1645,
      "text" : "the",
      "whiteSpace" : false
    }, {
      "id" : "s14-t15",
      "begin" : 1646,
      "end" : 1649,
      "text" : "few",
      "whiteSpace" : false
    }, {
      "id" : "s14-t16",
      "begin" : 1650,
      "end" : 1654,
      "text" : "days",
      "whiteSpace" : false
    }, {
      "id" : "s14-t17",
      "begin" : 1655,
      "end" : 1659,
      "text" : "that",
      "whiteSpace" : false
    }, {
      "id" : "s14-t18",
      "begin" : 1660,
      "end" : 1661,
      "text" : "I",
      "whiteSpace" : false
    }, {
      "id" : "s14-t19",
      "begin" : 1662,
      "end" : 1668,
      "text" : "tested",
      "whiteSpace" : false
    }, {
      "id" : "s14-t20",
      "begin" : 1669,
      "end" : 1671,
      "text" : "it",
      "whiteSpace" : false
    }, {
      "id" : "s14-t21",
      "begin" : 1671,
      "end" : 1672,
      "text" : ".",
      "whiteSpace" : false
    } ]
  }, {
    "id" : "s15",
    "begin" : 1673,
    "end" : 1783,
    "text" : "I disabled it again since I don't like generating an alert every time I enter and exit through the front door.",
    "tokens" : [ {
      "id" : "s15-t0",
      "begin" : 1673,
      "end" : 1674,
      "text" : "I",
      "whiteSpace" : false
    }, {
      "id" : "s15-t1",
      "begin" : 1675,
      "end" : 1683,
      "text" : "disabled",
      "whiteSpace" : false
    }, {
      "id" : "s15-t2",
      "begin" : 1684,
      "end" : 1686,
      "text" : "it",
      "whiteSpace" : false
    }, {
      "id" : "s15-t3",
      "begin" : 1687,
      "end" : 1692,
      "text" : "again",
      "whiteSpace" : false
    }, {
      "id" : "s15-t4",
      "begin" : 1693,
      "end" : 1698,
      "text" : "since",
      "whiteSpace" : false
    }, {
      "id" : "s15-t5",
      "begin" : 1699,
      "end" : 1700,
      "text" : "I",
      "whiteSpace" : false
    }, {
      "id" : "s15-t6",
      "begin" : 1701,
      "end" : 1703,
      "text" : "do",
      "whiteSpace" : false
    }, {
      "id" : "s15-t7",
      "begin" : 1703,
      "end" : 1706,
      "text" : "n't",
      "whiteSpace" : false
    }, {
      "id" : "s15-t8",
      "begin" : 1707,
      "end" : 1711,
      "text" : "like",
      "whiteSpace" : false
    }, {
      "id" : "s15-t9",
      "begin" : 1712,
      "end" : 1722,
      "text" : "generating",
      "whiteSpace" : false
    }, {
      "id" : "s15-t10",
      "begin" : 1723,
      "end" : 1725,
      "text" : "an",
      "whiteSpace" : false
    }, {
      "id" : "s15-t11",
      "begin" : 1726,
      "end" : 1731,
      "text" : "alert",
      "whiteSpace" : false
    }, {
      "id" : "s15-t12",
      "begin" : 1732,
      "end" : 1737,
      "text" : "every",
      "whiteSpace" : false
    }, {
      "id" : "s15-t13",
      "begin" : 1738,
      "end" : 1742,
      "text" : "time",
      "whiteSpace" : false
    }, {
      "id" : "s15-t14",
      "begin" : 1743,
      "end" : 1744,
      "text" : "I",
      "whiteSpace" : false
    }, {
      "id" : "s15-t15",
      "begin" : 1745,
      "end" : 1750,
      "text" : "enter",
      "whiteSpace" : false
    }, {
      "id" : "s15-t16",
      "begin" : 1751,
      "end" : 1754,
      "text" : "and",
      "whiteSpace" : false
    }, {
      "id" : "s15-t17",
      "begin" : 1755,
      "end" : 1759,
      "text" : "exit",
      "whiteSpace" : false
    }, {
      "id" : "s15-t18",
      "begin" : 1760,
      "end" : 1767,
      "text" : "through",
      "whiteSpace" : false
    }, {
      "id" : "s15-t19",
      "begin" : 1768,
      "end" : 1771,
      "text" : "the",
      "whiteSpace" : false
    }, {
      "id" : "s15-t20",
      "begin" : 1772,
      "end" : 1777,
      "text" : "front",
      "whiteSpace" : false
    }, {
      "id" : "s15-t21",
      "begin" : 1778,
      "end" : 1782,
      "text" : "door",
      "whiteSpace" : false
    }, {
      "id" : "s15-t22",
      "begin" : 1782,
      "end" : 1783,
      "text" : ".",
      "whiteSpace" : false
    } ]
  }, {
    "id" : "s16",
    "begin" : 1784,
    "end" : 1925,
    "text" : "I played a little bit with my wifi router placement and noticed that the Ring doorbell really needs a strong signal for reliable performance.",
    "tokens" : [ {
      "id" : "s16-t0",
      "begin" : 1784,
      "end" : 1785,
      "text" : "I",
      "whiteSpace" : false
    }, {
      "id" : "s16-t1",
      "begin" : 1786,
      "end" : 1792,
      "text" : "played",
      "whiteSpace" : false
    }, {
      "id" : "s16-t2",
      "begin" : 1793,
      "end" : 1794,
      "text" : "a",
      "whiteSpace" : false
    }, {
      "id" : "s16-t3",
      "begin" : 1795,
      "end" : 1801,
      "text" : "little",
      "whiteSpace" : false
    }, {
      "id" : "s16-t4",
      "begin" : 1802,
      "end" : 1805,
      "text" : "bit",
      "whiteSpace" : false
    }, {
      "id" : "s16-t5",
      "begin" : 1806,
      "end" : 1810,
      "text" : "with",
      "whiteSpace" : false
    }, {
      "id" : "s16-t6",
      "begin" : 1811,
      "end" : 1813,
      "text" : "my",
      "whiteSpace" : false
    }, {
      "id" : "s16-t7",
      "begin" : 1814,
      "end" : 1818,
      "text" : "wifi",
      "whiteSpace" : false
    }, {
      "id" : "s16-t8",
      "begin" : 1819,
      "end" : 1825,
      "text" : "router",
      "whiteSpace" : false
    }, {
      "id" : "s16-t9",
      "begin" : 1826,
      "end" : 1835,
      "text" : "placement",
      "whiteSpace" : false
    }, {
      "id" : "s16-t10",
      "begin" : 1836,
      "end" : 1839,
      "text" : "and",
      "whiteSpace" : false
    }, {
      "id" : "s16-t11",
      "begin" : 1840,
      "end" : 1847,
      "text" : "noticed",
      "whiteSpace" : false
    }, {
      "id" : "s16-t12",
      "begin" : 1848,
      "end" : 1852,
      "text" : "that",
      "whiteSpace" : false
    }, {
      "id" : "s16-t13",
      "begin" : 1853,
      "end" : 1856,
      "text" : "the",
      "whiteSpace" : false
    }, {
      "id" : "s16-t14",
      "begin" : 1857,
      "end" : 1861,
      "text" : "Ring",
      "whiteSpace" : false
    }, {
      "id" : "s16-t15",
      "begin" : 1862,
      "end" : 1870,
      "text" : "doorbell",
      "whiteSpace" : false
    }, {
      "id" : "s16-t16",
      "begin" : 1871,
      "end" : 1877,
      "text" : "really",
      "whiteSpace" : false
    }, {
      "id" : "s16-t17",
      "begin" : 1878,
      "end" : 1883,
      "text" : "needs",
      "whiteSpace" : false
    }, {
      "id" : "s16-t18",
      "begin" : 1884,
      "end" : 1885,
      "text" : "a",
      "whiteSpace" : false
    }, {
      "id" : "s16-t19",
      "begin" : 1886,
      "end" : 1892,
      "text" : "strong",
      "whiteSpace" : false
    }, {
      "id" : "s16-t20",
      "begin" : 1893,
      "end" : 1899,
      "text" : "signal",
      "whiteSpace" : false
    }, {
      "id" : "s16-t21",
      "begin" : 1900,
      "end" : 1903,
      "text" : "for",
      "whiteSpace" : false
    }, {
      "id" : "s16-t22",
      "begin" : 1904,
      "end" : 1912,
      "text" : "reliable",
      "whiteSpace" : false
    }, {
      "id" : "s16-t23",
      "begin" : 1913,
      "end" : 1924,
      "text" : "performance",
      "whiteSpace" : false
    }, {
      "id" : "s16-t24",
      "begin" : 1924,
      "end" : 1925,
      "text" : ".",
      "whiteSpace" : false
    } ]
  }, {
    "id" : "s17",
    "begin" : 1926,
    "end" : 2050,
    "text" : "When I moved my router further, my video recordings would get choppy and my notification lags would range from 2-10 seconds.",
    "tokens" : [ {
      "id" : "s17-t0",
      "begin" : 1926,
      "end" : 1930,
      "text" : "When",
      "whiteSpace" : false
    }, {
      "id" : "s17-t1",
      "begin" : 1931,
      "end" : 1932,
      "text" : "I",
      "whiteSpace" : false
    }, {
      "id" : "s17-t2",
      "begin" : 1933,
      "end" : 1938,
      "text" : "moved",
      "whiteSpace" : false
    }, {
      "id" : "s17-t3",
      "begin" : 1939,
      "end" : 1941,
      "text" : "my",
      "whiteSpace" : false
    }, {
      "id" : "s17-t4",
      "begin" : 1942,
      "end" : 1948,
      "text" : "router",
      "whiteSpace" : false
    }, {
      "id" : "s17-t5",
      "begin" : 1949,
      "end" : 1956,
      "text" : "further",
      "whiteSpace" : false
    }, {
      "id" : "s17-t6",
      "begin" : 1956,
      "end" : 1957,
      "text" : ",",
      "whiteSpace" : false
    }, {
      "id" : "s17-t7",
      "begin" : 1958,
      "end" : 1960,
      "text" : "my",
      "whiteSpace" : false
    }, {
      "id" : "s17-t8",
      "begin" : 1961,
      "end" : 1966,
      "text" : "video",
      "whiteSpace" : false
    }, {
      "id" : "s17-t9",
      "begin" : 1967,
      "end" : 1977,
      "text" : "recordings",
      "whiteSpace" : false
    }, {
      "id" : "s17-t10",
      "begin" : 1978,
      "end" : 1983,
      "text" : "would",
      "whiteSpace" : false
    }, {
      "id" : "s17-t11",
      "begin" : 1984,
      "end" : 1987,
      "text" : "get",
      "whiteSpace" : false
    }, {
      "id" : "s17-t12",
      "begin" : 1988,
      "end" : 1994,
      "text" : "choppy",
      "whiteSpace" : false
    }, {
      "id" : "s17-t13",
      "begin" : 1995,
      "end" : 1998,
      "text" : "and",
      "whiteSpace" : false
    }, {
      "id" : "s17-t14",
      "begin" : 1999,
      "end" : 2001,
      "text" : "my",
      "whiteSpace" : false
    }, {
      "id" : "s17-t15",
      "begin" : 2002,
      "end" : 2014,
      "text" : "notification",
      "whiteSpace" : false
    }, {
      "id" : "s17-t16",
      "begin" : 2015,
      "end" : 2019,
      "text" : "lags",
      "whiteSpace" : false
    }, {
      "id" : "s17-t17",
      "begin" : 2020,
      "end" : 2025,
      "text" : "would",
      "whiteSpace" : false
    }, {
      "id" : "s17-t18",
      "begin" : 2026,
      "end" : 2031,
      "text" : "range",
      "whiteSpace" : false
    }, {
      "id" : "s17-t19",
      "begin" : 2032,
      "end" : 2036,
      "text" : "from",
      "whiteSpace" : false
    }, {
      "id" : "s17-t20",
      "begin" : 2037,
      "end" : 2041,
      "text" : "2-10",
      "whiteSpace" : false
    }, {
      "id" : "s17-t21",
      "begin" : 2042,
      "end" : 2049,
      "text" : "seconds",
      "whiteSpace" : false
    }, {
      "id" : "s17-t22",
      "begin" : 2049,
      "end" : 2050,
      "text" : ".",
      "whiteSpace" : false
    } ]
  }, {
    "id" : "s18",
    "begin" : 2051,
    "end" : 2214,
    "text" : "Sometimes, it simply could not connect meaning you would get no video recordings and no notification of a visitor other than the hardwired existing doorbell chime.",
    "tokens" : [ {
      "id" : "s18-t0",
      "begin" : 2051,
      "end" : 2060,
      "text" : "Sometimes",
      "whiteSpace" : false
    }, {
      "id" : "s18-t1",
      "begin" : 2060,
      "end" : 2061,
      "text" : ",",
      "whiteSpace" : false
    }, {
      "id" : "s18-t2",
      "begin" : 2062,
      "end" : 2064,
      "text" : "it",
      "whiteSpace" : false
    }, {
      "id" : "s18-t3",
      "begin" : 2065,
      "end" : 2071,
      "text" : "simply",
      "whiteSpace" : false
    }, {
      "id" : "s18-t4",
      "begin" : 2072,
      "end" : 2077,
      "text" : "could",
      "whiteSpace" : false
    }, {
      "id" : "s18-t5",
      "begin" : 2078,
      "end" : 2081,
      "text" : "not",
      "whiteSpace" : false
    }, {
      "id" : "s18-t6",
      "begin" : 2082,
      "end" : 2089,
      "text" : "connect",
      "whiteSpace" : false
    }, {
      "id" : "s18-t7",
      "begin" : 2090,
      "end" : 2097,
      "text" : "meaning",
      "whiteSpace" : false
    }, {
      "id" : "s18-t8",
      "begin" : 2098,
      "end" : 2101,
      "text" : "you",
      "whiteSpace" : false
    }, {
      "id" : "s18-t9",
      "begin" : 2102,
      "end" : 2107,
      "text" : "would",
      "whiteSpace" : false
    }, {
      "id" : "s18-t10",
      "begin" : 2108,
      "end" : 2111,
      "text" : "get",
      "whiteSpace" : false
    }, {
      "id" : "s18-t11",
      "begin" : 2112,
      "end" : 2114,
      "text" : "no",
      "whiteSpace" : false
    }, {
      "id" : "s18-t12",
      "begin" : 2115,
      "end" : 2120,
      "text" : "video",
      "whiteSpace" : false
    }, {
      "id" : "s18-t13",
      "begin" : 2121,
      "end" : 2131,
      "text" : "recordings",
      "whiteSpace" : false
    }, {
      "id" : "s18-t14",
      "begin" : 2132,
      "end" : 2135,
      "text" : "and",
      "whiteSpace" : false
    }, {
      "id" : "s18-t15",
      "begin" : 2136,
      "end" : 2138,
      "text" : "no",
      "whiteSpace" : false
    }, {
      "id" : "s18-t16",
      "begin" : 2139,
      "end" : 2151,
      "text" : "notification",
      "whiteSpace" : false
    }, {
      "id" : "s18-t17",
      "begin" : 2152,
      "end" : 2154,
      "text" : "of",
      "whiteSpace" : false
    }, {
      "id" : "s18-t18",
      "begin" : 2155,
      "end" : 2156,
      "text" : "a",
      "whiteSpace" : false
    }, {
      "id" : "s18-t19",
      "begin" : 2157,
      "end" : 2164,
      "text" : "visitor",
      "whiteSpace" : false
    }, {
      "id" : "s18-t20",
      "begin" : 2165,
      "end" : 2170,
      "text" : "other",
      "whiteSpace" : false
    }, {
      "id" : "s18-t21",
      "begin" : 2171,
      "end" : 2175,
      "text" : "than",
      "whiteSpace" : false
    }, {
      "id" : "s18-t22",
      "begin" : 2176,
      "end" : 2179,
      "text" : "the",
      "whiteSpace" : false
    }, {
      "id" : "s18-t23",
      "begin" : 2180,
      "end" : 2189,
      "text" : "hardwired",
      "whiteSpace" : false
    }, {
      "id" : "s18-t24",
      "begin" : 2190,
      "end" : 2198,
      "text" : "existing",
      "whiteSpace" : false
    }, {
      "id" : "s18-t25",
      "begin" : 2199,
      "end" : 2207,
      "text" : "doorbell",
      "whiteSpace" : false
    }, {
      "id" : "s18-t26",
      "begin" : 2208,
      "end" : 2213,
      "text" : "chime",
      "whiteSpace" : false
    }, {
      "id" : "s18-t27",
      "begin" : 2213,
      "end" : 2214,
      "text" : ".",
      "whiteSpace" : false
    } ]
  }, {
    "id" : "s19",
    "begin" : 2215,
    "end" : 2380,
    "text" : "I contacted Ring support and they remotely decreased the resolution of the video to better cope with a low bandwidth/poor wifi situation but that didn't help enough.",
    "tokens" : [ {
      "id" : "s19-t0",
      "begin" : 2215,
      "end" : 2216,
      "text" : "I",
      "whiteSpace" : false
    }, {
      "id" : "s19-t1",
      "begin" : 2217,
      "end" : 2226,
      "text" : "contacted",
      "whiteSpace" : false
    }, {
      "id" : "s19-t2",
      "begin" : 2227,
      "end" : 2231,
      "text" : "Ring",
      "whiteSpace" : false
    }, {
      "id" : "s19-t3",
      "begin" : 2232,
      "end" : 2239,
      "text" : "support",
      "whiteSpace" : false
    }, {
      "id" : "s19-t4",
      "begin" : 2240,
      "end" : 2243,
      "text" : "and",
      "whiteSpace" : false
    }, {
      "id" : "s19-t5",
      "begin" : 2244,
      "end" : 2248,
      "text" : "they",
      "whiteSpace" : false
    }, {
      "id" : "s19-t6",
      "begin" : 2249,
      "end" : 2257,
      "text" : "remotely",
      "whiteSpace" : false
    }, {
      "id" : "s19-t7",
      "begin" : 2258,
      "end" : 2267,
      "text" : "decreased",
      "whiteSpace" : false
    }, {
      "id" : "s19-t8",
      "begin" : 2268,
      "end" : 2271,
      "text" : "the",
      "whiteSpace" : false
    }, {
      "id" : "s19-t9",
      "begin" : 2272,
      "end" : 2282,
      "text" : "resolution",
      "whiteSpace" : false
    }, {
      "id" : "s19-t10",
      "begin" : 2283,
      "end" : 2285,
      "text" : "of",
      "whiteSpace" : false
    }, {
      "id" : "s19-t11",
      "begin" : 2286,
      "end" : 2289,
      "text" : "the",
      "whiteSpace" : false
    }, {
      "id" : "s19-t12",
      "begin" : 2290,
      "end" : 2295,
      "text" : "video",
      "whiteSpace" : false
    }, {
      "id" : "s19-t13",
      "begin" : 2296,
      "end" : 2298,
      "text" : "to",
      "whiteSpace" : false
    }, {
      "id" : "s19-t14",
      "begin" : 2299,
      "end" : 2305,
      "text" : "better",
      "whiteSpace" : false
    }, {
      "id" : "s19-t15",
      "begin" : 2306,
      "end" : 2310,
      "text" : "cope",
      "whiteSpace" : false
    }, {
      "id" : "s19-t16",
      "begin" : 2311,
      "end" : 2315,
      "text" : "with",
      "whiteSpace" : false
    }, {
      "id" : "s19-t17",
      "begin" : 2316,
      "end" : 2317,
      "text" : "a",
      "whiteSpace" : false
    }, {
      "id" : "s19-t18",
      "begin" : 2318,
      "end" : 2321,
      "text" : "low",
      "whiteSpace" : false
    }, {
      "id" : "s19-t19",
      "begin" : 2322,
      "end" : 2331,
      "text" : "bandwidth",
      "whiteSpace" : false
    }, {
      "id" : "s19-t20",
      "begin" : 2331,
      "end" : 2332,
      "text" : "/",
      "whiteSpace" : false
    }, {
      "id" : "s19-t21",
      "begin" : 2332,
      "end" : 2336,
      "text" : "poor",
      "whiteSpace" : false
    }, {
      "id" : "s19-t22",
      "begin" : 2337,
      "end" : 2341,
      "text" : "wifi",
      "whiteSpace" : false
    }, {
      "id" : "s19-t23",
      "begin" : 2342,
      "end" : 2351,
      "text" : "situation",
      "whiteSpace" : false
    }, {
      "id" : "s19-t24",
      "begin" : 2352,
      "end" : 2355,
      "text" : "but",
      "whiteSpace" : false
    }, {
      "id" : "s19-t25",
      "begin" : 2356,
      "end" : 2360,
      "text" : "that",
      "whiteSpace" : false
    }, {
      "id" : "s19-t26",
      "begin" : 2361,
      "end" : 2364,
      "text" : "did",
      "whiteSpace" : false
    }, {
      "id" : "s19-t27",
      "begin" : 2364,
      "end" : 2367,
      "text" : "n't",
      "whiteSpace" : false
    }, {
      "id" : "s19-t28",
      "begin" : 2368,
      "end" : 2372,
      "text" : "help",
      "whiteSpace" : false
    }, {
      "id" : "s19-t29",
      "begin" : 2373,
      "end" : 2379,
      "text" : "enough",
      "whiteSpace" : false
    }, {
      "id" : "s19-t30",
      "begin" : 2379,
      "end" : 2380,
      "text" : ".",
      "whiteSpace" : false
    } ]
  }, {
    "id" : "s20",
    "begin" : 2381,
    "end" : 2582,
    "text" : "I would suggest that if you have performance issues with this doorbell that you increase your wifi signal by better router placement or install a signal extender and see if that corrects your problems.",
    "tokens" : [ {
      "id" : "s20-t0",
      "begin" : 2381,
      "end" : 2382,
      "text" : "I",
      "whiteSpace" : false
    }, {
      "id" : "s20-t1",
      "begin" : 2383,
      "end" : 2388,
      "text" : "would",
      "whiteSpace" : false
    }, {
      "id" : "s20-t2",
      "begin" : 2389,
      "end" : 2396,
      "text" : "suggest",
      "whiteSpace" : false
    }, {
      "id" : "s20-t3",
      "begin" : 2397,
      "end" : 2401,
      "text" : "that",
      "whiteSpace" : false
    }, {
      "id" : "s20-t4",
      "begin" : 2402,
      "end" : 2404,
      "text" : "if",
      "whiteSpace" : false
    }, {
      "id" : "s20-t5",
      "begin" : 2405,
      "end" : 2408,
      "text" : "you",
      "whiteSpace" : false
    }, {
      "id" : "s20-t6",
      "begin" : 2409,
      "end" : 2413,
      "text" : "have",
      "whiteSpace" : false
    }, {
      "id" : "s20-t7",
      "begin" : 2414,
      "end" : 2425,
      "text" : "performance",
      "whiteSpace" : false
    }, {
      "id" : "s20-t8",
      "begin" : 2426,
      "end" : 2432,
      "text" : "issues",
      "whiteSpace" : false
    }, {
      "id" : "s20-t9",
      "begin" : 2433,
      "end" : 2437,
      "text" : "with",
      "whiteSpace" : false
    }, {
      "id" : "s20-t10",
      "begin" : 2438,
      "end" : 2442,
      "text" : "this",
      "whiteSpace" : false
    }, {
      "id" : "s20-t11",
      "begin" : 2443,
      "end" : 2451,
      "text" : "doorbell",
      "whiteSpace" : false
    }, {
      "id" : "s20-t12",
      "begin" : 2452,
      "end" : 2456,
      "text" : "that",
      "whiteSpace" : false
    }, {
      "id" : "s20-t13",
      "begin" : 2457,
      "end" : 2460,
      "text" : "you",
      "whiteSpace" : false
    }, {
      "id" : "s20-t14",
      "begin" : 2461,
      "end" : 2469,
      "text" : "increase",
      "whiteSpace" : false
    }, {
      "id" : "s20-t15",
      "begin" : 2470,
      "end" : 2474,
      "text" : "your",
      "whiteSpace" : false
    }, {
      "id" : "s20-t16",
      "begin" : 2475,
      "end" : 2479,
      "text" : "wifi",
      "whiteSpace" : false
    }, {
      "id" : "s20-t17",
      "begin" : 2480,
      "end" : 2486,
      "text" : "signal",
      "whiteSpace" : false
    }, {
      "id" : "s20-t18",
      "begin" : 2487,
      "end" : 2489,
      "text" : "by",
      "whiteSpace" : false
    }, {
      "id" : "s20-t19",
      "begin" : 2490,
      "end" : 2496,
      "text" : "better",
      "whiteSpace" : false
    }, {
      "id" : "s20-t20",
      "begin" : 2497,
      "end" : 2503,
      "text" : "router",
      "whiteSpace" : false
    }, {
      "id" : "s20-t21",
      "begin" : 2504,
      "end" : 2513,
      "text" : "placement",
      "whiteSpace" : false
    }, {
      "id" : "s20-t22",
      "begin" : 2514,
      "end" : 2516,
      "text" : "or",
      "whiteSpace" : false
    }, {
      "id" : "s20-t23",
      "begin" : 2517,
      "end" : 2524,
      "text" : "install",
      "whiteSpace" : false
    }, {
      "id" : "s20-t24",
      "begin" : 2525,
      "end" : 2526,
      "text" : "a",
      "whiteSpace" : false
    }, {
      "id" : "s20-t25",
      "begin" : 2527,
      "end" : 2533,
      "text" : "signal",
      "whiteSpace" : false
    }, {
      "id" : "s20-t26",
      "begin" : 2534,
      "end" : 2542,
      "text" : "extender",
      "whiteSpace" : false
    }, {
      "id" : "s20-t27",
      "begin" : 2543,
      "end" : 2546,
      "text" : "and",
      "whiteSpace" : false
    }, {
      "id" : "s20-t28",
      "begin" : 2547,
      "end" : 2550,
      "text" : "see",
      "whiteSpace" : false
    }, {
      "id" : "s20-t29",
      "begin" : 2551,
      "end" : 2553,
      "text" : "if",
      "whiteSpace" : false
    }, {
      "id" : "s20-t30",
      "begin" : 2554,
      "end" : 2558,
      "text" : "that",
      "whiteSpace" : false
    }, {
      "id" : "s20-t31",
      "begin" : 2559,
      "end" : 2567,
      "text" : "corrects",
      "whiteSpace" : false
    }, {
      "id" : "s20-t32",
      "begin" : 2568,
      "end" : 2572,
      "text" : "your",
      "whiteSpace" : false
    }, {
      "id" : "s20-t33",
      "begin" : 2573,
      "end" : 2581,
      "text" : "problems",
      "whiteSpace" : false
    }, {
      "id" : "s20-t34",
      "begin" : 2581,
      "end" : 2582,
      "text" : ".",
      "whiteSpace" : false
    } ]
  }, {
    "id" : "s21",
    "begin" : 2583,
    "end" : 2626,
    "text" : "Overall, I'm still happy with this product.",
    "tokens" : [ {
      "id" : "s21-t0",
      "begin" : 2583,
      "end" : 2590,
      "text" : "Overall",
      "whiteSpace" : false
    }, {
      "id" : "s21-t1",
      "begin" : 2590,
      "end" : 2591,
      "text" : ",",
      "whiteSpace" : false
    }, {
      "id" : "s21-t2",
      "begin" : 2592,
      "end" : 2593,
      "text" : "I",
      "whiteSpace" : false
    }, {
      "id" : "s21-t3",
      "begin" : 2593,
      "end" : 2595,
      "text" : "'m",
      "whiteSpace" : false
    }, {
      "id" : "s21-t4",
      "begin" : 2596,
      "end" : 2601,
      "text" : "still",
      "whiteSpace" : false
    }, {
      "id" : "s21-t5",
      "begin" : 2602,
      "end" : 2607,
      "text" : "happy",
      "whiteSpace" : false
    }, {
      "id" : "s21-t6",
      "begin" : 2608,
      "end" : 2612,
      "text" : "with",
      "whiteSpace" : false
    }, {
      "id" : "s21-t7",
      "begin" : 2613,
      "end" : 2617,
      "text" : "this",
      "whiteSpace" : false
    }, {
      "id" : "s21-t8",
      "begin" : 2618,
      "end" : 2625,
      "text" : "product",
      "whiteSpace" : false
    }, {
      "id" : "s21-t9",
      "begin" : 2625,
      "end" : 2626,
      "text" : ".",
      "whiteSpace" : false
    } ]
  } ],
  "mentions" : [ {
    "id" : "1151252381140327__-785762719-M0",
    "properties" : {
      "SIRE_ENTITY_SUBTYPE" : "NONE",
      "SIRE_MENTION_CLASS" : "SPC",
      "SIRE_MENTION_TYPE" : "NONE",
      "SIRE_ENTITY_CLASS" : "SPC",
      "SIRE_ENTITY_LEVEL" : "NONE",
      "SIRE_MENTION_ROLE" : "Consumer"
    },
    "type" : "Consumer",
    "begin" : 16,
    "end" : 17,
    "inCoref" : true
  }, {
    "id" : "s0-m2",
    "properties" : {
      "SIRE_MENTION_ROLE" : "Product",
      "SIRE_ENTITY_SUBTYPE" : "NONE",
      "SIRE_MENTION_TYPE" : "NONE",
      "SIRE_MENTION_CLASS" : "SPC"
    },
    "type" : "Product",
    "begin" : 48,
    "end" : 52,
    "inCoref" : true
  }, {
    "id" : "1151252381140327__-785762719-M1",
    "properties" : {
      "SIRE_ENTITY_SUBTYPE" : "NONE",
      "SIRE_MENTION_CLASS" : "SPC",
      "SIRE_MENTION_TYPE" : "NONE",
      "SIRE_ENTITY_CLASS" : "SPC",
      "SIRE_ENTITY_LEVEL" : "NONE",
      "SIRE_MENTION_ROLE" : "Consumer"
    },
    "type" : "Consumer",
    "begin" : 135,
    "end" : 136,
    "inCoref" : true
  }, {
    "id" : "s1-m4",
    "properties" : {
      "SIRE_MENTION_ROLE" : "Company",
      "SIRE_ENTITY_SUBTYPE" : "NONE",
      "SIRE_MENTION_TYPE" : "NONE",
      "SIRE_MENTION_CLASS" : "SPC"
    },
    "type" : "Company",
    "begin" : 166,
    "end" : 170,
    "inCoref" : true
  }, {
    "id" : "1151252381140327__-785762719-M2",
    "properties" : {
      "SIRE_ENTITY_SUBTYPE" : "NONE",
      "SIRE_MENTION_CLASS" : "SPC",
      "SIRE_MENTION_TYPE" : "NONE",
      "SIRE_ENTITY_CLASS" : "SPC",
      "SIRE_ENTITY_LEVEL" : "NONE",
      "SIRE_MENTION_ROLE" : "Product"
    },
    "type" : "Product",
    "begin" : 171,
    "end" : 179,
    "inCoref" : true
  }, {
    "id" : "s1-m5",
    "properties" : {
      "SIRE_MENTION_ROLE" : "Feature",
      "SIRE_ENTITY_SUBTYPE" : "NONE",
      "SIRE_MENTION_TYPE" : "NONE",
      "SIRE_MENTION_CLASS" : "SPC"
    },
    "type" : "Feature",
    "begin" : 182,
    "end" : 193,
    "inCoref" : false
  }, {
    "id" : "s1-m6",
    "properties" : {
      "SIRE_MENTION_ROLE" : "Descriptor",
      "SIRE_ENTITY_SUBTYPE" : "NONE",
      "SIRE_MENTION_TYPE" : "NONE",
      "SIRE_MENTION_CLASS" : "SPC"
    },
    "type" : "Descriptor",
    "begin" : 198,
    "end" : 222,
    "inCoref" : false
  }, {
    "id" : "1151252381140327__-785762719-M3",
    "properties" : {
      "SIRE_ENTITY_SUBTYPE" : "NONE",
      "SIRE_MENTION_CLASS" : "SPC",
      "SIRE_MENTION_TYPE" : "NONE",
      "SIRE_ENTITY_CLASS" : "SPC",
      "SIRE_ENTITY_LEVEL" : "NONE",
      "SIRE_MENTION_ROLE" : "Product"
    },
    "type" : "Product",
    "begin" : 239,
    "end" : 247,
    "inCoref" : true
  }, {
    "id" : "1151252381140327__-785762719-M4",
    "properties" : {
      "SIRE_ENTITY_SUBTYPE" : "NONE",
      "SIRE_MENTION_CLASS" : "SPC",
      "SIRE_MENTION_TYPE" : "NONE",
      "SIRE_ENTITY_CLASS" : "SPC",
      "SIRE_ENTITY_LEVEL" : "NONE",
      "SIRE_MENTION_ROLE" : "Consumer"
    },
    "type" : "Consumer",
    "begin" : 259,
    "end" : 260,
    "inCoref" : true
  }, {
    "id" : "s2-m5",
    "properties" : {
      "SIRE_MENTION_ROLE" : "Descriptor",
      "SIRE_ENTITY_SUBTYPE" : "NONE",
      "SIRE_MENTION_TYPE" : "NONE",
      "SIRE_MENTION_CLASS" : "SPC"
    },
    "type" : "Descriptor",
    "begin" : 263,
    "end" : 272,
    "inCoref" : false
  }, {
    "id" : "s2-m4",
    "properties" : {
      "SIRE_MENTION_ROLE" : "Feature",
      "SIRE_ENTITY_SUBTYPE" : "NONE",
      "SIRE_MENTION_TYPE" : "NONE",
      "SIRE_MENTION_CLASS" : "SPC"
    },
    "type" : "Feature",
    "begin" : 282,
    "end" : 285,
    "inCoref" : false
  }, {
    "id" : "s2-m6",
    "properties" : {
      "SIRE_MENTION_ROLE" : "Feature",
      "SIRE_ENTITY_SUBTYPE" : "NONE",
      "SIRE_MENTION_TYPE" : "NONE",
      "SIRE_MENTION_CLASS" : "SPC"
    },
    "type" : "Feature",
    "begin" : 361,
    "end" : 381,
    "inCoref" : false
  }, {
    "id" : "1151252381140327__-785762719-M8",
    "properties" : {
      "SIRE_ENTITY_SUBTYPE" : "NONE",
      "SIRE_MENTION_CLASS" : "SPC",
      "SIRE_MENTION_TYPE" : "NONE",
      "SIRE_ENTITY_CLASS" : "SPC",
      "SIRE_ENTITY_LEVEL" : "NONE",
      "SIRE_MENTION_ROLE" : "Feature"
    },
    "type" : "Feature",
    "begin" : 421,
    "end" : 434,
    "inCoref" : false
  }, {
    "id" : "1151252381140327__-785762719-M9",
    "properties" : {
      "SIRE_ENTITY_SUBTYPE" : "NONE",
      "SIRE_MENTION_CLASS" : "SPC",
      "SIRE_MENTION_TYPE" : "NONE",
      "SIRE_ENTITY_CLASS" : "SPC",
      "SIRE_ENTITY_LEVEL" : "NONE",
      "SIRE_MENTION_ROLE" : "Descriptor"
    },
    "type" : "Descriptor",
    "begin" : 438,
    "end" : 458,
    "inCoref" : false
  }, {
    "id" : "s4-m2",
    "properties" : {
      "SIRE_MENTION_ROLE" : "Feature",
      "SIRE_ENTITY_SUBTYPE" : "NONE",
      "SIRE_MENTION_TYPE" : "NONE",
      "SIRE_MENTION_CLASS" : "SPC"
    },
    "type" : "Feature",
    "begin" : 460,
    "end" : 475,
    "inCoref" : false
  }, {
    "id" : "1151252381140327__-785762719-M10",
    "properties" : {
      "SIRE_ENTITY_SUBTYPE" : "NONE",
      "SIRE_MENTION_CLASS" : "SPC",
      "SIRE_MENTION_TYPE" : "NONE",
      "SIRE_ENTITY_CLASS" : "SPC",
      "SIRE_ENTITY_LEVEL" : "NONE",
      "SIRE_MENTION_ROLE" : "Descriptor"
    },
    "type" : "Descriptor",
    "begin" : 479,
    "end" : 488,
    "inCoref" : false
  }, {
    "id" : "s5-m2",
    "properties" : {
      "SIRE_MENTION_ROLE" : "Feature",
      "SIRE_ENTITY_SUBTYPE" : "NONE",
      "SIRE_MENTION_TYPE" : "NONE",
      "SIRE_MENTION_CLASS" : "SPC"
    },
    "type" : "Feature",
    "begin" : 490,
    "end" : 503,
    "inCoref" : false
  }, {
    "id" : "1151252381140327__-785762719-M11",
    "properties" : {
      "SIRE_ENTITY_SUBTYPE" : "NONE",
      "SIRE_MENTION_CLASS" : "SPC",
      "SIRE_MENTION_TYPE" : "NONE",
      "SIRE_ENTITY_CLASS" : "SPC",
      "SIRE_ENTITY_LEVEL" : "NONE",
      "SIRE_MENTION_ROLE" : "Descriptor"
    },
    "type" : "Descriptor",
    "begin" : 507,
    "end" : 516,
    "inCoref" : false
  }, {
    "id" : "1151252381140327__-785762719-M12",
    "properties" : {
      "SIRE_MENTION_ROLE" : "Feature",
      "SIRE_ENTITY_SUBTYPE" : "NONE",
      "SIRE_MENTION_TYPE" : "NONE",
      "SIRE_MENTION_CLASS" : "SPC"
    },
    "type" : "Feature",
    "begin" : 518,
    "end" : 537,
    "inCoref" : false
  }, {
    "id" : "1151252381140327__-785762719-M13",
    "properties" : {
      "SIRE_ENTITY_SUBTYPE" : "NONE",
      "SIRE_MENTION_CLASS" : "SPC",
      "SIRE_MENTION_TYPE" : "NONE",
      "SIRE_ENTITY_CLASS" : "SPC",
      "SIRE_ENTITY_LEVEL" : "NONE",
      "SIRE_MENTION_ROLE" : "Feature"
    },
    "type" : "Feature",
    "begin" : 542,
    "end" : 548,
    "inCoref" : false
  }, {
    "id" : "s6-m5",
    "properties" : {
      "SIRE_MENTION_ROLE" : "Descriptor",
      "SIRE_ENTITY_SUBTYPE" : "NONE",
      "SIRE_MENTION_TYPE" : "NONE",
      "SIRE_MENTION_CLASS" : "SPC"
    },
    "type" : "Descriptor",
    "begin" : 552,
    "end" : 562,
    "inCoref" : false
  }, {
    "id" : "s8-m12",
    "properties" : {
      "SIRE_MENTION_ROLE" : "Product",
      "SIRE_ENTITY_SUBTYPE" : "NONE",
      "SIRE_MENTION_TYPE" : "NONE",
      "SIRE_MENTION_CLASS" : "SPC"
    },
    "type" : "Product",
    "begin" : 657,
    "end" : 659,
    "inCoref" : true
  }, {
    "id" : "s8-m7",
    "properties" : {
      "SIRE_MENTION_ROLE" : "Feature",
      "SIRE_ENTITY_SUBTYPE" : "NONE",
      "SIRE_MENTION_TYPE" : "NONE",
      "SIRE_MENTION_CLASS" : "SPC"
    },
    "type" : "Feature",
    "begin" : 693,
    "end" : 707,
    "inCoref" : false
  }, {
    "id" : "s8-m8",
    "properties" : {
      "SIRE_MENTION_ROLE" : "Descriptor",
      "SIRE_ENTITY_SUBTYPE" : "NONE",
      "SIRE_MENTION_TYPE" : "NONE",
      "SIRE_MENTION_CLASS" : "SPC"
    },
    "type" : "Descriptor",
    "begin" : 716,
    "end" : 737,
    "inCoref" : false
  }, {
    "id" : "s8-m11",
    "properties" : {
      "SIRE_MENTION_ROLE" : "Feature",
      "SIRE_ENTITY_SUBTYPE" : "NONE",
      "SIRE_MENTION_TYPE" : "NONE",
      "SIRE_MENTION_CLASS" : "SPC"
    },
    "type" : "Feature",
    "begin" : 741,
    "end" : 800,
    "inCoref" : false
  }, {
    "id" : "s8-m9",
    "properties" : {
      "SIRE_MENTION_ROLE" : "Feature",
      "SIRE_ENTITY_SUBTYPE" : "NONE",
      "SIRE_MENTION_TYPE" : "NONE",
      "SIRE_MENTION_CLASS" : "SPC"
    },
    "type" : "Feature",
    "begin" : 802,
    "end" : 857,
    "inCoref" : false
  }, {
    "id" : "s8-m10",
    "properties" : {
      "SIRE_MENTION_ROLE" : "Feature",
      "SIRE_ENTITY_SUBTYPE" : "NONE",
      "SIRE_MENTION_TYPE" : "NONE",
      "SIRE_MENTION_CLASS" : "SPC"
    },
    "type" : "Feature",
    "begin" : 859,
    "end" : 916,
    "inCoref" : false
  }, {
    "id" : "1151252381140327__-785762719-M20",
    "properties" : {
      "SIRE_ENTITY_SUBTYPE" : "NONE",
      "SIRE_MENTION_CLASS" : "SPC",
      "SIRE_MENTION_TYPE" : "NONE",
      "SIRE_ENTITY_CLASS" : "SPC",
      "SIRE_ENTITY_LEVEL" : "NONE",
      "SIRE_MENTION_ROLE" : "Product"
    },
    "type" : "Product",
    "begin" : 902,
    "end" : 910,
    "inCoref" : true
  }, {
    "id" : "1151252381140327__-785762719-M22",
    "properties" : {
      "SIRE_ENTITY_SUBTYPE" : "NONE",
      "SIRE_MENTION_CLASS" : "SPC",
      "SIRE_MENTION_TYPE" : "NONE",
      "SIRE_ENTITY_CLASS" : "SPC",
      "SIRE_ENTITY_LEVEL" : "NONE",
      "SIRE_MENTION_ROLE" : "Consumer"
    },
    "type" : "Consumer",
    "begin" : 935,
    "end" : 936,
    "inCoref" : true
  }, {
    "id" : "1151252381140327__-785762719-M24",
    "properties" : {
      "SIRE_ENTITY_SUBTYPE" : "NONE",
      "SIRE_MENTION_CLASS" : "SPC",
      "SIRE_MENTION_TYPE" : "NONE",
      "SIRE_ENTITY_CLASS" : "SPC",
      "SIRE_ENTITY_LEVEL" : "NONE",
      "SIRE_MENTION_ROLE" : "Feature"
    },
    "type" : "Feature",
    "begin" : 1018,
    "end" : 1039,
    "inCoref" : false
  }, {
    "id" : "1151252381140327__-785762719-M25",
    "properties" : {
      "SIRE_ENTITY_SUBTYPE" : "NONE",
      "SIRE_MENTION_CLASS" : "SPC",
      "SIRE_MENTION_TYPE" : "NONE",
      "SIRE_ENTITY_CLASS" : "SPC",
      "SIRE_ENTITY_LEVEL" : "NONE",
      "SIRE_MENTION_ROLE" : "Product"
    },
    "type" : "Product",
    "begin" : 1085,
    "end" : 1090,
    "inCoref" : true
  }, {
    "id" : "1151252381140327__-785762719-M26",
    "properties" : {
      "SIRE_ENTITY_SUBTYPE" : "NONE",
      "SIRE_MENTION_CLASS" : "SPC",
      "SIRE_MENTION_TYPE" : "NONE",
      "SIRE_ENTITY_CLASS" : "SPC",
      "SIRE_ENTITY_LEVEL" : "NONE",
      "SIRE_MENTION_ROLE" : "Feature"
    },
    "type" : "Feature",
    "begin" : 1099,
    "end" : 1118,
    "inCoref" : false
  }, {
    "id" : "1151252381140327__-785762719-M27",
    "properties" : {
      "SIRE_ENTITY_SUBTYPE" : "NONE",
      "SIRE_MENTION_CLASS" : "SPC",
      "SIRE_MENTION_TYPE" : "NONE",
      "SIRE_ENTITY_CLASS" : "SPC",
      "SIRE_ENTITY_LEVEL" : "NONE",
      "SIRE_MENTION_ROLE" : "Consumer"
    },
    "type" : "Consumer",
    "begin" : 1121,
    "end" : 1122,
    "inCoref" : true
  }, {
    "id" : "s11-m5",
    "properties" : {
      "SIRE_MENTION_ROLE" : "Company",
      "SIRE_ENTITY_SUBTYPE" : "NONE",
      "SIRE_MENTION_TYPE" : "NONE",
      "SIRE_MENTION_CLASS" : "SPC"
    },
    "type" : "Company",
    "begin" : 1135,
    "end" : 1139,
    "inCoref" : true
  }, {
    "id" : "1151252381140327__-785762719-M29",
    "properties" : {
      "SIRE_ENTITY_SUBTYPE" : "NONE",
      "SIRE_MENTION_CLASS" : "SPC",
      "SIRE_MENTION_TYPE" : "NONE",
      "SIRE_ENTITY_CLASS" : "SPC",
      "SIRE_ENTITY_LEVEL" : "NONE",
      "SIRE_MENTION_ROLE" : "Consumer"
    },
    "type" : "Consumer",
    "begin" : 1222,
    "end" : 1223,
    "inCoref" : true
  }, {
    "id" : "s11-m7",
    "properties" : {
      "SIRE_MENTION_ROLE" : "Descriptor",
      "SIRE_ENTITY_SUBTYPE" : "NONE",
      "SIRE_MENTION_TYPE" : "NONE",
      "SIRE_MENTION_CLASS" : "SPC"
    },
    "type" : "Descriptor",
    "begin" : 1233,
    "end" : 1242,
    "inCoref" : false
  }, {
    "id" : "s11-m6",
    "properties" : {
      "SIRE_MENTION_ROLE" : "Feature",
      "SIRE_ENTITY_SUBTYPE" : "NONE",
      "SIRE_MENTION_TYPE" : "NONE",
      "SIRE_MENTION_CLASS" : "SPC"
    },
    "type" : "Feature",
    "begin" : 1257,
    "end" : 1278,
    "inCoref" : false
  }, {
    "id" : "1151252381140327__-785762719-M30",
    "properties" : {
      "SIRE_ENTITY_SUBTYPE" : "NONE",
      "SIRE_MENTION_CLASS" : "SPC",
      "SIRE_MENTION_TYPE" : "NONE",
      "SIRE_ENTITY_CLASS" : "SPC",
      "SIRE_ENTITY_LEVEL" : "NONE",
      "SIRE_MENTION_ROLE" : "Product"
    },
    "type" : "Product",
    "begin" : 1286,
    "end" : 1292,
    "inCoref" : true
  }, {
    "id" : "1151252381140327__-785762719-M31",
    "properties" : {
      "SIRE_ENTITY_SUBTYPE" : "NONE",
      "SIRE_MENTION_CLASS" : "SPC",
      "SIRE_MENTION_TYPE" : "NONE",
      "SIRE_ENTITY_CLASS" : "SPC",
      "SIRE_ENTITY_LEVEL" : "NONE",
      "SIRE_MENTION_ROLE" : "Consumer"
    },
    "type" : "Consumer",
    "begin" : 1294,
    "end" : 1295,
    "inCoref" : true
  }, {
    "id" : "s12-m5",
    "properties" : {
      "SIRE_MENTION_ROLE" : "Product",
      "SIRE_ENTITY_SUBTYPE" : "NONE",
      "SIRE_MENTION_TYPE" : "NONE",
      "SIRE_MENTION_CLASS" : "SPC"
    },
    "type" : "Product",
    "begin" : 1314,
    "end" : 1321,
    "inCoref" : false
  }, {
    "id" : "1151252381140327__-785762719-M32",
    "properties" : {
      "SIRE_ENTITY_SUBTYPE" : "NONE",
      "SIRE_MENTION_CLASS" : "SPC",
      "SIRE_MENTION_TYPE" : "NONE",
      "SIRE_ENTITY_CLASS" : "SPC",
      "SIRE_ENTITY_LEVEL" : "NONE",
      "SIRE_MENTION_ROLE" : "Consumer"
    },
    "type" : "Consumer",
    "begin" : 1380,
    "end" : 1381,
    "inCoref" : true
  }, {
    "id" : "1151252381140327__-785762719-M33",
    "properties" : {
      "SIRE_MENTION_ROLE" : "Company",
      "SIRE_ENTITY_SUBTYPE" : "NONE",
      "SIRE_MENTION_TYPE" : "NONE",
      "SIRE_MENTION_CLASS" : "SPC"
    },
    "type" : "Company",
    "begin" : 1406,
    "end" : 1410,
    "inCoref" : true
  }, {
    "id" : "1151252381140327__-785762719-M35",
    "properties" : {
      "SIRE_ENTITY_SUBTYPE" : "NONE",
      "SIRE_MENTION_CLASS" : "SPC",
      "SIRE_MENTION_TYPE" : "NONE",
      "SIRE_ENTITY_CLASS" : "SPC",
      "SIRE_ENTITY_LEVEL" : "NONE",
      "SIRE_MENTION_ROLE" : "Consumer"
    },
    "type" : "Consumer",
    "begin" : 1424,
    "end" : 1425,
    "inCoref" : true
  }, {
    "id" : "s13-m8",
    "properties" : {
      "SIRE_MENTION_ROLE" : "Product",
      "SIRE_ENTITY_SUBTYPE" : "NONE",
      "SIRE_MENTION_TYPE" : "NONE",
      "SIRE_MENTION_CLASS" : "SPC"
    },
    "type" : "Product",
    "begin" : 1442,
    "end" : 1446,
    "inCoref" : true
  }, {
    "id" : "1151252381140327__-785762719-M36",
    "properties" : {
      "SIRE_ENTITY_SUBTYPE" : "NONE",
      "SIRE_MENTION_CLASS" : "SPC",
      "SIRE_MENTION_TYPE" : "NONE",
      "SIRE_ENTITY_CLASS" : "SPC",
      "SIRE_ENTITY_LEVEL" : "NONE",
      "SIRE_MENTION_ROLE" : "Descriptor"
    },
    "type" : "Descriptor",
    "begin" : 1452,
    "end" : 1466,
    "inCoref" : false
  }, {
    "id" : "1151252381140327__-785762719-M37",
    "properties" : {
      "SIRE_ENTITY_SUBTYPE" : "NONE",
      "SIRE_MENTION_CLASS" : "SPC",
      "SIRE_MENTION_TYPE" : "NONE",
      "SIRE_ENTITY_CLASS" : "SPC",
      "SIRE_ENTITY_LEVEL" : "NONE",
      "SIRE_MENTION_ROLE" : "Descriptor"
    },
    "type" : "Descriptor",
    "begin" : 1471,
    "end" : 1496,
    "inCoref" : false
  }, {
    "id" : "s13-m7",
    "properties" : {
      "SIRE_MENTION_ROLE" : "Product",
      "SIRE_ENTITY_SUBTYPE" : "NONE",
      "SIRE_MENTION_TYPE" : "NONE",
      "SIRE_MENTION_CLASS" : "SPC"
    },
    "type" : "Product",
    "begin" : 1502,
    "end" : 1509,
    "inCoref" : false
  }, {
    "id" : "1151252381140327__-785762719-M39",
    "properties" : {
      "SIRE_ENTITY_SUBTYPE" : "NONE",
      "SIRE_MENTION_CLASS" : "SPC",
      "SIRE_MENTION_TYPE" : "NONE",
      "SIRE_ENTITY_CLASS" : "SPC",
      "SIRE_ENTITY_LEVEL" : "NONE",
      "SIRE_MENTION_ROLE" : "Consumer"
    },
    "type" : "Consumer",
    "begin" : 1514,
    "end" : 1515,
    "inCoref" : true
  }, {
    "id" : "1151252381140327__-785762719-M40",
    "properties" : {
      "SIRE_ENTITY_SUBTYPE" : "NONE",
      "SIRE_MENTION_CLASS" : "SPC",
      "SIRE_MENTION_TYPE" : "NONE",
      "SIRE_ENTITY_CLASS" : "SPC",
      "SIRE_ENTITY_LEVEL" : "NONE",
      "SIRE_MENTION_ROLE" : "Consumer"
    },
    "type" : "Consumer",
    "begin" : 1523,
    "end" : 1524,
    "inCoref" : true
  }, {
    "id" : "s14-m2",
    "properties" : {
      "SIRE_MENTION_ROLE" : "Feature",
      "SIRE_ENTITY_SUBTYPE" : "NONE",
      "SIRE_MENTION_TYPE" : "NONE",
      "SIRE_MENTION_CLASS" : "SPC"
    },
    "type" : "Feature",
    "begin" : 1571,
    "end" : 1595,
    "inCoref" : false
  }, {
    "id" : "s14-m3",
    "properties" : {
      "SIRE_MENTION_ROLE" : "Descriptor",
      "SIRE_ENTITY_SUBTYPE" : "NONE",
      "SIRE_MENTION_TYPE" : "NONE",
      "SIRE_MENTION_CLASS" : "SPC"
    },
    "type" : "Descriptor",
    "begin" : 1622,
    "end" : 1637,
    "inCoref" : false
  }, {
    "id" : "1151252381140327__-785762719-M41",
    "properties" : {
      "SIRE_ENTITY_SUBTYPE" : "NONE",
      "SIRE_MENTION_CLASS" : "SPC",
      "SIRE_MENTION_TYPE" : "NONE",
      "SIRE_ENTITY_CLASS" : "SPC",
      "SIRE_ENTITY_LEVEL" : "NONE",
      "SIRE_MENTION_ROLE" : "Consumer"
    },
    "type" : "Consumer",
    "begin" : 1660,
    "end" : 1661,
    "inCoref" : true
  }, {
    "id" : "1151252381140327__-785762719-M42",
    "properties" : {
      "SIRE_ENTITY_SUBTYPE" : "NONE",
      "SIRE_MENTION_CLASS" : "SPC",
      "SIRE_MENTION_TYPE" : "NONE",
      "SIRE_ENTITY_CLASS" : "SPC",
      "SIRE_ENTITY_LEVEL" : "NONE",
      "SIRE_MENTION_ROLE" : "Consumer"
    },
    "type" : "Consumer",
    "begin" : 1673,
    "end" : 1674,
    "inCoref" : true
  }, {
    "id" : "1151252381140327__-785762719-M43",
    "properties" : {
      "SIRE_ENTITY_SUBTYPE" : "NONE",
      "SIRE_MENTION_CLASS" : "SPC",
      "SIRE_MENTION_TYPE" : "NONE",
      "SIRE_ENTITY_CLASS" : "SPC",
      "SIRE_ENTITY_LEVEL" : "NONE",
      "SIRE_MENTION_ROLE" : "Consumer"
    },
    "type" : "Consumer",
    "begin" : 1699,
    "end" : 1700,
    "inCoref" : true
  }, {
    "id" : "1151252381140327__-785762719-M44",
    "properties" : {
      "SIRE_ENTITY_SUBTYPE" : "NONE",
      "SIRE_MENTION_CLASS" : "SPC",
      "SIRE_MENTION_TYPE" : "NONE",
      "SIRE_ENTITY_CLASS" : "SPC",
      "SIRE_ENTITY_LEVEL" : "NONE",
      "SIRE_MENTION_ROLE" : "Consumer"
    },
    "type" : "Consumer",
    "begin" : 1743,
    "end" : 1744,
    "inCoref" : true
  }, {
    "id" : "1151252381140327__-785762719-M46",
    "properties" : {
      "SIRE_ENTITY_SUBTYPE" : "NONE",
      "SIRE_MENTION_CLASS" : "SPC",
      "SIRE_MENTION_TYPE" : "NONE",
      "SIRE_ENTITY_CLASS" : "SPC",
      "SIRE_ENTITY_LEVEL" : "NONE",
      "SIRE_MENTION_ROLE" : "Consumer"
    },
    "type" : "Consumer",
    "begin" : 1784,
    "end" : 1785,
    "inCoref" : true
  }, {
    "id" : "s16-m4",
    "properties" : {
      "SIRE_MENTION_ROLE" : "Company",
      "SIRE_ENTITY_SUBTYPE" : "NONE",
      "SIRE_MENTION_TYPE" : "NONE",
      "SIRE_MENTION_CLASS" : "SPC"
    },
    "type" : "Company",
    "begin" : 1857,
    "end" : 1861,
    "inCoref" : true
  }, {
    "id" : "1151252381140327__-785762719-M48",
    "properties" : {
      "SIRE_ENTITY_SUBTYPE" : "NONE",
      "SIRE_MENTION_CLASS" : "SPC",
      "SIRE_MENTION_TYPE" : "NONE",
      "SIRE_ENTITY_CLASS" : "SPC",
      "SIRE_ENTITY_LEVEL" : "NONE",
      "SIRE_MENTION_ROLE" : "Product"
    },
    "type" : "Product",
    "begin" : 1862,
    "end" : 1870,
    "inCoref" : true
  }, {
    "id" : "1151252381140327__-785762719-M49",
    "properties" : {
      "SIRE_ENTITY_SUBTYPE" : "NONE",
      "SIRE_MENTION_CLASS" : "SPC",
      "SIRE_MENTION_TYPE" : "NONE",
      "SIRE_ENTITY_CLASS" : "SPC",
      "SIRE_ENTITY_LEVEL" : "NONE",
      "SIRE_MENTION_ROLE" : "Consumer"
    },
    "type" : "Consumer",
    "begin" : 1931,
    "end" : 1932,
    "inCoref" : true
  }, {
    "id" : "s18-m3",
    "properties" : {
      "SIRE_MENTION_ROLE" : "Product",
      "SIRE_ENTITY_SUBTYPE" : "NONE",
      "SIRE_MENTION_TYPE" : "NONE",
      "SIRE_MENTION_CLASS" : "SPC"
    },
    "type" : "Product",
    "begin" : 2062,
    "end" : 2064,
    "inCoref" : true
  }, {
    "id" : "1151252381140327__-785762719-M50",
    "properties" : {
      "SIRE_ENTITY_SUBTYPE" : "NONE",
      "SIRE_MENTION_CLASS" : "SPC",
      "SIRE_MENTION_TYPE" : "NONE",
      "SIRE_ENTITY_CLASS" : "SPC",
      "SIRE_ENTITY_LEVEL" : "NONE",
      "SIRE_MENTION_ROLE" : "Product"
    },
    "type" : "Product",
    "begin" : 2199,
    "end" : 2207,
    "inCoref" : true
  }, {
    "id" : "1151252381140327__-785762719-M51",
    "properties" : {
      "SIRE_ENTITY_SUBTYPE" : "NONE",
      "SIRE_MENTION_CLASS" : "SPC",
      "SIRE_MENTION_TYPE" : "NONE",
      "SIRE_ENTITY_CLASS" : "SPC",
      "SIRE_ENTITY_LEVEL" : "NONE",
      "SIRE_MENTION_ROLE" : "Feature"
    },
    "type" : "Feature",
    "begin" : 2208,
    "end" : 2213,
    "inCoref" : false
  }, {
    "id" : "1151252381140327__-785762719-M52",
    "properties" : {
      "SIRE_ENTITY_SUBTYPE" : "NONE",
      "SIRE_MENTION_CLASS" : "SPC",
      "SIRE_MENTION_TYPE" : "NONE",
      "SIRE_ENTITY_CLASS" : "SPC",
      "SIRE_ENTITY_LEVEL" : "NONE",
      "SIRE_MENTION_ROLE" : "Consumer"
    },
    "type" : "Consumer",
    "begin" : 2215,
    "end" : 2216,
    "inCoref" : true
  }, {
    "id" : "1151252381140327__-785762719-M53",
    "properties" : {
      "SIRE_MENTION_ROLE" : "Company",
      "SIRE_ENTITY_SUBTYPE" : "NONE",
      "SIRE_MENTION_TYPE" : "NONE",
      "SIRE_MENTION_CLASS" : "SPC"
    },
    "type" : "Company",
    "begin" : 2227,
    "end" : 2231,
    "inCoref" : true
  }, {
    "id" : "s19-m4",
    "properties" : {
      "SIRE_MENTION_ROLE" : "Customer_Service",
      "SIRE_ENTITY_SUBTYPE" : "NONE",
      "SIRE_MENTION_TYPE" : "NONE",
      "SIRE_MENTION_CLASS" : "SPC"
    },
    "type" : "Customer_Service",
    "begin" : 2232,
    "end" : 2239,
    "inCoref" : false
  }, {
    "id" : "1151252381140327__-785762719-M55",
    "properties" : {
      "SIRE_ENTITY_SUBTYPE" : "NONE",
      "SIRE_MENTION_CLASS" : "SPC",
      "SIRE_MENTION_TYPE" : "NONE",
      "SIRE_ENTITY_CLASS" : "SPC",
      "SIRE_ENTITY_LEVEL" : "NONE",
      "SIRE_MENTION_ROLE" : "Consumer"
    },
    "type" : "Consumer",
    "begin" : 2381,
    "end" : 2382,
    "inCoref" : true
  }, {
    "id" : "1151252381140327__-785762719-M56",
    "properties" : {
      "SIRE_ENTITY_SUBTYPE" : "NONE",
      "SIRE_MENTION_CLASS" : "SPC",
      "SIRE_MENTION_TYPE" : "NONE",
      "SIRE_ENTITY_CLASS" : "SPC",
      "SIRE_ENTITY_LEVEL" : "NONE",
      "SIRE_MENTION_ROLE" : "Product"
    },
    "type" : "Product",
    "begin" : 2438,
    "end" : 2442,
    "inCoref" : true
  }, {
    "id" : "1151252381140327__-785762719-M59",
    "properties" : {
      "SIRE_ENTITY_SUBTYPE" : "NONE",
      "SIRE_MENTION_CLASS" : "SPC",
      "SIRE_MENTION_TYPE" : "NONE",
      "SIRE_ENTITY_CLASS" : "SPC",
      "SIRE_ENTITY_LEVEL" : "NONE",
      "SIRE_MENTION_ROLE" : "Consumer"
    },
    "type" : "Consumer",
    "begin" : 2592,
    "end" : 2593,
    "inCoref" : true
  }, {
    "id" : "1151252381140327__-785762719-M60",
    "properties" : {
      "SIRE_ENTITY_SUBTYPE" : "NONE",
      "SIRE_MENTION_CLASS" : "SPC",
      "SIRE_MENTION_TYPE" : "NONE",
      "SIRE_ENTITY_CLASS" : "SPC",
      "SIRE_ENTITY_LEVEL" : "NONE",
      "SIRE_MENTION_ROLE" : "Product"
    },
    "type" : "Product",
    "begin" : 2613,
    "end" : 2625,
    "inCoref" : true
  } ],
  "relations" : [ {
    "id" : "s1-r1",
    "properties" : { },
    "type" : "madeBy",
    "args" : [ "1151252381140327__-785762719-M2", "s1-m4" ]
  }, {
    "id" : "s1-r2",
    "properties" : { },
    "type" : "hasFeature",
    "args" : [ "1151252381140327__-785762719-M2", "s1-m5" ]
  }, {
    "id" : "s1-r3",
    "properties" : { },
    "type" : "hasQuality",
    "args" : [ "s1-m5", "s1-m6" ]
  }, {
    "id" : "s2-r1",
    "properties" : { },
    "type" : "hasQuality",
    "args" : [ "s2-m4", "s2-m5" ]
  }, {
    "id" : "1151252381140327__-785762719-R2-1",
    "properties" : {
      "SIRE_RELATION_CLASS" : "SPECIFIC",
      "SIRE_RELATION_SUBTYPE" : "OTHER",
      "SIRE_RELATION_MODALITY" : "ASSERTED",
      "SIRE_RELATION_TENSE" : "UNSPECIFIED"
    },
    "type" : "hasQuality",
    "args" : [ "1151252381140327__-785762719-M8", "1151252381140327__-785762719-M9" ]
  }, {
    "id" : "s4-r1",
    "properties" : { },
    "type" : "hasQuality",
    "args" : [ "s4-m2", "1151252381140327__-785762719-M10" ]
  }, {
    "id" : "s5-r1",
    "properties" : { },
    "type" : "hasQuality",
    "args" : [ "s5-m2", "1151252381140327__-785762719-M11" ]
  }, {
    "id" : "s6-r3",
    "properties" : { },
    "type" : "hasQuality",
    "args" : [ "1151252381140327__-785762719-M12", "s6-m5" ]
  }, {
    "id" : "s6-r4",
    "properties" : { },
    "type" : "hasQuality",
    "args" : [ "1151252381140327__-785762719-M13", "s6-m5" ]
  }, {
    "id" : "s8-r6",
    "properties" : { },
    "type" : "hasQuality",
    "args" : [ "s8-m7", "s8-m8" ]
  }, {
    "id" : "s8-r7",
    "properties" : { },
    "type" : "hasFeature",
    "args" : [ "s8-m12", "s8-m7" ]
  }, {
    "id" : "s8-r8",
    "properties" : { },
    "type" : "hasFeature",
    "args" : [ "s8-m12", "s8-m11" ]
  }, {
    "id" : "s8-r9",
    "properties" : { },
    "type" : "hasFeature",
    "args" : [ "s8-m12", "s8-m9" ]
  }, {
    "id" : "s8-r10",
    "properties" : { },
    "type" : "hasFeature",
    "args" : [ "s8-m12", "s8-m10" ]
  }, {
    "id" : "1151252381140327__-785762719-R9-1",
    "properties" : {
      "SIRE_RELATION_CLASS" : "SPECIFIC",
      "SIRE_RELATION_SUBTYPE" : "OTHER",
      "SIRE_RELATION_MODALITY" : "ASSERTED",
      "SIRE_RELATION_TENSE" : "UNSPECIFIED"
    },
    "type" : "hasFeature",
    "args" : [ "1151252381140327__-785762719-M25", "1151252381140327__-785762719-M26" ]
  }, {
    "id" : "s11-r1",
    "properties" : { },
    "type" : "hasQuality",
    "args" : [ "s11-m6", "s11-m7" ]
  }, {
    "id" : "s11-r2",
    "properties" : { },
    "type" : "hasFeature",
    "args" : [ "1151252381140327__-785762719-M30", "s11-m6" ]
  }, {
    "id" : "s13-r1",
    "properties" : { },
    "type" : "hasQuality",
    "args" : [ "s13-m8", "1151252381140327__-785762719-M36" ]
  }, {
    "id" : "s13-r2",
    "properties" : { },
    "type" : "hasQuality",
    "args" : [ "s13-m8", "1151252381140327__-785762719-M37" ]
  }, {
    "id" : "s14-r1",
    "properties" : { },
    "type" : "hasQuality",
    "args" : [ "s14-m2", "s14-m3" ]
  }, {
    "id" : "s16-r2",
    "properties" : { },
    "type" : "madeBy",
    "args" : [ "1151252381140327__-785762719-M48", "s16-m4" ]
  }, {
    "id" : "1151252381140327__-785762719-R12-1",
    "properties" : {
      "SIRE_RELATION_CLASS" : "SPECIFIC",
      "SIRE_RELATION_SUBTYPE" : "OTHER",
      "SIRE_RELATION_MODALITY" : "ASSERTED",
      "SIRE_RELATION_TENSE" : "UNSPECIFIED"
    },
    "type" : "hasFeature",
    "args" : [ "1151252381140327__-785762719-M50", "1151252381140327__-785762719-M51" ]
  }, {
    "id" : "s19-r1",
    "properties" : { },
    "type" : "isAPartOf",
    "args" : [ "s19-m4", "1151252381140327__-785762719-M53" ]
  } ],
  "corefs" : [ {
    "id" : "1151252381140327__-785762719-E0",
    "properties" : { },
    "mentions" : [ "1151252381140327__-785762719-M0", "1151252381140327__-785762719-M1", "1151252381140327__-785762719-M22", "1151252381140327__-785762719-M27", "1151252381140327__-785762719-M29", "1151252381140327__-785762719-M31", "1151252381140327__-785762719-M32", "1151252381140327__-785762719-M35", "1151252381140327__-785762719-M39", "1151252381140327__-785762719-M4", "1151252381140327__-785762719-M40", "1151252381140327__-785762719-M41", "1151252381140327__-785762719-M42", "1151252381140327__-785762719-M43", "1151252381140327__-785762719-M44", "1151252381140327__-785762719-M46", "1151252381140327__-785762719-M49", "1151252381140327__-785762719-M52", "1151252381140327__-785762719-M55", "1151252381140327__-785762719-M59" ]
  }, {
    "id" : "c5",
    "properties" : { },
    "mentions" : [ "s0-m2", "s8-m12", "s13-m8", "s18-m3", "1151252381140327__-785762719-M2", "1151252381140327__-785762719-M20", "1151252381140327__-785762719-M25", "1151252381140327__-785762719-M3", "1151252381140327__-785762719-M30", "1151252381140327__-785762719-M48", "1151252381140327__-785762719-M50", "1151252381140327__-785762719-M56", "1151252381140327__-785762719-M60" ]
  }, {
    "id" : "c6",
    "properties" : { },
    "mentions" : [ "s1-m4", "s11-m5", "s16-m4", "1151252381140327__-785762719-M53", "1151252381140327__-785762719-M33" ]
  } ],
  "typeResolved" : true,
  "userResolved" : true
}