{
  "id" : "d442e3a2-8558-4659-89ed-fe6d3041fee7-12",
  "modifiedDate" : 1468337051243,
  "name" : "review36.txt",
  "version" : 2,
  "text" : "I purchased this TV to be a small bedroom TV. Within 48 hours of owning it, I wanted to sell our large living room TV and replace it with a Roku TV.  I have started recommending Roku TVs to anyone without cable/satellite. You only need one remote, and everything just works. (I have a universal remote for my other TV, and I'm fine with it, but other household members are not, and we all prefer the Roku tv/remote to the universal)  The only minor complaint that I have is that there are no numbers on the remote for switching TV channels. It's only minor because pressing left or right on the remote brings up the channel list, and then you can quickly get to the channel that you want. \n\n",
  "docLength" : 691,
  "language" : "EN",
  "status" : "READY",
  "documentSet" : [ ],
  "sentences" : [ {
    "id" : "s0",
    "begin" : 0,
    "end" : 45,
    "text" : "I purchased this TV to be a small bedroom TV.",
    "tokens" : [ {
      "id" : "s0-t0",
      "begin" : 0,
      "end" : 1,
      "text" : "I",
      "whiteSpace" : false
    }, {
      "id" : "s0-t1",
      "begin" : 2,
      "end" : 11,
      "text" : "purchased",
      "whiteSpace" : false
    }, {
      "id" : "s0-t2",
      "begin" : 12,
      "end" : 16,
      "text" : "this",
      "whiteSpace" : false
    }, {
      "id" : "s0-t3",
      "begin" : 17,
      "end" : 19,
      "text" : "TV",
      "whiteSpace" : false
    }, {
      "id" : "s0-t4",
      "begin" : 20,
      "end" : 22,
      "text" : "to",
      "whiteSpace" : false
    }, {
      "id" : "s0-t5",
      "begin" : 23,
      "end" : 25,
      "text" : "be",
      "whiteSpace" : false
    }, {
      "id" : "s0-t6",
      "begin" : 26,
      "end" : 27,
      "text" : "a",
      "whiteSpace" : false
    }, {
      "id" : "s0-t7",
      "begin" : 28,
      "end" : 33,
      "text" : "small",
      "whiteSpace" : false
    }, {
      "id" : "s0-t8",
      "begin" : 34,
      "end" : 41,
      "text" : "bedroom",
      "whiteSpace" : false
    }, {
      "id" : "s0-t9",
      "begin" : 42,
      "end" : 44,
      "text" : "TV",
      "whiteSpace" : false
    }, {
      "id" : "s0-t10",
      "begin" : 44,
      "end" : 45,
      "text" : ".",
      "whiteSpace" : false
    } ]
  }, {
    "id" : "s1",
    "begin" : 46,
    "end" : 148,
    "text" : "Within 48 hours of owning it, I wanted to sell our large living room TV and replace it with a Roku TV.",
    "tokens" : [ {
      "id" : "s1-t0",
      "begin" : 46,
      "end" : 52,
      "text" : "Within",
      "whiteSpace" : false
    }, {
      "id" : "s1-t1",
      "begin" : 53,
      "end" : 55,
      "text" : "48",
      "whiteSpace" : false
    }, {
      "id" : "s1-t2",
      "begin" : 56,
      "end" : 61,
      "text" : "hours",
      "whiteSpace" : false
    }, {
      "id" : "s1-t3",
      "begin" : 62,
      "end" : 64,
      "text" : "of",
      "whiteSpace" : false
    }, {
      "id" : "s1-t4",
      "begin" : 65,
      "end" : 71,
      "text" : "owning",
      "whiteSpace" : false
    }, {
      "id" : "s1-t5",
      "begin" : 72,
      "end" : 74,
      "text" : "it",
      "whiteSpace" : false
    }, {
      "id" : "s1-t6",
      "begin" : 74,
      "end" : 75,
      "text" : ",",
      "whiteSpace" : false
    }, {
      "id" : "s1-t7",
      "begin" : 76,
      "end" : 77,
      "text" : "I",
      "whiteSpace" : false
    }, {
      "id" : "s1-t8",
      "begin" : 78,
      "end" : 84,
      "text" : "wanted",
      "whiteSpace" : false
    }, {
      "id" : "s1-t9",
      "begin" : 85,
      "end" : 87,
      "text" : "to",
      "whiteSpace" : false
    }, {
      "id" : "s1-t10",
      "begin" : 88,
      "end" : 92,
      "text" : "sell",
      "whiteSpace" : false
    }, {
      "id" : "s1-t11",
      "begin" : 93,
      "end" : 96,
      "text" : "our",
      "whiteSpace" : false
    }, {
      "id" : "s1-t12",
      "begin" : 97,
      "end" : 102,
      "text" : "large",
      "whiteSpace" : false
    }, {
      "id" : "s1-t13",
      "begin" : 103,
      "end" : 109,
      "text" : "living",
      "whiteSpace" : false
    }, {
      "id" : "s1-t14",
      "begin" : 110,
      "end" : 114,
      "text" : "room",
      "whiteSpace" : false
    }, {
      "id" : "s1-t15",
      "begin" : 115,
      "end" : 117,
      "text" : "TV",
      "whiteSpace" : false
    }, {
      "id" : "s1-t16",
      "begin" : 118,
      "end" : 121,
      "text" : "and",
      "whiteSpace" : false
    }, {
      "id" : "s1-t17",
      "begin" : 122,
      "end" : 129,
      "text" : "replace",
      "whiteSpace" : false
    }, {
      "id" : "s1-t18",
      "begin" : 130,
      "end" : 132,
      "text" : "it",
      "whiteSpace" : false
    }, {
      "id" : "s1-t19",
      "begin" : 133,
      "end" : 137,
      "text" : "with",
      "whiteSpace" : false
    }, {
      "id" : "s1-t20",
      "begin" : 138,
      "end" : 139,
      "text" : "a",
      "whiteSpace" : false
    }, {
      "id" : "s1-t21",
      "begin" : 140,
      "end" : 144,
      "text" : "Roku",
      "whiteSpace" : false
    }, {
      "id" : "s1-t22",
      "begin" : 145,
      "end" : 147,
      "text" : "TV",
      "whiteSpace" : false
    }, {
      "id" : "s1-t23",
      "begin" : 147,
      "end" : 148,
      "text" : ".",
      "whiteSpace" : false
    } ]
  }, {
    "id" : "s2",
    "begin" : 150,
    "end" : 221,
    "text" : "I have started recommending Roku TVs to anyone without cable/satellite.",
    "tokens" : [ {
      "id" : "s2-t0",
      "begin" : 150,
      "end" : 151,
      "text" : "I",
      "whiteSpace" : false
    }, {
      "id" : "s2-t1",
      "begin" : 152,
      "end" : 156,
      "text" : "have",
      "whiteSpace" : false
    }, {
      "id" : "s2-t2",
      "begin" : 157,
      "end" : 164,
      "text" : "started",
      "whiteSpace" : false
    }, {
      "id" : "s2-t3",
      "begin" : 165,
      "end" : 177,
      "text" : "recommending",
      "whiteSpace" : false
    }, {
      "id" : "s2-t4",
      "begin" : 178,
      "end" : 182,
      "text" : "Roku",
      "whiteSpace" : false
    }, {
      "id" : "s2-t5",
      "begin" : 183,
      "end" : 186,
      "text" : "TVs",
      "whiteSpace" : false
    }, {
      "id" : "s2-t6",
      "begin" : 187,
      "end" : 189,
      "text" : "to",
      "whiteSpace" : false
    }, {
      "id" : "s2-t7",
      "begin" : 190,
      "end" : 196,
      "text" : "anyone",
      "whiteSpace" : false
    }, {
      "id" : "s2-t8",
      "begin" : 197,
      "end" : 204,
      "text" : "without",
      "whiteSpace" : false
    }, {
      "id" : "s2-t9",
      "begin" : 205,
      "end" : 210,
      "text" : "cable",
      "whiteSpace" : false
    }, {
      "id" : "s2-t10",
      "begin" : 210,
      "end" : 211,
      "text" : "/",
      "whiteSpace" : false
    }, {
      "id" : "s2-t11",
      "begin" : 211,
      "end" : 220,
      "text" : "satellite",
      "whiteSpace" : false
    }, {
      "id" : "s2-t12",
      "begin" : 220,
      "end" : 221,
      "text" : ".",
      "whiteSpace" : false
    } ]
  }, {
    "id" : "s3",
    "begin" : 222,
    "end" : 274,
    "text" : "You only need one remote, and everything just works.",
    "tokens" : [ {
      "id" : "s3-t0",
      "begin" : 222,
      "end" : 225,
      "text" : "You",
      "whiteSpace" : false
    }, {
      "id" : "s3-t1",
      "begin" : 226,
      "end" : 230,
      "text" : "only",
      "whiteSpace" : false
    }, {
      "id" : "s3-t2",
      "begin" : 231,
      "end" : 235,
      "text" : "need",
      "whiteSpace" : false
    }, {
      "id" : "s3-t3",
      "begin" : 236,
      "end" : 239,
      "text" : "one",
      "whiteSpace" : false
    }, {
      "id" : "s3-t4",
      "begin" : 240,
      "end" : 246,
      "text" : "remote",
      "whiteSpace" : false
    }, {
      "id" : "s3-t5",
      "begin" : 246,
      "end" : 247,
      "text" : ",",
      "whiteSpace" : false
    }, {
      "id" : "s3-t6",
      "begin" : 248,
      "end" : 251,
      "text" : "and",
      "whiteSpace" : false
    }, {
      "id" : "s3-t7",
      "begin" : 252,
      "end" : 262,
      "text" : "everything",
      "whiteSpace" : false
    }, {
      "id" : "s3-t8",
      "begin" : 263,
      "end" : 267,
      "text" : "just",
      "whiteSpace" : false
    }, {
      "id" : "s3-t9",
      "begin" : 268,
      "end" : 273,
      "text" : "works",
      "whiteSpace" : false
    }, {
      "id" : "s3-t10",
      "begin" : 273,
      "end" : 274,
      "text" : ".",
      "whiteSpace" : false
    } ]
  }, {
    "id" : "s4",
    "begin" : 275,
    "end" : 540,
    "text" : "(I have a universal remote for my other TV, and I'm fine with it, but other household members are not, and we all prefer the Roku tv/remote to the universal)  The only minor complaint that I have is that there are no numbers on the remote for switching TV channels.",
    "tokens" : [ {
      "id" : "s4-t0",
      "begin" : 275,
      "end" : 276,
      "text" : "(",
      "whiteSpace" : false
    }, {
      "id" : "s4-t1",
      "begin" : 276,
      "end" : 277,
      "text" : "I",
      "whiteSpace" : false
    }, {
      "id" : "s4-t2",
      "begin" : 278,
      "end" : 282,
      "text" : "have",
      "whiteSpace" : false
    }, {
      "id" : "s4-t3",
      "begin" : 283,
      "end" : 284,
      "text" : "a",
      "whiteSpace" : false
    }, {
      "id" : "s4-t4",
      "begin" : 285,
      "end" : 294,
      "text" : "universal",
      "whiteSpace" : false
    }, {
      "id" : "s4-t5",
      "begin" : 295,
      "end" : 301,
      "text" : "remote",
      "whiteSpace" : false
    }, {
      "id" : "s4-t6",
      "begin" : 302,
      "end" : 305,
      "text" : "for",
      "whiteSpace" : false
    }, {
      "id" : "s4-t7",
      "begin" : 306,
      "end" : 308,
      "text" : "my",
      "whiteSpace" : false
    }, {
      "id" : "s4-t8",
      "begin" : 309,
      "end" : 314,
      "text" : "other",
      "whiteSpace" : false
    }, {
      "id" : "s4-t9",
      "begin" : 315,
      "end" : 317,
      "text" : "TV",
      "whiteSpace" : false
    }, {
      "id" : "s4-t10",
      "begin" : 317,
      "end" : 318,
      "text" : ",",
      "whiteSpace" : false
    }, {
      "id" : "s4-t11",
      "begin" : 319,
      "end" : 322,
      "text" : "and",
      "whiteSpace" : false
    }, {
      "id" : "s4-t12",
      "begin" : 323,
      "end" : 324,
      "text" : "I",
      "whiteSpace" : false
    }, {
      "id" : "s4-t13",
      "begin" : 324,
      "end" : 326,
      "text" : "'m",
      "whiteSpace" : false
    }, {
      "id" : "s4-t14",
      "begin" : 327,
      "end" : 331,
      "text" : "fine",
      "whiteSpace" : false
    }, {
      "id" : "s4-t15",
      "begin" : 332,
      "end" : 336,
      "text" : "with",
      "whiteSpace" : false
    }, {
      "id" : "s4-t16",
      "begin" : 337,
      "end" : 339,
      "text" : "it",
      "whiteSpace" : false
    }, {
      "id" : "s4-t17",
      "begin" : 339,
      "end" : 340,
      "text" : ",",
      "whiteSpace" : false
    }, {
      "id" : "s4-t18",
      "begin" : 341,
      "end" : 344,
      "text" : "but",
      "whiteSpace" : false
    }, {
      "id" : "s4-t19",
      "begin" : 345,
      "end" : 350,
      "text" : "other",
      "whiteSpace" : false
    }, {
      "id" : "s4-t20",
      "begin" : 351,
      "end" : 360,
      "text" : "household",
      "whiteSpace" : false
    }, {
      "id" : "s4-t21",
      "begin" : 361,
      "end" : 368,
      "text" : "members",
      "whiteSpace" : false
    }, {
      "id" : "s4-t22",
      "begin" : 369,
      "end" : 372,
      "text" : "are",
      "whiteSpace" : false
    }, {
      "id" : "s4-t23",
      "begin" : 373,
      "end" : 376,
      "text" : "not",
      "whiteSpace" : false
    }, {
      "id" : "s4-t24",
      "begin" : 376,
      "end" : 377,
      "text" : ",",
      "whiteSpace" : false
    }, {
      "id" : "s4-t25",
      "begin" : 378,
      "end" : 381,
      "text" : "and",
      "whiteSpace" : false
    }, {
      "id" : "s4-t26",
      "begin" : 382,
      "end" : 384,
      "text" : "we",
      "whiteSpace" : false
    }, {
      "id" : "s4-t27",
      "begin" : 385,
      "end" : 388,
      "text" : "all",
      "whiteSpace" : false
    }, {
      "id" : "s4-t28",
      "begin" : 389,
      "end" : 395,
      "text" : "prefer",
      "whiteSpace" : false
    }, {
      "id" : "s4-t29",
      "begin" : 396,
      "end" : 399,
      "text" : "the",
      "whiteSpace" : false
    }, {
      "id" : "s4-t30",
      "begin" : 400,
      "end" : 404,
      "text" : "Roku",
      "whiteSpace" : false
    }, {
      "id" : "s4-t31",
      "begin" : 405,
      "end" : 414,
      "text" : "tv/remote",
      "whiteSpace" : false
    }, {
      "id" : "s4-t32",
      "begin" : 415,
      "end" : 417,
      "text" : "to",
      "whiteSpace" : false
    }, {
      "id" : "s4-t33",
      "begin" : 418,
      "end" : 421,
      "text" : "the",
      "whiteSpace" : false
    }, {
      "id" : "s4-t34",
      "begin" : 422,
      "end" : 431,
      "text" : "universal",
      "whiteSpace" : false
    }, {
      "id" : "s4-t35",
      "begin" : 431,
      "end" : 432,
      "text" : ")",
      "whiteSpace" : false
    }, {
      "id" : "s4-t36",
      "begin" : 434,
      "end" : 437,
      "text" : "The",
      "whiteSpace" : false
    }, {
      "id" : "s4-t37",
      "begin" : 438,
      "end" : 442,
      "text" : "only",
      "whiteSpace" : false
    }, {
      "id" : "s4-t38",
      "begin" : 443,
      "end" : 448,
      "text" : "minor",
      "whiteSpace" : false
    }, {
      "id" : "s4-t39",
      "begin" : 449,
      "end" : 458,
      "text" : "complaint",
      "whiteSpace" : false
    }, {
      "id" : "s4-t40",
      "begin" : 459,
      "end" : 463,
      "text" : "that",
      "whiteSpace" : false
    }, {
      "id" : "s4-t41",
      "begin" : 464,
      "end" : 465,
      "text" : "I",
      "whiteSpace" : false
    }, {
      "id" : "s4-t42",
      "begin" : 466,
      "end" : 470,
      "text" : "have",
      "whiteSpace" : false
    }, {
      "id" : "s4-t43",
      "begin" : 471,
      "end" : 473,
      "text" : "is",
      "whiteSpace" : false
    }, {
      "id" : "s4-t44",
      "begin" : 474,
      "end" : 478,
      "text" : "that",
      "whiteSpace" : false
    }, {
      "id" : "s4-t45",
      "begin" : 479,
      "end" : 484,
      "text" : "there",
      "whiteSpace" : false
    }, {
      "id" : "s4-t46",
      "begin" : 485,
      "end" : 488,
      "text" : "are",
      "whiteSpace" : false
    }, {
      "id" : "s4-t47",
      "begin" : 489,
      "end" : 491,
      "text" : "no",
      "whiteSpace" : false
    }, {
      "id" : "s4-t48",
      "begin" : 492,
      "end" : 499,
      "text" : "numbers",
      "whiteSpace" : false
    }, {
      "id" : "s4-t49",
      "begin" : 500,
      "end" : 502,
      "text" : "on",
      "whiteSpace" : false
    }, {
      "id" : "s4-t50",
      "begin" : 503,
      "end" : 506,
      "text" : "the",
      "whiteSpace" : false
    }, {
      "id" : "s4-t51",
      "begin" : 507,
      "end" : 513,
      "text" : "remote",
      "whiteSpace" : false
    }, {
      "id" : "s4-t52",
      "begin" : 514,
      "end" : 517,
      "text" : "for",
      "whiteSpace" : false
    }, {
      "id" : "s4-t53",
      "begin" : 518,
      "end" : 527,
      "text" : "switching",
      "whiteSpace" : false
    }, {
      "id" : "s4-t54",
      "begin" : 528,
      "end" : 530,
      "text" : "TV",
      "whiteSpace" : false
    }, {
      "id" : "s4-t55",
      "begin" : 531,
      "end" : 539,
      "text" : "channels",
      "whiteSpace" : false
    }, {
      "id" : "s4-t56",
      "begin" : 539,
      "end" : 540,
      "text" : ".",
      "whiteSpace" : false
    } ]
  }, {
    "id" : "s5",
    "begin" : 541,
    "end" : 688,
    "text" : "It's only minor because pressing left or right on the remote brings up the channel list, and then you can quickly get to the channel that you want.",
    "tokens" : [ {
      "id" : "s5-t0",
      "begin" : 541,
      "end" : 543,
      "text" : "It",
      "whiteSpace" : false
    }, {
      "id" : "s5-t1",
      "begin" : 543,
      "end" : 545,
      "text" : "'s",
      "whiteSpace" : false
    }, {
      "id" : "s5-t2",
      "begin" : 546,
      "end" : 550,
      "text" : "only",
      "whiteSpace" : false
    }, {
      "id" : "s5-t3",
      "begin" : 551,
      "end" : 556,
      "text" : "minor",
      "whiteSpace" : false
    }, {
      "id" : "s5-t4",
      "begin" : 557,
      "end" : 564,
      "text" : "because",
      "whiteSpace" : false
    }, {
      "id" : "s5-t5",
      "begin" : 565,
      "end" : 573,
      "text" : "pressing",
      "whiteSpace" : false
    }, {
      "id" : "s5-t6",
      "begin" : 574,
      "end" : 578,
      "text" : "left",
      "whiteSpace" : false
    }, {
      "id" : "s5-t7",
      "begin" : 579,
      "end" : 581,
      "text" : "or",
      "whiteSpace" : false
    }, {
      "id" : "s5-t8",
      "begin" : 582,
      "end" : 587,
      "text" : "right",
      "whiteSpace" : false
    }, {
      "id" : "s5-t9",
      "begin" : 588,
      "end" : 590,
      "text" : "on",
      "whiteSpace" : false
    }, {
      "id" : "s5-t10",
      "begin" : 591,
      "end" : 594,
      "text" : "the",
      "whiteSpace" : false
    }, {
      "id" : "s5-t11",
      "begin" : 595,
      "end" : 601,
      "text" : "remote",
      "whiteSpace" : false
    }, {
      "id" : "s5-t12",
      "begin" : 602,
      "end" : 608,
      "text" : "brings",
      "whiteSpace" : false
    }, {
      "id" : "s5-t13",
      "begin" : 609,
      "end" : 611,
      "text" : "up",
      "whiteSpace" : false
    }, {
      "id" : "s5-t14",
      "begin" : 612,
      "end" : 615,
      "text" : "the",
      "whiteSpace" : false
    }, {
      "id" : "s5-t15",
      "begin" : 616,
      "end" : 623,
      "text" : "channel",
      "whiteSpace" : false
    }, {
      "id" : "s5-t16",
      "begin" : 624,
      "end" : 628,
      "text" : "list",
      "whiteSpace" : false
    }, {
      "id" : "s5-t17",
      "begin" : 628,
      "end" : 629,
      "text" : ",",
      "whiteSpace" : false
    }, {
      "id" : "s5-t18",
      "begin" : 630,
      "end" : 633,
      "text" : "and",
      "whiteSpace" : false
    }, {
      "id" : "s5-t19",
      "begin" : 634,
      "end" : 638,
      "text" : "then",
      "whiteSpace" : false
    }, {
      "id" : "s5-t20",
      "begin" : 639,
      "end" : 642,
      "text" : "you",
      "whiteSpace" : false
    }, {
      "id" : "s5-t21",
      "begin" : 643,
      "end" : 646,
      "text" : "can",
      "whiteSpace" : false
    }, {
      "id" : "s5-t22",
      "begin" : 647,
      "end" : 654,
      "text" : "quickly",
      "whiteSpace" : false
    }, {
      "id" : "s5-t23",
      "begin" : 655,
      "end" : 658,
      "text" : "get",
      "whiteSpace" : false
    }, {
      "id" : "s5-t24",
      "begin" : 659,
      "end" : 661,
      "text" : "to",
      "whiteSpace" : false
    }, {
      "id" : "s5-t25",
      "begin" : 662,
      "end" : 665,
      "text" : "the",
      "whiteSpace" : false
    }, {
      "id" : "s5-t26",
      "begin" : 666,
      "end" : 673,
      "text" : "channel",
      "whiteSpace" : false
    }, {
      "id" : "s5-t27",
      "begin" : 674,
      "end" : 678,
      "text" : "that",
      "whiteSpace" : false
    }, {
      "id" : "s5-t28",
      "begin" : 679,
      "end" : 682,
      "text" : "you",
      "whiteSpace" : false
    }, {
      "id" : "s5-t29",
      "begin" : 683,
      "end" : 687,
      "text" : "want",
      "whiteSpace" : false
    }, {
      "id" : "s5-t30",
      "begin" : 687,
      "end" : 688,
      "text" : ".",
      "whiteSpace" : false
    } ]
  } ],
  "mentions" : [ {
    "id" : "m1",
    "properties" : {
      "SIRE_ENTITY_SUBTYPE" : "NONE",
      "SIRE_MENTION_CLASS" : "SPC",
      "SIRE_MENTION_TYPE" : "NONE",
      "SIRE_ENTITY_CLASS" : "SPC",
      "SIRE_ENTITY_LEVEL" : "NONE",
      "SIRE_MENTION_ROLE" : "Consumer"
    },
    "type" : "Consumer",
    "begin" : 0,
    "end" : 1,
    "inCoref" : true
  }, {
    "id" : "s0-m7",
    "properties" : {
      "SIRE_MENTION_ROLE" : "Descriptor",
      "SIRE_ENTITY_SUBTYPE" : "NONE",
      "SIRE_MENTION_TYPE" : "NONE",
      "SIRE_MENTION_CLASS" : "SPC"
    },
    "type" : "Descriptor",
    "begin" : 34,
    "end" : 41,
    "inCoref" : false
  }, {
    "id" : "m4",
    "properties" : {
      "SIRE_ENTITY_SUBTYPE" : "NONE",
      "SIRE_MENTION_CLASS" : "SPC",
      "SIRE_MENTION_TYPE" : "NONE",
      "SIRE_ENTITY_CLASS" : "SPC",
      "SIRE_ENTITY_LEVEL" : "NONE",
      "SIRE_MENTION_ROLE" : "Product"
    },
    "type" : "Product",
    "begin" : 42,
    "end" : 44,
    "inCoref" : true
  }, {
    "id" : "m5",
    "properties" : {
      "SIRE_MENTION_ROLE" : "Product",
      "SIRE_ENTITY_SUBTYPE" : "NONE",
      "SIRE_MENTION_TYPE" : "NONE",
      "SIRE_MENTION_CLASS" : "SPC"
    },
    "type" : "Product",
    "begin" : 72,
    "end" : 74,
    "inCoref" : true
  }, {
    "id" : "m6",
    "properties" : {
      "SIRE_ENTITY_SUBTYPE" : "NONE",
      "SIRE_MENTION_CLASS" : "SPC",
      "SIRE_MENTION_TYPE" : "NONE",
      "SIRE_ENTITY_CLASS" : "SPC",
      "SIRE_ENTITY_LEVEL" : "NONE",
      "SIRE_MENTION_ROLE" : "Consumer"
    },
    "type" : "Consumer",
    "begin" : 76,
    "end" : 77,
    "inCoref" : true
  }, {
    "id" : "m7",
    "originUser" : "mewassel@us.ibm.com",
    "properties" : {
      "SIRE_MENTION_ROLE" : "Descriptor",
      "SIRE_ENTITY_SUBTYPE" : "NONE",
      "SIRE_MENTION_TYPE" : "NONE",
      "SIRE_MENTION_CLASS" : "SPC"
    },
    "type" : "Descriptor",
    "begin" : 97,
    "end" : 102,
    "inCoref" : false
  }, {
    "id" : "m8",
    "originUser" : "mewassel@us.ibm.com",
    "properties" : {
      "SIRE_MENTION_ROLE" : "Descriptor",
      "SIRE_ENTITY_SUBTYPE" : "NONE",
      "SIRE_MENTION_TYPE" : "NONE",
      "SIRE_MENTION_CLASS" : "SPC"
    },
    "type" : "Descriptor",
    "begin" : 103,
    "end" : 114,
    "inCoref" : false
  }, {
    "id" : "m9",
    "properties" : {
      "SIRE_ENTITY_SUBTYPE" : "NONE",
      "SIRE_MENTION_CLASS" : "SPC",
      "SIRE_MENTION_TYPE" : "NONE",
      "SIRE_ENTITY_CLASS" : "SPC",
      "SIRE_ENTITY_LEVEL" : "NONE",
      "SIRE_MENTION_ROLE" : "Product"
    },
    "type" : "Product",
    "begin" : 115,
    "end" : 117,
    "inCoref" : true
  }, {
    "id" : "m10",
    "properties" : {
      "SIRE_MENTION_ROLE" : "Product",
      "SIRE_ENTITY_SUBTYPE" : "NONE",
      "SIRE_MENTION_TYPE" : "NONE",
      "SIRE_MENTION_CLASS" : "SPC"
    },
    "type" : "Product",
    "begin" : 130,
    "end" : 132,
    "inCoref" : true
  }, {
    "id" : "m11",
    "properties" : {
      "SIRE_MENTION_ROLE" : "Company",
      "SIRE_ENTITY_SUBTYPE" : "NONE",
      "SIRE_MENTION_TYPE" : "NONE",
      "SIRE_MENTION_CLASS" : "SPC"
    },
    "type" : "Company",
    "begin" : 140,
    "end" : 144,
    "inCoref" : true
  }, {
    "id" : "m12",
    "properties" : {
      "SIRE_ENTITY_SUBTYPE" : "NONE",
      "SIRE_MENTION_CLASS" : "SPC",
      "SIRE_MENTION_TYPE" : "NONE",
      "SIRE_ENTITY_CLASS" : "SPC",
      "SIRE_ENTITY_LEVEL" : "NONE",
      "SIRE_MENTION_ROLE" : "Product"
    },
    "type" : "Product",
    "begin" : 145,
    "end" : 147,
    "inCoref" : true
  }, {
    "id" : "m13",
    "properties" : {
      "SIRE_ENTITY_SUBTYPE" : "NONE",
      "SIRE_MENTION_CLASS" : "SPC",
      "SIRE_MENTION_TYPE" : "NONE",
      "SIRE_ENTITY_CLASS" : "SPC",
      "SIRE_ENTITY_LEVEL" : "NONE",
      "SIRE_MENTION_ROLE" : "Consumer"
    },
    "type" : "Consumer",
    "begin" : 150,
    "end" : 151,
    "inCoref" : true
  }, {
    "id" : "m14",
    "properties" : {
      "SIRE_MENTION_ROLE" : "Company",
      "SIRE_ENTITY_SUBTYPE" : "NONE",
      "SIRE_MENTION_TYPE" : "NONE",
      "SIRE_MENTION_CLASS" : "SPC"
    },
    "type" : "Company",
    "begin" : 178,
    "end" : 182,
    "inCoref" : true
  }, {
    "id" : "m15",
    "properties" : {
      "SIRE_MENTION_ROLE" : "Product",
      "SIRE_ENTITY_SUBTYPE" : "NONE",
      "SIRE_MENTION_TYPE" : "NONE",
      "SIRE_MENTION_CLASS" : "SPC"
    },
    "type" : "Product",
    "begin" : 183,
    "end" : 186,
    "inCoref" : true
  }, {
    "id" : "m16",
    "originUser" : "mewassel@us.ibm.com",
    "properties" : {
      "SIRE_MENTION_ROLE" : "Feature",
      "SIRE_ENTITY_SUBTYPE" : "NONE",
      "SIRE_MENTION_TYPE" : "NONE",
      "SIRE_MENTION_CLASS" : "SPC"
    },
    "type" : "Feature",
    "begin" : 236,
    "end" : 246,
    "inCoref" : true
  }, {
    "id" : "m17",
    "properties" : {
      "SIRE_ENTITY_SUBTYPE" : "NONE",
      "SIRE_MENTION_CLASS" : "SPC",
      "SIRE_MENTION_TYPE" : "NONE",
      "SIRE_ENTITY_CLASS" : "SPC",
      "SIRE_ENTITY_LEVEL" : "NONE",
      "SIRE_MENTION_ROLE" : "Consumer"
    },
    "type" : "Consumer",
    "begin" : 276,
    "end" : 277,
    "inCoref" : true
  }, {
    "id" : "m18",
    "originUser" : "mewassel@us.ibm.com",
    "properties" : {
      "SIRE_MENTION_ROLE" : "Feature",
      "SIRE_ENTITY_SUBTYPE" : "NONE",
      "SIRE_MENTION_TYPE" : "NONE",
      "SIRE_MENTION_CLASS" : "SPC"
    },
    "type" : "Feature",
    "begin" : 285,
    "end" : 301,
    "inCoref" : true
  }, {
    "id" : "m19",
    "properties" : {
      "SIRE_ENTITY_SUBTYPE" : "NONE",
      "SIRE_MENTION_CLASS" : "SPC",
      "SIRE_MENTION_TYPE" : "NONE",
      "SIRE_ENTITY_CLASS" : "SPC",
      "SIRE_ENTITY_LEVEL" : "NONE",
      "SIRE_MENTION_ROLE" : "Product"
    },
    "type" : "Product",
    "begin" : 315,
    "end" : 317,
    "inCoref" : true
  }, {
    "id" : "m20",
    "properties" : {
      "SIRE_ENTITY_SUBTYPE" : "NONE",
      "SIRE_MENTION_CLASS" : "SPC",
      "SIRE_MENTION_TYPE" : "NONE",
      "SIRE_ENTITY_CLASS" : "SPC",
      "SIRE_ENTITY_LEVEL" : "NONE",
      "SIRE_MENTION_ROLE" : "Consumer"
    },
    "type" : "Consumer",
    "begin" : 323,
    "end" : 324,
    "inCoref" : true
  }, {
    "id" : "m21",
    "originUser" : "mewassel@us.ibm.com",
    "properties" : {
      "SIRE_MENTION_ROLE" : "Feature",
      "SIRE_ENTITY_SUBTYPE" : "NONE",
      "SIRE_MENTION_TYPE" : "NONE",
      "SIRE_MENTION_CLASS" : "SPC"
    },
    "type" : "Feature",
    "begin" : 337,
    "end" : 339,
    "inCoref" : true
  }, {
    "id" : "m22",
    "originUser" : "mewassel@us.ibm.com",
    "properties" : {
      "SIRE_MENTION_ROLE" : "Consumer",
      "SIRE_ENTITY_SUBTYPE" : "NONE",
      "SIRE_MENTION_TYPE" : "NONE",
      "SIRE_MENTION_CLASS" : "SPC"
    },
    "type" : "Consumer",
    "begin" : 351,
    "end" : 368,
    "inCoref" : false
  }, {
    "id" : "m23",
    "originUser" : "mewassel@us.ibm.com",
    "properties" : {
      "SIRE_MENTION_ROLE" : "Descriptor",
      "SIRE_ENTITY_SUBTYPE" : "NONE",
      "SIRE_MENTION_TYPE" : "NONE",
      "SIRE_MENTION_CLASS" : "SPC"
    },
    "type" : "Descriptor",
    "begin" : 389,
    "end" : 395,
    "inCoref" : false
  }, {
    "id" : "m24",
    "properties" : {
      "SIRE_MENTION_ROLE" : "Company",
      "SIRE_ENTITY_SUBTYPE" : "NONE",
      "SIRE_MENTION_TYPE" : "NONE",
      "SIRE_MENTION_CLASS" : "SPC"
    },
    "type" : "Company",
    "begin" : 400,
    "end" : 404,
    "inCoref" : true
  }, {
    "id" : "m25",
    "originUser" : "mewassel@us.ibm.com",
    "properties" : {
      "SIRE_MENTION_ROLE" : "Product",
      "SIRE_ENTITY_SUBTYPE" : "NONE",
      "SIRE_MENTION_TYPE" : "NONE",
      "SIRE_MENTION_CLASS" : "SPC"
    },
    "type" : "Product",
    "begin" : 405,
    "end" : 407,
    "inCoref" : true
  }, {
    "id" : "m26",
    "originUser" : "mewassel@us.ibm.com",
    "properties" : {
      "SIRE_MENTION_ROLE" : "Feature",
      "SIRE_ENTITY_SUBTYPE" : "NONE",
      "SIRE_MENTION_TYPE" : "NONE",
      "SIRE_MENTION_CLASS" : "SPC"
    },
    "type" : "Feature",
    "begin" : 408,
    "end" : 414,
    "inCoref" : true
  }, {
    "id" : "m27",
    "originUser" : "mewassel@us.ibm.com",
    "properties" : {
      "SIRE_MENTION_ROLE" : "Feature",
      "SIRE_ENTITY_SUBTYPE" : "NONE",
      "SIRE_MENTION_TYPE" : "NONE",
      "SIRE_MENTION_CLASS" : "SPC"
    },
    "type" : "Feature",
    "begin" : 422,
    "end" : 431,
    "inCoref" : true
  }, {
    "id" : "m28",
    "properties" : {
      "SIRE_ENTITY_SUBTYPE" : "NONE",
      "SIRE_MENTION_CLASS" : "SPC",
      "SIRE_MENTION_TYPE" : "NONE",
      "SIRE_ENTITY_CLASS" : "SPC",
      "SIRE_ENTITY_LEVEL" : "NONE",
      "SIRE_MENTION_ROLE" : "Consumer"
    },
    "type" : "Consumer",
    "begin" : 464,
    "end" : 465,
    "inCoref" : true
  }, {
    "id" : "m30",
    "originUser" : "mewassel@us.ibm.com",
    "properties" : {
      "SIRE_MENTION_ROLE" : "Feature",
      "SIRE_ENTITY_SUBTYPE" : "NONE",
      "SIRE_MENTION_TYPE" : "NONE",
      "SIRE_MENTION_CLASS" : "SPC"
    },
    "type" : "Feature",
    "begin" : 565,
    "end" : 601,
    "inCoref" : false
  }, {
    "id" : "m31",
    "originUser" : "mewassel@us.ibm.com",
    "properties" : {
      "SIRE_ENTITY_SUBTYPE" : "NONE",
      "SIRE_MENTION_CLASS" : "SPC",
      "SIRE_MENTION_TYPE" : "NONE",
      "SIRE_ENTITY_CLASS" : "SPC",
      "SIRE_ENTITY_LEVEL" : "NONE",
      "SIRE_MENTION_ROLE" : "Feature"
    },
    "type" : "Feature",
    "begin" : 616,
    "end" : 628,
    "inCoref" : false
  } ],
  "relations" : [ {
    "id" : "s0-r3",
    "properties" : { },
    "type" : "hasQuality",
    "args" : [ "m4", "s0-m7" ]
  }, {
    "id" : "r2",
    "originUser" : "mewassel@us.ibm.com",
    "properties" : { },
    "type" : "hasQuality",
    "args" : [ "m9", "m8" ]
  }, {
    "id" : "r3",
    "originUser" : "mewassel@us.ibm.com",
    "properties" : { },
    "type" : "hasQuality",
    "args" : [ "m9", "m7" ]
  }, {
    "id" : "r4",
    "properties" : { },
    "type" : "madeBy",
    "args" : [ "m12", "m11" ]
  }, {
    "id" : "r5",
    "originUser" : "mewassel@us.ibm.com",
    "properties" : { },
    "type" : "madeBy",
    "args" : [ "m5", "m11" ]
  }, {
    "id" : "r6",
    "properties" : { },
    "type" : "madeBy",
    "args" : [ "m15", "m14" ]
  }, {
    "id" : "r7",
    "originUser" : "mewassel@us.ibm.com",
    "properties" : { },
    "type" : "hasFeature",
    "args" : [ "m19", "m18" ]
  }, {
    "id" : "r8",
    "originUser" : "mewassel@us.ibm.com",
    "properties" : { },
    "type" : "hasQuality",
    "args" : [ "m25", "m23" ]
  }, {
    "id" : "r9",
    "originUser" : "mewassel@us.ibm.com",
    "properties" : { },
    "type" : "hasQuality",
    "args" : [ "m26", "m23" ]
  }, {
    "id" : "r10",
    "originUser" : "mewassel@us.ibm.com",
    "properties" : { },
    "type" : "madeBy",
    "args" : [ "m25", "m24" ]
  } ],
  "corefs" : [ {
    "id" : "c1",
    "properties" : { },
    "mentions" : [ "m1", "m20", "m28", "m6", "m13", "m17" ]
  }, {
    "id" : "c2",
    "originUser" : "mewassel@us.ibm.com",
    "properties" : { },
    "mentions" : [ "m18", "m21", "m27" ]
  }, {
    "id" : "c3",
    "originUser" : "mewassel@us.ibm.com",
    "properties" : { },
    "mentions" : [ "m26", "m16" ]
  }, {
    "id" : "c5",
    "originUser" : "mewassel@us.ibm.com",
    "properties" : { },
    "mentions" : [ "m12", "m5", "m4", "m15", "m25", "m32" ]
  } ],
  "typeResolved" : true,
  "userResolved" : true
}