{
  "id" : "d442e3a2-8558-4659-89ed-fe6d3041fee7-13",
  "modifiedDate" : 1468359595001,
  "name" : "review34.txt",
  "version" : 2,
  "text" : "m a headphone junkie so I have a good collection of all types of headphones. Sound is still subjective, but I know if something sounds \"good\". That being said, these are a definite upgrade from any headphone of the previous line of beats. Why it took so long for good sound, is beyond me. But these definitely sound good for nearly every genre of music. Now, its not going to rival open back headphones for sound stage, but most closed back headphones wont anyway. The price is for sure a bit steep, but they are definitely a step up sound wise, look good and the special editions have metalic type bands, which equate to good build quality. Beats headphones are polarizing and I hated the old line (most specifically the studios which sounded like complete garbage) but this new line up definitely sounds good, not just in comparison to the old line, but in general. Definitely give em a shot if you have the cash and looking for some flash.\n\n",
  "docLength" : 944,
  "language" : "EN",
  "status" : "SUBMITTED",
  "documentSet" : [ ],
  "sentences" : [ {
    "id" : "s0",
    "begin" : 0,
    "end" : 76,
    "text" : "m a headphone junkie so I have a good collection of all types of headphones.",
    "tokens" : [ {
      "id" : "s0-t0",
      "begin" : 0,
      "end" : 1,
      "text" : "m",
      "whiteSpace" : false
    }, {
      "id" : "s0-t1",
      "begin" : 2,
      "end" : 3,
      "text" : "a",
      "whiteSpace" : false
    }, {
      "id" : "s0-t2",
      "begin" : 4,
      "end" : 13,
      "text" : "headphone",
      "whiteSpace" : false
    }, {
      "id" : "s0-t3",
      "begin" : 14,
      "end" : 20,
      "text" : "junkie",
      "whiteSpace" : false
    }, {
      "id" : "s0-t4",
      "begin" : 21,
      "end" : 23,
      "text" : "so",
      "whiteSpace" : false
    }, {
      "id" : "s0-t5",
      "begin" : 24,
      "end" : 25,
      "text" : "I",
      "whiteSpace" : false
    }, {
      "id" : "s0-t6",
      "begin" : 26,
      "end" : 30,
      "text" : "have",
      "whiteSpace" : false
    }, {
      "id" : "s0-t7",
      "begin" : 31,
      "end" : 32,
      "text" : "a",
      "whiteSpace" : false
    }, {
      "id" : "s0-t8",
      "begin" : 33,
      "end" : 37,
      "text" : "good",
      "whiteSpace" : false
    }, {
      "id" : "s0-t9",
      "begin" : 38,
      "end" : 48,
      "text" : "collection",
      "whiteSpace" : false
    }, {
      "id" : "s0-t10",
      "begin" : 49,
      "end" : 51,
      "text" : "of",
      "whiteSpace" : false
    }, {
      "id" : "s0-t11",
      "begin" : 52,
      "end" : 55,
      "text" : "all",
      "whiteSpace" : false
    }, {
      "id" : "s0-t12",
      "begin" : 56,
      "end" : 61,
      "text" : "types",
      "whiteSpace" : false
    }, {
      "id" : "s0-t13",
      "begin" : 62,
      "end" : 64,
      "text" : "of",
      "whiteSpace" : false
    }, {
      "id" : "s0-t14",
      "begin" : 65,
      "end" : 75,
      "text" : "headphones",
      "whiteSpace" : false
    }, {
      "id" : "s0-t15",
      "begin" : 75,
      "end" : 76,
      "text" : ".",
      "whiteSpace" : false
    } ]
  }, {
    "id" : "s1",
    "begin" : 77,
    "end" : 142,
    "text" : "Sound is still subjective, but I know if something sounds \"good\".",
    "tokens" : [ {
      "id" : "s1-t0",
      "begin" : 77,
      "end" : 82,
      "text" : "Sound",
      "whiteSpace" : false
    }, {
      "id" : "s1-t1",
      "begin" : 83,
      "end" : 85,
      "text" : "is",
      "whiteSpace" : false
    }, {
      "id" : "s1-t2",
      "begin" : 86,
      "end" : 91,
      "text" : "still",
      "whiteSpace" : false
    }, {
      "id" : "s1-t3",
      "begin" : 92,
      "end" : 102,
      "text" : "subjective",
      "whiteSpace" : false
    }, {
      "id" : "s1-t4",
      "begin" : 102,
      "end" : 103,
      "text" : ",",
      "whiteSpace" : false
    }, {
      "id" : "s1-t5",
      "begin" : 104,
      "end" : 107,
      "text" : "but",
      "whiteSpace" : false
    }, {
      "id" : "s1-t6",
      "begin" : 108,
      "end" : 109,
      "text" : "I",
      "whiteSpace" : false
    }, {
      "id" : "s1-t7",
      "begin" : 110,
      "end" : 114,
      "text" : "know",
      "whiteSpace" : false
    }, {
      "id" : "s1-t8",
      "begin" : 115,
      "end" : 117,
      "text" : "if",
      "whiteSpace" : false
    }, {
      "id" : "s1-t9",
      "begin" : 118,
      "end" : 127,
      "text" : "something",
      "whiteSpace" : false
    }, {
      "id" : "s1-t10",
      "begin" : 128,
      "end" : 134,
      "text" : "sounds",
      "whiteSpace" : false
    }, {
      "id" : "s1-t11",
      "begin" : 135,
      "end" : 136,
      "text" : "\"",
      "whiteSpace" : false
    }, {
      "id" : "s1-t12",
      "begin" : 136,
      "end" : 140,
      "text" : "good",
      "whiteSpace" : false
    }, {
      "id" : "s1-t13",
      "begin" : 140,
      "end" : 141,
      "text" : "\"",
      "whiteSpace" : false
    }, {
      "id" : "s1-t14",
      "begin" : 141,
      "end" : 142,
      "text" : ".",
      "whiteSpace" : false
    } ]
  }, {
    "id" : "s2",
    "begin" : 143,
    "end" : 238,
    "text" : "That being said, these are a definite upgrade from any headphone of the previous line of beats.",
    "tokens" : [ {
      "id" : "s2-t0",
      "begin" : 143,
      "end" : 147,
      "text" : "That",
      "whiteSpace" : false
    }, {
      "id" : "s2-t1",
      "begin" : 148,
      "end" : 153,
      "text" : "being",
      "whiteSpace" : false
    }, {
      "id" : "s2-t2",
      "begin" : 154,
      "end" : 158,
      "text" : "said",
      "whiteSpace" : false
    }, {
      "id" : "s2-t3",
      "begin" : 158,
      "end" : 159,
      "text" : ",",
      "whiteSpace" : false
    }, {
      "id" : "s2-t4",
      "begin" : 160,
      "end" : 165,
      "text" : "these",
      "whiteSpace" : false
    }, {
      "id" : "s2-t5",
      "begin" : 166,
      "end" : 169,
      "text" : "are",
      "whiteSpace" : false
    }, {
      "id" : "s2-t6",
      "begin" : 170,
      "end" : 171,
      "text" : "a",
      "whiteSpace" : false
    }, {
      "id" : "s2-t7",
      "begin" : 172,
      "end" : 180,
      "text" : "definite",
      "whiteSpace" : false
    }, {
      "id" : "s2-t8",
      "begin" : 181,
      "end" : 188,
      "text" : "upgrade",
      "whiteSpace" : false
    }, {
      "id" : "s2-t9",
      "begin" : 189,
      "end" : 193,
      "text" : "from",
      "whiteSpace" : false
    }, {
      "id" : "s2-t10",
      "begin" : 194,
      "end" : 197,
      "text" : "any",
      "whiteSpace" : false
    }, {
      "id" : "s2-t11",
      "begin" : 198,
      "end" : 207,
      "text" : "headphone",
      "whiteSpace" : false
    }, {
      "id" : "s2-t12",
      "begin" : 208,
      "end" : 210,
      "text" : "of",
      "whiteSpace" : false
    }, {
      "id" : "s2-t13",
      "begin" : 211,
      "end" : 214,
      "text" : "the",
      "whiteSpace" : false
    }, {
      "id" : "s2-t14",
      "begin" : 215,
      "end" : 223,
      "text" : "previous",
      "whiteSpace" : false
    }, {
      "id" : "s2-t15",
      "begin" : 224,
      "end" : 228,
      "text" : "line",
      "whiteSpace" : false
    }, {
      "id" : "s2-t16",
      "begin" : 229,
      "end" : 231,
      "text" : "of",
      "whiteSpace" : false
    }, {
      "id" : "s2-t17",
      "begin" : 232,
      "end" : 237,
      "text" : "beats",
      "whiteSpace" : false
    }, {
      "id" : "s2-t18",
      "begin" : 237,
      "end" : 238,
      "text" : ".",
      "whiteSpace" : false
    } ]
  }, {
    "id" : "s3",
    "begin" : 239,
    "end" : 288,
    "text" : "Why it took so long for good sound, is beyond me.",
    "tokens" : [ {
      "id" : "s3-t0",
      "begin" : 239,
      "end" : 242,
      "text" : "Why",
      "whiteSpace" : false
    }, {
      "id" : "s3-t1",
      "begin" : 243,
      "end" : 245,
      "text" : "it",
      "whiteSpace" : false
    }, {
      "id" : "s3-t2",
      "begin" : 246,
      "end" : 250,
      "text" : "took",
      "whiteSpace" : false
    }, {
      "id" : "s3-t3",
      "begin" : 251,
      "end" : 253,
      "text" : "so",
      "whiteSpace" : false
    }, {
      "id" : "s3-t4",
      "begin" : 254,
      "end" : 258,
      "text" : "long",
      "whiteSpace" : false
    }, {
      "id" : "s3-t5",
      "begin" : 259,
      "end" : 262,
      "text" : "for",
      "whiteSpace" : false
    }, {
      "id" : "s3-t6",
      "begin" : 263,
      "end" : 267,
      "text" : "good",
      "whiteSpace" : false
    }, {
      "id" : "s3-t7",
      "begin" : 268,
      "end" : 273,
      "text" : "sound",
      "whiteSpace" : false
    }, {
      "id" : "s3-t8",
      "begin" : 273,
      "end" : 274,
      "text" : ",",
      "whiteSpace" : false
    }, {
      "id" : "s3-t9",
      "begin" : 275,
      "end" : 277,
      "text" : "is",
      "whiteSpace" : false
    }, {
      "id" : "s3-t10",
      "begin" : 278,
      "end" : 284,
      "text" : "beyond",
      "whiteSpace" : false
    }, {
      "id" : "s3-t11",
      "begin" : 285,
      "end" : 287,
      "text" : "me",
      "whiteSpace" : false
    }, {
      "id" : "s3-t12",
      "begin" : 287,
      "end" : 288,
      "text" : ".",
      "whiteSpace" : false
    } ]
  }, {
    "id" : "s4",
    "begin" : 289,
    "end" : 353,
    "text" : "But these definitely sound good for nearly every genre of music.",
    "tokens" : [ {
      "id" : "s4-t0",
      "begin" : 289,
      "end" : 292,
      "text" : "But",
      "whiteSpace" : false
    }, {
      "id" : "s4-t1",
      "begin" : 293,
      "end" : 298,
      "text" : "these",
      "whiteSpace" : false
    }, {
      "id" : "s4-t2",
      "begin" : 299,
      "end" : 309,
      "text" : "definitely",
      "whiteSpace" : false
    }, {
      "id" : "s4-t3",
      "begin" : 310,
      "end" : 315,
      "text" : "sound",
      "whiteSpace" : false
    }, {
      "id" : "s4-t4",
      "begin" : 316,
      "end" : 320,
      "text" : "good",
      "whiteSpace" : false
    }, {
      "id" : "s4-t5",
      "begin" : 321,
      "end" : 324,
      "text" : "for",
      "whiteSpace" : false
    }, {
      "id" : "s4-t6",
      "begin" : 325,
      "end" : 331,
      "text" : "nearly",
      "whiteSpace" : false
    }, {
      "id" : "s4-t7",
      "begin" : 332,
      "end" : 337,
      "text" : "every",
      "whiteSpace" : false
    }, {
      "id" : "s4-t8",
      "begin" : 338,
      "end" : 343,
      "text" : "genre",
      "whiteSpace" : false
    }, {
      "id" : "s4-t9",
      "begin" : 344,
      "end" : 346,
      "text" : "of",
      "whiteSpace" : false
    }, {
      "id" : "s4-t10",
      "begin" : 347,
      "end" : 352,
      "text" : "music",
      "whiteSpace" : false
    }, {
      "id" : "s4-t11",
      "begin" : 352,
      "end" : 353,
      "text" : ".",
      "whiteSpace" : false
    } ]
  }, {
    "id" : "s5",
    "begin" : 354,
    "end" : 464,
    "text" : "Now, its not going to rival open back headphones for sound stage, but most closed back headphones wont anyway.",
    "tokens" : [ {
      "id" : "s5-t0",
      "begin" : 354,
      "end" : 357,
      "text" : "Now",
      "whiteSpace" : false
    }, {
      "id" : "s5-t1",
      "begin" : 357,
      "end" : 358,
      "text" : ",",
      "whiteSpace" : false
    }, {
      "id" : "s5-t2",
      "begin" : 359,
      "end" : 362,
      "text" : "its",
      "whiteSpace" : false
    }, {
      "id" : "s5-t3",
      "begin" : 363,
      "end" : 366,
      "text" : "not",
      "whiteSpace" : false
    }, {
      "id" : "s5-t4",
      "begin" : 367,
      "end" : 372,
      "text" : "going",
      "whiteSpace" : false
    }, {
      "id" : "s5-t5",
      "begin" : 373,
      "end" : 375,
      "text" : "to",
      "whiteSpace" : false
    }, {
      "id" : "s5-t6",
      "begin" : 376,
      "end" : 381,
      "text" : "rival",
      "whiteSpace" : false
    }, {
      "id" : "s5-t7",
      "begin" : 382,
      "end" : 386,
      "text" : "open",
      "whiteSpace" : false
    }, {
      "id" : "s5-t8",
      "begin" : 387,
      "end" : 391,
      "text" : "back",
      "whiteSpace" : false
    }, {
      "id" : "s5-t9",
      "begin" : 392,
      "end" : 402,
      "text" : "headphones",
      "whiteSpace" : false
    }, {
      "id" : "s5-t10",
      "begin" : 403,
      "end" : 406,
      "text" : "for",
      "whiteSpace" : false
    }, {
      "id" : "s5-t11",
      "begin" : 407,
      "end" : 412,
      "text" : "sound",
      "whiteSpace" : false
    }, {
      "id" : "s5-t12",
      "begin" : 413,
      "end" : 418,
      "text" : "stage",
      "whiteSpace" : false
    }, {
      "id" : "s5-t13",
      "begin" : 418,
      "end" : 419,
      "text" : ",",
      "whiteSpace" : false
    }, {
      "id" : "s5-t14",
      "begin" : 420,
      "end" : 423,
      "text" : "but",
      "whiteSpace" : false
    }, {
      "id" : "s5-t15",
      "begin" : 424,
      "end" : 428,
      "text" : "most",
      "whiteSpace" : false
    }, {
      "id" : "s5-t16",
      "begin" : 429,
      "end" : 435,
      "text" : "closed",
      "whiteSpace" : false
    }, {
      "id" : "s5-t17",
      "begin" : 436,
      "end" : 440,
      "text" : "back",
      "whiteSpace" : false
    }, {
      "id" : "s5-t18",
      "begin" : 441,
      "end" : 451,
      "text" : "headphones",
      "whiteSpace" : false
    }, {
      "id" : "s5-t19",
      "begin" : 452,
      "end" : 456,
      "text" : "wont",
      "whiteSpace" : false
    }, {
      "id" : "s5-t20",
      "begin" : 457,
      "end" : 463,
      "text" : "anyway",
      "whiteSpace" : false
    }, {
      "id" : "s5-t21",
      "begin" : 463,
      "end" : 464,
      "text" : ".",
      "whiteSpace" : false
    } ]
  }, {
    "id" : "s6",
    "begin" : 465,
    "end" : 641,
    "text" : "The price is for sure a bit steep, but they are definitely a step up sound wise, look good and the special editions have metalic type bands, which equate to good build quality.",
    "tokens" : [ {
      "id" : "s6-t0",
      "begin" : 465,
      "end" : 468,
      "text" : "The",
      "whiteSpace" : false
    }, {
      "id" : "s6-t1",
      "begin" : 469,
      "end" : 474,
      "text" : "price",
      "whiteSpace" : false
    }, {
      "id" : "s6-t2",
      "begin" : 475,
      "end" : 477,
      "text" : "is",
      "whiteSpace" : false
    }, {
      "id" : "s6-t3",
      "begin" : 478,
      "end" : 481,
      "text" : "for",
      "whiteSpace" : false
    }, {
      "id" : "s6-t4",
      "begin" : 482,
      "end" : 486,
      "text" : "sure",
      "whiteSpace" : false
    }, {
      "id" : "s6-t5",
      "begin" : 487,
      "end" : 488,
      "text" : "a",
      "whiteSpace" : false
    }, {
      "id" : "s6-t6",
      "begin" : 489,
      "end" : 492,
      "text" : "bit",
      "whiteSpace" : false
    }, {
      "id" : "s6-t7",
      "begin" : 493,
      "end" : 498,
      "text" : "steep",
      "whiteSpace" : false
    }, {
      "id" : "s6-t8",
      "begin" : 498,
      "end" : 499,
      "text" : ",",
      "whiteSpace" : false
    }, {
      "id" : "s6-t9",
      "begin" : 500,
      "end" : 503,
      "text" : "but",
      "whiteSpace" : false
    }, {
      "id" : "s6-t10",
      "begin" : 504,
      "end" : 508,
      "text" : "they",
      "whiteSpace" : false
    }, {
      "id" : "s6-t11",
      "begin" : 509,
      "end" : 512,
      "text" : "are",
      "whiteSpace" : false
    }, {
      "id" : "s6-t12",
      "begin" : 513,
      "end" : 523,
      "text" : "definitely",
      "whiteSpace" : false
    }, {
      "id" : "s6-t13",
      "begin" : 524,
      "end" : 525,
      "text" : "a",
      "whiteSpace" : false
    }, {
      "id" : "s6-t14",
      "begin" : 526,
      "end" : 530,
      "text" : "step",
      "whiteSpace" : false
    }, {
      "id" : "s6-t15",
      "begin" : 531,
      "end" : 533,
      "text" : "up",
      "whiteSpace" : false
    }, {
      "id" : "s6-t16",
      "begin" : 534,
      "end" : 539,
      "text" : "sound",
      "whiteSpace" : false
    }, {
      "id" : "s6-t17",
      "begin" : 540,
      "end" : 544,
      "text" : "wise",
      "whiteSpace" : false
    }, {
      "id" : "s6-t18",
      "begin" : 544,
      "end" : 545,
      "text" : ",",
      "whiteSpace" : false
    }, {
      "id" : "s6-t19",
      "begin" : 546,
      "end" : 550,
      "text" : "look",
      "whiteSpace" : false
    }, {
      "id" : "s6-t20",
      "begin" : 551,
      "end" : 555,
      "text" : "good",
      "whiteSpace" : false
    }, {
      "id" : "s6-t21",
      "begin" : 556,
      "end" : 559,
      "text" : "and",
      "whiteSpace" : false
    }, {
      "id" : "s6-t22",
      "begin" : 560,
      "end" : 563,
      "text" : "the",
      "whiteSpace" : false
    }, {
      "id" : "s6-t23",
      "begin" : 564,
      "end" : 571,
      "text" : "special",
      "whiteSpace" : false
    }, {
      "id" : "s6-t24",
      "begin" : 572,
      "end" : 580,
      "text" : "editions",
      "whiteSpace" : false
    }, {
      "id" : "s6-t25",
      "begin" : 581,
      "end" : 585,
      "text" : "have",
      "whiteSpace" : false
    }, {
      "id" : "s6-t26",
      "begin" : 586,
      "end" : 593,
      "text" : "metalic",
      "whiteSpace" : false
    }, {
      "id" : "s6-t27",
      "begin" : 594,
      "end" : 598,
      "text" : "type",
      "whiteSpace" : false
    }, {
      "id" : "s6-t28",
      "begin" : 599,
      "end" : 604,
      "text" : "bands",
      "whiteSpace" : false
    }, {
      "id" : "s6-t29",
      "begin" : 604,
      "end" : 605,
      "text" : ",",
      "whiteSpace" : false
    }, {
      "id" : "s6-t30",
      "begin" : 606,
      "end" : 611,
      "text" : "which",
      "whiteSpace" : false
    }, {
      "id" : "s6-t31",
      "begin" : 612,
      "end" : 618,
      "text" : "equate",
      "whiteSpace" : false
    }, {
      "id" : "s6-t32",
      "begin" : 619,
      "end" : 621,
      "text" : "to",
      "whiteSpace" : false
    }, {
      "id" : "s6-t33",
      "begin" : 622,
      "end" : 626,
      "text" : "good",
      "whiteSpace" : false
    }, {
      "id" : "s6-t34",
      "begin" : 627,
      "end" : 632,
      "text" : "build",
      "whiteSpace" : false
    }, {
      "id" : "s6-t35",
      "begin" : 633,
      "end" : 640,
      "text" : "quality",
      "whiteSpace" : false
    }, {
      "id" : "s6-t36",
      "begin" : 640,
      "end" : 641,
      "text" : ".",
      "whiteSpace" : false
    } ]
  }, {
    "id" : "s7",
    "begin" : 642,
    "end" : 867,
    "text" : "Beats headphones are polarizing and I hated the old line (most specifically the studios which sounded like complete garbage) but this new line up definitely sounds good, not just in comparison to the old line, but in general.",
    "tokens" : [ {
      "id" : "s7-t0",
      "begin" : 642,
      "end" : 647,
      "text" : "Beats",
      "whiteSpace" : false
    }, {
      "id" : "s7-t1",
      "begin" : 648,
      "end" : 658,
      "text" : "headphones",
      "whiteSpace" : false
    }, {
      "id" : "s7-t2",
      "begin" : 659,
      "end" : 662,
      "text" : "are",
      "whiteSpace" : false
    }, {
      "id" : "s7-t3",
      "begin" : 663,
      "end" : 673,
      "text" : "polarizing",
      "whiteSpace" : false
    }, {
      "id" : "s7-t4",
      "begin" : 674,
      "end" : 677,
      "text" : "and",
      "whiteSpace" : false
    }, {
      "id" : "s7-t5",
      "begin" : 678,
      "end" : 679,
      "text" : "I",
      "whiteSpace" : false
    }, {
      "id" : "s7-t6",
      "begin" : 680,
      "end" : 685,
      "text" : "hated",
      "whiteSpace" : false
    }, {
      "id" : "s7-t7",
      "begin" : 686,
      "end" : 689,
      "text" : "the",
      "whiteSpace" : false
    }, {
      "id" : "s7-t8",
      "begin" : 690,
      "end" : 693,
      "text" : "old",
      "whiteSpace" : false
    }, {
      "id" : "s7-t9",
      "begin" : 694,
      "end" : 698,
      "text" : "line",
      "whiteSpace" : false
    }, {
      "id" : "s7-t10",
      "begin" : 699,
      "end" : 700,
      "text" : "(",
      "whiteSpace" : false
    }, {
      "id" : "s7-t11",
      "begin" : 700,
      "end" : 704,
      "text" : "most",
      "whiteSpace" : false
    }, {
      "id" : "s7-t12",
      "begin" : 705,
      "end" : 717,
      "text" : "specifically",
      "whiteSpace" : false
    }, {
      "id" : "s7-t13",
      "begin" : 718,
      "end" : 721,
      "text" : "the",
      "whiteSpace" : false
    }, {
      "id" : "s7-t14",
      "begin" : 722,
      "end" : 729,
      "text" : "studios",
      "whiteSpace" : false
    }, {
      "id" : "s7-t15",
      "begin" : 730,
      "end" : 735,
      "text" : "which",
      "whiteSpace" : false
    }, {
      "id" : "s7-t16",
      "begin" : 736,
      "end" : 743,
      "text" : "sounded",
      "whiteSpace" : false
    }, {
      "id" : "s7-t17",
      "begin" : 744,
      "end" : 748,
      "text" : "like",
      "whiteSpace" : false
    }, {
      "id" : "s7-t18",
      "begin" : 749,
      "end" : 757,
      "text" : "complete",
      "whiteSpace" : false
    }, {
      "id" : "s7-t19",
      "begin" : 758,
      "end" : 765,
      "text" : "garbage",
      "whiteSpace" : false
    }, {
      "id" : "s7-t20",
      "begin" : 765,
      "end" : 766,
      "text" : ")",
      "whiteSpace" : false
    }, {
      "id" : "s7-t21",
      "begin" : 767,
      "end" : 770,
      "text" : "but",
      "whiteSpace" : false
    }, {
      "id" : "s7-t22",
      "begin" : 771,
      "end" : 775,
      "text" : "this",
      "whiteSpace" : false
    }, {
      "id" : "s7-t23",
      "begin" : 776,
      "end" : 779,
      "text" : "new",
      "whiteSpace" : false
    }, {
      "id" : "s7-t24",
      "begin" : 780,
      "end" : 784,
      "text" : "line",
      "whiteSpace" : false
    }, {
      "id" : "s7-t25",
      "begin" : 785,
      "end" : 787,
      "text" : "up",
      "whiteSpace" : false
    }, {
      "id" : "s7-t26",
      "begin" : 788,
      "end" : 798,
      "text" : "definitely",
      "whiteSpace" : false
    }, {
      "id" : "s7-t27",
      "begin" : 799,
      "end" : 805,
      "text" : "sounds",
      "whiteSpace" : false
    }, {
      "id" : "s7-t28",
      "begin" : 806,
      "end" : 810,
      "text" : "good",
      "whiteSpace" : false
    }, {
      "id" : "s7-t29",
      "begin" : 810,
      "end" : 811,
      "text" : ",",
      "whiteSpace" : false
    }, {
      "id" : "s7-t30",
      "begin" : 812,
      "end" : 815,
      "text" : "not",
      "whiteSpace" : false
    }, {
      "id" : "s7-t31",
      "begin" : 816,
      "end" : 820,
      "text" : "just",
      "whiteSpace" : false
    }, {
      "id" : "s7-t32",
      "begin" : 821,
      "end" : 823,
      "text" : "in",
      "whiteSpace" : false
    }, {
      "id" : "s7-t33",
      "begin" : 824,
      "end" : 834,
      "text" : "comparison",
      "whiteSpace" : false
    }, {
      "id" : "s7-t34",
      "begin" : 835,
      "end" : 837,
      "text" : "to",
      "whiteSpace" : false
    }, {
      "id" : "s7-t35",
      "begin" : 838,
      "end" : 841,
      "text" : "the",
      "whiteSpace" : false
    }, {
      "id" : "s7-t36",
      "begin" : 842,
      "end" : 845,
      "text" : "old",
      "whiteSpace" : false
    }, {
      "id" : "s7-t37",
      "begin" : 846,
      "end" : 850,
      "text" : "line",
      "whiteSpace" : false
    }, {
      "id" : "s7-t38",
      "begin" : 850,
      "end" : 851,
      "text" : ",",
      "whiteSpace" : false
    }, {
      "id" : "s7-t39",
      "begin" : 852,
      "end" : 855,
      "text" : "but",
      "whiteSpace" : false
    }, {
      "id" : "s7-t40",
      "begin" : 856,
      "end" : 858,
      "text" : "in",
      "whiteSpace" : false
    }, {
      "id" : "s7-t41",
      "begin" : 859,
      "end" : 866,
      "text" : "general",
      "whiteSpace" : false
    }, {
      "id" : "s7-t42",
      "begin" : 866,
      "end" : 867,
      "text" : ".",
      "whiteSpace" : false
    } ]
  }, {
    "id" : "s8",
    "begin" : 868,
    "end" : 942,
    "text" : "Definitely give em a shot if you have the cash and looking for some flash.",
    "tokens" : [ {
      "id" : "s8-t0",
      "begin" : 868,
      "end" : 878,
      "text" : "Definitely",
      "whiteSpace" : false
    }, {
      "id" : "s8-t1",
      "begin" : 879,
      "end" : 883,
      "text" : "give",
      "whiteSpace" : false
    }, {
      "id" : "s8-t2",
      "begin" : 884,
      "end" : 886,
      "text" : "em",
      "whiteSpace" : false
    }, {
      "id" : "s8-t3",
      "begin" : 887,
      "end" : 888,
      "text" : "a",
      "whiteSpace" : false
    }, {
      "id" : "s8-t4",
      "begin" : 889,
      "end" : 893,
      "text" : "shot",
      "whiteSpace" : false
    }, {
      "id" : "s8-t5",
      "begin" : 894,
      "end" : 896,
      "text" : "if",
      "whiteSpace" : false
    }, {
      "id" : "s8-t6",
      "begin" : 897,
      "end" : 900,
      "text" : "you",
      "whiteSpace" : false
    }, {
      "id" : "s8-t7",
      "begin" : 901,
      "end" : 905,
      "text" : "have",
      "whiteSpace" : false
    }, {
      "id" : "s8-t8",
      "begin" : 906,
      "end" : 909,
      "text" : "the",
      "whiteSpace" : false
    }, {
      "id" : "s8-t9",
      "begin" : 910,
      "end" : 914,
      "text" : "cash",
      "whiteSpace" : false
    }, {
      "id" : "s8-t10",
      "begin" : 915,
      "end" : 918,
      "text" : "and",
      "whiteSpace" : false
    }, {
      "id" : "s8-t11",
      "begin" : 919,
      "end" : 926,
      "text" : "looking",
      "whiteSpace" : false
    }, {
      "id" : "s8-t12",
      "begin" : 927,
      "end" : 930,
      "text" : "for",
      "whiteSpace" : false
    }, {
      "id" : "s8-t13",
      "begin" : 931,
      "end" : 935,
      "text" : "some",
      "whiteSpace" : false
    }, {
      "id" : "s8-t14",
      "begin" : 936,
      "end" : 941,
      "text" : "flash",
      "whiteSpace" : false
    }, {
      "id" : "s8-t15",
      "begin" : 941,
      "end" : 942,
      "text" : ".",
      "whiteSpace" : false
    } ]
  } ],
  "mentions" : [ {
    "id" : "1151249579643467__-785762719-M0",
    "properties" : {
      "SIRE_ENTITY_SUBTYPE" : "NONE",
      "SIRE_MENTION_CLASS" : "SPC",
      "SIRE_MENTION_TYPE" : "NONE",
      "SIRE_ENTITY_CLASS" : "SPC",
      "SIRE_ENTITY_LEVEL" : "NONE",
      "SIRE_MENTION_ROLE" : "Consumer"
    },
    "type" : "Consumer",
    "begin" : 24,
    "end" : 25,
    "inCoref" : true
  }, {
    "id" : "1151249579643467__-785762719-M1",
    "properties" : {
      "SIRE_ENTITY_SUBTYPE" : "NONE",
      "SIRE_MENTION_CLASS" : "SPC",
      "SIRE_MENTION_TYPE" : "NONE",
      "SIRE_ENTITY_CLASS" : "SPC",
      "SIRE_ENTITY_LEVEL" : "NONE",
      "SIRE_MENTION_ROLE" : "Product"
    },
    "type" : "Product",
    "begin" : 65,
    "end" : 75,
    "inCoref" : true
  }, {
    "id" : "1151249579643467__-785762719-M2",
    "properties" : {
      "SIRE_ENTITY_SUBTYPE" : "NONE",
      "SIRE_MENTION_CLASS" : "SPC",
      "SIRE_MENTION_TYPE" : "NONE",
      "SIRE_ENTITY_CLASS" : "SPC",
      "SIRE_ENTITY_LEVEL" : "NONE",
      "SIRE_MENTION_ROLE" : "Feature"
    },
    "type" : "Feature",
    "begin" : 77,
    "end" : 82,
    "inCoref" : false
  }, {
    "id" : "1151249579643467__-785762719-M3",
    "properties" : {
      "SIRE_ENTITY_SUBTYPE" : "NONE",
      "SIRE_MENTION_CLASS" : "SPC",
      "SIRE_MENTION_TYPE" : "NONE",
      "SIRE_ENTITY_CLASS" : "SPC",
      "SIRE_ENTITY_LEVEL" : "NONE",
      "SIRE_MENTION_ROLE" : "Consumer"
    },
    "type" : "Consumer",
    "begin" : 108,
    "end" : 109,
    "inCoref" : true
  }, {
    "id" : "1151249579643467__-785762719-M4",
    "properties" : {
      "SIRE_ENTITY_SUBTYPE" : "NONE",
      "SIRE_MENTION_CLASS" : "SPC",
      "SIRE_MENTION_TYPE" : "NONE",
      "SIRE_ENTITY_CLASS" : "SPC",
      "SIRE_ENTITY_LEVEL" : "NONE",
      "SIRE_MENTION_ROLE" : "Feature"
    },
    "type" : "Feature",
    "begin" : 128,
    "end" : 134,
    "inCoref" : false
  }, {
    "id" : "1151249579643467__-785762719-M5",
    "properties" : {
      "SIRE_ENTITY_SUBTYPE" : "NONE",
      "SIRE_MENTION_CLASS" : "SPC",
      "SIRE_MENTION_TYPE" : "NONE",
      "SIRE_ENTITY_CLASS" : "SPC",
      "SIRE_ENTITY_LEVEL" : "NONE",
      "SIRE_MENTION_ROLE" : "Descriptor"
    },
    "type" : "Descriptor",
    "begin" : 136,
    "end" : 140,
    "inCoref" : false
  }, {
    "id" : "1151249579643467__-785762719-M6",
    "properties" : {
      "SIRE_ENTITY_SUBTYPE" : "NONE",
      "SIRE_MENTION_CLASS" : "SPC",
      "SIRE_MENTION_TYPE" : "NONE",
      "SIRE_ENTITY_CLASS" : "SPC",
      "SIRE_ENTITY_LEVEL" : "NONE",
      "SIRE_MENTION_ROLE" : "Product"
    },
    "type" : "Product",
    "begin" : 160,
    "end" : 165,
    "inCoref" : true
  }, {
    "id" : "s2-m2",
    "properties" : {
      "SIRE_MENTION_ROLE" : "Descriptor",
      "SIRE_ENTITY_SUBTYPE" : "NONE",
      "SIRE_MENTION_TYPE" : "NONE",
      "SIRE_MENTION_CLASS" : "SPC"
    },
    "type" : "Descriptor",
    "begin" : 181,
    "end" : 188,
    "inCoref" : false
  }, {
    "id" : "s2-m3",
    "properties" : {
      "SIRE_MENTION_ROLE" : "Product",
      "SIRE_ENTITY_SUBTYPE" : "NONE",
      "SIRE_MENTION_TYPE" : "NONE",
      "SIRE_MENTION_CLASS" : "SPC"
    },
    "type" : "Product",
    "begin" : 198,
    "end" : 207,
    "inCoref" : true
  }, {
    "id" : "s2-m4",
    "properties" : {
      "SIRE_MENTION_ROLE" : "Company",
      "SIRE_ENTITY_SUBTYPE" : "NONE",
      "SIRE_MENTION_TYPE" : "NONE",
      "SIRE_MENTION_CLASS" : "SPC"
    },
    "type" : "Company",
    "begin" : 232,
    "end" : 237,
    "inCoref" : false
  }, {
    "id" : "s2-m5",
    "properties" : {
      "SIRE_MENTION_ROLE" : "Product",
      "SIRE_ENTITY_SUBTYPE" : "NONE",
      "SIRE_MENTION_TYPE" : "NONE",
      "SIRE_MENTION_CLASS" : "SPC"
    },
    "type" : "Product",
    "begin" : 232,
    "end" : 237,
    "inCoref" : false
  }, {
    "id" : "s3-m2",
    "properties" : {
      "SIRE_MENTION_ROLE" : "Descriptor",
      "SIRE_ENTITY_SUBTYPE" : "NONE",
      "SIRE_MENTION_TYPE" : "NONE",
      "SIRE_MENTION_CLASS" : "SPC"
    },
    "type" : "Descriptor",
    "begin" : 263,
    "end" : 267,
    "inCoref" : false
  }, {
    "id" : "s3-m3",
    "properties" : {
      "SIRE_MENTION_ROLE" : "Feature",
      "SIRE_ENTITY_SUBTYPE" : "NONE",
      "SIRE_MENTION_TYPE" : "NONE",
      "SIRE_MENTION_CLASS" : "SPC"
    },
    "type" : "Feature",
    "begin" : 268,
    "end" : 273,
    "inCoref" : false
  }, {
    "id" : "1151249579643467__-785762719-M7",
    "properties" : {
      "SIRE_ENTITY_SUBTYPE" : "NONE",
      "SIRE_MENTION_CLASS" : "SPC",
      "SIRE_MENTION_TYPE" : "NONE",
      "SIRE_ENTITY_CLASS" : "SPC",
      "SIRE_ENTITY_LEVEL" : "NONE",
      "SIRE_MENTION_ROLE" : "Consumer"
    },
    "type" : "Consumer",
    "begin" : 285,
    "end" : 287,
    "inCoref" : true
  }, {
    "id" : "s4-m5",
    "properties" : {
      "SIRE_MENTION_ROLE" : "Product",
      "SIRE_ENTITY_SUBTYPE" : "NONE",
      "SIRE_MENTION_TYPE" : "NONE",
      "SIRE_MENTION_CLASS" : "SPC"
    },
    "type" : "Product",
    "begin" : 293,
    "end" : 298,
    "inCoref" : true
  }, {
    "id" : "1151249579643467__-785762719-M10",
    "properties" : {
      "SIRE_ENTITY_SUBTYPE" : "NONE",
      "SIRE_MENTION_CLASS" : "SPC",
      "SIRE_MENTION_TYPE" : "NONE",
      "SIRE_ENTITY_CLASS" : "SPC",
      "SIRE_ENTITY_LEVEL" : "NONE",
      "SIRE_MENTION_ROLE" : "Descriptor"
    },
    "type" : "Descriptor",
    "begin" : 310,
    "end" : 320,
    "inCoref" : false
  }, {
    "id" : "s5-m4",
    "properties" : {
      "SIRE_MENTION_ROLE" : "Product",
      "SIRE_ENTITY_SUBTYPE" : "NONE",
      "SIRE_MENTION_TYPE" : "NONE",
      "SIRE_MENTION_CLASS" : "SPC"
    },
    "type" : "Product",
    "begin" : 359,
    "end" : 362,
    "inCoref" : true
  }, {
    "id" : "1151249579643467__-785762719-M12",
    "properties" : {
      "SIRE_ENTITY_SUBTYPE" : "NONE",
      "SIRE_MENTION_CLASS" : "SPC",
      "SIRE_MENTION_TYPE" : "NONE",
      "SIRE_ENTITY_CLASS" : "SPC",
      "SIRE_ENTITY_LEVEL" : "NONE",
      "SIRE_MENTION_ROLE" : "Product"
    },
    "type" : "Product",
    "begin" : 392,
    "end" : 402,
    "inCoref" : true
  }, {
    "id" : "1151249579643467__-785762719-M13",
    "properties" : {
      "SIRE_ENTITY_SUBTYPE" : "NONE",
      "SIRE_MENTION_CLASS" : "SPC",
      "SIRE_MENTION_TYPE" : "NONE",
      "SIRE_ENTITY_CLASS" : "SPC",
      "SIRE_ENTITY_LEVEL" : "NONE",
      "SIRE_MENTION_ROLE" : "Feature"
    },
    "type" : "Feature",
    "begin" : 407,
    "end" : 418,
    "inCoref" : false
  }, {
    "id" : "1151249579643467__-785762719-M15",
    "properties" : {
      "SIRE_MENTION_ROLE" : "Price",
      "SIRE_ENTITY_SUBTYPE" : "NONE",
      "SIRE_MENTION_TYPE" : "NONE",
      "SIRE_MENTION_CLASS" : "SPC"
    },
    "type" : "Price",
    "begin" : 469,
    "end" : 474,
    "inCoref" : false
  }, {
    "id" : "s6-m7",
    "properties" : {
      "SIRE_MENTION_ROLE" : "Descriptor",
      "SIRE_ENTITY_SUBTYPE" : "NONE",
      "SIRE_MENTION_TYPE" : "NONE",
      "SIRE_MENTION_CLASS" : "SPC"
    },
    "type" : "Descriptor",
    "begin" : 489,
    "end" : 498,
    "inCoref" : false
  }, {
    "id" : "s6-m8",
    "properties" : {
      "SIRE_MENTION_ROLE" : "Product",
      "SIRE_ENTITY_SUBTYPE" : "NONE",
      "SIRE_MENTION_TYPE" : "NONE",
      "SIRE_MENTION_CLASS" : "SPC"
    },
    "type" : "Product",
    "begin" : 504,
    "end" : 508,
    "inCoref" : true
  }, {
    "id" : "1151249579643467__-785762719-M16",
    "properties" : {
      "SIRE_ENTITY_SUBTYPE" : "NONE",
      "SIRE_MENTION_CLASS" : "SPC",
      "SIRE_MENTION_TYPE" : "NONE",
      "SIRE_ENTITY_CLASS" : "SPC",
      "SIRE_ENTITY_LEVEL" : "NONE",
      "SIRE_MENTION_ROLE" : "Descriptor"
    },
    "type" : "Descriptor",
    "begin" : 526,
    "end" : 544,
    "inCoref" : false
  }, {
    "id" : "s6-m9",
    "properties" : {
      "SIRE_MENTION_ROLE" : "Feature",
      "SIRE_ENTITY_SUBTYPE" : "NONE",
      "SIRE_MENTION_TYPE" : "NONE",
      "SIRE_MENTION_CLASS" : "SPC"
    },
    "type" : "Feature",
    "begin" : 546,
    "end" : 550,
    "inCoref" : false
  }, {
    "id" : "s6-m10",
    "properties" : {
      "SIRE_MENTION_ROLE" : "Descriptor",
      "SIRE_ENTITY_SUBTYPE" : "NONE",
      "SIRE_MENTION_TYPE" : "NONE",
      "SIRE_MENTION_CLASS" : "SPC"
    },
    "type" : "Descriptor",
    "begin" : 551,
    "end" : 555,
    "inCoref" : false
  }, {
    "id" : "1151249579643467__-785762719-M19",
    "properties" : {
      "SIRE_MENTION_ROLE" : "Feature",
      "SIRE_ENTITY_SUBTYPE" : "NONE",
      "SIRE_MENTION_TYPE" : "NONE",
      "SIRE_MENTION_CLASS" : "SPC"
    },
    "type" : "Feature",
    "begin" : 586,
    "end" : 604,
    "inCoref" : false
  }, {
    "id" : "s6-m12",
    "properties" : {
      "SIRE_MENTION_ROLE" : "Descriptor",
      "SIRE_ENTITY_SUBTYPE" : "NONE",
      "SIRE_MENTION_TYPE" : "NONE",
      "SIRE_MENTION_CLASS" : "SPC"
    },
    "type" : "Descriptor",
    "begin" : 622,
    "end" : 626,
    "inCoref" : false
  }, {
    "id" : "s6-m11",
    "properties" : {
      "SIRE_MENTION_ROLE" : "Feature",
      "SIRE_ENTITY_SUBTYPE" : "NONE",
      "SIRE_MENTION_TYPE" : "NONE",
      "SIRE_MENTION_CLASS" : "SPC"
    },
    "type" : "Feature",
    "begin" : 627,
    "end" : 640,
    "inCoref" : false
  }, {
    "id" : "s7-m5",
    "properties" : {
      "SIRE_MENTION_ROLE" : "Company",
      "SIRE_ENTITY_SUBTYPE" : "NONE",
      "SIRE_MENTION_TYPE" : "NONE",
      "SIRE_MENTION_CLASS" : "SPC"
    },
    "type" : "Company",
    "begin" : 642,
    "end" : 647,
    "inCoref" : false
  }, {
    "id" : "1151249579643467__-785762719-M21",
    "properties" : {
      "SIRE_ENTITY_SUBTYPE" : "NONE",
      "SIRE_MENTION_CLASS" : "SPC",
      "SIRE_MENTION_TYPE" : "NONE",
      "SIRE_ENTITY_CLASS" : "SPC",
      "SIRE_ENTITY_LEVEL" : "NONE",
      "SIRE_MENTION_ROLE" : "Product"
    },
    "type" : "Product",
    "begin" : 648,
    "end" : 658,
    "inCoref" : true
  }, {
    "id" : "1151249579643467__-785762719-M23",
    "properties" : {
      "SIRE_ENTITY_SUBTYPE" : "NONE",
      "SIRE_MENTION_CLASS" : "SPC",
      "SIRE_MENTION_TYPE" : "NONE",
      "SIRE_ENTITY_CLASS" : "SPC",
      "SIRE_ENTITY_LEVEL" : "NONE",
      "SIRE_MENTION_ROLE" : "Consumer"
    },
    "type" : "Consumer",
    "begin" : 678,
    "end" : 679,
    "inCoref" : true
  }, {
    "id" : "s7-m6",
    "properties" : {
      "SIRE_MENTION_ROLE" : "Descriptor",
      "SIRE_ENTITY_SUBTYPE" : "NONE",
      "SIRE_MENTION_TYPE" : "NONE",
      "SIRE_MENTION_CLASS" : "SPC"
    },
    "type" : "Descriptor",
    "begin" : 799,
    "end" : 810,
    "inCoref" : false
  }, {
    "id" : "s8-m1",
    "properties" : {
      "SIRE_MENTION_ROLE" : "Product",
      "SIRE_ENTITY_SUBTYPE" : "NONE",
      "SIRE_MENTION_TYPE" : "NONE",
      "SIRE_MENTION_CLASS" : "SPC"
    },
    "type" : "Product",
    "begin" : 884,
    "end" : 886,
    "inCoref" : true
  } ],
  "relations" : [ {
    "id" : "1151249579643467__-785762719-R1-1",
    "properties" : {
      "SIRE_RELATION_CLASS" : "SPECIFIC",
      "SIRE_RELATION_SUBTYPE" : "OTHER",
      "SIRE_RELATION_MODALITY" : "ASSERTED",
      "SIRE_RELATION_TENSE" : "UNSPECIFIED"
    },
    "type" : "hasQuality",
    "args" : [ "1151249579643467__-785762719-M4", "1151249579643467__-785762719-M5" ]
  }, {
    "id" : "s2-r1",
    "properties" : { },
    "type" : "hasQuality",
    "args" : [ "1151249579643467__-785762719-M6", "s2-m2" ]
  }, {
    "id" : "s2-r2",
    "properties" : { },
    "type" : "madeBy",
    "args" : [ "s2-m5", "s2-m4" ]
  }, {
    "id" : "s3-r1",
    "properties" : { },
    "type" : "hasQuality",
    "args" : [ "s3-m3", "s3-m2" ]
  }, {
    "id" : "s4-r5",
    "properties" : { },
    "type" : "hasQuality",
    "args" : [ "s4-m5", "1151249579643467__-785762719-M10" ]
  }, {
    "id" : "1151249579643467__-785762719-R6-1",
    "properties" : {
      "SIRE_RELATION_CLASS" : "SPECIFIC",
      "SIRE_RELATION_SUBTYPE" : "OTHER",
      "SIRE_RELATION_MODALITY" : "ASSERTED",
      "SIRE_RELATION_TENSE" : "UNSPECIFIED"
    },
    "type" : "hasFeature",
    "args" : [ "1151249579643467__-785762719-M12", "1151249579643467__-785762719-M13" ]
  }, {
    "id" : "s6-r3",
    "properties" : { },
    "type" : "hasQuality",
    "args" : [ "1151249579643467__-785762719-M15", "s6-m7" ]
  }, {
    "id" : "s6-r4",
    "properties" : { },
    "type" : "hasFeature",
    "args" : [ "s6-m8", "1151249579643467__-785762719-M15" ]
  }, {
    "id" : "s6-r5",
    "properties" : { },
    "type" : "hasQuality",
    "args" : [ "s6-m8", "1151249579643467__-785762719-M16" ]
  }, {
    "id" : "s6-r6",
    "properties" : { },
    "type" : "hasFeature",
    "args" : [ "s6-m8", "s6-m9" ]
  }, {
    "id" : "s6-r7",
    "properties" : { },
    "type" : "hasQuality",
    "args" : [ "s6-m9", "s6-m10" ]
  }, {
    "id" : "s6-r8",
    "properties" : { },
    "type" : "hasFeature",
    "args" : [ "s6-m8", "1151249579643467__-785762719-M19" ]
  }, {
    "id" : "s6-r9",
    "properties" : { },
    "type" : "hasFeature",
    "args" : [ "s6-m8", "s6-m11" ]
  }, {
    "id" : "s6-r10",
    "properties" : { },
    "type" : "hasQuality",
    "args" : [ "s6-m11", "s6-m12" ]
  }, {
    "id" : "s7-r2",
    "properties" : { },
    "type" : "madeBy",
    "args" : [ "1151249579643467__-785762719-M21", "s7-m5" ]
  }, {
    "id" : "s7-r3",
    "properties" : { },
    "type" : "hasQuality",
    "args" : [ "1151249579643467__-785762719-M21", "s7-m6" ]
  } ],
  "corefs" : [ {
    "id" : "1151249579643467__-785762719-E0",
    "properties" : { },
    "mentions" : [ "1151249579643467__-785762719-M0", "1151249579643467__-785762719-M23", "1151249579643467__-785762719-M3", "1151249579643467__-785762719-M7" ]
  }, {
    "id" : "c3",
    "properties" : { },
    "mentions" : [ "1151249579643467__-785762719-M6", "s4-m5", "s5-m4", "s6-m8", "1151249579643467__-785762719-M21", "s8-m1" ]
  }, {
    "id" : "c4",
    "properties" : { },
    "mentions" : [ "1151249579643467__-785762719-M1", "s2-m3", "1151249579643467__-785762719-M12" ]
  } ],
  "typeResolved" : true,
  "userResolved" : true
}