{
  "id" : "d442e3a2-8558-4659-89ed-fe6d3041fee7-11",
  "modifiedDate" : 1468337051243,
  "name" : "review39.txt",
  "version" : 2,
  "text" : "I purchased this for my husband as a gift. He's only used them for 4 1/2 months, and just recently broke the housing while changing out the rubber ear pads. (See photo) They actually come with three or four different sizes so you can customize them. Great idea, right?! Wrong!! My husband took them to the closest Beats dealer/warranty service provider immediately. It turned out to be the Apple store. They looked up the warranty, and said that this repair was not covered. If he wanted to have it repaired, it would cost $164 plus tax. That's it. For that cost we could buy a new pair, but we're not. It's obviously very fragile and they are aware of this because it's specifically not covered. Buyer beware! \n\n",
  "docLength" : 713,
  "language" : "EN",
  "status" : "READY",
  "documentSet" : [ ],
  "sentences" : [ {
    "id" : "s0",
    "begin" : 0,
    "end" : 42,
    "text" : "I purchased this for my husband as a gift.",
    "tokens" : [ {
      "id" : "s0-t0",
      "begin" : 0,
      "end" : 1,
      "text" : "I",
      "whiteSpace" : false
    }, {
      "id" : "s0-t1",
      "begin" : 2,
      "end" : 11,
      "text" : "purchased",
      "whiteSpace" : false
    }, {
      "id" : "s0-t2",
      "begin" : 12,
      "end" : 16,
      "text" : "this",
      "whiteSpace" : false
    }, {
      "id" : "s0-t3",
      "begin" : 17,
      "end" : 20,
      "text" : "for",
      "whiteSpace" : false
    }, {
      "id" : "s0-t4",
      "begin" : 21,
      "end" : 23,
      "text" : "my",
      "whiteSpace" : false
    }, {
      "id" : "s0-t5",
      "begin" : 24,
      "end" : 31,
      "text" : "husband",
      "whiteSpace" : false
    }, {
      "id" : "s0-t6",
      "begin" : 32,
      "end" : 34,
      "text" : "as",
      "whiteSpace" : false
    }, {
      "id" : "s0-t7",
      "begin" : 35,
      "end" : 36,
      "text" : "a",
      "whiteSpace" : false
    }, {
      "id" : "s0-t8",
      "begin" : 37,
      "end" : 41,
      "text" : "gift",
      "whiteSpace" : false
    }, {
      "id" : "s0-t9",
      "begin" : 41,
      "end" : 42,
      "text" : ".",
      "whiteSpace" : false
    } ]
  }, {
    "id" : "s1",
    "begin" : 43,
    "end" : 156,
    "text" : "He's only used them for 4 1/2 months, and just recently broke the housing while changing out the rubber ear pads.",
    "tokens" : [ {
      "id" : "s1-t0",
      "begin" : 43,
      "end" : 45,
      "text" : "He",
      "whiteSpace" : false
    }, {
      "id" : "s1-t1",
      "begin" : 45,
      "end" : 47,
      "text" : "'s",
      "whiteSpace" : false
    }, {
      "id" : "s1-t2",
      "begin" : 48,
      "end" : 52,
      "text" : "only",
      "whiteSpace" : false
    }, {
      "id" : "s1-t3",
      "begin" : 53,
      "end" : 57,
      "text" : "used",
      "whiteSpace" : false
    }, {
      "id" : "s1-t4",
      "begin" : 58,
      "end" : 62,
      "text" : "them",
      "whiteSpace" : false
    }, {
      "id" : "s1-t5",
      "begin" : 63,
      "end" : 66,
      "text" : "for",
      "whiteSpace" : false
    }, {
      "id" : "s1-t6",
      "begin" : 67,
      "end" : 68,
      "text" : "4",
      "whiteSpace" : false
    }, {
      "id" : "s1-t7",
      "begin" : 69,
      "end" : 72,
      "text" : "1/2",
      "whiteSpace" : false
    }, {
      "id" : "s1-t8",
      "begin" : 73,
      "end" : 79,
      "text" : "months",
      "whiteSpace" : false
    }, {
      "id" : "s1-t9",
      "begin" : 79,
      "end" : 80,
      "text" : ",",
      "whiteSpace" : false
    }, {
      "id" : "s1-t10",
      "begin" : 81,
      "end" : 84,
      "text" : "and",
      "whiteSpace" : false
    }, {
      "id" : "s1-t11",
      "begin" : 85,
      "end" : 89,
      "text" : "just",
      "whiteSpace" : false
    }, {
      "id" : "s1-t12",
      "begin" : 90,
      "end" : 98,
      "text" : "recently",
      "whiteSpace" : false
    }, {
      "id" : "s1-t13",
      "begin" : 99,
      "end" : 104,
      "text" : "broke",
      "whiteSpace" : false
    }, {
      "id" : "s1-t14",
      "begin" : 105,
      "end" : 108,
      "text" : "the",
      "whiteSpace" : false
    }, {
      "id" : "s1-t15",
      "begin" : 109,
      "end" : 116,
      "text" : "housing",
      "whiteSpace" : false
    }, {
      "id" : "s1-t16",
      "begin" : 117,
      "end" : 122,
      "text" : "while",
      "whiteSpace" : false
    }, {
      "id" : "s1-t17",
      "begin" : 123,
      "end" : 131,
      "text" : "changing",
      "whiteSpace" : false
    }, {
      "id" : "s1-t18",
      "begin" : 132,
      "end" : 135,
      "text" : "out",
      "whiteSpace" : false
    }, {
      "id" : "s1-t19",
      "begin" : 136,
      "end" : 139,
      "text" : "the",
      "whiteSpace" : false
    }, {
      "id" : "s1-t20",
      "begin" : 140,
      "end" : 146,
      "text" : "rubber",
      "whiteSpace" : false
    }, {
      "id" : "s1-t21",
      "begin" : 147,
      "end" : 150,
      "text" : "ear",
      "whiteSpace" : false
    }, {
      "id" : "s1-t22",
      "begin" : 151,
      "end" : 155,
      "text" : "pads",
      "whiteSpace" : false
    }, {
      "id" : "s1-t23",
      "begin" : 155,
      "end" : 156,
      "text" : ".",
      "whiteSpace" : false
    } ]
  }, {
    "id" : "s2",
    "begin" : 157,
    "end" : 249,
    "text" : "(See photo) They actually come with three or four different sizes so you can customize them.",
    "tokens" : [ {
      "id" : "s2-t0",
      "begin" : 157,
      "end" : 158,
      "text" : "(",
      "whiteSpace" : false
    }, {
      "id" : "s2-t1",
      "begin" : 158,
      "end" : 161,
      "text" : "See",
      "whiteSpace" : false
    }, {
      "id" : "s2-t2",
      "begin" : 162,
      "end" : 167,
      "text" : "photo",
      "whiteSpace" : false
    }, {
      "id" : "s2-t3",
      "begin" : 167,
      "end" : 168,
      "text" : ")",
      "whiteSpace" : false
    }, {
      "id" : "s2-t4",
      "begin" : 169,
      "end" : 173,
      "text" : "They",
      "whiteSpace" : false
    }, {
      "id" : "s2-t5",
      "begin" : 174,
      "end" : 182,
      "text" : "actually",
      "whiteSpace" : false
    }, {
      "id" : "s2-t6",
      "begin" : 183,
      "end" : 187,
      "text" : "come",
      "whiteSpace" : false
    }, {
      "id" : "s2-t7",
      "begin" : 188,
      "end" : 192,
      "text" : "with",
      "whiteSpace" : false
    }, {
      "id" : "s2-t8",
      "begin" : 193,
      "end" : 198,
      "text" : "three",
      "whiteSpace" : false
    }, {
      "id" : "s2-t9",
      "begin" : 199,
      "end" : 201,
      "text" : "or",
      "whiteSpace" : false
    }, {
      "id" : "s2-t10",
      "begin" : 202,
      "end" : 206,
      "text" : "four",
      "whiteSpace" : false
    }, {
      "id" : "s2-t11",
      "begin" : 207,
      "end" : 216,
      "text" : "different",
      "whiteSpace" : false
    }, {
      "id" : "s2-t12",
      "begin" : 217,
      "end" : 222,
      "text" : "sizes",
      "whiteSpace" : false
    }, {
      "id" : "s2-t13",
      "begin" : 223,
      "end" : 225,
      "text" : "so",
      "whiteSpace" : false
    }, {
      "id" : "s2-t14",
      "begin" : 226,
      "end" : 229,
      "text" : "you",
      "whiteSpace" : false
    }, {
      "id" : "s2-t15",
      "begin" : 230,
      "end" : 233,
      "text" : "can",
      "whiteSpace" : false
    }, {
      "id" : "s2-t16",
      "begin" : 234,
      "end" : 243,
      "text" : "customize",
      "whiteSpace" : false
    }, {
      "id" : "s2-t17",
      "begin" : 244,
      "end" : 248,
      "text" : "them",
      "whiteSpace" : false
    }, {
      "id" : "s2-t18",
      "begin" : 248,
      "end" : 249,
      "text" : ".",
      "whiteSpace" : false
    } ]
  }, {
    "id" : "s3",
    "begin" : 250,
    "end" : 269,
    "text" : "Great idea, right?!",
    "tokens" : [ {
      "id" : "s3-t0",
      "begin" : 250,
      "end" : 255,
      "text" : "Great",
      "whiteSpace" : false
    }, {
      "id" : "s3-t1",
      "begin" : 256,
      "end" : 260,
      "text" : "idea",
      "whiteSpace" : false
    }, {
      "id" : "s3-t2",
      "begin" : 260,
      "end" : 261,
      "text" : ",",
      "whiteSpace" : false
    }, {
      "id" : "s3-t3",
      "begin" : 262,
      "end" : 267,
      "text" : "right",
      "whiteSpace" : false
    }, {
      "id" : "s3-t4",
      "begin" : 267,
      "end" : 268,
      "text" : "?",
      "whiteSpace" : false
    }, {
      "id" : "s3-t5",
      "begin" : 268,
      "end" : 269,
      "text" : "!",
      "whiteSpace" : false
    } ]
  }, {
    "id" : "s4",
    "begin" : 270,
    "end" : 276,
    "text" : "Wrong!",
    "tokens" : [ {
      "id" : "s4-t0",
      "begin" : 270,
      "end" : 275,
      "text" : "Wrong",
      "whiteSpace" : false
    }, {
      "id" : "s4-t1",
      "begin" : 275,
      "end" : 276,
      "text" : "!",
      "whiteSpace" : false
    } ]
  }, {
    "id" : "s5",
    "begin" : 276,
    "end" : 365,
    "text" : "! My husband took them to the closest Beats dealer/warranty service provider immediately.",
    "tokens" : [ {
      "id" : "s5-t0",
      "begin" : 276,
      "end" : 277,
      "text" : "!",
      "whiteSpace" : false
    }, {
      "id" : "s5-t1",
      "begin" : 278,
      "end" : 280,
      "text" : "My",
      "whiteSpace" : false
    }, {
      "id" : "s5-t2",
      "begin" : 281,
      "end" : 288,
      "text" : "husband",
      "whiteSpace" : false
    }, {
      "id" : "s5-t3",
      "begin" : 289,
      "end" : 293,
      "text" : "took",
      "whiteSpace" : false
    }, {
      "id" : "s5-t4",
      "begin" : 294,
      "end" : 298,
      "text" : "them",
      "whiteSpace" : false
    }, {
      "id" : "s5-t5",
      "begin" : 299,
      "end" : 301,
      "text" : "to",
      "whiteSpace" : false
    }, {
      "id" : "s5-t6",
      "begin" : 302,
      "end" : 305,
      "text" : "the",
      "whiteSpace" : false
    }, {
      "id" : "s5-t7",
      "begin" : 306,
      "end" : 313,
      "text" : "closest",
      "whiteSpace" : false
    }, {
      "id" : "s5-t8",
      "begin" : 314,
      "end" : 319,
      "text" : "Beats",
      "whiteSpace" : false
    }, {
      "id" : "s5-t9",
      "begin" : 320,
      "end" : 326,
      "text" : "dealer",
      "whiteSpace" : false
    }, {
      "id" : "s5-t10",
      "begin" : 326,
      "end" : 327,
      "text" : "/",
      "whiteSpace" : false
    }, {
      "id" : "s5-t11",
      "begin" : 327,
      "end" : 335,
      "text" : "warranty",
      "whiteSpace" : false
    }, {
      "id" : "s5-t12",
      "begin" : 336,
      "end" : 343,
      "text" : "service",
      "whiteSpace" : false
    }, {
      "id" : "s5-t13",
      "begin" : 344,
      "end" : 352,
      "text" : "provider",
      "whiteSpace" : false
    }, {
      "id" : "s5-t14",
      "begin" : 353,
      "end" : 364,
      "text" : "immediately",
      "whiteSpace" : false
    }, {
      "id" : "s5-t15",
      "begin" : 364,
      "end" : 365,
      "text" : ".",
      "whiteSpace" : false
    } ]
  }, {
    "id" : "s6",
    "begin" : 366,
    "end" : 402,
    "text" : "It turned out to be the Apple store.",
    "tokens" : [ {
      "id" : "s6-t0",
      "begin" : 366,
      "end" : 368,
      "text" : "It",
      "whiteSpace" : false
    }, {
      "id" : "s6-t1",
      "begin" : 369,
      "end" : 375,
      "text" : "turned",
      "whiteSpace" : false
    }, {
      "id" : "s6-t2",
      "begin" : 376,
      "end" : 379,
      "text" : "out",
      "whiteSpace" : false
    }, {
      "id" : "s6-t3",
      "begin" : 380,
      "end" : 382,
      "text" : "to",
      "whiteSpace" : false
    }, {
      "id" : "s6-t4",
      "begin" : 383,
      "end" : 385,
      "text" : "be",
      "whiteSpace" : false
    }, {
      "id" : "s6-t5",
      "begin" : 386,
      "end" : 389,
      "text" : "the",
      "whiteSpace" : false
    }, {
      "id" : "s6-t6",
      "begin" : 390,
      "end" : 395,
      "text" : "Apple",
      "whiteSpace" : false
    }, {
      "id" : "s6-t7",
      "begin" : 396,
      "end" : 401,
      "text" : "store",
      "whiteSpace" : false
    }, {
      "id" : "s6-t8",
      "begin" : 401,
      "end" : 402,
      "text" : ".",
      "whiteSpace" : false
    } ]
  }, {
    "id" : "s7",
    "begin" : 403,
    "end" : 474,
    "text" : "They looked up the warranty, and said that this repair was not covered.",
    "tokens" : [ {
      "id" : "s7-t0",
      "begin" : 403,
      "end" : 407,
      "text" : "They",
      "whiteSpace" : false
    }, {
      "id" : "s7-t1",
      "begin" : 408,
      "end" : 414,
      "text" : "looked",
      "whiteSpace" : false
    }, {
      "id" : "s7-t2",
      "begin" : 415,
      "end" : 417,
      "text" : "up",
      "whiteSpace" : false
    }, {
      "id" : "s7-t3",
      "begin" : 418,
      "end" : 421,
      "text" : "the",
      "whiteSpace" : false
    }, {
      "id" : "s7-t4",
      "begin" : 422,
      "end" : 430,
      "text" : "warranty",
      "whiteSpace" : false
    }, {
      "id" : "s7-t5",
      "begin" : 430,
      "end" : 431,
      "text" : ",",
      "whiteSpace" : false
    }, {
      "id" : "s7-t6",
      "begin" : 432,
      "end" : 435,
      "text" : "and",
      "whiteSpace" : false
    }, {
      "id" : "s7-t7",
      "begin" : 436,
      "end" : 440,
      "text" : "said",
      "whiteSpace" : false
    }, {
      "id" : "s7-t8",
      "begin" : 441,
      "end" : 445,
      "text" : "that",
      "whiteSpace" : false
    }, {
      "id" : "s7-t9",
      "begin" : 446,
      "end" : 450,
      "text" : "this",
      "whiteSpace" : false
    }, {
      "id" : "s7-t10",
      "begin" : 451,
      "end" : 457,
      "text" : "repair",
      "whiteSpace" : false
    }, {
      "id" : "s7-t11",
      "begin" : 458,
      "end" : 461,
      "text" : "was",
      "whiteSpace" : false
    }, {
      "id" : "s7-t12",
      "begin" : 462,
      "end" : 465,
      "text" : "not",
      "whiteSpace" : false
    }, {
      "id" : "s7-t13",
      "begin" : 466,
      "end" : 473,
      "text" : "covered",
      "whiteSpace" : false
    }, {
      "id" : "s7-t14",
      "begin" : 473,
      "end" : 474,
      "text" : ".",
      "whiteSpace" : false
    } ]
  }, {
    "id" : "s8",
    "begin" : 475,
    "end" : 537,
    "text" : "If he wanted to have it repaired, it would cost $164 plus tax.",
    "tokens" : [ {
      "id" : "s8-t0",
      "begin" : 475,
      "end" : 477,
      "text" : "If",
      "whiteSpace" : false
    }, {
      "id" : "s8-t1",
      "begin" : 478,
      "end" : 480,
      "text" : "he",
      "whiteSpace" : false
    }, {
      "id" : "s8-t2",
      "begin" : 481,
      "end" : 487,
      "text" : "wanted",
      "whiteSpace" : false
    }, {
      "id" : "s8-t3",
      "begin" : 488,
      "end" : 490,
      "text" : "to",
      "whiteSpace" : false
    }, {
      "id" : "s8-t4",
      "begin" : 491,
      "end" : 495,
      "text" : "have",
      "whiteSpace" : false
    }, {
      "id" : "s8-t5",
      "begin" : 496,
      "end" : 498,
      "text" : "it",
      "whiteSpace" : false
    }, {
      "id" : "s8-t6",
      "begin" : 499,
      "end" : 507,
      "text" : "repaired",
      "whiteSpace" : false
    }, {
      "id" : "s8-t7",
      "begin" : 507,
      "end" : 508,
      "text" : ",",
      "whiteSpace" : false
    }, {
      "id" : "s8-t8",
      "begin" : 509,
      "end" : 511,
      "text" : "it",
      "whiteSpace" : false
    }, {
      "id" : "s8-t9",
      "begin" : 512,
      "end" : 517,
      "text" : "would",
      "whiteSpace" : false
    }, {
      "id" : "s8-t10",
      "begin" : 518,
      "end" : 522,
      "text" : "cost",
      "whiteSpace" : false
    }, {
      "id" : "s8-t11",
      "begin" : 523,
      "end" : 524,
      "text" : "$",
      "whiteSpace" : false
    }, {
      "id" : "s8-t12",
      "begin" : 524,
      "end" : 527,
      "text" : "164",
      "whiteSpace" : false
    }, {
      "id" : "s8-t13",
      "begin" : 528,
      "end" : 532,
      "text" : "plus",
      "whiteSpace" : false
    }, {
      "id" : "s8-t14",
      "begin" : 533,
      "end" : 536,
      "text" : "tax",
      "whiteSpace" : false
    }, {
      "id" : "s8-t15",
      "begin" : 536,
      "end" : 537,
      "text" : ".",
      "whiteSpace" : false
    } ]
  }, {
    "id" : "s9",
    "begin" : 538,
    "end" : 548,
    "text" : "That's it.",
    "tokens" : [ {
      "id" : "s9-t0",
      "begin" : 538,
      "end" : 542,
      "text" : "That",
      "whiteSpace" : false
    }, {
      "id" : "s9-t1",
      "begin" : 542,
      "end" : 544,
      "text" : "'s",
      "whiteSpace" : false
    }, {
      "id" : "s9-t2",
      "begin" : 545,
      "end" : 547,
      "text" : "it",
      "whiteSpace" : false
    }, {
      "id" : "s9-t3",
      "begin" : 547,
      "end" : 548,
      "text" : ".",
      "whiteSpace" : false
    } ]
  }, {
    "id" : "s10",
    "begin" : 549,
    "end" : 602,
    "text" : "For that cost we could buy a new pair, but we're not.",
    "tokens" : [ {
      "id" : "s10-t0",
      "begin" : 549,
      "end" : 552,
      "text" : "For",
      "whiteSpace" : false
    }, {
      "id" : "s10-t1",
      "begin" : 553,
      "end" : 557,
      "text" : "that",
      "whiteSpace" : false
    }, {
      "id" : "s10-t2",
      "begin" : 558,
      "end" : 562,
      "text" : "cost",
      "whiteSpace" : false
    }, {
      "id" : "s10-t3",
      "begin" : 563,
      "end" : 565,
      "text" : "we",
      "whiteSpace" : false
    }, {
      "id" : "s10-t4",
      "begin" : 566,
      "end" : 571,
      "text" : "could",
      "whiteSpace" : false
    }, {
      "id" : "s10-t5",
      "begin" : 572,
      "end" : 575,
      "text" : "buy",
      "whiteSpace" : false
    }, {
      "id" : "s10-t6",
      "begin" : 576,
      "end" : 577,
      "text" : "a",
      "whiteSpace" : false
    }, {
      "id" : "s10-t7",
      "begin" : 578,
      "end" : 581,
      "text" : "new",
      "whiteSpace" : false
    }, {
      "id" : "s10-t8",
      "begin" : 582,
      "end" : 586,
      "text" : "pair",
      "whiteSpace" : false
    }, {
      "id" : "s10-t9",
      "begin" : 586,
      "end" : 587,
      "text" : ",",
      "whiteSpace" : false
    }, {
      "id" : "s10-t10",
      "begin" : 588,
      "end" : 591,
      "text" : "but",
      "whiteSpace" : false
    }, {
      "id" : "s10-t11",
      "begin" : 592,
      "end" : 594,
      "text" : "we",
      "whiteSpace" : false
    }, {
      "id" : "s10-t12",
      "begin" : 594,
      "end" : 597,
      "text" : "'re",
      "whiteSpace" : false
    }, {
      "id" : "s10-t13",
      "begin" : 598,
      "end" : 601,
      "text" : "not",
      "whiteSpace" : false
    }, {
      "id" : "s10-t14",
      "begin" : 601,
      "end" : 602,
      "text" : ".",
      "whiteSpace" : false
    } ]
  }, {
    "id" : "s11",
    "begin" : 603,
    "end" : 696,
    "text" : "It's obviously very fragile and they are aware of this because it's specifically not covered.",
    "tokens" : [ {
      "id" : "s11-t0",
      "begin" : 603,
      "end" : 605,
      "text" : "It",
      "whiteSpace" : false
    }, {
      "id" : "s11-t1",
      "begin" : 605,
      "end" : 607,
      "text" : "'s",
      "whiteSpace" : false
    }, {
      "id" : "s11-t2",
      "begin" : 608,
      "end" : 617,
      "text" : "obviously",
      "whiteSpace" : false
    }, {
      "id" : "s11-t3",
      "begin" : 618,
      "end" : 622,
      "text" : "very",
      "whiteSpace" : false
    }, {
      "id" : "s11-t4",
      "begin" : 623,
      "end" : 630,
      "text" : "fragile",
      "whiteSpace" : false
    }, {
      "id" : "s11-t5",
      "begin" : 631,
      "end" : 634,
      "text" : "and",
      "whiteSpace" : false
    }, {
      "id" : "s11-t6",
      "begin" : 635,
      "end" : 639,
      "text" : "they",
      "whiteSpace" : false
    }, {
      "id" : "s11-t7",
      "begin" : 640,
      "end" : 643,
      "text" : "are",
      "whiteSpace" : false
    }, {
      "id" : "s11-t8",
      "begin" : 644,
      "end" : 649,
      "text" : "aware",
      "whiteSpace" : false
    }, {
      "id" : "s11-t9",
      "begin" : 650,
      "end" : 652,
      "text" : "of",
      "whiteSpace" : false
    }, {
      "id" : "s11-t10",
      "begin" : 653,
      "end" : 657,
      "text" : "this",
      "whiteSpace" : false
    }, {
      "id" : "s11-t11",
      "begin" : 658,
      "end" : 665,
      "text" : "because",
      "whiteSpace" : false
    }, {
      "id" : "s11-t12",
      "begin" : 666,
      "end" : 668,
      "text" : "it",
      "whiteSpace" : false
    }, {
      "id" : "s11-t13",
      "begin" : 668,
      "end" : 670,
      "text" : "'s",
      "whiteSpace" : false
    }, {
      "id" : "s11-t14",
      "begin" : 671,
      "end" : 683,
      "text" : "specifically",
      "whiteSpace" : false
    }, {
      "id" : "s11-t15",
      "begin" : 684,
      "end" : 687,
      "text" : "not",
      "whiteSpace" : false
    }, {
      "id" : "s11-t16",
      "begin" : 688,
      "end" : 695,
      "text" : "covered",
      "whiteSpace" : false
    }, {
      "id" : "s11-t17",
      "begin" : 695,
      "end" : 696,
      "text" : ".",
      "whiteSpace" : false
    } ]
  }, {
    "id" : "s12",
    "begin" : 697,
    "end" : 710,
    "text" : "Buyer beware!",
    "tokens" : [ {
      "id" : "s12-t0",
      "begin" : 697,
      "end" : 702,
      "text" : "Buyer",
      "whiteSpace" : false
    }, {
      "id" : "s12-t1",
      "begin" : 703,
      "end" : 709,
      "text" : "beware",
      "whiteSpace" : false
    }, {
      "id" : "s12-t2",
      "begin" : 709,
      "end" : 710,
      "text" : "!",
      "whiteSpace" : false
    } ]
  } ],
  "mentions" : [ {
    "id" : "m12",
    "properties" : {
      "SIRE_ENTITY_SUBTYPE" : "NONE",
      "SIRE_MENTION_CLASS" : "SPC",
      "SIRE_MENTION_TYPE" : "NONE",
      "SIRE_ENTITY_CLASS" : "SPC",
      "SIRE_ENTITY_LEVEL" : "NONE",
      "SIRE_MENTION_ROLE" : "Consumer"
    },
    "type" : "Consumer",
    "begin" : 0,
    "end" : 1,
    "inCoref" : true
  }, {
    "id" : "m13",
    "properties" : {
      "SIRE_ENTITY_SUBTYPE" : "NONE",
      "SIRE_MENTION_CLASS" : "SPC",
      "SIRE_MENTION_TYPE" : "NONE",
      "SIRE_ENTITY_CLASS" : "SPC",
      "SIRE_ENTITY_LEVEL" : "NONE",
      "SIRE_MENTION_ROLE" : "Product"
    },
    "type" : "Product",
    "begin" : 12,
    "end" : 16,
    "inCoref" : true
  }, {
    "id" : "m52",
    "originUser" : "mewassel@us.ibm.com",
    "properties" : {
      "SIRE_MENTION_ROLE" : "Consumer",
      "SIRE_ENTITY_SUBTYPE" : "NONE",
      "SIRE_MENTION_TYPE" : "NONE",
      "SIRE_MENTION_CLASS" : "SPC"
    },
    "type" : "Consumer",
    "begin" : 21,
    "end" : 31,
    "inCoref" : true
  }, {
    "id" : "m53",
    "originUser" : "mewassel@us.ibm.com",
    "properties" : {
      "SIRE_MENTION_ROLE" : "Consumer",
      "SIRE_ENTITY_SUBTYPE" : "NONE",
      "SIRE_MENTION_TYPE" : "NONE",
      "SIRE_MENTION_CLASS" : "SPC"
    },
    "type" : "Consumer",
    "begin" : 43,
    "end" : 45,
    "inCoref" : true
  }, {
    "id" : "m14",
    "properties" : {
      "SIRE_MENTION_ROLE" : "Product",
      "SIRE_ENTITY_SUBTYPE" : "NONE",
      "SIRE_MENTION_TYPE" : "NONE",
      "SIRE_MENTION_CLASS" : "SPC"
    },
    "type" : "Product",
    "begin" : 58,
    "end" : 62,
    "inCoref" : true
  }, {
    "id" : "m54",
    "originUser" : "mewassel@us.ibm.com",
    "properties" : {
      "SIRE_MENTION_ROLE" : "Descriptor",
      "SIRE_ENTITY_SUBTYPE" : "NONE",
      "SIRE_MENTION_TYPE" : "NONE",
      "SIRE_MENTION_CLASS" : "SPC"
    },
    "type" : "Descriptor",
    "begin" : 67,
    "end" : 79,
    "inCoref" : false
  }, {
    "id" : "m55",
    "originUser" : "mewassel@us.ibm.com",
    "properties" : {
      "SIRE_MENTION_ROLE" : "Descriptor",
      "SIRE_ENTITY_SUBTYPE" : "NONE",
      "SIRE_MENTION_TYPE" : "NONE",
      "SIRE_MENTION_CLASS" : "SPC"
    },
    "type" : "Descriptor",
    "begin" : 99,
    "end" : 104,
    "inCoref" : false
  }, {
    "id" : "m56",
    "originUser" : "mewassel@us.ibm.com",
    "properties" : {
      "SIRE_MENTION_ROLE" : "Feature",
      "SIRE_ENTITY_SUBTYPE" : "NONE",
      "SIRE_MENTION_TYPE" : "NONE",
      "SIRE_MENTION_CLASS" : "SPC"
    },
    "type" : "Feature",
    "begin" : 105,
    "end" : 116,
    "inCoref" : false
  }, {
    "id" : "m21",
    "properties" : {
      "SIRE_MENTION_ROLE" : "Product",
      "SIRE_ENTITY_SUBTYPE" : "NONE",
      "SIRE_MENTION_TYPE" : "NONE",
      "SIRE_MENTION_CLASS" : "SPC"
    },
    "type" : "Product",
    "begin" : 169,
    "end" : 173,
    "inCoref" : true
  }, {
    "id" : "m59",
    "properties" : {
      "SIRE_MENTION_ROLE" : "Descriptor",
      "SIRE_ENTITY_SUBTYPE" : "NONE",
      "SIRE_MENTION_TYPE" : "NONE",
      "SIRE_MENTION_CLASS" : "SPC"
    },
    "type" : "Descriptor",
    "begin" : 193,
    "end" : 206,
    "inCoref" : false
  }, {
    "id" : "m60",
    "properties" : {
      "SIRE_MENTION_ROLE" : "Feature",
      "SIRE_ENTITY_SUBTYPE" : "NONE",
      "SIRE_MENTION_TYPE" : "NONE",
      "SIRE_MENTION_CLASS" : "SPC"
    },
    "type" : "Feature",
    "begin" : 207,
    "end" : 222,
    "inCoref" : false
  }, {
    "id" : "m61",
    "properties" : {
      "SIRE_MENTION_ROLE" : "Feature",
      "SIRE_ENTITY_SUBTYPE" : "NONE",
      "SIRE_MENTION_TYPE" : "NONE",
      "SIRE_MENTION_CLASS" : "SPC"
    },
    "type" : "Feature",
    "begin" : 234,
    "end" : 243,
    "inCoref" : false
  }, {
    "id" : "m39",
    "properties" : {
      "SIRE_ENTITY_SUBTYPE" : "NONE",
      "SIRE_MENTION_CLASS" : "SPC",
      "SIRE_MENTION_TYPE" : "NONE",
      "SIRE_ENTITY_CLASS" : "SPC",
      "SIRE_ENTITY_LEVEL" : "NONE",
      "SIRE_MENTION_ROLE" : "Product"
    },
    "type" : "Product",
    "begin" : 244,
    "end" : 248,
    "inCoref" : true
  }, {
    "id" : "m62",
    "originUser" : "mewassel@us.ibm.com",
    "properties" : {
      "SIRE_ENTITY_SUBTYPE" : "NONE",
      "SIRE_MENTION_CLASS" : "SPC",
      "SIRE_MENTION_TYPE" : "NONE",
      "SIRE_ENTITY_CLASS" : "SPC",
      "SIRE_ENTITY_LEVEL" : "NONE",
      "SIRE_MENTION_ROLE" : "Descriptor"
    },
    "type" : "Descriptor",
    "begin" : 250,
    "end" : 260,
    "inCoref" : false
  }, {
    "id" : "m63",
    "originUser" : "mewassel@us.ibm.com",
    "properties" : {
      "SIRE_MENTION_ROLE" : "Consumer",
      "SIRE_ENTITY_SUBTYPE" : "NONE",
      "SIRE_MENTION_TYPE" : "NONE",
      "SIRE_MENTION_CLASS" : "SPC"
    },
    "type" : "Consumer",
    "begin" : 278,
    "end" : 288,
    "inCoref" : true
  }, {
    "id" : "m64",
    "properties" : {
      "SIRE_MENTION_ROLE" : "Product",
      "SIRE_ENTITY_SUBTYPE" : "NONE",
      "SIRE_MENTION_TYPE" : "NONE",
      "SIRE_MENTION_CLASS" : "SPC"
    },
    "type" : "Product",
    "begin" : 294,
    "end" : 298,
    "inCoref" : true
  }, {
    "id" : "m65",
    "properties" : {
      "SIRE_MENTION_ROLE" : "Company",
      "SIRE_ENTITY_SUBTYPE" : "NONE",
      "SIRE_MENTION_TYPE" : "NONE",
      "SIRE_MENTION_CLASS" : "SPC"
    },
    "type" : "Company",
    "begin" : 314,
    "end" : 319,
    "inCoref" : true
  }, {
    "id" : "m43",
    "properties" : {
      "SIRE_ENTITY_SUBTYPE" : "NONE",
      "SIRE_MENTION_CLASS" : "SPC",
      "SIRE_MENTION_TYPE" : "NONE",
      "SIRE_ENTITY_CLASS" : "SPC",
      "SIRE_ENTITY_LEVEL" : "NONE",
      "SIRE_MENTION_ROLE" : "Customer_Service"
    },
    "type" : "Customer_Service",
    "begin" : 336,
    "end" : 352,
    "inCoref" : true
  }, {
    "id" : "m44",
    "properties" : {
      "SIRE_ENTITY_SUBTYPE" : "NONE",
      "SIRE_MENTION_CLASS" : "SPC",
      "SIRE_MENTION_TYPE" : "NONE",
      "SIRE_ENTITY_CLASS" : "SPC",
      "SIRE_ENTITY_LEVEL" : "NONE",
      "SIRE_MENTION_ROLE" : "Company"
    },
    "type" : "Company",
    "begin" : 390,
    "end" : 395,
    "inCoref" : false
  }, {
    "id" : "m45",
    "properties" : {
      "SIRE_MENTION_ROLE" : "Customer_Service",
      "SIRE_ENTITY_SUBTYPE" : "NONE",
      "SIRE_MENTION_TYPE" : "NONE",
      "SIRE_MENTION_CLASS" : "SPC"
    },
    "type" : "Customer_Service",
    "begin" : 403,
    "end" : 407,
    "inCoref" : true
  }, {
    "id" : "m46",
    "properties" : {
      "SIRE_ENTITY_SUBTYPE" : "NONE",
      "SIRE_MENTION_CLASS" : "SPC",
      "SIRE_MENTION_TYPE" : "NONE",
      "SIRE_ENTITY_CLASS" : "SPC",
      "SIRE_ENTITY_LEVEL" : "NONE",
      "SIRE_MENTION_ROLE" : "Feature"
    },
    "type" : "Feature",
    "begin" : 422,
    "end" : 430,
    "inCoref" : false
  }, {
    "id" : "m66",
    "originUser" : "mewassel@us.ibm.com",
    "properties" : {
      "SIRE_MENTION_ROLE" : "Consumer",
      "SIRE_ENTITY_SUBTYPE" : "NONE",
      "SIRE_MENTION_TYPE" : "NONE",
      "SIRE_MENTION_CLASS" : "SPC"
    },
    "type" : "Consumer",
    "begin" : 478,
    "end" : 480,
    "inCoref" : true
  }, {
    "id" : "m67",
    "originUser" : "mewassel@us.ibm.com",
    "properties" : {
      "SIRE_MENTION_ROLE" : "Product",
      "SIRE_ENTITY_SUBTYPE" : "NONE",
      "SIRE_MENTION_TYPE" : "NONE",
      "SIRE_MENTION_CLASS" : "SPC"
    },
    "type" : "Product",
    "begin" : 496,
    "end" : 498,
    "inCoref" : true
  }, {
    "id" : "m68",
    "originUser" : "mewassel@us.ibm.com",
    "properties" : {
      "SIRE_ENTITY_SUBTYPE" : "NONE",
      "SIRE_MENTION_CLASS" : "SPC",
      "SIRE_MENTION_TYPE" : "NONE",
      "SIRE_ENTITY_CLASS" : "SPC",
      "SIRE_ENTITY_LEVEL" : "NONE",
      "SIRE_MENTION_ROLE" : "Price"
    },
    "type" : "Price",
    "begin" : 523,
    "end" : 536,
    "inCoref" : false
  }, {
    "id" : "m69",
    "originUser" : "mewassel@us.ibm.com",
    "properties" : {
      "SIRE_MENTION_ROLE" : "Price",
      "SIRE_ENTITY_SUBTYPE" : "NONE",
      "SIRE_MENTION_TYPE" : "NONE",
      "SIRE_MENTION_CLASS" : "SPC"
    },
    "type" : "Price",
    "begin" : 553,
    "end" : 562,
    "inCoref" : false
  }, {
    "id" : "m70",
    "originUser" : "mewassel@us.ibm.com",
    "properties" : {
      "SIRE_MENTION_ROLE" : "Consumer",
      "SIRE_ENTITY_SUBTYPE" : "NONE",
      "SIRE_MENTION_TYPE" : "NONE",
      "SIRE_MENTION_CLASS" : "SPC"
    },
    "type" : "Consumer",
    "begin" : 563,
    "end" : 565,
    "inCoref" : true
  }, {
    "id" : "m71",
    "originUser" : "mewassel@us.ibm.com",
    "properties" : {
      "SIRE_MENTION_ROLE" : "Descriptor",
      "SIRE_ENTITY_SUBTYPE" : "NONE",
      "SIRE_MENTION_TYPE" : "NONE",
      "SIRE_MENTION_CLASS" : "SPC"
    },
    "type" : "Descriptor",
    "begin" : 578,
    "end" : 581,
    "inCoref" : false
  }, {
    "id" : "m72",
    "originUser" : "mewassel@us.ibm.com",
    "properties" : {
      "SIRE_MENTION_ROLE" : "Product",
      "SIRE_ENTITY_SUBTYPE" : "NONE",
      "SIRE_MENTION_TYPE" : "NONE",
      "SIRE_MENTION_CLASS" : "SPC"
    },
    "type" : "Product",
    "begin" : 582,
    "end" : 586,
    "inCoref" : true
  }, {
    "id" : "m73",
    "originUser" : "mewassel@us.ibm.com",
    "properties" : {
      "SIRE_MENTION_ROLE" : "Consumer",
      "SIRE_ENTITY_SUBTYPE" : "NONE",
      "SIRE_MENTION_TYPE" : "NONE",
      "SIRE_MENTION_CLASS" : "SPC"
    },
    "type" : "Consumer",
    "begin" : 592,
    "end" : 594,
    "inCoref" : true
  }, {
    "id" : "m50",
    "properties" : {
      "SIRE_MENTION_ROLE" : "Product",
      "SIRE_ENTITY_SUBTYPE" : "NONE",
      "SIRE_MENTION_TYPE" : "NONE",
      "SIRE_MENTION_CLASS" : "SPC"
    },
    "type" : "Product",
    "begin" : 603,
    "end" : 605,
    "inCoref" : true
  }, {
    "id" : "m51",
    "properties" : {
      "SIRE_MENTION_ROLE" : "Descriptor",
      "SIRE_ENTITY_SUBTYPE" : "NONE",
      "SIRE_MENTION_TYPE" : "NONE",
      "SIRE_MENTION_CLASS" : "SPC"
    },
    "type" : "Descriptor",
    "begin" : 618,
    "end" : 630,
    "inCoref" : false
  }, {
    "id" : "m74",
    "originUser" : "mewassel@us.ibm.com",
    "properties" : {
      "SIRE_MENTION_ROLE" : "Company",
      "SIRE_ENTITY_SUBTYPE" : "NONE",
      "SIRE_MENTION_TYPE" : "NONE",
      "SIRE_MENTION_CLASS" : "SPC"
    },
    "type" : "Company",
    "begin" : 635,
    "end" : 639,
    "inCoref" : true
  }, {
    "id" : "m75",
    "originUser" : "mewassel@us.ibm.com",
    "properties" : {
      "SIRE_ENTITY_SUBTYPE" : "NONE",
      "SIRE_MENTION_CLASS" : "SPC",
      "SIRE_MENTION_TYPE" : "NONE",
      "SIRE_ENTITY_CLASS" : "SPC",
      "SIRE_ENTITY_LEVEL" : "NONE",
      "SIRE_MENTION_ROLE" : "Descriptor"
    },
    "type" : "Descriptor",
    "begin" : 697,
    "end" : 709,
    "inCoref" : false
  } ],
  "relations" : [ {
    "id" : "r8",
    "originUser" : "mewassel@us.ibm.com",
    "properties" : { },
    "type" : "hasQuality",
    "args" : [ "m14", "m54" ]
  }, {
    "id" : "r9",
    "originUser" : "mewassel@us.ibm.com",
    "properties" : { },
    "type" : "hasQuality",
    "args" : [ "m56", "m55" ]
  }, {
    "id" : "r12",
    "originUser" : "mewassel@us.ibm.com",
    "properties" : { },
    "type" : "hasFeature",
    "args" : [ "m14", "m56" ]
  }, {
    "id" : "r13",
    "originUser" : "mewassel@us.ibm.com",
    "properties" : { },
    "type" : "hasFeature",
    "args" : [ "m21", "m61" ]
  }, {
    "id" : "r14",
    "properties" : { },
    "type" : "hasFeature",
    "args" : [ "m39", "m61" ]
  }, {
    "id" : "r15",
    "properties" : { },
    "type" : "hasQuality",
    "args" : [ "m60", "m59" ]
  }, {
    "id" : "r16",
    "properties" : { },
    "type" : "hasFeature",
    "args" : [ "m39", "m60" ]
  }, {
    "id" : "r17",
    "properties" : { },
    "type" : "hasFeature",
    "args" : [ "m21", "m60" ]
  }, {
    "id" : "r18",
    "properties" : { },
    "type" : "madeBy",
    "args" : [ "m64", "m65" ]
  }, {
    "id" : "r19",
    "originUser" : "mewassel@us.ibm.com",
    "properties" : { },
    "type" : "hasQuality",
    "args" : [ "m72", "m71" ]
  }, {
    "id" : "r7",
    "properties" : { },
    "type" : "hasQuality",
    "args" : [ "m50", "m51" ]
  }, {
    "id" : "r20",
    "originUser" : "mewassel@us.ibm.com",
    "properties" : { },
    "type" : "madeBy",
    "args" : [ "m50", "m74" ]
  } ],
  "corefs" : [ {
    "id" : "c4",
    "originUser" : "mewassel@us.ibm.com",
    "properties" : { },
    "mentions" : [ "m52", "m53", "m63", "m70", "m73", "m66" ]
  }, {
    "id" : "c5",
    "originUser" : "mewassel@us.ibm.com",
    "properties" : { },
    "mentions" : [ "m65", "m74" ]
  } ],
  "typeResolved" : true,
  "userResolved" : true
}