{
  "id" : "d442e3a2-8558-4659-89ed-fe6d3041fee7-6",
  "modifiedDate" : 1468358100848,
  "name" : "review41.txt",
  "version" : 2,
  "text" : "First of all I am not a defendant in the Seattle Amazon lawsuit nor have I been paid the princely sum of $5 to write a five star review. Amazon's customer service should be a paradigm for the internet industry as when the first order was damaged in transit by the USPS, Amazon immediately sent an overnight extremely well packaged replacement by UPS. We currently operate 5 HDTVs and this is the best one I have ever used. Setup was simple. The picture is beautiful and the smart tv functions work perfectly. It is called a Super HDTV by Samsung due to new technology and I am sure once we receive more 4K broadcasts that the true performance will sparkle. In my opinion Samsung is always a step ahead of its competitors .\n",
  "docLength" : 723,
  "language" : "EN",
  "status" : "SUBMITTED",
  "documentSet" : [ ],
  "sentences" : [ {
    "id" : "s0",
    "begin" : 0,
    "end" : 136,
    "text" : "First of all I am not a defendant in the Seattle Amazon lawsuit nor have I been paid the princely sum of $5 to write a five star review.",
    "tokens" : [ {
      "id" : "s0-t0",
      "begin" : 0,
      "end" : 5,
      "text" : "First",
      "whiteSpace" : false
    }, {
      "id" : "s0-t1",
      "begin" : 6,
      "end" : 8,
      "text" : "of",
      "whiteSpace" : false
    }, {
      "id" : "s0-t2",
      "begin" : 9,
      "end" : 12,
      "text" : "all",
      "whiteSpace" : false
    }, {
      "id" : "s0-t3",
      "begin" : 13,
      "end" : 14,
      "text" : "I",
      "whiteSpace" : false
    }, {
      "id" : "s0-t4",
      "begin" : 15,
      "end" : 17,
      "text" : "am",
      "whiteSpace" : false
    }, {
      "id" : "s0-t5",
      "begin" : 18,
      "end" : 21,
      "text" : "not",
      "whiteSpace" : false
    }, {
      "id" : "s0-t6",
      "begin" : 22,
      "end" : 23,
      "text" : "a",
      "whiteSpace" : false
    }, {
      "id" : "s0-t7",
      "begin" : 24,
      "end" : 33,
      "text" : "defendant",
      "whiteSpace" : false
    }, {
      "id" : "s0-t8",
      "begin" : 34,
      "end" : 36,
      "text" : "in",
      "whiteSpace" : false
    }, {
      "id" : "s0-t9",
      "begin" : 37,
      "end" : 40,
      "text" : "the",
      "whiteSpace" : false
    }, {
      "id" : "s0-t10",
      "begin" : 41,
      "end" : 48,
      "text" : "Seattle",
      "whiteSpace" : false
    }, {
      "id" : "s0-t11",
      "begin" : 49,
      "end" : 55,
      "text" : "Amazon",
      "whiteSpace" : false
    }, {
      "id" : "s0-t12",
      "begin" : 56,
      "end" : 63,
      "text" : "lawsuit",
      "whiteSpace" : false
    }, {
      "id" : "s0-t13",
      "begin" : 64,
      "end" : 67,
      "text" : "nor",
      "whiteSpace" : false
    }, {
      "id" : "s0-t14",
      "begin" : 68,
      "end" : 72,
      "text" : "have",
      "whiteSpace" : false
    }, {
      "id" : "s0-t15",
      "begin" : 73,
      "end" : 74,
      "text" : "I",
      "whiteSpace" : false
    }, {
      "id" : "s0-t16",
      "begin" : 75,
      "end" : 79,
      "text" : "been",
      "whiteSpace" : false
    }, {
      "id" : "s0-t17",
      "begin" : 80,
      "end" : 84,
      "text" : "paid",
      "whiteSpace" : false
    }, {
      "id" : "s0-t18",
      "begin" : 85,
      "end" : 88,
      "text" : "the",
      "whiteSpace" : false
    }, {
      "id" : "s0-t19",
      "begin" : 89,
      "end" : 97,
      "text" : "princely",
      "whiteSpace" : false
    }, {
      "id" : "s0-t20",
      "begin" : 98,
      "end" : 101,
      "text" : "sum",
      "whiteSpace" : false
    }, {
      "id" : "s0-t21",
      "begin" : 102,
      "end" : 104,
      "text" : "of",
      "whiteSpace" : false
    }, {
      "id" : "s0-t22",
      "begin" : 105,
      "end" : 106,
      "text" : "$",
      "whiteSpace" : false
    }, {
      "id" : "s0-t23",
      "begin" : 106,
      "end" : 107,
      "text" : "5",
      "whiteSpace" : false
    }, {
      "id" : "s0-t24",
      "begin" : 108,
      "end" : 110,
      "text" : "to",
      "whiteSpace" : false
    }, {
      "id" : "s0-t25",
      "begin" : 111,
      "end" : 116,
      "text" : "write",
      "whiteSpace" : false
    }, {
      "id" : "s0-t26",
      "begin" : 117,
      "end" : 118,
      "text" : "a",
      "whiteSpace" : false
    }, {
      "id" : "s0-t27",
      "begin" : 119,
      "end" : 123,
      "text" : "five",
      "whiteSpace" : false
    }, {
      "id" : "s0-t28",
      "begin" : 124,
      "end" : 128,
      "text" : "star",
      "whiteSpace" : false
    }, {
      "id" : "s0-t29",
      "begin" : 129,
      "end" : 135,
      "text" : "review",
      "whiteSpace" : false
    }, {
      "id" : "s0-t30",
      "begin" : 135,
      "end" : 136,
      "text" : ".",
      "whiteSpace" : false
    } ]
  }, {
    "id" : "s1",
    "begin" : 137,
    "end" : 350,
    "text" : "Amazon's customer service should be a paradigm for the internet industry as when the first order was damaged in transit by the USPS, Amazon immediately sent an overnight extremely well packaged replacement by UPS.",
    "tokens" : [ {
      "id" : "s1-t0",
      "begin" : 137,
      "end" : 143,
      "text" : "Amazon",
      "whiteSpace" : false
    }, {
      "id" : "s1-t1",
      "begin" : 143,
      "end" : 145,
      "text" : "'s",
      "whiteSpace" : false
    }, {
      "id" : "s1-t2",
      "begin" : 146,
      "end" : 154,
      "text" : "customer",
      "whiteSpace" : false
    }, {
      "id" : "s1-t3",
      "begin" : 155,
      "end" : 162,
      "text" : "service",
      "whiteSpace" : false
    }, {
      "id" : "s1-t4",
      "begin" : 163,
      "end" : 169,
      "text" : "should",
      "whiteSpace" : false
    }, {
      "id" : "s1-t5",
      "begin" : 170,
      "end" : 172,
      "text" : "be",
      "whiteSpace" : false
    }, {
      "id" : "s1-t6",
      "begin" : 173,
      "end" : 174,
      "text" : "a",
      "whiteSpace" : false
    }, {
      "id" : "s1-t7",
      "begin" : 175,
      "end" : 183,
      "text" : "paradigm",
      "whiteSpace" : false
    }, {
      "id" : "s1-t8",
      "begin" : 184,
      "end" : 187,
      "text" : "for",
      "whiteSpace" : false
    }, {
      "id" : "s1-t9",
      "begin" : 188,
      "end" : 191,
      "text" : "the",
      "whiteSpace" : false
    }, {
      "id" : "s1-t10",
      "begin" : 192,
      "end" : 200,
      "text" : "internet",
      "whiteSpace" : false
    }, {
      "id" : "s1-t11",
      "begin" : 201,
      "end" : 209,
      "text" : "industry",
      "whiteSpace" : false
    }, {
      "id" : "s1-t12",
      "begin" : 210,
      "end" : 212,
      "text" : "as",
      "whiteSpace" : false
    }, {
      "id" : "s1-t13",
      "begin" : 213,
      "end" : 217,
      "text" : "when",
      "whiteSpace" : false
    }, {
      "id" : "s1-t14",
      "begin" : 218,
      "end" : 221,
      "text" : "the",
      "whiteSpace" : false
    }, {
      "id" : "s1-t15",
      "begin" : 222,
      "end" : 227,
      "text" : "first",
      "whiteSpace" : false
    }, {
      "id" : "s1-t16",
      "begin" : 228,
      "end" : 233,
      "text" : "order",
      "whiteSpace" : false
    }, {
      "id" : "s1-t17",
      "begin" : 234,
      "end" : 237,
      "text" : "was",
      "whiteSpace" : false
    }, {
      "id" : "s1-t18",
      "begin" : 238,
      "end" : 245,
      "text" : "damaged",
      "whiteSpace" : false
    }, {
      "id" : "s1-t19",
      "begin" : 246,
      "end" : 248,
      "text" : "in",
      "whiteSpace" : false
    }, {
      "id" : "s1-t20",
      "begin" : 249,
      "end" : 256,
      "text" : "transit",
      "whiteSpace" : false
    }, {
      "id" : "s1-t21",
      "begin" : 257,
      "end" : 259,
      "text" : "by",
      "whiteSpace" : false
    }, {
      "id" : "s1-t22",
      "begin" : 260,
      "end" : 263,
      "text" : "the",
      "whiteSpace" : false
    }, {
      "id" : "s1-t23",
      "begin" : 264,
      "end" : 268,
      "text" : "USPS",
      "whiteSpace" : false
    }, {
      "id" : "s1-t24",
      "begin" : 268,
      "end" : 269,
      "text" : ",",
      "whiteSpace" : false
    }, {
      "id" : "s1-t25",
      "begin" : 270,
      "end" : 276,
      "text" : "Amazon",
      "whiteSpace" : false
    }, {
      "id" : "s1-t26",
      "begin" : 277,
      "end" : 288,
      "text" : "immediately",
      "whiteSpace" : false
    }, {
      "id" : "s1-t27",
      "begin" : 289,
      "end" : 293,
      "text" : "sent",
      "whiteSpace" : false
    }, {
      "id" : "s1-t28",
      "begin" : 294,
      "end" : 296,
      "text" : "an",
      "whiteSpace" : false
    }, {
      "id" : "s1-t29",
      "begin" : 297,
      "end" : 306,
      "text" : "overnight",
      "whiteSpace" : false
    }, {
      "id" : "s1-t30",
      "begin" : 307,
      "end" : 316,
      "text" : "extremely",
      "whiteSpace" : false
    }, {
      "id" : "s1-t31",
      "begin" : 317,
      "end" : 321,
      "text" : "well",
      "whiteSpace" : false
    }, {
      "id" : "s1-t32",
      "begin" : 322,
      "end" : 330,
      "text" : "packaged",
      "whiteSpace" : false
    }, {
      "id" : "s1-t33",
      "begin" : 331,
      "end" : 342,
      "text" : "replacement",
      "whiteSpace" : false
    }, {
      "id" : "s1-t34",
      "begin" : 343,
      "end" : 345,
      "text" : "by",
      "whiteSpace" : false
    }, {
      "id" : "s1-t35",
      "begin" : 346,
      "end" : 349,
      "text" : "UPS",
      "whiteSpace" : false
    }, {
      "id" : "s1-t36",
      "begin" : 349,
      "end" : 350,
      "text" : ".",
      "whiteSpace" : false
    } ]
  }, {
    "id" : "s2",
    "begin" : 351,
    "end" : 422,
    "text" : "We currently operate 5 HDTVs and this is the best one I have ever used.",
    "tokens" : [ {
      "id" : "s2-t0",
      "begin" : 351,
      "end" : 353,
      "text" : "We",
      "whiteSpace" : false
    }, {
      "id" : "s2-t1",
      "begin" : 354,
      "end" : 363,
      "text" : "currently",
      "whiteSpace" : false
    }, {
      "id" : "s2-t2",
      "begin" : 364,
      "end" : 371,
      "text" : "operate",
      "whiteSpace" : false
    }, {
      "id" : "s2-t3",
      "begin" : 372,
      "end" : 373,
      "text" : "5",
      "whiteSpace" : false
    }, {
      "id" : "s2-t4",
      "begin" : 374,
      "end" : 379,
      "text" : "HDTVs",
      "whiteSpace" : false
    }, {
      "id" : "s2-t5",
      "begin" : 380,
      "end" : 383,
      "text" : "and",
      "whiteSpace" : false
    }, {
      "id" : "s2-t6",
      "begin" : 384,
      "end" : 388,
      "text" : "this",
      "whiteSpace" : false
    }, {
      "id" : "s2-t7",
      "begin" : 389,
      "end" : 391,
      "text" : "is",
      "whiteSpace" : false
    }, {
      "id" : "s2-t8",
      "begin" : 392,
      "end" : 395,
      "text" : "the",
      "whiteSpace" : false
    }, {
      "id" : "s2-t9",
      "begin" : 396,
      "end" : 400,
      "text" : "best",
      "whiteSpace" : false
    }, {
      "id" : "s2-t10",
      "begin" : 401,
      "end" : 404,
      "text" : "one",
      "whiteSpace" : false
    }, {
      "id" : "s2-t11",
      "begin" : 405,
      "end" : 406,
      "text" : "I",
      "whiteSpace" : false
    }, {
      "id" : "s2-t12",
      "begin" : 407,
      "end" : 411,
      "text" : "have",
      "whiteSpace" : false
    }, {
      "id" : "s2-t13",
      "begin" : 412,
      "end" : 416,
      "text" : "ever",
      "whiteSpace" : false
    }, {
      "id" : "s2-t14",
      "begin" : 417,
      "end" : 421,
      "text" : "used",
      "whiteSpace" : false
    }, {
      "id" : "s2-t15",
      "begin" : 421,
      "end" : 422,
      "text" : ".",
      "whiteSpace" : false
    } ]
  }, {
    "id" : "s3",
    "begin" : 423,
    "end" : 440,
    "text" : "Setup was simple.",
    "tokens" : [ {
      "id" : "s3-t0",
      "begin" : 423,
      "end" : 428,
      "text" : "Setup",
      "whiteSpace" : false
    }, {
      "id" : "s3-t1",
      "begin" : 429,
      "end" : 432,
      "text" : "was",
      "whiteSpace" : false
    }, {
      "id" : "s3-t2",
      "begin" : 433,
      "end" : 439,
      "text" : "simple",
      "whiteSpace" : false
    }, {
      "id" : "s3-t3",
      "begin" : 439,
      "end" : 440,
      "text" : ".",
      "whiteSpace" : false
    } ]
  }, {
    "id" : "s4",
    "begin" : 441,
    "end" : 508,
    "text" : "The picture is beautiful and the smart tv functions work perfectly.",
    "tokens" : [ {
      "id" : "s4-t0",
      "begin" : 441,
      "end" : 444,
      "text" : "The",
      "whiteSpace" : false
    }, {
      "id" : "s4-t1",
      "begin" : 445,
      "end" : 452,
      "text" : "picture",
      "whiteSpace" : false
    }, {
      "id" : "s4-t2",
      "begin" : 453,
      "end" : 455,
      "text" : "is",
      "whiteSpace" : false
    }, {
      "id" : "s4-t3",
      "begin" : 456,
      "end" : 465,
      "text" : "beautiful",
      "whiteSpace" : false
    }, {
      "id" : "s4-t4",
      "begin" : 466,
      "end" : 469,
      "text" : "and",
      "whiteSpace" : false
    }, {
      "id" : "s4-t5",
      "begin" : 470,
      "end" : 473,
      "text" : "the",
      "whiteSpace" : false
    }, {
      "id" : "s4-t6",
      "begin" : 474,
      "end" : 479,
      "text" : "smart",
      "whiteSpace" : false
    }, {
      "id" : "s4-t7",
      "begin" : 480,
      "end" : 482,
      "text" : "tv",
      "whiteSpace" : false
    }, {
      "id" : "s4-t8",
      "begin" : 483,
      "end" : 492,
      "text" : "functions",
      "whiteSpace" : false
    }, {
      "id" : "s4-t9",
      "begin" : 493,
      "end" : 497,
      "text" : "work",
      "whiteSpace" : false
    }, {
      "id" : "s4-t10",
      "begin" : 498,
      "end" : 507,
      "text" : "perfectly",
      "whiteSpace" : false
    }, {
      "id" : "s4-t11",
      "begin" : 507,
      "end" : 508,
      "text" : ".",
      "whiteSpace" : false
    } ]
  }, {
    "id" : "s5",
    "begin" : 509,
    "end" : 656,
    "text" : "It is called a Super HDTV by Samsung due to new technology and I am sure once we receive more 4K broadcasts that the true performance will sparkle.",
    "tokens" : [ {
      "id" : "s5-t0",
      "begin" : 509,
      "end" : 511,
      "text" : "It",
      "whiteSpace" : false
    }, {
      "id" : "s5-t1",
      "begin" : 512,
      "end" : 514,
      "text" : "is",
      "whiteSpace" : false
    }, {
      "id" : "s5-t2",
      "begin" : 515,
      "end" : 521,
      "text" : "called",
      "whiteSpace" : false
    }, {
      "id" : "s5-t3",
      "begin" : 522,
      "end" : 523,
      "text" : "a",
      "whiteSpace" : false
    }, {
      "id" : "s5-t4",
      "begin" : 524,
      "end" : 529,
      "text" : "Super",
      "whiteSpace" : false
    }, {
      "id" : "s5-t5",
      "begin" : 530,
      "end" : 534,
      "text" : "HDTV",
      "whiteSpace" : false
    }, {
      "id" : "s5-t6",
      "begin" : 535,
      "end" : 537,
      "text" : "by",
      "whiteSpace" : false
    }, {
      "id" : "s5-t7",
      "begin" : 538,
      "end" : 545,
      "text" : "Samsung",
      "whiteSpace" : false
    }, {
      "id" : "s5-t8",
      "begin" : 546,
      "end" : 549,
      "text" : "due",
      "whiteSpace" : false
    }, {
      "id" : "s5-t9",
      "begin" : 550,
      "end" : 552,
      "text" : "to",
      "whiteSpace" : false
    }, {
      "id" : "s5-t10",
      "begin" : 553,
      "end" : 556,
      "text" : "new",
      "whiteSpace" : false
    }, {
      "id" : "s5-t11",
      "begin" : 557,
      "end" : 567,
      "text" : "technology",
      "whiteSpace" : false
    }, {
      "id" : "s5-t12",
      "begin" : 568,
      "end" : 571,
      "text" : "and",
      "whiteSpace" : false
    }, {
      "id" : "s5-t13",
      "begin" : 572,
      "end" : 573,
      "text" : "I",
      "whiteSpace" : false
    }, {
      "id" : "s5-t14",
      "begin" : 574,
      "end" : 576,
      "text" : "am",
      "whiteSpace" : false
    }, {
      "id" : "s5-t15",
      "begin" : 577,
      "end" : 581,
      "text" : "sure",
      "whiteSpace" : false
    }, {
      "id" : "s5-t16",
      "begin" : 582,
      "end" : 586,
      "text" : "once",
      "whiteSpace" : false
    }, {
      "id" : "s5-t17",
      "begin" : 587,
      "end" : 589,
      "text" : "we",
      "whiteSpace" : false
    }, {
      "id" : "s5-t18",
      "begin" : 590,
      "end" : 597,
      "text" : "receive",
      "whiteSpace" : false
    }, {
      "id" : "s5-t19",
      "begin" : 598,
      "end" : 602,
      "text" : "more",
      "whiteSpace" : false
    }, {
      "id" : "s5-t20",
      "begin" : 603,
      "end" : 605,
      "text" : "4K",
      "whiteSpace" : false
    }, {
      "id" : "s5-t21",
      "begin" : 606,
      "end" : 616,
      "text" : "broadcasts",
      "whiteSpace" : false
    }, {
      "id" : "s5-t22",
      "begin" : 617,
      "end" : 621,
      "text" : "that",
      "whiteSpace" : false
    }, {
      "id" : "s5-t23",
      "begin" : 622,
      "end" : 625,
      "text" : "the",
      "whiteSpace" : false
    }, {
      "id" : "s5-t24",
      "begin" : 626,
      "end" : 630,
      "text" : "true",
      "whiteSpace" : false
    }, {
      "id" : "s5-t25",
      "begin" : 631,
      "end" : 642,
      "text" : "performance",
      "whiteSpace" : false
    }, {
      "id" : "s5-t26",
      "begin" : 643,
      "end" : 647,
      "text" : "will",
      "whiteSpace" : false
    }, {
      "id" : "s5-t27",
      "begin" : 648,
      "end" : 655,
      "text" : "sparkle",
      "whiteSpace" : false
    }, {
      "id" : "s5-t28",
      "begin" : 655,
      "end" : 656,
      "text" : ".",
      "whiteSpace" : false
    } ]
  }, {
    "id" : "s6",
    "begin" : 657,
    "end" : 722,
    "text" : "In my opinion Samsung is always a step ahead of its competitors .",
    "tokens" : [ {
      "id" : "s6-t0",
      "begin" : 657,
      "end" : 659,
      "text" : "In",
      "whiteSpace" : false
    }, {
      "id" : "s6-t1",
      "begin" : 660,
      "end" : 662,
      "text" : "my",
      "whiteSpace" : false
    }, {
      "id" : "s6-t2",
      "begin" : 663,
      "end" : 670,
      "text" : "opinion",
      "whiteSpace" : false
    }, {
      "id" : "s6-t3",
      "begin" : 671,
      "end" : 678,
      "text" : "Samsung",
      "whiteSpace" : false
    }, {
      "id" : "s6-t4",
      "begin" : 679,
      "end" : 681,
      "text" : "is",
      "whiteSpace" : false
    }, {
      "id" : "s6-t5",
      "begin" : 682,
      "end" : 688,
      "text" : "always",
      "whiteSpace" : false
    }, {
      "id" : "s6-t6",
      "begin" : 689,
      "end" : 690,
      "text" : "a",
      "whiteSpace" : false
    }, {
      "id" : "s6-t7",
      "begin" : 691,
      "end" : 695,
      "text" : "step",
      "whiteSpace" : false
    }, {
      "id" : "s6-t8",
      "begin" : 696,
      "end" : 701,
      "text" : "ahead",
      "whiteSpace" : false
    }, {
      "id" : "s6-t9",
      "begin" : 702,
      "end" : 704,
      "text" : "of",
      "whiteSpace" : false
    }, {
      "id" : "s6-t10",
      "begin" : 705,
      "end" : 708,
      "text" : "its",
      "whiteSpace" : false
    }, {
      "id" : "s6-t11",
      "begin" : 709,
      "end" : 720,
      "text" : "competitors",
      "whiteSpace" : false
    }, {
      "id" : "s6-t12",
      "begin" : 721,
      "end" : 722,
      "text" : ".",
      "whiteSpace" : false
    } ]
  } ],
  "mentions" : [ {
    "id" : "1151251348254621__-785762719-M0",
    "properties" : {
      "SIRE_ENTITY_SUBTYPE" : "NONE",
      "SIRE_MENTION_CLASS" : "SPC",
      "SIRE_MENTION_TYPE" : "NONE",
      "SIRE_ENTITY_CLASS" : "SPC",
      "SIRE_ENTITY_LEVEL" : "NONE",
      "SIRE_MENTION_ROLE" : "Consumer"
    },
    "type" : "Consumer",
    "begin" : 13,
    "end" : 14,
    "inCoref" : true
  }, {
    "id" : "1151251348254621__-785762719-M1",
    "properties" : {
      "SIRE_ENTITY_SUBTYPE" : "a_3rd_Party_Company",
      "SIRE_MENTION_CLASS" : "SPC",
      "SIRE_MENTION_TYPE" : "NONE",
      "SIRE_ENTITY_CLASS" : "SPC",
      "SIRE_ENTITY_LEVEL" : "NONE",
      "SIRE_MENTION_ROLE" : "Company"
    },
    "type" : "Company",
    "begin" : 49,
    "end" : 55,
    "inCoref" : true
  }, {
    "id" : "1151251348254621__-785762719-M2",
    "properties" : {
      "SIRE_ENTITY_SUBTYPE" : "NONE",
      "SIRE_MENTION_CLASS" : "SPC",
      "SIRE_MENTION_TYPE" : "NONE",
      "SIRE_ENTITY_CLASS" : "SPC",
      "SIRE_ENTITY_LEVEL" : "NONE",
      "SIRE_MENTION_ROLE" : "Consumer"
    },
    "type" : "Consumer",
    "begin" : 73,
    "end" : 74,
    "inCoref" : true
  }, {
    "id" : "1151251348254621__-785762719-M3",
    "properties" : {
      "SIRE_ENTITY_SUBTYPE" : "a_3rd_Party_Company",
      "SIRE_MENTION_CLASS" : "SPC",
      "SIRE_MENTION_TYPE" : "NONE",
      "SIRE_ENTITY_CLASS" : "SPC",
      "SIRE_ENTITY_LEVEL" : "NONE",
      "SIRE_MENTION_ROLE" : "Company"
    },
    "type" : "Company",
    "begin" : 137,
    "end" : 143,
    "inCoref" : true
  }, {
    "id" : "1151251348254621__-785762719-M4",
    "properties" : {
      "SIRE_ENTITY_SUBTYPE" : "NONE",
      "SIRE_MENTION_CLASS" : "SPC",
      "SIRE_MENTION_TYPE" : "NONE",
      "SIRE_ENTITY_CLASS" : "SPC",
      "SIRE_ENTITY_LEVEL" : "NONE",
      "SIRE_MENTION_ROLE" : "Customer_Service"
    },
    "type" : "Customer_Service",
    "begin" : 146,
    "end" : 162,
    "inCoref" : false
  }, {
    "id" : "1151251348254621__-785762719-M5",
    "properties" : {
      "SIRE_ENTITY_SUBTYPE" : "a_3rd_Party_Company",
      "SIRE_MENTION_CLASS" : "SPC",
      "SIRE_MENTION_TYPE" : "NONE",
      "SIRE_ENTITY_CLASS" : "SPC",
      "SIRE_ENTITY_LEVEL" : "NONE",
      "SIRE_MENTION_ROLE" : "Company"
    },
    "type" : "Company",
    "begin" : 270,
    "end" : 276,
    "inCoref" : true
  }, {
    "id" : "s2-m2",
    "properties" : {
      "SIRE_MENTION_ROLE" : "Product",
      "SIRE_ENTITY_SUBTYPE" : "NONE",
      "SIRE_MENTION_TYPE" : "NONE",
      "SIRE_MENTION_CLASS" : "SPC"
    },
    "type" : "Product",
    "begin" : 374,
    "end" : 379,
    "inCoref" : false
  }, {
    "id" : "s2-m3",
    "properties" : {
      "SIRE_MENTION_ROLE" : "Product",
      "SIRE_ENTITY_SUBTYPE" : "NONE",
      "SIRE_MENTION_TYPE" : "NONE",
      "SIRE_MENTION_CLASS" : "SPC"
    },
    "type" : "Product",
    "begin" : 384,
    "end" : 388,
    "inCoref" : true
  }, {
    "id" : "s2-m4",
    "properties" : {
      "SIRE_MENTION_ROLE" : "Descriptor",
      "SIRE_ENTITY_SUBTYPE" : "NONE",
      "SIRE_MENTION_TYPE" : "NONE",
      "SIRE_MENTION_CLASS" : "SPC"
    },
    "type" : "Descriptor",
    "begin" : 396,
    "end" : 404,
    "inCoref" : false
  }, {
    "id" : "1151251348254621__-785762719-M6",
    "properties" : {
      "SIRE_ENTITY_SUBTYPE" : "NONE",
      "SIRE_MENTION_CLASS" : "SPC",
      "SIRE_MENTION_TYPE" : "NONE",
      "SIRE_ENTITY_CLASS" : "SPC",
      "SIRE_ENTITY_LEVEL" : "NONE",
      "SIRE_MENTION_ROLE" : "Consumer"
    },
    "type" : "Consumer",
    "begin" : 405,
    "end" : 406,
    "inCoref" : true
  }, {
    "id" : "1151251348254621__-785762719-M7",
    "properties" : {
      "SIRE_ENTITY_SUBTYPE" : "NONE",
      "SIRE_MENTION_CLASS" : "SPC",
      "SIRE_MENTION_TYPE" : "NONE",
      "SIRE_ENTITY_CLASS" : "SPC",
      "SIRE_ENTITY_LEVEL" : "NONE",
      "SIRE_MENTION_ROLE" : "Feature"
    },
    "type" : "Feature",
    "begin" : 423,
    "end" : 428,
    "inCoref" : false
  }, {
    "id" : "1151251348254621__-785762719-M8",
    "properties" : {
      "SIRE_ENTITY_SUBTYPE" : "NONE",
      "SIRE_MENTION_CLASS" : "SPC",
      "SIRE_MENTION_TYPE" : "NONE",
      "SIRE_ENTITY_CLASS" : "SPC",
      "SIRE_ENTITY_LEVEL" : "NONE",
      "SIRE_MENTION_ROLE" : "Descriptor"
    },
    "type" : "Descriptor",
    "begin" : 433,
    "end" : 439,
    "inCoref" : false
  }, {
    "id" : "1151251348254621__-785762719-M9",
    "properties" : {
      "SIRE_ENTITY_SUBTYPE" : "NONE",
      "SIRE_MENTION_CLASS" : "SPC",
      "SIRE_MENTION_TYPE" : "NONE",
      "SIRE_ENTITY_CLASS" : "SPC",
      "SIRE_ENTITY_LEVEL" : "NONE",
      "SIRE_MENTION_ROLE" : "Feature"
    },
    "type" : "Feature",
    "begin" : 445,
    "end" : 452,
    "inCoref" : false
  }, {
    "id" : "s4-m3",
    "properties" : {
      "SIRE_MENTION_ROLE" : "Descriptor",
      "SIRE_ENTITY_SUBTYPE" : "NONE",
      "SIRE_MENTION_TYPE" : "NONE",
      "SIRE_MENTION_CLASS" : "SPC"
    },
    "type" : "Descriptor",
    "begin" : 456,
    "end" : 465,
    "inCoref" : false
  }, {
    "id" : "1151251348254621__-785762719-M10",
    "properties" : {
      "SIRE_ENTITY_SUBTYPE" : "NONE",
      "SIRE_MENTION_CLASS" : "SPC",
      "SIRE_MENTION_TYPE" : "NONE",
      "SIRE_ENTITY_CLASS" : "SPC",
      "SIRE_ENTITY_LEVEL" : "NONE",
      "SIRE_MENTION_ROLE" : "Product"
    },
    "type" : "Product",
    "begin" : 474,
    "end" : 482,
    "inCoref" : true
  }, {
    "id" : "s4-m4",
    "properties" : {
      "SIRE_MENTION_ROLE" : "Feature",
      "SIRE_ENTITY_SUBTYPE" : "NONE",
      "SIRE_MENTION_TYPE" : "NONE",
      "SIRE_MENTION_CLASS" : "SPC"
    },
    "type" : "Feature",
    "begin" : 483,
    "end" : 492,
    "inCoref" : false
  }, {
    "id" : "s4-m5",
    "properties" : {
      "SIRE_MENTION_ROLE" : "Descriptor",
      "SIRE_ENTITY_SUBTYPE" : "NONE",
      "SIRE_MENTION_TYPE" : "NONE",
      "SIRE_MENTION_CLASS" : "SPC"
    },
    "type" : "Descriptor",
    "begin" : 493,
    "end" : 507,
    "inCoref" : false
  }, {
    "id" : "1151251348254621__-785762719-M11",
    "properties" : {
      "SIRE_MENTION_ROLE" : "Product",
      "SIRE_ENTITY_SUBTYPE" : "NONE",
      "SIRE_MENTION_TYPE" : "NONE",
      "SIRE_MENTION_CLASS" : "SPC"
    },
    "type" : "Product",
    "begin" : 509,
    "end" : 511,
    "inCoref" : true
  }, {
    "id" : "s5-m4",
    "properties" : {
      "SIRE_MENTION_ROLE" : "Product",
      "SIRE_ENTITY_SUBTYPE" : "NONE",
      "SIRE_MENTION_TYPE" : "NONE",
      "SIRE_MENTION_CLASS" : "SPC"
    },
    "type" : "Product",
    "begin" : 524,
    "end" : 534,
    "inCoref" : true
  }, {
    "id" : "s5-m5",
    "properties" : {
      "SIRE_MENTION_ROLE" : "Company",
      "SIRE_ENTITY_SUBTYPE" : "NONE",
      "SIRE_MENTION_TYPE" : "NONE",
      "SIRE_MENTION_CLASS" : "SPC"
    },
    "type" : "Company",
    "begin" : 538,
    "end" : 545,
    "inCoref" : true
  }, {
    "id" : "s5-m6",
    "properties" : {
      "SIRE_MENTION_ROLE" : "Feature",
      "SIRE_ENTITY_SUBTYPE" : "NONE",
      "SIRE_MENTION_TYPE" : "NONE",
      "SIRE_MENTION_CLASS" : "SPC"
    },
    "type" : "Feature",
    "begin" : 553,
    "end" : 567,
    "inCoref" : false
  }, {
    "id" : "1151251348254621__-785762719-M12",
    "properties" : {
      "SIRE_ENTITY_SUBTYPE" : "NONE",
      "SIRE_MENTION_CLASS" : "SPC",
      "SIRE_MENTION_TYPE" : "NONE",
      "SIRE_ENTITY_CLASS" : "SPC",
      "SIRE_ENTITY_LEVEL" : "NONE",
      "SIRE_MENTION_ROLE" : "Consumer"
    },
    "type" : "Consumer",
    "begin" : 572,
    "end" : 573,
    "inCoref" : true
  }, {
    "id" : "s5-m7",
    "properties" : {
      "SIRE_MENTION_ROLE" : "Feature",
      "SIRE_ENTITY_SUBTYPE" : "NONE",
      "SIRE_MENTION_TYPE" : "NONE",
      "SIRE_MENTION_CLASS" : "SPC"
    },
    "type" : "Feature",
    "begin" : 631,
    "end" : 642,
    "inCoref" : false
  }, {
    "id" : "s5-m8",
    "properties" : {
      "SIRE_MENTION_ROLE" : "Descriptor",
      "SIRE_ENTITY_SUBTYPE" : "NONE",
      "SIRE_MENTION_TYPE" : "NONE",
      "SIRE_MENTION_CLASS" : "SPC"
    },
    "type" : "Descriptor",
    "begin" : 648,
    "end" : 655,
    "inCoref" : false
  }, {
    "id" : "s6-m2",
    "properties" : {
      "SIRE_MENTION_ROLE" : "Consumer",
      "SIRE_ENTITY_SUBTYPE" : "NONE",
      "SIRE_MENTION_TYPE" : "NONE",
      "SIRE_MENTION_CLASS" : "SPC"
    },
    "type" : "Consumer",
    "begin" : 660,
    "end" : 662,
    "inCoref" : true
  }, {
    "id" : "s6-m1",
    "properties" : {
      "SIRE_MENTION_ROLE" : "Company",
      "SIRE_ENTITY_SUBTYPE" : "NONE",
      "SIRE_MENTION_TYPE" : "NONE",
      "SIRE_MENTION_CLASS" : "SPC"
    },
    "type" : "Company",
    "begin" : 671,
    "end" : 678,
    "inCoref" : true
  }, {
    "id" : "s6-m3",
    "properties" : {
      "SIRE_MENTION_ROLE" : "Company",
      "SIRE_ENTITY_SUBTYPE" : "NONE",
      "SIRE_MENTION_TYPE" : "NONE",
      "SIRE_MENTION_CLASS" : "SPC"
    },
    "type" : "Company",
    "begin" : 705,
    "end" : 708,
    "inCoref" : true
  } ],
  "relations" : [ {
    "id" : "1151251348254621__-785762719-R1-1",
    "properties" : {
      "SIRE_RELATION_CLASS" : "SPECIFIC",
      "SIRE_RELATION_SUBTYPE" : "OTHER",
      "SIRE_RELATION_MODALITY" : "ASSERTED",
      "SIRE_RELATION_TENSE" : "UNSPECIFIED"
    },
    "type" : "isAPartOf",
    "args" : [ "1151251348254621__-785762719-M4", "1151251348254621__-785762719-M3" ]
  }, {
    "id" : "s2-r1",
    "properties" : { },
    "type" : "hasQuality",
    "args" : [ "s2-m3", "s2-m4" ]
  }, {
    "id" : "1151251348254621__-785762719-R2-1",
    "properties" : {
      "SIRE_RELATION_CLASS" : "SPECIFIC",
      "SIRE_RELATION_SUBTYPE" : "OTHER",
      "SIRE_RELATION_MODALITY" : "ASSERTED",
      "SIRE_RELATION_TENSE" : "UNSPECIFIED"
    },
    "type" : "hasQuality",
    "args" : [ "1151251348254621__-785762719-M7", "1151251348254621__-785762719-M8" ]
  }, {
    "id" : "s4-r1",
    "properties" : { },
    "type" : "hasQuality",
    "args" : [ "1151251348254621__-785762719-M9", "s4-m3" ]
  }, {
    "id" : "s4-r2",
    "properties" : { },
    "type" : "hasFeature",
    "args" : [ "1151251348254621__-785762719-M10", "s4-m4" ]
  }, {
    "id" : "s4-r3",
    "properties" : { },
    "type" : "hasQuality",
    "args" : [ "s4-m4", "s4-m5" ]
  }, {
    "id" : "s5-r1",
    "properties" : { },
    "type" : "hasQuality",
    "args" : [ "s5-m7", "s5-m8" ]
  }, {
    "id" : "s5-r2",
    "properties" : { },
    "type" : "madeBy",
    "args" : [ "s5-m4", "s5-m5" ]
  }, {
    "id" : "s5-r3",
    "properties" : { },
    "type" : "hasFeature",
    "args" : [ "s5-m4", "s5-m6" ]
  }, {
    "id" : "s5-r4",
    "properties" : { },
    "type" : "hasFeature",
    "args" : [ "s5-m4", "s5-m7" ]
  } ],
  "corefs" : [ {
    "id" : "1151251348254621__-785762719-E1",
    "properties" : { },
    "mentions" : [ "1151251348254621__-785762719-M1", "1151251348254621__-785762719-M3", "1151251348254621__-785762719-M5" ]
  }, {
    "id" : "c3",
    "properties" : { },
    "mentions" : [ "1151251348254621__-785762719-M11", "s5-m4", "1151251348254621__-785762719-M10", "s2-m3" ]
  }, {
    "id" : "c4",
    "properties" : { },
    "mentions" : [ "s6-m2", "1151251348254621__-785762719-M0", "1151251348254621__-785762719-M12", "1151251348254621__-785762719-M2", "1151251348254621__-785762719-M6" ]
  }, {
    "id" : "c5",
    "properties" : { },
    "mentions" : [ "s5-m5", "s6-m1", "s6-m3" ]
  } ],
  "typeResolved" : true,
  "userResolved" : true
}