{
  "id" : "d442e3a2-8558-4659-89ed-fe6d3041fee7-8",
  "modifiedDate" : 1468355621580,
  "name" : "review46.txt",
  "version" : 2,
  "text" : "So this is SUPPOSED to be a 2TB SSD Drive. I open the just delivered SSD, connect it to the MacBook Pro to erase the drive which also formats the drive, but the SSD only shows 120GB of capacity. I try to change the partition size, but the maximum allowed is 120GB. So I remove it from the MBP and connect it to the iMac hoping for a better result .. same thing. So I paid over $600 for a 120GB SSD Drive. If Samsung's QA is so bad that they ship a 2TB SSD Drive with only 120GB working, I can't trust their SSD Drives with my computer's information.\nUpdate: After reading many reviews stating that Samsung replaced people's new but defective SSDs with reforms (nothing like paying full price for a previously broken SSD), I decided that not only can I not trust Samsung's QA, I also can't trust their Customer Service. Thus, I'm returning this DOA SSD to Amazon.\n",
  "docLength" : 863,
  "language" : "EN",
  "status" : "SUBMITTED",
  "documentSet" : [ ],
  "sentences" : [ {
    "id" : "s0",
    "begin" : 0,
    "end" : 42,
    "text" : "So this is SUPPOSED to be a 2TB SSD Drive.",
    "tokens" : [ {
      "id" : "s0-t0",
      "begin" : 0,
      "end" : 2,
      "text" : "So",
      "whiteSpace" : false
    }, {
      "id" : "s0-t1",
      "begin" : 3,
      "end" : 7,
      "text" : "this",
      "whiteSpace" : false
    }, {
      "id" : "s0-t2",
      "begin" : 8,
      "end" : 10,
      "text" : "is",
      "whiteSpace" : false
    }, {
      "id" : "s0-t3",
      "begin" : 11,
      "end" : 19,
      "text" : "SUPPOSED",
      "whiteSpace" : false
    }, {
      "id" : "s0-t4",
      "begin" : 20,
      "end" : 22,
      "text" : "to",
      "whiteSpace" : false
    }, {
      "id" : "s0-t5",
      "begin" : 23,
      "end" : 25,
      "text" : "be",
      "whiteSpace" : false
    }, {
      "id" : "s0-t6",
      "begin" : 26,
      "end" : 27,
      "text" : "a",
      "whiteSpace" : false
    }, {
      "id" : "s0-t7",
      "begin" : 28,
      "end" : 31,
      "text" : "2TB",
      "whiteSpace" : false
    }, {
      "id" : "s0-t8",
      "begin" : 32,
      "end" : 35,
      "text" : "SSD",
      "whiteSpace" : false
    }, {
      "id" : "s0-t9",
      "begin" : 36,
      "end" : 41,
      "text" : "Drive",
      "whiteSpace" : false
    }, {
      "id" : "s0-t10",
      "begin" : 41,
      "end" : 42,
      "text" : ".",
      "whiteSpace" : false
    } ]
  }, {
    "id" : "s1",
    "begin" : 43,
    "end" : 194,
    "text" : "I open the just delivered SSD, connect it to the MacBook Pro to erase the drive which also formats the drive, but the SSD only shows 120GB of capacity.",
    "tokens" : [ {
      "id" : "s1-t0",
      "begin" : 43,
      "end" : 44,
      "text" : "I",
      "whiteSpace" : false
    }, {
      "id" : "s1-t1",
      "begin" : 45,
      "end" : 49,
      "text" : "open",
      "whiteSpace" : false
    }, {
      "id" : "s1-t2",
      "begin" : 50,
      "end" : 53,
      "text" : "the",
      "whiteSpace" : false
    }, {
      "id" : "s1-t3",
      "begin" : 54,
      "end" : 58,
      "text" : "just",
      "whiteSpace" : false
    }, {
      "id" : "s1-t4",
      "begin" : 59,
      "end" : 68,
      "text" : "delivered",
      "whiteSpace" : false
    }, {
      "id" : "s1-t5",
      "begin" : 69,
      "end" : 72,
      "text" : "SSD",
      "whiteSpace" : false
    }, {
      "id" : "s1-t6",
      "begin" : 72,
      "end" : 73,
      "text" : ",",
      "whiteSpace" : false
    }, {
      "id" : "s1-t7",
      "begin" : 74,
      "end" : 81,
      "text" : "connect",
      "whiteSpace" : false
    }, {
      "id" : "s1-t8",
      "begin" : 82,
      "end" : 84,
      "text" : "it",
      "whiteSpace" : false
    }, {
      "id" : "s1-t9",
      "begin" : 85,
      "end" : 87,
      "text" : "to",
      "whiteSpace" : false
    }, {
      "id" : "s1-t10",
      "begin" : 88,
      "end" : 91,
      "text" : "the",
      "whiteSpace" : false
    }, {
      "id" : "s1-t11",
      "begin" : 92,
      "end" : 99,
      "text" : "MacBook",
      "whiteSpace" : false
    }, {
      "id" : "s1-t12",
      "begin" : 100,
      "end" : 103,
      "text" : "Pro",
      "whiteSpace" : false
    }, {
      "id" : "s1-t13",
      "begin" : 104,
      "end" : 106,
      "text" : "to",
      "whiteSpace" : false
    }, {
      "id" : "s1-t14",
      "begin" : 107,
      "end" : 112,
      "text" : "erase",
      "whiteSpace" : false
    }, {
      "id" : "s1-t15",
      "begin" : 113,
      "end" : 116,
      "text" : "the",
      "whiteSpace" : false
    }, {
      "id" : "s1-t16",
      "begin" : 117,
      "end" : 122,
      "text" : "drive",
      "whiteSpace" : false
    }, {
      "id" : "s1-t17",
      "begin" : 123,
      "end" : 128,
      "text" : "which",
      "whiteSpace" : false
    }, {
      "id" : "s1-t18",
      "begin" : 129,
      "end" : 133,
      "text" : "also",
      "whiteSpace" : false
    }, {
      "id" : "s1-t19",
      "begin" : 134,
      "end" : 141,
      "text" : "formats",
      "whiteSpace" : false
    }, {
      "id" : "s1-t20",
      "begin" : 142,
      "end" : 145,
      "text" : "the",
      "whiteSpace" : false
    }, {
      "id" : "s1-t21",
      "begin" : 146,
      "end" : 151,
      "text" : "drive",
      "whiteSpace" : false
    }, {
      "id" : "s1-t22",
      "begin" : 151,
      "end" : 152,
      "text" : ",",
      "whiteSpace" : false
    }, {
      "id" : "s1-t23",
      "begin" : 153,
      "end" : 156,
      "text" : "but",
      "whiteSpace" : false
    }, {
      "id" : "s1-t24",
      "begin" : 157,
      "end" : 160,
      "text" : "the",
      "whiteSpace" : false
    }, {
      "id" : "s1-t25",
      "begin" : 161,
      "end" : 164,
      "text" : "SSD",
      "whiteSpace" : false
    }, {
      "id" : "s1-t26",
      "begin" : 165,
      "end" : 169,
      "text" : "only",
      "whiteSpace" : false
    }, {
      "id" : "s1-t27",
      "begin" : 170,
      "end" : 175,
      "text" : "shows",
      "whiteSpace" : false
    }, {
      "id" : "s1-t28",
      "begin" : 176,
      "end" : 181,
      "text" : "120GB",
      "whiteSpace" : false
    }, {
      "id" : "s1-t29",
      "begin" : 182,
      "end" : 184,
      "text" : "of",
      "whiteSpace" : false
    }, {
      "id" : "s1-t30",
      "begin" : 185,
      "end" : 193,
      "text" : "capacity",
      "whiteSpace" : false
    }, {
      "id" : "s1-t31",
      "begin" : 193,
      "end" : 194,
      "text" : ".",
      "whiteSpace" : false
    } ]
  }, {
    "id" : "s2",
    "begin" : 195,
    "end" : 264,
    "text" : "I try to change the partition size, but the maximum allowed is 120GB.",
    "tokens" : [ {
      "id" : "s2-t0",
      "begin" : 195,
      "end" : 196,
      "text" : "I",
      "whiteSpace" : false
    }, {
      "id" : "s2-t1",
      "begin" : 197,
      "end" : 200,
      "text" : "try",
      "whiteSpace" : false
    }, {
      "id" : "s2-t2",
      "begin" : 201,
      "end" : 203,
      "text" : "to",
      "whiteSpace" : false
    }, {
      "id" : "s2-t3",
      "begin" : 204,
      "end" : 210,
      "text" : "change",
      "whiteSpace" : false
    }, {
      "id" : "s2-t4",
      "begin" : 211,
      "end" : 214,
      "text" : "the",
      "whiteSpace" : false
    }, {
      "id" : "s2-t5",
      "begin" : 215,
      "end" : 224,
      "text" : "partition",
      "whiteSpace" : false
    }, {
      "id" : "s2-t6",
      "begin" : 225,
      "end" : 229,
      "text" : "size",
      "whiteSpace" : false
    }, {
      "id" : "s2-t7",
      "begin" : 229,
      "end" : 230,
      "text" : ",",
      "whiteSpace" : false
    }, {
      "id" : "s2-t8",
      "begin" : 231,
      "end" : 234,
      "text" : "but",
      "whiteSpace" : false
    }, {
      "id" : "s2-t9",
      "begin" : 235,
      "end" : 238,
      "text" : "the",
      "whiteSpace" : false
    }, {
      "id" : "s2-t10",
      "begin" : 239,
      "end" : 246,
      "text" : "maximum",
      "whiteSpace" : false
    }, {
      "id" : "s2-t11",
      "begin" : 247,
      "end" : 254,
      "text" : "allowed",
      "whiteSpace" : false
    }, {
      "id" : "s2-t12",
      "begin" : 255,
      "end" : 257,
      "text" : "is",
      "whiteSpace" : false
    }, {
      "id" : "s2-t13",
      "begin" : 258,
      "end" : 263,
      "text" : "120GB",
      "whiteSpace" : false
    }, {
      "id" : "s2-t14",
      "begin" : 263,
      "end" : 264,
      "text" : ".",
      "whiteSpace" : false
    } ]
  }, {
    "id" : "s3",
    "begin" : 265,
    "end" : 361,
    "text" : "So I remove it from the MBP and connect it to the iMac hoping for a better result .. same thing.",
    "tokens" : [ {
      "id" : "s3-t0",
      "begin" : 265,
      "end" : 267,
      "text" : "So",
      "whiteSpace" : false
    }, {
      "id" : "s3-t1",
      "begin" : 268,
      "end" : 269,
      "text" : "I",
      "whiteSpace" : false
    }, {
      "id" : "s3-t2",
      "begin" : 270,
      "end" : 276,
      "text" : "remove",
      "whiteSpace" : false
    }, {
      "id" : "s3-t3",
      "begin" : 277,
      "end" : 279,
      "text" : "it",
      "whiteSpace" : false
    }, {
      "id" : "s3-t4",
      "begin" : 280,
      "end" : 284,
      "text" : "from",
      "whiteSpace" : false
    }, {
      "id" : "s3-t5",
      "begin" : 285,
      "end" : 288,
      "text" : "the",
      "whiteSpace" : false
    }, {
      "id" : "s3-t6",
      "begin" : 289,
      "end" : 292,
      "text" : "MBP",
      "whiteSpace" : false
    }, {
      "id" : "s3-t7",
      "begin" : 293,
      "end" : 296,
      "text" : "and",
      "whiteSpace" : false
    }, {
      "id" : "s3-t8",
      "begin" : 297,
      "end" : 304,
      "text" : "connect",
      "whiteSpace" : false
    }, {
      "id" : "s3-t9",
      "begin" : 305,
      "end" : 307,
      "text" : "it",
      "whiteSpace" : false
    }, {
      "id" : "s3-t10",
      "begin" : 308,
      "end" : 310,
      "text" : "to",
      "whiteSpace" : false
    }, {
      "id" : "s3-t11",
      "begin" : 311,
      "end" : 314,
      "text" : "the",
      "whiteSpace" : false
    }, {
      "id" : "s3-t12",
      "begin" : 315,
      "end" : 319,
      "text" : "iMac",
      "whiteSpace" : false
    }, {
      "id" : "s3-t13",
      "begin" : 320,
      "end" : 326,
      "text" : "hoping",
      "whiteSpace" : false
    }, {
      "id" : "s3-t14",
      "begin" : 327,
      "end" : 330,
      "text" : "for",
      "whiteSpace" : false
    }, {
      "id" : "s3-t15",
      "begin" : 331,
      "end" : 332,
      "text" : "a",
      "whiteSpace" : false
    }, {
      "id" : "s3-t16",
      "begin" : 333,
      "end" : 339,
      "text" : "better",
      "whiteSpace" : false
    }, {
      "id" : "s3-t17",
      "begin" : 340,
      "end" : 346,
      "text" : "result",
      "whiteSpace" : false
    }, {
      "id" : "s3-t18",
      "begin" : 347,
      "end" : 349,
      "text" : "..",
      "whiteSpace" : false
    }, {
      "id" : "s3-t19",
      "begin" : 350,
      "end" : 354,
      "text" : "same",
      "whiteSpace" : false
    }, {
      "id" : "s3-t20",
      "begin" : 355,
      "end" : 360,
      "text" : "thing",
      "whiteSpace" : false
    }, {
      "id" : "s3-t21",
      "begin" : 360,
      "end" : 361,
      "text" : ".",
      "whiteSpace" : false
    } ]
  }, {
    "id" : "s4",
    "begin" : 362,
    "end" : 404,
    "text" : "So I paid over $600 for a 120GB SSD Drive.",
    "tokens" : [ {
      "id" : "s4-t0",
      "begin" : 362,
      "end" : 364,
      "text" : "So",
      "whiteSpace" : false
    }, {
      "id" : "s4-t1",
      "begin" : 365,
      "end" : 366,
      "text" : "I",
      "whiteSpace" : false
    }, {
      "id" : "s4-t2",
      "begin" : 367,
      "end" : 371,
      "text" : "paid",
      "whiteSpace" : false
    }, {
      "id" : "s4-t3",
      "begin" : 372,
      "end" : 376,
      "text" : "over",
      "whiteSpace" : false
    }, {
      "id" : "s4-t4",
      "begin" : 377,
      "end" : 378,
      "text" : "$",
      "whiteSpace" : false
    }, {
      "id" : "s4-t5",
      "begin" : 378,
      "end" : 381,
      "text" : "600",
      "whiteSpace" : false
    }, {
      "id" : "s4-t6",
      "begin" : 382,
      "end" : 385,
      "text" : "for",
      "whiteSpace" : false
    }, {
      "id" : "s4-t7",
      "begin" : 386,
      "end" : 387,
      "text" : "a",
      "whiteSpace" : false
    }, {
      "id" : "s4-t8",
      "begin" : 388,
      "end" : 393,
      "text" : "120GB",
      "whiteSpace" : false
    }, {
      "id" : "s4-t9",
      "begin" : 394,
      "end" : 397,
      "text" : "SSD",
      "whiteSpace" : false
    }, {
      "id" : "s4-t10",
      "begin" : 398,
      "end" : 403,
      "text" : "Drive",
      "whiteSpace" : false
    }, {
      "id" : "s4-t11",
      "begin" : 403,
      "end" : 404,
      "text" : ".",
      "whiteSpace" : false
    } ]
  }, {
    "id" : "s5",
    "begin" : 405,
    "end" : 549,
    "text" : "If Samsung's QA is so bad that they ship a 2TB SSD Drive with only 120GB working, I can't trust their SSD Drives with my computer's information.",
    "tokens" : [ {
      "id" : "s5-t0",
      "begin" : 405,
      "end" : 407,
      "text" : "If",
      "whiteSpace" : false
    }, {
      "id" : "s5-t1",
      "begin" : 408,
      "end" : 415,
      "text" : "Samsung",
      "whiteSpace" : false
    }, {
      "id" : "s5-t2",
      "begin" : 415,
      "end" : 417,
      "text" : "'s",
      "whiteSpace" : false
    }, {
      "id" : "s5-t3",
      "begin" : 418,
      "end" : 420,
      "text" : "QA",
      "whiteSpace" : false
    }, {
      "id" : "s5-t4",
      "begin" : 421,
      "end" : 423,
      "text" : "is",
      "whiteSpace" : false
    }, {
      "id" : "s5-t5",
      "begin" : 424,
      "end" : 426,
      "text" : "so",
      "whiteSpace" : false
    }, {
      "id" : "s5-t6",
      "begin" : 427,
      "end" : 430,
      "text" : "bad",
      "whiteSpace" : false
    }, {
      "id" : "s5-t7",
      "begin" : 431,
      "end" : 435,
      "text" : "that",
      "whiteSpace" : false
    }, {
      "id" : "s5-t8",
      "begin" : 436,
      "end" : 440,
      "text" : "they",
      "whiteSpace" : false
    }, {
      "id" : "s5-t9",
      "begin" : 441,
      "end" : 445,
      "text" : "ship",
      "whiteSpace" : false
    }, {
      "id" : "s5-t10",
      "begin" : 446,
      "end" : 447,
      "text" : "a",
      "whiteSpace" : false
    }, {
      "id" : "s5-t11",
      "begin" : 448,
      "end" : 451,
      "text" : "2TB",
      "whiteSpace" : false
    }, {
      "id" : "s5-t12",
      "begin" : 452,
      "end" : 455,
      "text" : "SSD",
      "whiteSpace" : false
    }, {
      "id" : "s5-t13",
      "begin" : 456,
      "end" : 461,
      "text" : "Drive",
      "whiteSpace" : false
    }, {
      "id" : "s5-t14",
      "begin" : 462,
      "end" : 466,
      "text" : "with",
      "whiteSpace" : false
    }, {
      "id" : "s5-t15",
      "begin" : 467,
      "end" : 471,
      "text" : "only",
      "whiteSpace" : false
    }, {
      "id" : "s5-t16",
      "begin" : 472,
      "end" : 477,
      "text" : "120GB",
      "whiteSpace" : false
    }, {
      "id" : "s5-t17",
      "begin" : 478,
      "end" : 485,
      "text" : "working",
      "whiteSpace" : false
    }, {
      "id" : "s5-t18",
      "begin" : 485,
      "end" : 486,
      "text" : ",",
      "whiteSpace" : false
    }, {
      "id" : "s5-t19",
      "begin" : 487,
      "end" : 488,
      "text" : "I",
      "whiteSpace" : false
    }, {
      "id" : "s5-t20",
      "begin" : 489,
      "end" : 491,
      "text" : "ca",
      "whiteSpace" : false
    }, {
      "id" : "s5-t21",
      "begin" : 491,
      "end" : 494,
      "text" : "n't",
      "whiteSpace" : false
    }, {
      "id" : "s5-t22",
      "begin" : 495,
      "end" : 500,
      "text" : "trust",
      "whiteSpace" : false
    }, {
      "id" : "s5-t23",
      "begin" : 501,
      "end" : 506,
      "text" : "their",
      "whiteSpace" : false
    }, {
      "id" : "s5-t24",
      "begin" : 507,
      "end" : 510,
      "text" : "SSD",
      "whiteSpace" : false
    }, {
      "id" : "s5-t25",
      "begin" : 511,
      "end" : 517,
      "text" : "Drives",
      "whiteSpace" : false
    }, {
      "id" : "s5-t26",
      "begin" : 518,
      "end" : 522,
      "text" : "with",
      "whiteSpace" : false
    }, {
      "id" : "s5-t27",
      "begin" : 523,
      "end" : 525,
      "text" : "my",
      "whiteSpace" : false
    }, {
      "id" : "s5-t28",
      "begin" : 526,
      "end" : 534,
      "text" : "computer",
      "whiteSpace" : false
    }, {
      "id" : "s5-t29",
      "begin" : 534,
      "end" : 536,
      "text" : "'s",
      "whiteSpace" : false
    }, {
      "id" : "s5-t30",
      "begin" : 537,
      "end" : 548,
      "text" : "information",
      "whiteSpace" : false
    }, {
      "id" : "s5-t31",
      "begin" : 548,
      "end" : 549,
      "text" : ".",
      "whiteSpace" : false
    } ]
  }, {
    "id" : "s6",
    "begin" : 550,
    "end" : 818,
    "text" : "Update: After reading many reviews stating that Samsung replaced people's new but defective SSDs with reforms (nothing like paying full price for a previously broken SSD), I decided that not only can I not trust Samsung's QA, I also can't trust their Customer Service.",
    "tokens" : [ {
      "id" : "s6-t0",
      "begin" : 550,
      "end" : 556,
      "text" : "Update",
      "whiteSpace" : false
    }, {
      "id" : "s6-t1",
      "begin" : 556,
      "end" : 557,
      "text" : ":",
      "whiteSpace" : false
    }, {
      "id" : "s6-t2",
      "begin" : 558,
      "end" : 563,
      "text" : "After",
      "whiteSpace" : false
    }, {
      "id" : "s6-t3",
      "begin" : 564,
      "end" : 571,
      "text" : "reading",
      "whiteSpace" : false
    }, {
      "id" : "s6-t4",
      "begin" : 572,
      "end" : 576,
      "text" : "many",
      "whiteSpace" : false
    }, {
      "id" : "s6-t5",
      "begin" : 577,
      "end" : 584,
      "text" : "reviews",
      "whiteSpace" : false
    }, {
      "id" : "s6-t6",
      "begin" : 585,
      "end" : 592,
      "text" : "stating",
      "whiteSpace" : false
    }, {
      "id" : "s6-t7",
      "begin" : 593,
      "end" : 597,
      "text" : "that",
      "whiteSpace" : false
    }, {
      "id" : "s6-t8",
      "begin" : 598,
      "end" : 605,
      "text" : "Samsung",
      "whiteSpace" : false
    }, {
      "id" : "s6-t9",
      "begin" : 606,
      "end" : 614,
      "text" : "replaced",
      "whiteSpace" : false
    }, {
      "id" : "s6-t10",
      "begin" : 615,
      "end" : 621,
      "text" : "people",
      "whiteSpace" : false
    }, {
      "id" : "s6-t11",
      "begin" : 621,
      "end" : 623,
      "text" : "'s",
      "whiteSpace" : false
    }, {
      "id" : "s6-t12",
      "begin" : 624,
      "end" : 627,
      "text" : "new",
      "whiteSpace" : false
    }, {
      "id" : "s6-t13",
      "begin" : 628,
      "end" : 631,
      "text" : "but",
      "whiteSpace" : false
    }, {
      "id" : "s6-t14",
      "begin" : 632,
      "end" : 641,
      "text" : "defective",
      "whiteSpace" : false
    }, {
      "id" : "s6-t15",
      "begin" : 642,
      "end" : 646,
      "text" : "SSDs",
      "whiteSpace" : false
    }, {
      "id" : "s6-t16",
      "begin" : 647,
      "end" : 651,
      "text" : "with",
      "whiteSpace" : false
    }, {
      "id" : "s6-t17",
      "begin" : 652,
      "end" : 659,
      "text" : "reforms",
      "whiteSpace" : false
    }, {
      "id" : "s6-t18",
      "begin" : 660,
      "end" : 661,
      "text" : "(",
      "whiteSpace" : false
    }, {
      "id" : "s6-t19",
      "begin" : 661,
      "end" : 668,
      "text" : "nothing",
      "whiteSpace" : false
    }, {
      "id" : "s6-t20",
      "begin" : 669,
      "end" : 673,
      "text" : "like",
      "whiteSpace" : false
    }, {
      "id" : "s6-t21",
      "begin" : 674,
      "end" : 680,
      "text" : "paying",
      "whiteSpace" : false
    }, {
      "id" : "s6-t22",
      "begin" : 681,
      "end" : 685,
      "text" : "full",
      "whiteSpace" : false
    }, {
      "id" : "s6-t23",
      "begin" : 686,
      "end" : 691,
      "text" : "price",
      "whiteSpace" : false
    }, {
      "id" : "s6-t24",
      "begin" : 692,
      "end" : 695,
      "text" : "for",
      "whiteSpace" : false
    }, {
      "id" : "s6-t25",
      "begin" : 696,
      "end" : 697,
      "text" : "a",
      "whiteSpace" : false
    }, {
      "id" : "s6-t26",
      "begin" : 698,
      "end" : 708,
      "text" : "previously",
      "whiteSpace" : false
    }, {
      "id" : "s6-t27",
      "begin" : 709,
      "end" : 715,
      "text" : "broken",
      "whiteSpace" : false
    }, {
      "id" : "s6-t28",
      "begin" : 716,
      "end" : 719,
      "text" : "SSD",
      "whiteSpace" : false
    }, {
      "id" : "s6-t29",
      "begin" : 719,
      "end" : 720,
      "text" : ")",
      "whiteSpace" : false
    }, {
      "id" : "s6-t30",
      "begin" : 720,
      "end" : 721,
      "text" : ",",
      "whiteSpace" : false
    }, {
      "id" : "s6-t31",
      "begin" : 722,
      "end" : 723,
      "text" : "I",
      "whiteSpace" : false
    }, {
      "id" : "s6-t32",
      "begin" : 724,
      "end" : 731,
      "text" : "decided",
      "whiteSpace" : false
    }, {
      "id" : "s6-t33",
      "begin" : 732,
      "end" : 736,
      "text" : "that",
      "whiteSpace" : false
    }, {
      "id" : "s6-t34",
      "begin" : 737,
      "end" : 740,
      "text" : "not",
      "whiteSpace" : false
    }, {
      "id" : "s6-t35",
      "begin" : 741,
      "end" : 745,
      "text" : "only",
      "whiteSpace" : false
    }, {
      "id" : "s6-t36",
      "begin" : 746,
      "end" : 749,
      "text" : "can",
      "whiteSpace" : false
    }, {
      "id" : "s6-t37",
      "begin" : 750,
      "end" : 751,
      "text" : "I",
      "whiteSpace" : false
    }, {
      "id" : "s6-t38",
      "begin" : 752,
      "end" : 755,
      "text" : "not",
      "whiteSpace" : false
    }, {
      "id" : "s6-t39",
      "begin" : 756,
      "end" : 761,
      "text" : "trust",
      "whiteSpace" : false
    }, {
      "id" : "s6-t40",
      "begin" : 762,
      "end" : 769,
      "text" : "Samsung",
      "whiteSpace" : false
    }, {
      "id" : "s6-t41",
      "begin" : 769,
      "end" : 771,
      "text" : "'s",
      "whiteSpace" : false
    }, {
      "id" : "s6-t42",
      "begin" : 772,
      "end" : 774,
      "text" : "QA",
      "whiteSpace" : false
    }, {
      "id" : "s6-t43",
      "begin" : 774,
      "end" : 775,
      "text" : ",",
      "whiteSpace" : false
    }, {
      "id" : "s6-t44",
      "begin" : 776,
      "end" : 777,
      "text" : "I",
      "whiteSpace" : false
    }, {
      "id" : "s6-t45",
      "begin" : 778,
      "end" : 782,
      "text" : "also",
      "whiteSpace" : false
    }, {
      "id" : "s6-t46",
      "begin" : 783,
      "end" : 785,
      "text" : "ca",
      "whiteSpace" : false
    }, {
      "id" : "s6-t47",
      "begin" : 785,
      "end" : 788,
      "text" : "n't",
      "whiteSpace" : false
    }, {
      "id" : "s6-t48",
      "begin" : 789,
      "end" : 794,
      "text" : "trust",
      "whiteSpace" : false
    }, {
      "id" : "s6-t49",
      "begin" : 795,
      "end" : 800,
      "text" : "their",
      "whiteSpace" : false
    }, {
      "id" : "s6-t50",
      "begin" : 801,
      "end" : 809,
      "text" : "Customer",
      "whiteSpace" : false
    }, {
      "id" : "s6-t51",
      "begin" : 810,
      "end" : 817,
      "text" : "Service",
      "whiteSpace" : false
    }, {
      "id" : "s6-t52",
      "begin" : 817,
      "end" : 818,
      "text" : ".",
      "whiteSpace" : false
    } ]
  }, {
    "id" : "s7",
    "begin" : 819,
    "end" : 862,
    "text" : "Thus, I'm returning this DOA SSD to Amazon.",
    "tokens" : [ {
      "id" : "s7-t0",
      "begin" : 819,
      "end" : 823,
      "text" : "Thus",
      "whiteSpace" : false
    }, {
      "id" : "s7-t1",
      "begin" : 823,
      "end" : 824,
      "text" : ",",
      "whiteSpace" : false
    }, {
      "id" : "s7-t2",
      "begin" : 825,
      "end" : 826,
      "text" : "I",
      "whiteSpace" : false
    }, {
      "id" : "s7-t3",
      "begin" : 826,
      "end" : 828,
      "text" : "'m",
      "whiteSpace" : false
    }, {
      "id" : "s7-t4",
      "begin" : 829,
      "end" : 838,
      "text" : "returning",
      "whiteSpace" : false
    }, {
      "id" : "s7-t5",
      "begin" : 839,
      "end" : 843,
      "text" : "this",
      "whiteSpace" : false
    }, {
      "id" : "s7-t6",
      "begin" : 844,
      "end" : 847,
      "text" : "DOA",
      "whiteSpace" : false
    }, {
      "id" : "s7-t7",
      "begin" : 848,
      "end" : 851,
      "text" : "SSD",
      "whiteSpace" : false
    }, {
      "id" : "s7-t8",
      "begin" : 852,
      "end" : 854,
      "text" : "to",
      "whiteSpace" : false
    }, {
      "id" : "s7-t9",
      "begin" : 855,
      "end" : 861,
      "text" : "Amazon",
      "whiteSpace" : false
    }, {
      "id" : "s7-t10",
      "begin" : 861,
      "end" : 862,
      "text" : ".",
      "whiteSpace" : false
    } ]
  } ],
  "mentions" : [ {
    "id" : "s0-m2",
    "properties" : {
      "SIRE_MENTION_ROLE" : "Product",
      "SIRE_ENTITY_SUBTYPE" : "NONE",
      "SIRE_MENTION_TYPE" : "NONE",
      "SIRE_MENTION_CLASS" : "SPC"
    },
    "type" : "Product",
    "begin" : 3,
    "end" : 7,
    "inCoref" : true
  }, {
    "id" : "s0-m3",
    "properties" : {
      "SIRE_MENTION_ROLE" : "Product",
      "SIRE_ENTITY_SUBTYPE" : "NONE",
      "SIRE_MENTION_TYPE" : "NONE",
      "SIRE_MENTION_CLASS" : "SPC"
    },
    "type" : "Product",
    "begin" : 28,
    "end" : 41,
    "inCoref" : true
  }, {
    "id" : "1151250263472020__-785762719-M1",
    "properties" : {
      "SIRE_ENTITY_SUBTYPE" : "NONE",
      "SIRE_MENTION_CLASS" : "SPC",
      "SIRE_MENTION_TYPE" : "NONE",
      "SIRE_ENTITY_CLASS" : "SPC",
      "SIRE_ENTITY_LEVEL" : "NONE",
      "SIRE_MENTION_ROLE" : "Consumer"
    },
    "type" : "Consumer",
    "begin" : 43,
    "end" : 44,
    "inCoref" : true
  }, {
    "id" : "s1-m6",
    "properties" : {
      "SIRE_MENTION_ROLE" : "Product",
      "SIRE_ENTITY_SUBTYPE" : "NONE",
      "SIRE_MENTION_TYPE" : "NONE",
      "SIRE_MENTION_CLASS" : "SPC"
    },
    "type" : "Product",
    "begin" : 69,
    "end" : 72,
    "inCoref" : true
  }, {
    "id" : "1151250263472020__-785762719-M2",
    "properties" : {
      "SIRE_ENTITY_SUBTYPE" : "NONE",
      "SIRE_MENTION_CLASS" : "SPC",
      "SIRE_MENTION_TYPE" : "NONE",
      "SIRE_ENTITY_CLASS" : "SPC",
      "SIRE_ENTITY_LEVEL" : "NONE",
      "SIRE_MENTION_ROLE" : "Feature"
    },
    "type" : "Feature",
    "begin" : 74,
    "end" : 81,
    "inCoref" : false
  }, {
    "id" : "s1-m7",
    "properties" : {
      "SIRE_MENTION_ROLE" : "Product",
      "SIRE_ENTITY_SUBTYPE" : "NONE",
      "SIRE_MENTION_TYPE" : "NONE",
      "SIRE_MENTION_CLASS" : "SPC"
    },
    "type" : "Product",
    "begin" : 82,
    "end" : 84,
    "inCoref" : true
  }, {
    "id" : "s1-m8",
    "properties" : {
      "SIRE_MENTION_ROLE" : "Product",
      "SIRE_ENTITY_SUBTYPE" : "NONE",
      "SIRE_MENTION_TYPE" : "NONE",
      "SIRE_MENTION_CLASS" : "SPC"
    },
    "type" : "Product",
    "begin" : 92,
    "end" : 103,
    "inCoref" : false
  }, {
    "id" : "s1-m9",
    "properties" : {
      "SIRE_MENTION_ROLE" : "Product",
      "SIRE_ENTITY_SUBTYPE" : "NONE",
      "SIRE_MENTION_TYPE" : "NONE",
      "SIRE_MENTION_CLASS" : "SPC"
    },
    "type" : "Product",
    "begin" : 113,
    "end" : 122,
    "inCoref" : true
  }, {
    "id" : "s1-m10",
    "properties" : {
      "SIRE_MENTION_ROLE" : "Product",
      "SIRE_ENTITY_SUBTYPE" : "NONE",
      "SIRE_MENTION_TYPE" : "NONE",
      "SIRE_MENTION_CLASS" : "SPC"
    },
    "type" : "Product",
    "begin" : 142,
    "end" : 151,
    "inCoref" : true
  }, {
    "id" : "s1-m11",
    "properties" : {
      "SIRE_MENTION_ROLE" : "Product",
      "SIRE_ENTITY_SUBTYPE" : "NONE",
      "SIRE_MENTION_TYPE" : "NONE",
      "SIRE_MENTION_CLASS" : "SPC"
    },
    "type" : "Product",
    "begin" : 161,
    "end" : 164,
    "inCoref" : true
  }, {
    "id" : "s1-m12",
    "properties" : {
      "SIRE_MENTION_ROLE" : "Descriptor",
      "SIRE_ENTITY_SUBTYPE" : "NONE",
      "SIRE_MENTION_TYPE" : "NONE",
      "SIRE_MENTION_CLASS" : "SPC"
    },
    "type" : "Descriptor",
    "begin" : 176,
    "end" : 181,
    "inCoref" : false
  }, {
    "id" : "1151250263472020__-785762719-M4",
    "properties" : {
      "SIRE_ENTITY_SUBTYPE" : "NONE",
      "SIRE_MENTION_CLASS" : "SPC",
      "SIRE_MENTION_TYPE" : "NONE",
      "SIRE_ENTITY_CLASS" : "SPC",
      "SIRE_ENTITY_LEVEL" : "NONE",
      "SIRE_MENTION_ROLE" : "Feature"
    },
    "type" : "Feature",
    "begin" : 185,
    "end" : 193,
    "inCoref" : true
  }, {
    "id" : "1151250263472020__-785762719-M5",
    "properties" : {
      "SIRE_ENTITY_SUBTYPE" : "NONE",
      "SIRE_MENTION_CLASS" : "SPC",
      "SIRE_MENTION_TYPE" : "NONE",
      "SIRE_ENTITY_CLASS" : "SPC",
      "SIRE_ENTITY_LEVEL" : "NONE",
      "SIRE_MENTION_ROLE" : "Consumer"
    },
    "type" : "Consumer",
    "begin" : 195,
    "end" : 196,
    "inCoref" : true
  }, {
    "id" : "1151250263472020__-785762719-M6",
    "properties" : {
      "SIRE_ENTITY_SUBTYPE" : "NONE",
      "SIRE_MENTION_CLASS" : "SPC",
      "SIRE_MENTION_TYPE" : "NONE",
      "SIRE_ENTITY_CLASS" : "SPC",
      "SIRE_ENTITY_LEVEL" : "NONE",
      "SIRE_MENTION_ROLE" : "Feature"
    },
    "type" : "Feature",
    "begin" : 215,
    "end" : 229,
    "inCoref" : false
  }, {
    "id" : "s2-m3",
    "properties" : {
      "SIRE_MENTION_ROLE" : "Descriptor",
      "SIRE_ENTITY_SUBTYPE" : "NONE",
      "SIRE_MENTION_TYPE" : "NONE",
      "SIRE_MENTION_CLASS" : "SPC"
    },
    "type" : "Descriptor",
    "begin" : 239,
    "end" : 254,
    "inCoref" : false
  }, {
    "id" : "s2-m4",
    "properties" : {
      "SIRE_MENTION_ROLE" : "Feature",
      "SIRE_ENTITY_SUBTYPE" : "NONE",
      "SIRE_MENTION_TYPE" : "NONE",
      "SIRE_MENTION_CLASS" : "SPC"
    },
    "type" : "Feature",
    "begin" : 258,
    "end" : 263,
    "inCoref" : true
  }, {
    "id" : "1151250263472020__-785762719-M7",
    "properties" : {
      "SIRE_ENTITY_SUBTYPE" : "NONE",
      "SIRE_MENTION_CLASS" : "SPC",
      "SIRE_MENTION_TYPE" : "NONE",
      "SIRE_ENTITY_CLASS" : "SPC",
      "SIRE_ENTITY_LEVEL" : "NONE",
      "SIRE_MENTION_ROLE" : "Consumer"
    },
    "type" : "Consumer",
    "begin" : 268,
    "end" : 269,
    "inCoref" : true
  }, {
    "id" : "1151250263472020__-785762719-M8",
    "properties" : {
      "SIRE_ENTITY_SUBTYPE" : "NONE",
      "SIRE_MENTION_CLASS" : "SPC",
      "SIRE_MENTION_TYPE" : "NONE",
      "SIRE_ENTITY_CLASS" : "SPC",
      "SIRE_ENTITY_LEVEL" : "NONE",
      "SIRE_MENTION_ROLE" : "Product"
    },
    "type" : "Product",
    "begin" : 277,
    "end" : 279,
    "inCoref" : true
  }, {
    "id" : "1151250263472020__-785762719-M9",
    "properties" : {
      "SIRE_MENTION_ROLE" : "Product",
      "SIRE_ENTITY_SUBTYPE" : "NONE",
      "SIRE_MENTION_TYPE" : "NONE",
      "SIRE_MENTION_CLASS" : "SPC"
    },
    "type" : "Product",
    "begin" : 289,
    "end" : 292,
    "inCoref" : false
  }, {
    "id" : "s3-m4",
    "properties" : {
      "SIRE_MENTION_ROLE" : "Product",
      "SIRE_ENTITY_SUBTYPE" : "NONE",
      "SIRE_MENTION_TYPE" : "NONE",
      "SIRE_MENTION_CLASS" : "SPC"
    },
    "type" : "Product",
    "begin" : 315,
    "end" : 319,
    "inCoref" : false
  }, {
    "id" : "1151250263472020__-785762719-M10",
    "properties" : {
      "SIRE_ENTITY_SUBTYPE" : "NONE",
      "SIRE_MENTION_CLASS" : "SPC",
      "SIRE_MENTION_TYPE" : "NONE",
      "SIRE_ENTITY_CLASS" : "SPC",
      "SIRE_ENTITY_LEVEL" : "NONE",
      "SIRE_MENTION_ROLE" : "Consumer"
    },
    "type" : "Consumer",
    "begin" : 365,
    "end" : 366,
    "inCoref" : true
  }, {
    "id" : "1151250263472020__-785762719-M11",
    "properties" : {
      "SIRE_ENTITY_SUBTYPE" : "NONE",
      "SIRE_MENTION_CLASS" : "SPC",
      "SIRE_MENTION_TYPE" : "NONE",
      "SIRE_ENTITY_CLASS" : "SPC",
      "SIRE_ENTITY_LEVEL" : "NONE",
      "SIRE_MENTION_ROLE" : "Price"
    },
    "type" : "Price",
    "begin" : 377,
    "end" : 381,
    "inCoref" : false
  }, {
    "id" : "1151250263472020__-785762719-M12",
    "properties" : {
      "SIRE_ENTITY_SUBTYPE" : "NONE",
      "SIRE_MENTION_CLASS" : "SPC",
      "SIRE_MENTION_TYPE" : "NONE",
      "SIRE_ENTITY_CLASS" : "SPC",
      "SIRE_ENTITY_LEVEL" : "NONE",
      "SIRE_MENTION_ROLE" : "Product"
    },
    "type" : "Product",
    "begin" : 388,
    "end" : 403,
    "inCoref" : false
  }, {
    "id" : "1151250263472020__-785762719-M13",
    "properties" : {
      "SIRE_ENTITY_SUBTYPE" : "NONE",
      "SIRE_MENTION_CLASS" : "SPC",
      "SIRE_MENTION_TYPE" : "NONE",
      "SIRE_ENTITY_CLASS" : "SPC",
      "SIRE_ENTITY_LEVEL" : "NONE",
      "SIRE_MENTION_ROLE" : "Company"
    },
    "type" : "Company",
    "begin" : 408,
    "end" : 415,
    "inCoref" : true
  }, {
    "id" : "s5-m7",
    "properties" : {
      "SIRE_MENTION_ROLE" : "Customer_Service",
      "SIRE_ENTITY_SUBTYPE" : "NONE",
      "SIRE_MENTION_TYPE" : "NONE",
      "SIRE_MENTION_CLASS" : "SPC"
    },
    "type" : "Customer_Service",
    "begin" : 418,
    "end" : 420,
    "inCoref" : false
  }, {
    "id" : "s5-m8",
    "properties" : {
      "SIRE_MENTION_ROLE" : "Customer_Service",
      "SIRE_ENTITY_SUBTYPE" : "NONE",
      "SIRE_MENTION_TYPE" : "NONE",
      "SIRE_MENTION_CLASS" : "SPC"
    },
    "type" : "Customer_Service",
    "begin" : 436,
    "end" : 440,
    "inCoref" : false
  }, {
    "id" : "1151250263472020__-785762719-M14",
    "properties" : {
      "SIRE_ENTITY_SUBTYPE" : "NONE",
      "SIRE_MENTION_CLASS" : "SPC",
      "SIRE_MENTION_TYPE" : "NONE",
      "SIRE_ENTITY_CLASS" : "SPC",
      "SIRE_ENTITY_LEVEL" : "NONE",
      "SIRE_MENTION_ROLE" : "Product"
    },
    "type" : "Product",
    "begin" : 448,
    "end" : 461,
    "inCoref" : true
  }, {
    "id" : "s5-m9",
    "properties" : {
      "SIRE_MENTION_ROLE" : "Descriptor",
      "SIRE_ENTITY_SUBTYPE" : "NONE",
      "SIRE_MENTION_TYPE" : "NONE",
      "SIRE_MENTION_CLASS" : "SPC"
    },
    "type" : "Descriptor",
    "begin" : 472,
    "end" : 485,
    "inCoref" : false
  }, {
    "id" : "1151250263472020__-785762719-M16",
    "properties" : {
      "SIRE_ENTITY_SUBTYPE" : "NONE",
      "SIRE_MENTION_CLASS" : "SPC",
      "SIRE_MENTION_TYPE" : "NONE",
      "SIRE_ENTITY_CLASS" : "SPC",
      "SIRE_ENTITY_LEVEL" : "NONE",
      "SIRE_MENTION_ROLE" : "Consumer"
    },
    "type" : "Consumer",
    "begin" : 487,
    "end" : 488,
    "inCoref" : true
  }, {
    "id" : "1151250263472020__-785762719-M17",
    "properties" : {
      "SIRE_ENTITY_SUBTYPE" : "NONE",
      "SIRE_MENTION_CLASS" : "NEG",
      "SIRE_MENTION_TYPE" : "NONE",
      "SIRE_ENTITY_CLASS" : "SPC",
      "SIRE_ENTITY_LEVEL" : "NONE",
      "SIRE_MENTION_ROLE" : "Descriptor"
    },
    "type" : "Descriptor",
    "begin" : 495,
    "end" : 500,
    "inCoref" : false
  }, {
    "id" : "1151250263472020__-785762719-M18",
    "properties" : {
      "SIRE_ENTITY_SUBTYPE" : "NONE",
      "SIRE_MENTION_CLASS" : "SPC",
      "SIRE_MENTION_TYPE" : "NONE",
      "SIRE_ENTITY_CLASS" : "SPC",
      "SIRE_ENTITY_LEVEL" : "NONE",
      "SIRE_MENTION_ROLE" : "Product"
    },
    "type" : "Product",
    "begin" : 526,
    "end" : 534,
    "inCoref" : false
  }, {
    "id" : "1151250263472020__-785762719-M19",
    "properties" : {
      "SIRE_ENTITY_SUBTYPE" : "NONE",
      "SIRE_MENTION_CLASS" : "SPC",
      "SIRE_MENTION_TYPE" : "NONE",
      "SIRE_ENTITY_CLASS" : "SPC",
      "SIRE_ENTITY_LEVEL" : "NONE",
      "SIRE_MENTION_ROLE" : "Company"
    },
    "type" : "Company",
    "begin" : 598,
    "end" : 605,
    "inCoref" : true
  }, {
    "id" : "s6-m7",
    "properties" : {
      "SIRE_MENTION_ROLE" : "Descriptor",
      "SIRE_ENTITY_SUBTYPE" : "NONE",
      "SIRE_MENTION_TYPE" : "NONE",
      "SIRE_MENTION_CLASS" : "SPC"
    },
    "type" : "Descriptor",
    "begin" : 624,
    "end" : 627,
    "inCoref" : false
  }, {
    "id" : "s6-m8",
    "properties" : {
      "SIRE_MENTION_ROLE" : "Descriptor",
      "SIRE_ENTITY_SUBTYPE" : "NONE",
      "SIRE_MENTION_TYPE" : "NONE",
      "SIRE_MENTION_CLASS" : "SPC"
    },
    "type" : "Descriptor",
    "begin" : 632,
    "end" : 641,
    "inCoref" : false
  }, {
    "id" : "s6-m9",
    "properties" : {
      "SIRE_MENTION_ROLE" : "Product",
      "SIRE_ENTITY_SUBTYPE" : "NONE",
      "SIRE_MENTION_TYPE" : "NONE",
      "SIRE_MENTION_CLASS" : "SPC"
    },
    "type" : "Product",
    "begin" : 642,
    "end" : 646,
    "inCoref" : true
  }, {
    "id" : "s6-m10",
    "properties" : {
      "SIRE_MENTION_ROLE" : "Descriptor",
      "SIRE_ENTITY_SUBTYPE" : "NONE",
      "SIRE_MENTION_TYPE" : "NONE",
      "SIRE_MENTION_CLASS" : "SPC"
    },
    "type" : "Descriptor",
    "begin" : 652,
    "end" : 659,
    "inCoref" : false
  }, {
    "id" : "s6-m11",
    "properties" : {
      "SIRE_MENTION_ROLE" : "Descriptor",
      "SIRE_ENTITY_SUBTYPE" : "NONE",
      "SIRE_MENTION_TYPE" : "NONE",
      "SIRE_MENTION_CLASS" : "SPC"
    },
    "type" : "Descriptor",
    "begin" : 709,
    "end" : 715,
    "inCoref" : false
  }, {
    "id" : "s6-m12",
    "properties" : {
      "SIRE_MENTION_ROLE" : "Product",
      "SIRE_ENTITY_SUBTYPE" : "NONE",
      "SIRE_MENTION_TYPE" : "NONE",
      "SIRE_MENTION_CLASS" : "SPC"
    },
    "type" : "Product",
    "begin" : 716,
    "end" : 719,
    "inCoref" : true
  }, {
    "id" : "1151250263472020__-785762719-M20",
    "properties" : {
      "SIRE_ENTITY_SUBTYPE" : "NONE",
      "SIRE_MENTION_CLASS" : "SPC",
      "SIRE_MENTION_TYPE" : "NONE",
      "SIRE_ENTITY_CLASS" : "SPC",
      "SIRE_ENTITY_LEVEL" : "NONE",
      "SIRE_MENTION_ROLE" : "Consumer"
    },
    "type" : "Consumer",
    "begin" : 722,
    "end" : 723,
    "inCoref" : true
  }, {
    "id" : "1151250263472020__-785762719-M21",
    "properties" : {
      "SIRE_ENTITY_SUBTYPE" : "NONE",
      "SIRE_MENTION_CLASS" : "SPC",
      "SIRE_MENTION_TYPE" : "NONE",
      "SIRE_ENTITY_CLASS" : "SPC",
      "SIRE_ENTITY_LEVEL" : "NONE",
      "SIRE_MENTION_ROLE" : "Consumer"
    },
    "type" : "Consumer",
    "begin" : 750,
    "end" : 751,
    "inCoref" : true
  }, {
    "id" : "s6-m13",
    "properties" : {
      "SIRE_MENTION_ROLE" : "Company",
      "SIRE_ENTITY_SUBTYPE" : "NONE",
      "SIRE_MENTION_TYPE" : "NONE",
      "SIRE_MENTION_CLASS" : "SPC"
    },
    "type" : "Company",
    "begin" : 762,
    "end" : 769,
    "inCoref" : true
  }, {
    "id" : "s6-m14",
    "properties" : {
      "SIRE_MENTION_ROLE" : "Customer_Service",
      "SIRE_ENTITY_SUBTYPE" : "NONE",
      "SIRE_MENTION_TYPE" : "NONE",
      "SIRE_MENTION_CLASS" : "SPC"
    },
    "type" : "Customer_Service",
    "begin" : 772,
    "end" : 774,
    "inCoref" : false
  }, {
    "id" : "1151250263472020__-785762719-M22",
    "properties" : {
      "SIRE_ENTITY_SUBTYPE" : "NONE",
      "SIRE_MENTION_CLASS" : "SPC",
      "SIRE_MENTION_TYPE" : "NONE",
      "SIRE_ENTITY_CLASS" : "SPC",
      "SIRE_ENTITY_LEVEL" : "NONE",
      "SIRE_MENTION_ROLE" : "Consumer"
    },
    "type" : "Consumer",
    "begin" : 776,
    "end" : 777,
    "inCoref" : true
  }, {
    "id" : "1151250263472020__-785762719-M23",
    "properties" : {
      "SIRE_ENTITY_SUBTYPE" : "NONE",
      "SIRE_MENTION_CLASS" : "SPC",
      "SIRE_MENTION_TYPE" : "NONE",
      "SIRE_ENTITY_CLASS" : "SPC",
      "SIRE_ENTITY_LEVEL" : "NONE",
      "SIRE_MENTION_ROLE" : "Descriptor"
    },
    "type" : "Descriptor",
    "begin" : 789,
    "end" : 800,
    "inCoref" : false
  }, {
    "id" : "1151250263472020__-785762719-M24",
    "properties" : {
      "SIRE_ENTITY_SUBTYPE" : "NONE",
      "SIRE_MENTION_CLASS" : "SPC",
      "SIRE_MENTION_TYPE" : "NONE",
      "SIRE_ENTITY_CLASS" : "SPC",
      "SIRE_ENTITY_LEVEL" : "NONE",
      "SIRE_MENTION_ROLE" : "Customer_Service"
    },
    "type" : "Customer_Service",
    "begin" : 801,
    "end" : 817,
    "inCoref" : false
  }, {
    "id" : "1151250263472020__-785762719-M25",
    "properties" : {
      "SIRE_ENTITY_SUBTYPE" : "NONE",
      "SIRE_MENTION_CLASS" : "SPC",
      "SIRE_MENTION_TYPE" : "NONE",
      "SIRE_ENTITY_CLASS" : "SPC",
      "SIRE_ENTITY_LEVEL" : "NONE",
      "SIRE_MENTION_ROLE" : "Consumer"
    },
    "type" : "Consumer",
    "begin" : 825,
    "end" : 826,
    "inCoref" : true
  }, {
    "id" : "s7-m3",
    "properties" : {
      "SIRE_MENTION_ROLE" : "Descriptor",
      "SIRE_ENTITY_SUBTYPE" : "NONE",
      "SIRE_MENTION_TYPE" : "NONE",
      "SIRE_MENTION_CLASS" : "SPC"
    },
    "type" : "Descriptor",
    "begin" : 844,
    "end" : 847,
    "inCoref" : false
  }, {
    "id" : "s7-m4",
    "properties" : {
      "SIRE_MENTION_ROLE" : "Product",
      "SIRE_ENTITY_SUBTYPE" : "NONE",
      "SIRE_MENTION_TYPE" : "NONE",
      "SIRE_MENTION_CLASS" : "SPC"
    },
    "type" : "Product",
    "begin" : 848,
    "end" : 851,
    "inCoref" : true
  }, {
    "id" : "1151250263472020__-785762719-M26",
    "properties" : {
      "SIRE_ENTITY_SUBTYPE" : "a_3rd_Party_Company",
      "SIRE_MENTION_CLASS" : "SPC",
      "SIRE_MENTION_TYPE" : "NONE",
      "SIRE_ENTITY_CLASS" : "SPC",
      "SIRE_ENTITY_LEVEL" : "NONE",
      "SIRE_MENTION_ROLE" : "Company"
    },
    "type" : "Company",
    "begin" : 855,
    "end" : 861,
    "inCoref" : false
  } ],
  "relations" : [ {
    "id" : "s1-r1",
    "properties" : { },
    "type" : "hasFeature",
    "args" : [ "s1-m7", "1151250263472020__-785762719-M2" ]
  }, {
    "id" : "s1-r2",
    "properties" : { },
    "type" : "hasFeature",
    "args" : [ "s1-m6", "1151250263472020__-785762719-M2" ]
  }, {
    "id" : "s1-r3",
    "properties" : { },
    "type" : "hasFeature",
    "args" : [ "s1-m10", "1151250263472020__-785762719-M2" ]
  }, {
    "id" : "s1-r4",
    "properties" : { },
    "type" : "hasFeature",
    "args" : [ "s1-m11", "1151250263472020__-785762719-M4" ]
  }, {
    "id" : "s1-r5",
    "properties" : { },
    "type" : "hasFeature",
    "args" : [ "s1-m7", "1151250263472020__-785762719-M4" ]
  }, {
    "id" : "s1-r6",
    "properties" : { },
    "type" : "hasFeature",
    "args" : [ "s1-m9", "1151250263472020__-785762719-M4" ]
  }, {
    "id" : "s1-r7",
    "properties" : { },
    "type" : "hasFeature",
    "args" : [ "s1-m10", "1151250263472020__-785762719-M4" ]
  }, {
    "id" : "s1-r8",
    "properties" : { },
    "type" : "hasFeature",
    "args" : [ "s1-m6", "1151250263472020__-785762719-M4" ]
  }, {
    "id" : "s1-r9",
    "properties" : { },
    "type" : "hasFeature",
    "args" : [ "s1-m8", "1151250263472020__-785762719-M2" ]
  }, {
    "id" : "s1-r10",
    "properties" : { },
    "type" : "hasFeature",
    "args" : [ "s1-m9", "1151250263472020__-785762719-M2" ]
  }, {
    "id" : "s1-r11",
    "properties" : { },
    "type" : "hasFeature",
    "args" : [ "s1-m11", "1151250263472020__-785762719-M2" ]
  }, {
    "id" : "s1-r12",
    "properties" : { },
    "type" : "hasQuality",
    "args" : [ "1151250263472020__-785762719-M4", "s1-m12" ]
  }, {
    "id" : "s2-r1",
    "properties" : { },
    "type" : "hasQuality",
    "args" : [ "s2-m4", "s2-m3" ]
  }, {
    "id" : "s4-r1",
    "properties" : { },
    "type" : "hasFeature",
    "args" : [ "1151250263472020__-785762719-M12", "1151250263472020__-785762719-M11" ]
  }, {
    "id" : "s5-r1",
    "properties" : { },
    "type" : "isAPartOf",
    "args" : [ "s5-m7", "1151250263472020__-785762719-M13" ]
  }, {
    "id" : "s5-r2",
    "properties" : { },
    "type" : "isAPartOf",
    "args" : [ "s5-m8", "1151250263472020__-785762719-M13" ]
  }, {
    "id" : "s5-r3",
    "properties" : { },
    "type" : "hasQuality",
    "args" : [ "1151250263472020__-785762719-M14", "s5-m9" ]
  }, {
    "id" : "s6-r2",
    "properties" : { },
    "type" : "hasQuality",
    "args" : [ "s6-m9", "s6-m8" ]
  }, {
    "id" : "s6-r3",
    "properties" : { },
    "type" : "hasQuality",
    "args" : [ "s6-m9", "s6-m7" ]
  }, {
    "id" : "s6-r4",
    "properties" : { },
    "type" : "hasQuality",
    "args" : [ "s6-m12", "s6-m11" ]
  }, {
    "id" : "s6-r5",
    "properties" : { },
    "type" : "isAPartOf",
    "args" : [ "1151250263472020__-785762719-M24", "s6-m13" ]
  }, {
    "id" : "s6-r6",
    "properties" : { },
    "type" : "isAPartOf",
    "args" : [ "s6-m14", "s6-m13" ]
  }, {
    "id" : "s7-r1",
    "properties" : { },
    "type" : "hasQuality",
    "args" : [ "s7-m4", "s7-m3" ]
  } ],
  "corefs" : [ {
    "id" : "1151250263472020__-785762719-E0",
    "properties" : { },
    "mentions" : [ "1151250263472020__-785762719-M13", "1151250263472020__-785762719-M19", "s6-m13" ]
  }, {
    "id" : "1151250263472020__-785762719-E1",
    "properties" : { },
    "mentions" : [ "1151250263472020__-785762719-M1", "1151250263472020__-785762719-M10", "1151250263472020__-785762719-M16", "1151250263472020__-785762719-M20", "1151250263472020__-785762719-M21", "1151250263472020__-785762719-M22", "1151250263472020__-785762719-M25", "1151250263472020__-785762719-M5", "1151250263472020__-785762719-M7" ]
  }, {
    "id" : "c4",
    "properties" : { },
    "mentions" : [ "s0-m2", "s0-m3", "s1-m6", "s1-m7", "s1-m10", "s1-m9", "s1-m11", "s6-m9", "s7-m4", "s6-m12", "1151250263472020__-785762719-M8", "1151250263472020__-785762719-M14" ]
  }, {
    "id" : "c7",
    "properties" : { },
    "mentions" : [ "1151250263472020__-785762719-M4", "s2-m4" ]
  } ],
  "typeResolved" : true,
  "userResolved" : true
}