"lemma","poscode","surface"
"Motorola","3","Motorola","motorola","moto","Moto"
"1776","3","1776"
"21st Century Fox","3","21st Century Fox"
"24 Hour Fitness","3","24 Hour Fitness"
"2K Games","3","2K Games"
"3M","3","3M"
"4Licensing Corporation","3","4Licensing Corporation"
"@Xi Computer Corporation","3","@Xi Computer Corporation"
"A. O. Smith","3","A. O. Smith"
"A. Schulman","3","A. Schulman"
"A&W Restaurants","3","A&W Restaurants"
"a21, Inc.","3","a21, Inc."
"Aaron's, Inc.","3","Aaron's, Inc."
"Abbott Laboratories","3","Abbott Laboratories"
"AbbVie","3","AbbVie"
"Abercrombie & Fitch","3","Abercrombie & Fitch"
"ABM Industries","3","ABM Industries"
"ABS Capital Partners","3","ABS Capital Partners"
"ABX Air","3","ABX Air"
"AC Lens","3","AC Lens"
"Academi","3","Academi"
"Access Systems Americas, Inc.","3","Access Systems Americas, Inc."
"ACCO Brands","3","ACCO Brands"
"Accuquote","3","Accuquote"
"Accuride Corporation","3","Accuride Corporation"
"Ace Hardware","3","Ace Hardware"
"Acme Brick","3","Acme Brick"
"Acme Fresh Market","3","Acme Fresh Market"
"ACN Inc.","3","ACN Inc."
"Acsis Inc.","3","Acsis Inc."
"Activision","3","Activision"
"Activision Blizzard","3","Activision Blizzard"
"Acuity Brands","3","Acuity Brands"
"Acuity Insurance","3","Acuity Insurance"
"Adaptec","3","Adaptec"
"ADC Telecommunications","3","ADC Telecommunications"
"Adobe Systems","3","Adobe Systems"
"ADT Corp","3","ADT Corp"
"ADTRAN","3","ADTRAN"
"Advance Auto Parts","3","Advance Auto Parts"
"Advance Publications","3","Advance Publications"
"Advanced Micro Devices","3","Advanced Micro Devices"
"Advent International","3","Advent International"
"AECOM","3","AECOM"
"Aerojet Rocketdyne","3","Aerojet Rocketdyne"
"Aéropostale","3","Aéropostale"
"AES Corporation","3","AES Corporation"
"Aetna","3","Aetna"
"Affiliated Computer Services","3","Affiliated Computer Services"
"Aflac","3","Aflac"
"AGCO","3","AGCO"
"Agilent Technologies","3","Agilent Technologies"
"AGL Resources","3","AGL Resources"
"Agriprocessors","3","Agriprocessors"
"Air Products & Chemicals","3","Air Products & Chemicals"
"Air Tractor","3","Air Tractor"
"Air Transport International (ATI)","3","Air Transport International (ATI)"
"Air Wisconsin","3","Air Wisconsin"
"Airgas","3","Airgas"
"AirTran Holdings","3","AirTran Holdings"
"AK Steel Holding","3","AK Steel Holding"
"Akamai Technologies","3","Akamai Technologies"
"Alaska Air Group","3","Alaska Air Group"
"Albemarle Corporation","3","Albemarle Corporation"
"Albertsons LLC","3","Albertsons LLC"
"Alcoa","3","Alcoa"
"Aleris","3","Aleris"
"Alexander & Baldwin","3","Alexander & Baldwin"
"Alexander Arms","3","Alexander Arms"
"Alexion Pharmaceuticals","3","Alexion Pharmaceuticals"
"Alienware","3","Alienware"
"Alleghany Corporation","3","Alleghany Corporation"
"Allegheny Technologies","3","Allegheny Technologies"
"Allegis Group","3","Allegis Group"
"Allen Organ Company","3","Allen Organ Company"
"Allergan","3","Allergan"
"Alliance Rubber Company","3","Alliance Rubber Company"
"Alliant Energy","3","Alliant Energy"
"Alliant Techsystems","3","Alliant Techsystems"
"Allied Insurance","3","Allied Insurance"
"Allison Transmission","3","Allison Transmission"
"Allstate","3","Allstate"
"Ally Financial","3","Ally Financial"
"Aloha Air Cargo","3","Aloha Air Cargo"
"Alphabet Inc.","3","Alphabet Inc."
"Altec Lansing","3","Altec Lansing"
"Altera Corporation","3","Altera Corporation"
"Alton Steel","3","Alton Steel"
"Altra Industrial Motion","3","Altra Industrial Motion"
"Altria (formerly Philip Morris Companies)","3","Altria (formerly Philip Morris Companies)"
"Amazon.com","3","Amazon.com"
"AMC Entertainment","3","AMC Entertainment"
"Ameren","3","Ameren"
"American Apparel","3","American Apparel"
"American Axle","3","American Axle"
"American Broadcasting Company","3","American Broadcasting Company"
"American Eagle Outfitters","3","American Eagle Outfitters"
"American Electric Power","3","American Electric Power"
"American Express","3","American Express"
"American Family Insurance","3","American Family Insurance"
"American Financial Group","3","American Financial Group"
"American Greetings","3","American Greetings"
"American Home Mortgage","3","American Home Mortgage"
"American International Group","3","American International Group"
"American Licorice Company","3","American Licorice Company"
"American Reprographics Company","3","American Reprographics Company"
"American Sugar Refining, Inc.","3","American Sugar Refining, Inc."
"Amerigroup","3","Amerigroup"
"Ameriprise Financial","3","Ameriprise Financial"
"AmerisourceBergen","3","AmerisourceBergen"
"Ametek","3","Ametek"
"Amgen","3","Amgen"
"Amkor Technology","3","Amkor Technology"
"Ampex Corporation","3","Ampex Corporation"
"Amphenol","3","Amphenol"
"AMR Corporation","3","AMR Corporation"
"American Airlines","3","American Airlines"
"AMSOIL, Inc.","3","AMSOIL, Inc."
"Amtrak (National Railroad Passenger Corporation)","3","Amtrak (National Railroad Passenger Corporation)"
"Amway","3","Amway"
"Amy's Kitchen","3","Amy's Kitchen"
"Anadarko Petroleum Corporation","3","Anadarko Petroleum Corporation"
"Analog Devices","3","Analog Devices"
"AnaSpec","3","AnaSpec"
"Ancestry.com, Inc.","3","Ancestry.com, Inc."
"Anchor Bay Entertainment","3","Anchor Bay Entertainment"
"Anchor Brewing Company","3","Anchor Brewing Company"
"AND1","3","AND1"
"Andersen Corporation","3","Andersen Corporation"
"Andronico's","3","Andronico's"
"Anixter","3","Anixter"
"Ann Taylor","3","Ann Taylor"
"Annabelle Candy Company","3","Annabelle Candy Company"
"Ansys","3","Ansys"
"Antec","3","Antec"
"AOL","3","AOL"
"Aon plc","3","Aon plc"
"Apache Corporation","3","Apache Corporation"
"Apache Software Foundation","3","Apache Software Foundation"
"Apollo Global Management","3","Apollo Global Management"
"Apollo Group","3","Apollo Group"
"Apple Inc.","3","Apple Inc."
"Applebee's","3","Applebee's"
"Applico","3","Applico"
"Applied Biosystems","3","Applied Biosystems"
"Applied Industrial Technologies","3","Applied Industrial Technologies"
"Applied Materials","3","Applied Materials"
"Apptio","3","Apptio"
"Aramark","3","Aramark"
"Arbitron","3","Arbitron"
"Arc Machines","3","Arc Machines"
"Arch Coal","3","Arch Coal"
"Archer Daniels Midland","3","Archer Daniels Midland"
"Arctic Cat","3","Arctic Cat"
"Argonide","3","Argonide"
"Ariba","3","Ariba"
"Arizona Beverage Company","3","Arizona Beverage Company"
"Arizona Stock Exchange","3","Arizona Stock Exchange"
"Arkeia Software","3","Arkeia Software"
"Armstrong World Industries","3","Armstrong World Industries"
"Arrow Electronics","3","Arrow Electronics"
"Arryx","3","Arryx"
"ASARCO (American Smelting and Refining Company)","3","ASARCO (American Smelting and Refining Company)"
"Asbury Automotive Group","3","Asbury Automotive Group"
"Ashland Inc.","3","Ashland Inc."
"Ashley Furniture Industries","3","Ashley Furniture Industries"
"AskMeNow","3","AskMeNow"
"Aspen Skiing Company","3","Aspen Skiing Company"
"Aspyr Media","3","Aspyr Media"
"Associated Electrics","3","Associated Electrics"
"Associated Wholesale Grocers","3","Associated Wholesale Grocers"
"Assurant","3","Assurant"
"AT Conference, Inc.","3","AT Conference, Inc."
"AT&T Inc.","3","AT&T Inc."
"AT&T Mobility","3","AT&T Mobility"
"Atari","3","Atari"
"Atlas Air","3","Atlas Air"
"Atlas Van Lines","3","Atlas Van Lines"
"Atmel Corporation","3","Atmel Corporation"
"Atmos Energy","3","Atmos Energy"
"Au Bon Pain","3","Au Bon Pain"
"Audiovox","3","Audiovox"
"Authentic Brands Group","3","Authentic Brands Group"
"Auto-Owners Insurance","3","Auto-Owners Insurance"
"Autodesk","3","Autodesk"
"Autoliv","3","Autoliv"
"Automatic Data Processing","3","Automatic Data Processing"
"AutoNation","3","AutoNation"
"AutoZone","3","AutoZone"
"Avaya","3","Avaya"
"Avery Dennison","3","Avery Dennison"
"Avis Budget Group","3","Avis Budget Group"
"Avnet","3","Avnet"
"Avon Products","3","Avon Products"
"AVST","3","AVST"
"AXA","3","AXA"
"B&H","3","B&H"
"B/E Aerospace","3","B/E Aerospace"
"Babcock & Wilcox","3","Babcock & Wilcox"
"Bain & Company","3","Bain & Company"
"Bain Capital","3","Bain Capital"
"Baker Hughes","3","Baker Hughes"
"Bakers Square Restaurants","3","Bakers Square Restaurants"
"Baldor Electric Company","3","Baldor Electric Company"
"Ball Corporation","3","Ball Corporation"
"Ballistic Recovery Systems","3","Ballistic Recovery Systems"
"Bally Technologies, Inc.","3","Bally Technologies, Inc."
"Bank of America","3","Bank of America"
"The Bank of New York Mellon Corporation","3","The Bank of New York Mellon Corporation"
"Barnes & Noble","3","Barnes & Noble"
"Barrett Firearms Manufacturing","3","Barrett Firearms Manufacturing"
"Bass Pro Shops","3","Bass Pro Shops"
"Bath & Body Works","3","Bath & Body Works"
"Baxter International","3","Baxter International"
"BB&T Corporation","3","BB&T Corporation"
"Bealls","3","Bealls"
"Beam Inc.","3","Beam Inc."
"BearingPoint","3","BearingPoint"
"Beazer Homes USA","3","Beazer Homes USA"
"Bebo","3","Bebo"
"Bechtel","3","Bechtel"
"Beckman Coulter","3","Beckman Coulter"
"Becton Dickinson","3","Becton Dickinson"
"Bed Bath & Beyond","3","Bed Bath & Beyond"
"Beechcraft","3","Beechcraft"
"Beer Nuts, Inc.","3","Beer Nuts, Inc."
"Belk","3","Belk"
"Belkin","3","Belkin"
"Bellwether Technology Corporation","3","Bellwether Technology Corporation"
"Bemis Company, Inc.","3","Bemis Company, Inc."
"Bemis Manufacturing Company","3","Bemis Manufacturing Company"
"Ben Franklin","3","Ben Franklin"
"Benchmark Electronics","3","Benchmark Electronics"
"Benihana","3","Benihana"
"Bennigan's","3","Bennigan's"
"Berkshire Hathaway","3","Berkshire Hathaway"
"Berry Plastics","3","Berry Plastics"
"Best Buy","3","Best Buy"
"Best Western International","3","Best Western International"
"BFG Technologies","3","BFG Technologies"
"BI-LO","3","BI-LO"
"Big 5 Sporting Goods","3","Big 5 Sporting Goods"
"Big Boy Restaurants","3","Big Boy Restaurants"
"Big Lots","3","Big Lots"
"Bigelow Tea Company","3","Bigelow Tea Company"
"Biggby Coffee","3","Biggby Coffee"
"Bio-Rad Laboratories","3","Bio-Rad Laboratories"
"Biogen Idec","3","Biogen Idec"
"Biomet","3","Biomet"
"Birdwell","3","Birdwell"
"Bissell, Inc.","3","Bissell, Inc."
"BJ Services Company","3","BJ Services Company"
"BJ's Wholesale Club","3","BJ's Wholesale Club"
"Black Angus Steakhouse","3","Black Angus Steakhouse"
"BlackRock","3","BlackRock"
"Blackstone Group","3","Blackstone Group"
"Blistex, Inc.","3","Blistex, Inc."
"Blockbuster LLC","3","Blockbuster LLC"
"Bloomin' Brands","3","Bloomin' Brands"
"BlueLinx","3","BlueLinx"
"Blyth, Inc.","3","Blyth, Inc."
"BMC Software","3","BMC Software"
"BNSF Railway","3","BNSF Railway"
"Bob Evans Restaurants","3","Bob Evans Restaurants"
"Boeing","3","Boeing"
"Boise Cascade","3","Boise Cascade"
"Bollinger Shipyards","3","Bollinger Shipyards"
"Books-A-Million","3","Books-A-Million"
"Booz Allen Hamilton","3","Booz Allen Hamilton"
"Borders Group","3","Borders Group"
"BorgWarner","3","BorgWarner"
"Bosch Brewing Company","3","Bosch Brewing Company"
"Bose Corporation","3","Bose Corporation"
"Boston Acoustics","3","Boston Acoustics"
"Boston Beer Company","3","Boston Beer Company"
"Boston Scientific","3","Boston Scientific"
"Bowlmor AMF","3","Bowlmor AMF"
"Boyd Gaming","3","Boyd Gaming"
"Boyer Brothers","3","Boyer Brothers"
"Bradley Pharmaceuticals","3","Bradley Pharmaceuticals"
"Briggs & Stratton","3","Briggs & Stratton"
"BrightPoint","3","BrightPoint"
"Brinker International","3","Brinker International"
"Brink's","3","Brink's"
"Bristol-Myers Squibb","3","Bristol-Myers Squibb"
"Broadcom","3","Broadcom"
"Brocade Communications Systems","3","Brocade Communications Systems"
"Bronco Wine Company","3","Bronco Wine Company"
"Brookdale Senior Living","3","Brookdale Senior Living"
"Brooks Brothers","3","Brooks Brothers"
"Brown and Haley","3","Brown and Haley"
"Brown-Forman","3","Brown-Forman"
"Brown Shoe Company","3","Brown Shoe Company"
"Browning Arms Company","3","Browning Arms Company"
"Bruker","3","Bruker"
"Brunswick Corporation","3","Brunswick Corporation"
"BucketFeet","3","BucketFeet"
"Bucyrus International","3","Bucyrus International"
"Bungie","3","Bungie"
"Bunn-O-Matic Corporation","3","Bunn-O-Matic Corporation"
"Burger King","3","Burger King"
"Burlington Coat Factory","3","Burlington Coat Factory"
"Burpee Seeds","3","Burpee Seeds"
"Burton Snowboards","3","Burton Snowboards"
"Bushmaster Firearms International","3","Bushmaster Firearms International"
"BuzzFeed","3","BuzzFeed"
"C. H. Robinson Worldwide","3","C. H. Robinson Worldwide"
"C. R. Bard, Inc.","3","C. R. Bard, Inc."
"C&S Wholesale Grocers","3","C&S Wholesale Grocers"
"CA Technologies","3","CA Technologies"
"Cabela's","3","Cabela's"
"Cablevision Systems","3","Cablevision Systems"
"Cabot Corporation","3","Cabot Corporation"
"Cabot Oil & Gas","3","Cabot Oil & Gas"
"CACI","3","CACI"
"Cadence Design Systems","3","Cadence Design Systems"
"Cal-Maine","3","Cal-Maine"
"California Pizza Kitchen","3","California Pizza Kitchen"
"Calista Corporation","3","Calista Corporation"
"Callaway Golf Company","3","Callaway Golf Company"
"Calpine","3","Calpine"
"CamelBak Products","3","CamelBak Products"
"Cameron International","3","Cameron International"
"Campbell Soup Company","3","Campbell Soup Company"
"Cantor Fitzgerald","3","Cantor Fitzgerald"
"Canvas","3","Canvas"
"Cape Air","3","Cape Air"
"Capital Group Companies","3","Capital Group Companies"
"Capital One","3","Capital One"
"Cardinal Health","3","Cardinal Health"
"CareFusion","3","CareFusion"
"Cargill","3","Cargill"
"Carlisle Companies","3","Carlisle Companies"
"Carlson Companies","3","Carlson Companies"
"Carlyle Group","3","Carlyle Group"
"CarMax","3","CarMax"
"Carnival Corporation & plc","3","Carnival Corporation & plc"
"Carnival Cruise Lines","3","Carnival Cruise Lines"
"Carpenter Technology Corporation","3","Carpenter Technology Corporation"
"Carroll Shelby International","3","Carroll Shelby International"
"Carter's, Inc.","3","Carter's, Inc."
"Cartoon Network Studios","3","Cartoon Network Studios"
"Casco Bay Lines","3","Casco Bay Lines"
"Caterpillar Inc.","3","Caterpillar Inc."
"Cbeyond","3","Cbeyond"
"CBS Corporation","3","CBS Corporation"
"CDI Corporation","3","CDI Corporation"
"CDW Corporation","3","CDW Corporation"
"CEB Inc.","3","CEB Inc."
"Cedar Fair Entertainment Company","3","Cedar Fair Entertainment Company"
"Celanese Corporation","3","Celanese Corporation"
"Celgene","3","Celgene"
"CenturyLink","3","CenturyLink"
"Cerberus Capital Management","3","Cerberus Capital Management"
"Ceridian","3","Ceridian"
"Cerner","3","Cerner"
"CF Industries","3","CF Industries"
"CH2M Hill Companies","3","CH2M Hill Companies"
"Charles Schwab Corporation","3","Charles Schwab Corporation"
"Charter Arms","3","Charter Arms"
"The Cheesecake Factory","3","The Cheesecake Factory"
"Chem-Dry","3","Chem-Dry"
"Chesapeake Energy","3","Chesapeake Energy"
"Chevron Corporation","3","Chevron Corporation"
"ChexSystems","3","ChexSystems"
"Chicago Bridge & Iron Company","3","Chicago Bridge & Iron Company"
"Chick-fil-A","3","Chick-fil-A"
"Chipotle Mexican Grill","3","Chipotle Mexican Grill"
"Chiquita Brands International","3","Chiquita Brands International"
"Choice Hotels International","3","Choice Hotels International"
"Christian Moerlein Brewing Company","3","Christian Moerlein Brewing Company"
"CHS Inc.","3","CHS Inc."
"Chubb Corporation","3","Chubb Corporation"
"Chuck E. Cheese's","3","Chuck E. Cheese's"
"Chugach Alaska Corporation","3","Chugach Alaska Corporation"
"Church & Dwight","3","Church & Dwight"
"Chrysler","3","Chrysler"
"CiCi's Pizza","3","CiCi's Pizza"
"CIGNA","3","CIGNA"
"Cinemark Theatres","3","Cinemark Theatres"
"Cintas Corporation","3","Cintas Corporation"
"Cirrus Aircraft Corporation","3","Cirrus Aircraft Corporation"
"Cisco Systems","3","Cisco Systems"
"CIT Group","3","CIT Group"
"Citigroup","3","Citigroup"
"Citrin Cooperman","3","Citrin Cooperman"
"Citrix Systems","3","Citrix Systems"
"CKE Restaurants","3","CKE Restaurants"
"Carl's Jr.","3","Carl's Jr."
"Hardee's","3","Hardee's"
"Clayton, Dubilier & Rice","3","Clayton, Dubilier & Rice"
"Clear Channel Communications","3","Clear Channel Communications"
"Clearwater Paper","3","Clearwater Paper"
"Cliffs Natural Resources","3","Cliffs Natural Resources"
"The Clorox Company","3","The Clorox Company"
"CME Group","3","CME Group"
"CNA Financial","3","CNA Financial"
"CNET","3","CNET"
"CNO Financial Group","3","CNO Financial Group"
"Coach","3","Coach"
"The Coca-Cola Company","3","The Coca-Cola Company"
"Cogent Communications","3","Cogent Communications"
"Cognizant Technology Solutions","3","Cognizant Technology Solutions"
"Cole Haan","3","Cole Haan"
"Coleman Company","3","Coleman Company"
"Colgate-Palmolive","3","Colgate-Palmolive"
"Colt Defense","3","Colt Defense"
"Colt's Manufacturing Company","3","Colt's Manufacturing Company"
"Columbia Pictures","3","Columbia Pictures"
"Columbia Sportswear","3","Columbia Sportswear"
"Columbia Sussex","3","Columbia Sussex"
"Comcast","3","Comcast"
"Comerica","3","Comerica"
"Commercial Metals Company","3","Commercial Metals Company"
"Comodo","3","Comodo"
"The Compleat Sculptor, Inc.","3","The Compleat Sculptor, Inc."
"Computer Sciences Corporation","3","Computer Sciences Corporation"
"Compuware","3","Compuware"
"ConAgra Foods","3","ConAgra Foods"
"Conair Corporation","3","Conair Corporation"
"Concur Technologies","3","Concur Technologies"
"ConocoPhillips","3","ConocoPhillips"
"Consol Energy","3","Consol Energy"
"Constellation Brands","3","Constellation Brands"
"Control Data Corporation (CDC)","3","Control Data Corporation (CDC)"
"ConverDyn","3","ConverDyn"
"Convergys","3","Convergys"
"Converse","3","Converse"
"CoolTouch Monitors","3","CoolTouch Monitors"
"Copeland's","3","Copeland's"
"Cordell & Cordell","3","Cordell & Cordell"
"Corning Inc.","3","Corning Inc."
"Corrections Corporation of America","3","Corrections Corporation of America"
"Corsair Memory","3","Corsair Memory"
"Costco","3","Costco"
"Cott Corporation","3","Cott Corporation"
"Coventry Health Care","3","Coventry Health Care"
"Cox Enterprises","3","Cox Enterprises"
"Cracker Barrel","3","Cracker Barrel"
"Craft Brew Alliance","3","Craft Brew Alliance"
"Craigslist","3","Craigslist"
"Crane & Co., Inc.","3","Crane & Co., Inc."
"Crane Carrier Company","3","Crane Carrier Company"
"Crane Company","3","Crane Company"
"Cray","3","Cray"
"Crazy Eddie","3","Crazy Eddie"
"Crowley Maritime","3","Crowley Maritime"
"Crown Castle International","3","Crown Castle International"
"Crown Equipment Corporation","3","Crown Equipment Corporation"
"Crown Holdings","3","Crown Holdings"
"CSX Corporation","3","CSX Corporation"
"Cubic Corporation","3","Cubic Corporation"
"Culver's Franchising System, Inc.","3","Culver's Franchising System, Inc."
"Cumberland Farms","3","Cumberland Farms"
"Cummins","3","Cummins"
"Curtiss-Wright","3","Curtiss-Wright"
"Curves International","3","Curves International"
"CVS Caremark","3","CVS Caremark"
"Cypress Semiconductors","3","Cypress Semiconductors"
"D. R. Horton","3","D. R. Horton"
"Daktronics","3","Daktronics"
"Dana Holding Corporation","3","Dana Holding Corporation"
"Danaher","3","Danaher"
"Darden Restaurants","3","Darden Restaurants"
"Dart Container Corporation","3","Dart Container Corporation"
"DaVita","3","DaVita"
"Day & Zimmermann","3","Day & Zimmermann"
"Dayton Superior","3","Dayton Superior"
"DC Comics","3","DC Comics"
"DC Shoes","3","DC Shoes"
"Dean Foods","3","Dean Foods"
"Deere & Company","3","Deere & Company"
"Del Monte Foods","3","Del Monte Foods"
"Dell","3","Dell"
"Deloitte","3","Deloitte"
"Delphi","3","Delphi"
"Delta Air Lines","3","Delta Air Lines"
"Deluxe Corporation","3","Deluxe Corporation"
"Demaco","3","Demaco"
"Denbury Resources","3","Denbury Resources"
"Denny's","3","Denny's"
"Dentsply","3","Dentsply"
"Devon Energy","3","Devon Energy"
"DeVry, Inc.","3","DeVry, Inc."
"DEX One","3","DEX One"
"Diamond Foods","3","Diamond Foods"
"Diamond Offshore Drilling","3","Diamond Offshore Drilling"
"DiC Entertainment","3","DiC Entertainment"
"Dick's Sporting Goods","3","Dick's Sporting Goods"
"Diebold","3","Diebold"
"Digi-Key","3","Digi-Key"
"Dillard's","3","Dillard's"
"DineEquity","3","DineEquity"
"Dippin' Dots","3","Dippin' Dots"
"DirecTV","3","DirecTV"
"Discover Financial","3","Discover Financial"
"Discovery Communications","3","Discovery Communications"
"Dish Network","3","Dish Network"
"DivX, Inc.","3","DivX, Inc."
"Djarum","3","Djarum"
"Dogfish Head Brewery","3","Dogfish Head Brewery"
"Dole Food Company","3","Dole Food Company"
"Dollar General","3","Dollar General"
"Dollar Tree","3","Dollar Tree"
"Dominion Resources","3","Dominion Resources"
"Domino's Pizza","3","Domino's Pizza"
"Domtar","3","Domtar"
"Dorm Company Corporation","3","Dorm Company Corporation"
"Dover Corporation","3","Dover Corporation"
"Dow Chemical Company","3","Dow Chemical Company"
"Dow Jones & Company","3","Dow Jones & Company"
"Dr Pepper Snapple Group","3","Dr Pepper Snapple Group"
"Dresser Industries","3","Dresser Industries"
"DRS Technologies","3","DRS Technologies"
"DST Systems","3","DST Systems"
"DTE Energy","3","DTE Energy"
"Duke Energy","3","Duke Energy"
"Dun & Bradstreet","3","Dun & Bradstreet"
"Dunkin' Donuts","3","Dunkin' Donuts"
"DuPont (E.I. du Pont de Nemours)","3","DuPont (E.I. du Pont de Nemours)"
"Dura Automotive Systems","3","Dura Automotive Systems"
"DynCorp","3","DynCorp"
"Dynegy","3","Dynegy"
"E & J Gallo Winery","3","E & J Gallo Winery"
"E*Trade Financial Corporation","3","E*Trade Financial Corporation"
"Eastman Chemical Company","3","Eastman Chemical Company"
"Eastman Kodak","3","Eastman Kodak"
"Eaton Corporation","3","Eaton Corporation"
"eBay","3","eBay"
"Ebonite International","3","Ebonite International"
"EBSCO Industries","3","EBSCO Industries"
"EchoStar","3","EchoStar"
"Ecolab","3","Ecolab"
"Eddie Bauer","3","Eddie Bauer"
"Edward Jones","3","Edward Jones"
"Edwards Lifesciences","3","Edwards Lifesciences"
"Egglands Best","3","Egglands Best"
"El Paso Corp.","3","El Paso Corp."
"El Pollo Loco","3","El Pollo Loco"
"Electronic Arts","3","Electronic Arts"
"Electronic Data Systems","3","Electronic Data Systems"
"Electronics for Imaging, Inc.","3","Electronics for Imaging, Inc."
"Eli Lilly and Company","3","Eli Lilly and Company"
"Elizabeth Arden","3","Elizabeth Arden"
"EMC Corporation","3","EMC Corporation"
"Emcor","3","Emcor"
"Emerson Electric Company","3","Emerson Electric Company"
"Emerson Radio","3","Emerson Radio"
"Energizer Holdings","3","Energizer Holdings"
"Enterasys Networks","3","Enterasys Networks"
"Entergy","3","Entergy"
"Enterprise Holdings","3","Enterprise Holdings"
"Enterprise Products","3","Enterprise Products"
"EOG Resources","3","EOG Resources"
"Equifax","3","Equifax"
"Equinix","3","Equinix"
"Erickson Air-Crane","3","Erickson Air-Crane"
"Erie Insurance Group","3","Erie Insurance Group"
"Esselte","3","Esselte"
"Estée Lauder Companies","3","Estée Lauder Companies"
"Esterline","3","Esterline"
"Estes Industries","3","Estes Industries"
"Estwing Manufacturing Company","3","Estwing Manufacturing Company"
"Ethan Allen","3","Ethan Allen"
"Eureka","3","Eureka"
"Evergreen International Airlines","3","Evergreen International Airlines"
"Exelis","3","Exelis"
"Exelon","3","Exelon"
"Exide Technologies","3","Exide Technologies"
"Expedia","3","Expedia"
"Expeditors International","3","Expeditors International"
"Express Scripts","3","Express Scripts"
"Extron","3","Extron"
"ExxonMobil","3","ExxonMobil"
"F5 Networks","3","F5 Networks"
"Fabletics","3","Fabletics"
"Fabrik Inc.","3","Fabrik Inc."
"Facebook","3","Facebook"
"Fairchild Semiconductor","3","Fairchild Semiconductor"
"Family Dollar Stores","3","Family Dollar Stores"
"Fannie Mae (Federal National Mortgage Association)","3","Fannie Mae (Federal National Mortgage Association)"
"Far West Capital","3","Far West Capital"
"Farmers Insurance Group","3","Farmers Insurance Group"
"FatPipe networks","3","FatPipe networks"
"Faultless Starch/Bon Ami Company","3","Faultless Starch/Bon Ami Company"
"Federal-Mogul Corporation","3","Federal-Mogul Corporation"
"Federal Signal Corporation","3","Federal Signal Corporation"
"FedEx","3","FedEx"
"Fender Musical Instruments Corporation","3","Fender Musical Instruments Corporation"
"Fenway Partners","3","Fenway Partners"
"FICO","3","FICO"
"Fidelity Investments","3","Fidelity Investments"
"Fidelity National Information Services","3","Fidelity National Information Services"
"FileMaker Inc., formerly Claris Corp.","3","FileMaker Inc., formerly Claris Corp."
"Filter Forge","3","Filter Forge"
"Firestone Tire and Rubber Company","3","Firestone Tire and Rubber Company"
"First Hawaiian Bank","3","First Hawaiian Bank"
"Firstsource","3","Firstsource"
"Fiserv","3","Fiserv"
"Fisher Electronics","3","Fisher Electronics"
"Fisker Automotive","3","Fisker Automotive"
"Five Guys Enterprises","3","Five Guys Enterprises"
"FLIR Systems","3","FLIR Systems"
"Flowers Foods","3","Flowers Foods"
"Flowserve","3","Flowserve"
"Fluor Corporation","3","Fluor Corporation"
"FMC Technologies","3","FMC Technologies"
"Focus Brands","3","Focus Brands"
"Foot Locker","3","Foot Locker"
"Ford Motor Company","3","Ford Motor Company"
"Forest Laboratories","3","Forest Laboratories"
"Forrester Research","3","Forrester Research"
"Fortune Brands Home & Security, Inc.","3","Fortune Brands Home & Security, Inc."
"Forum Communications","3","Forum Communications"
"Fossil, Inc.","3","Fossil, Inc."
"Foster Farms","3","Foster Farms"
"Fosters Freeze","3","Fosters Freeze"
"Fox Entertainment Group","3","Fox Entertainment Group"
"Franklin Templeton","3","Franklin Templeton"
"Frasca International","3","Frasca International"
"Fred Meyer","3","Fred Meyer"
"Freddie Mac (Federal Home Loan Mortgage Corporation)","3","Freddie Mac (Federal Home Loan Mortgage Corporation)"
"Freedom Group","3","Freedom Group"
"Freeport-McMoRan","3","Freeport-McMoRan"
"Freescale Semiconductor","3","Freescale Semiconductor"
"FreeWave Technologies","3","FreeWave Technologies"
"Fresh & Easy","3","Fresh & Easy"
"Friedman Fleischer & Lowe","3","Friedman Fleischer & Lowe"
"Frontier Airlines","3","Frontier Airlines"
"Frontier Communications","3","Frontier Communications"
"Fruit of the Loom","3","Fruit of the Loom"
"Fry's Electronics","3","Fry's Electronics"
"GameStop","3","GameStop"
"Gannett Company","3","Gannett Company"
"Gap","3","Gap"
"Gardner Denver","3","Gardner Denver"
"Garmin","3","Garmin"
"Gartner","3","Gartner"
"Gateway, Inc.","3","Gateway, Inc."
"Gatorade","3","Gatorade"
"GCI","3","GCI"
"GEICO","3","GEICO"
"Gemini Sound Products","3","Gemini Sound Products"
"GenCorp","3","GenCorp"
"Genentech","3","Genentech"
"Generac Power Systems","3","Generac Power Systems"
"General Atomics","3","General Atomics"
"General Cable","3","General Cable"
"General Dynamics","3","General Dynamics"
"Bath Iron Works","3","Bath Iron Works"
"General Dynamics Electric Boat","3","General Dynamics Electric Boat"
"Gulfstream Aerospace","3","Gulfstream Aerospace"
"General Electric","3","General Electric"
"GE Consumer & Industrial","3","GE Consumer & Industrial"
"General Mills","3","General Mills"
"General Motors","3","General Motors"
"Genesco Inc.","3","Genesco Inc."
"Gentiva Health Services","3","Gentiva Health Services"
"Genuine Parts Company","3","Genuine Parts Company"
"Genworth Financial","3","Genworth Financial"
"Georgia-Pacific","3","Georgia-Pacific"
"Gerber Scientific","3","Gerber Scientific"
"GHD Group","3","GHD Group"
"Giant Food","3","Giant Food"
"Gibson Guitar Corporation","3","Gibson Guitar Corporation"
"Gilead Sciences","3","Gilead Sciences"
"Gillette","3","Gillette"
"Global Insight","3","Global Insight"
"GlobalFoundries","3","GlobalFoundries"
"Go Daddy","3","Go Daddy"
"Gojo Industries","3","Gojo Industries"
"Golden Corral","3","Golden Corral"
"Goldman Sachs","3","Goldman Sachs"
"Goodyear Tire and Rubber Company","3","Goodyear Tire and Rubber Company"
"Google","3","Google"
"Gordon Food Service","3","Gordon Food Service"
"Graco","3","Graco"
"Graham Holdings Company","3","Graham Holdings Company"
"Gray Line Worldwide","3","Gray Line Worldwide"
"Green Mountain Coffee Roasters","3","Green Mountain Coffee Roasters"
"The Greenbrier Companies","3","The Greenbrier Companies"
"Ground Round","3","Ground Round"
"Group O","3","Group O"
"Groupon","3","Groupon"
"Growmark","3","Growmark"
"Guardian Industries","3","Guardian Industries"
"H&R Block","3","H&R Block"
"H-E-B","3","H-E-B"
"H. J. Heinz Company","3","H. J. Heinz Company"
"H. T. Hackney Company","3","H. T. Hackney Company"
"Haas Automation","3","Haas Automation"
"Hain Celestial Group","3","Hain Celestial Group"
"Halliburton","3","Halliburton"
"Hallmark Cards","3","Hallmark Cards"
"HanesBrands","3","HanesBrands"
"The Hanover Insurance Group","3","The Hanover Insurance Group"
"Harbor Freight Tools","3","Harbor Freight Tools"
"Hard Rock Cafe","3","Hard Rock Cafe"
"Harley-Davidson","3","Harley-Davidson"
"Harman International Industries","3","Harman International Industries"
"Harris Corporation","3","Harris Corporation"
"Harsco Corporation","3","Harsco Corporation"
"The Hartford Financial Services Group","3","The Hartford Financial Services Group"
"Hartzell Propeller","3","Hartzell Propeller"
"Hasbro","3","Hasbro"
"Hastings Entertainment","3","Hastings Entertainment"
"Hawaiian Airlines","3","Hawaiian Airlines"
"Haworth Inc.","3","Haworth Inc."
"HC2 Holdings","3","HC2 Holdings"
"Hearst Corporation","3","Hearst Corporation"
"Heaven Hill Distilleries, Inc.","3","Heaven Hill Distilleries, Inc."
"Henry Repeating Arms","3","Henry Repeating Arms"
"Henry Schein, Inc.","3","Henry Schein, Inc."
"Herbalife","3","Herbalife"
"Herman Miller, Inc.","3","Herman Miller, Inc."
"The Hershey Company","3","The Hershey Company"
"The Hertz Corporation","3","The Hertz Corporation"
"Hess Corporation","3","Hess Corporation"
"Hewlett Packard Enterprise","3","Hewlett Packard Enterprise"
"Hexcel Corporation","3","Hexcel Corporation"
"Hi-Point Firearms","3","Hi-Point Firearms"
"Hillerich & Bradsby Company","3","Hillerich & Bradsby Company"
"Hilton Worldwide","3","Hilton Worldwide"
"HNI Corporation","3","HNI Corporation"
"Hobbico, Inc.","3","Hobbico, Inc."
"Hobby Lobby","3","Hobby Lobby"
"Holley Performance Products","3","Holley Performance Products"
"Hollister Clothing","3","Hollister Clothing"
"Hologic, Inc.","3","Hologic, Inc."
"The Home Depot","3","The Home Depot"
"Home Shopping Network","3","Home Shopping Network"
"Honeywell","3","Honeywell"
"Hormel Foods Corporation","3","Hormel Foods Corporation"
"Hornbeck Offshore Services","3","Hornbeck Offshore Services"
"Horton Holding","3","Horton Holding"
"Hospital Corporation of America","3","Hospital Corporation of America"
"Host Hotels & Resorts, Inc.","3","Host Hotels & Resorts, Inc."
"Hostess Brands","3","Hostess Brands"
"Hot Topic","3","Hot Topic"
"Houchens Industries","3","Houchens Industries"
"Houghton Mifflin Harcourt Learning Technology","3","Houghton Mifflin Harcourt Learning Technology"
"Houlihan's","3","Houlihan's"
"House of Deréon","3","House of Deréon"
"HP Inc.","3","HP Inc."
"Hughes Communications","3","Hughes Communications"
"Human Kinetics","3","Human Kinetics"
"Humana","3","Humana"
"Hunt Petroleum","3","Hunt Petroleum"
"Huntington Ingalls Industries","3","Huntington Ingalls Industries"
"Huntsman Corporation","3","Huntsman Corporation"
"Hush Puppies","3","Hush Puppies"
"Hy-Vee","3","Hy-Vee"
"Hyland Software","3","Hyland Software"
"IBM","3","IBM"
"Iconix Brand Group","3","Iconix Brand Group"
"Ideal Industries","3","Ideal Industries"
"Ilitch Holdings","3","Ilitch Holdings"
"Illinois Tool Works","3","Illinois Tool Works"
"Illumina","3","Illumina"
"Imation","3","Imation"
"In-N-Out Burger","3","In-N-Out Burger"
"Infinity Ward","3","Infinity Ward"
"Infor Global Solutions","3","Infor Global Solutions"
"Ingram Industries","3","Ingram Industries"
"Ingram Micro","3","Ingram Micro"
"Ingredion Incorporated","3","Ingredion Incorporated"
"Intel","3","Intel"
"Intellectual Ventures","3","Intellectual Ventures"
"Interactive Brokers","3","Interactive Brokers"
"Intercontinental Exchange (ICE)","3","Intercontinental Exchange (ICE)"
"Intercontinental Manufacturing Company","3","Intercontinental Manufacturing Company"
"International Dairy Queen","3","International Dairy Queen"
"International Flavors & Fragrances","3","International Flavors & Fragrances"
"International Lease Finance Corporation (ILFC)","3","International Lease Finance Corporation (ILFC)"
"International Paper","3","International Paper"
"Interplay Entertainment","3","Interplay Entertainment"
"Interpublic Group","3","Interpublic Group"
"Intersil Corporation","3","Intersil Corporation"
"Interstate Batteries","3","Interstate Batteries"
"Interstate Van Lines","3","Interstate Van Lines"
"Intuit","3","Intuit"
"Intuitive Surgical","3","Intuitive Surgical"
"Invacare Corporation","3","Invacare Corporation"
"Invesco","3","Invesco"
"Ion Media Networks","3","Ion Media Networks"
"iRobot","3","iRobot"
"Iron City Brewing Company","3","Iron City Brewing Company"
"Iron Mountain Incorporated","3","Iron Mountain Incorporated"
"ITT Corporation","3","ITT Corporation"
"ITT Technical Institute","3","ITT Technical Institute"
"IXYS Corporation","3","IXYS Corporation"
"J. B. Hunt Transport Services","3","J. B. Hunt Transport Services"
"J. C. Penney","3","J. C. Penney"
"J. Crew Group","3","J. Crew Group"
"The J.M. Smucker Company","3","The J.M. Smucker Company"
"J. R. Simplot Company","3","J. R. Simplot Company"
"Jabil Circuit","3","Jabil Circuit"
"Jack in the Box","3","Jack in the Box"
"Jacobs Engineering Group","3","Jacobs Engineering Group"
"Jamba Juice","3","Jamba Juice"
"Janus Capital Group","3","Janus Capital Group"
"Jarden","3","Jarden"
"JDS Uniphase","3","JDS Uniphase"
"The Jelly Belly Candy Company","3","The Jelly Belly Candy Company"
"JetBlue Airways","3","JetBlue Airways"
"Jimmy John's","3","Jimmy John's"
"JL Audio","3","JL Audio"
"JM Family Enterprises","3","JM Family Enterprises"
"JN-International Medical Corporation","3","JN-International Medical Corporation"
"Jobing.com","3","Jobing.com"
"Jockey International, Inc.","3","Jockey International, Inc."
"Johnson & Johnson","3","Johnson & Johnson"
"Johnson Controls","3","Johnson Controls"
"Johnsonville Foods","3","Johnsonville Foods"
"John Wiley & Sons","3","John Wiley & Sons"
"Jones Soda","3","Jones Soda"
"Joseph A. Bank Clothiers","3","Joseph A. Bank Clothiers"
"Journal Communications","3","Journal Communications"
"JPMorgan Chase","3","JPMorgan Chase"
"Juniper Networks","3","Juniper Networks"
"K-Swiss","3","K-Swiss"
"Kahala Corporation","3","Kahala Corporation"
"Kahr Arms","3","Kahr Arms"
"Kaiser Aluminum","3","Kaiser Aluminum"
"Kaiser Permanente","3","Kaiser Permanente"
"Kalitta Air","3","Kalitta Air"
"Kaman Aerospace","3","Kaman Aerospace"
"Kampgrounds of America (KOA)","3","Kampgrounds of America (KOA)"
"Kansas City Southern Railway","3","Kansas City Southern Railway"
"KB Home","3","KB Home"
"KBR","3","KBR"
"Kel-Tec CNC Industries","3","Kel-Tec CNC Industries"
"Kellogg Company","3","Kellogg Company"
"Kelly Services","3","Kelly Services"
"Kendall-Jackson","3","Kendall-Jackson"
"Kenexa","3","Kenexa"
"Kennametal","3","Kennametal"
"Kenworth","3","Kenworth"
"Kerr-McGee","3","Kerr-McGee"
"KeyBank","3","KeyBank"
"KFC","3","KFC"
"Kiewit Corporation","3","Kiewit Corporation"
"Kimball International","3","Kimball International"
"Kimber Manufacturing","3","Kimber Manufacturing"
"Kimberly-Clark","3","Kimberly-Clark"
"Kinder Morgan","3","Kinder Morgan"
"King Kullen Grocery Company","3","King Kullen Grocery Company"
"Kingston Technology","3","Kingston Technology"
"KKR (Kohlberg Kravis Roberts)","3","KKR (Kohlberg Kravis Roberts)"
"KLA Tencor","3","KLA Tencor"
"Klipsch Audio Technologies","3","Klipsch Audio Technologies"
"Kmart","3","Kmart"
"Knight's Armament Company","3","Knight's Armament Company"
"Koch Industries","3","Koch Industries"
"Kohler Company","3","Kohler Company"
"Kohl's","3","Kohl's"
"KPMG","3","KPMG"
"Kraft Foods","3","Kraft Foods"
"Krispy Kreme","3","Krispy Kreme"
"Kroger","3","Kroger"
"Kurzweil Educational Systems","3","Kurzweil Educational Systems"
"L-3 Communications","3","L-3 Communications"
"L&L Hawaiian Barbecue","3","L&L Hawaiian Barbecue"
"L Brands","3","L Brands"
"L.L.Bean","3","L.L.Bean"
"L.S. Starrett Company","3","L.S. Starrett Company"
"L. W. Seecamp Company","3","L. W. Seecamp Company"
"La-Z-Boy","3","La-Z-Boy"
"LabCorp","3","LabCorp"
"Lam Research","3","Lam Research"
"Land O' Lakes","3","Land O' Lakes"
"Las Vegas Sands Corp.","3","Las Vegas Sands Corp."
"Laserfiche","3","Laserfiche"
"LeapFrog Enterprises","3","LeapFrog Enterprises"
"Lear Corporation","3","Lear Corporation"
"Lee Enterprises","3","Lee Enterprises"
"Legg Mason","3","Legg Mason"
"Leggett & Platt","3","Leggett & Platt"
"Leidos","3","Leidos"
"Lennar Corporation","3","Lennar Corporation"
"Lennox International","3","Lennox International"
"Leonard Green & Partners","3","Leonard Green & Partners"
"Les Schwab Tire Centers","3","Les Schwab Tire Centers"
"Leucadia National","3","Leucadia National"
"Levi Strauss & Co.","3","Levi Strauss & Co."
"Leviton Manufacturing Company","3","Leviton Manufacturing Company"
"Lexmark","3","Lexmark"
"Liberty Global","3","Liberty Global"
"Liberty Media","3","Liberty Media"
"Liberty Mutual","3","Liberty Mutual"
"Liberty Tax Service","3","Liberty Tax Service"
"The Library Corporation (TLC)","3","The Library Corporation (TLC)"
"Life Technologies","3","Life Technologies"
"Lincoln Industries","3","Lincoln Industries"
"Lincoln National Corporation","3","Lincoln National Corporation"
"Line and Space","3","Line and Space"
"Linear Technology","3","Linear Technology"
"LinkedIn","3","LinkedIn"
"Little Caesars","3","Little Caesars"
"Live Nation Entertainment","3","Live Nation Entertainment"
"Liz Claiborne","3","Liz Claiborne"
"Local Matters","3","Local Matters"
"Local Motion","3","Local Motion"
"Lockheed Martin","3","Lockheed Martin"
"Lodge Manufacturing Company","3","Lodge Manufacturing Company"
"Loews Corporation","3","Loews Corporation"
"Long John Silver's","3","Long John Silver's"
"Loral Space & Communications","3","Loral Space & Communications"
"Lorillard","3","Lorillard"
"Louisiana-Pacific","3","Louisiana-Pacific"
"Love's Travel Stops & Country Stores","3","Love's Travel Stops & Country Stores"
"Lowe's","3","Lowe's"
"LSI Corporation","3","LSI Corporation"
"Luby's Inc.","3","Luby's Inc."
"Lucas Oil","3","Lucas Oil"
"Lucasfilm","3","Lucasfilm"
"Lumencraft","3","Lumencraft"
"MacAndrews & Forbes Holdings","3","MacAndrews & Forbes Holdings"
"Macy's","3","Macy's"
"Madison Dearborn Partners","3","Madison Dearborn Partners"
"Magellan Navigation","3","Magellan Navigation"
"Magnavox","3","Magnavox"
"Magpul Industries","3","Magpul Industries"
"Maidenform Brands","3","Maidenform Brands"
"The Manischewitz Company","3","The Manischewitz Company"
"Manpower, Inc.","3","Manpower, Inc."
"Marantz","3","Marantz"
"Marathon Oil","3","Marathon Oil"
"Marathon Petroleum","3","Marathon Petroleum"
"Marble Slab Creamery","3","Marble Slab Creamery"
"Marie Callender's","3","Marie Callender's"
"Marlin Firearms","3","Marlin Firearms"
"Marriott Corporation","3","Marriott Corporation"
"Mars, Incorporated","3","Mars, Incorporated"
"Marsh & McLennan Companies","3","Marsh & McLennan Companies"
"Marshall Pottery","3","Marshall Pottery"
"Martha Stewart Living Omnimedia","3","Martha Stewart Living Omnimedia"
"Martin Marietta Materials","3","Martin Marietta Materials"
"Marvell Technology Group","3","Marvell Technology Group"
"Mary Kay","3","Mary Kay"
"Masco Corporation","3","Masco Corporation"
"MasterCard","3","MasterCard"
"MasterCraft","3","MasterCraft"
"Mattel","3","Mattel"
"Mauna Loa Macadamia Nut Corporation","3","Mauna Loa Macadamia Nut Corporation"
"Maxim Integrated","3","Maxim Integrated"
"Maxtor","3","Maxtor"
"McAfee","3","McAfee"
"The McClatchy Company","3","The McClatchy Company"
"McCormick & Company","3","McCormick & Company"
"McDonald's","3","McDonald's"
"McGraw-Hill","3","McGraw-Hill"
"MCI Inc.","3","MCI Inc."
"McIlhenny Company","3","McIlhenny Company"
"McIntosh Laboratory","3","McIntosh Laboratory"
"McKee Foods Corporation","3","McKee Foods Corporation"
"McKesson Corporation","3","McKesson Corporation"
"McKinsey & Company","3","McKinsey & Company"
"MD Helicopters","3","MD Helicopters"
"Mead Johnson","3","Mead Johnson"
"MeadWestvaco","3","MeadWestvaco"
"Medimix International","3","Medimix International"
"Medtronic","3","Medtronic"
"Meijer","3","Meijer"
"Meineke Car Care Centers","3","Meineke Car Care Centers"
"Menards","3","Menards"
"Men's Wearhouse","3","Men's Wearhouse"
"Mentor Graphics","3","Mentor Graphics"
"Merck & Co.","3","Merck & Co."
"Mercury Insurance Group","3","Mercury Insurance Group"
"Mercury Marine","3","Mercury Marine"
"Meredith Corporation","3","Meredith Corporation"
"Meritor","3","Meritor"
"Mesa Airlines","3","Mesa Airlines"
"MetLife","3","MetLife"
"Metro-Goldwyn-Mayer (MGM)","3","Metro-Goldwyn-Mayer (MGM)"
"Mettler-Toledo","3","Mettler-Toledo"
"Michaels Stores, Inc.","3","Michaels Stores, Inc."
"Microchip Technology","3","Microchip Technology"
"Micron Technology","3","Micron Technology"
"Microsoft","3","Microsoft"
"MicroStrategy","3","MicroStrategy"
"Midway Games","3","Midway Games"
"Midwest Communications","3","Midwest Communications"
"MIG, Inc.","3","MIG, Inc."
"Miller Brewing Company","3","Miller Brewing Company"
"Miro Technologies","3","Miro Technologies","Miro"
"Mohawk Industries","3","Mohawk Industries"
"Molex, Inc.","3","Molex, Inc.","Molex"
"Molycorp","3","Molycorp"
"Momentive","3","Momentive"
"Mondelēz International","3","Mondelēz International"
"Monotype Imaging Holdings","3","Monotype Imaging Holdings"
"Monsanto","3","Monsanto"
"Monster Beverage Corporation","3","Monster Beverage Corporation"
"Montana Resources","3","Montana Resources"
"Moody's","3","Moody's"
"Moog Incorporated","3","Moog Incorporated"
"Monro Muffler Brake, Inc.","3","Monro Muffler Brake, Inc."
"Morgan Stanley","3","Morgan Stanley"
"Morningstar","3","Morningstar"
"The Mosaic Company","3","The Mosaic Company"
"Motorola","3","Motorola"
"Movado","3","Movado"
"Mozilla Foundation","3","Mozilla Foundation"
"MTX Audio","3","MTX Audio"
"Murphy Oil Corporation","3","Murphy Oil Corporation"
"Musco Lighting","3","Musco Lighting"
"Mutual of Omaha","3","Mutual of Omaha"
"Mylan Inc.","3","Mylan Inc."
"Myspace","3","Myspace"
"Nabisco","3","Nabisco"
"NACCO Industries","3","NACCO Industries"
"Nalge Nunc International","3","Nalge Nunc International"
"NASDAQ OMX Group","3","NASDAQ OMX Group"
"Nathan's Famous, Inc.","3","Nathan's Famous, Inc."
"National Airlines","3","National Airlines"
"National Beverage","3","National Beverage"
"National Oilwell Varco","3","National Oilwell Varco"
"National Presto Industries","3","National Presto Industries"
"National Railway Equipment Company","3","National Railway Equipment Company"
"Nationwide Mutual Insurance Company","3","Nationwide Mutual Insurance Company"
"Nautilus, Inc.","3","Nautilus, Inc."
"NBCUniversal","3","NBCUniversal"
"NCR Corporation","3","NCR Corporation"
"Necco","3","Necco"
"Neiman Marcus Group","3","Neiman Marcus Group"
"NetApp","3","NetApp"
"Netcordia","3","Netcordia"
"Netflix","3","Netflix"
"Netgear","3","Netgear"
"NetZero","3","NetZero"
"New Balance","3","New Balance"
"New Era Tickets","3","New Era Tickets"
"New York Life Insurance Company","3","New York Life Insurance Company"
"Newegg.com, Inc.","3","Newegg.com, Inc."
"Newell Rubbermaid","3","Newell Rubbermaid"
"Newfield Exploration","3","Newfield Exploration"
"Newmont Mining Corporation","3","Newmont Mining Corporation"
"NewPage Corporation","3","NewPage Corporation"
"News Corporation","3","News Corporation"
"Nielsen","3","Nielsen"
"Nike, Inc.","3","Nike, Inc."
"NL Industries","3","NL Industries"
"Noble Energy","3","Noble Energy"
"Nordstrom","3","Nordstrom"
"Norfolk Southern Railway","3","Norfolk Southern Railway"
"North Sails","3","North Sails"
"Northrop Grumman","3","Northrop Grumman"
"Northwest Airlines","3","Northwest Airlines"
"Norwegian Cruise Line","3","Norwegian Cruise Line"
"Novell","3","Novell"
"Novellus Systems","3","Novellus Systems"
"NRG Energy","3","NRG Energy"
"Nuance Communications","3","Nuance Communications"
"Nucor","3","Nucor"
"Numark Industries","3","Numark Industries"
"Nvidia","3","Nvidia"
"NYSE Euronext","3","NYSE Euronext"
"O.F. Mossberg & Sons","3","O.F. Mossberg & Sons"
"Oak Hill Capital Partners","3","Oak Hill Capital Partners"
"Oaktree Capital Management","3","Oaktree Capital Management"
"Oberto Sausage Company","3","Oberto Sausage Company"
"Oberweis Dairy","3","Oberweis Dairy"
"Occidental Petroleum","3","Occidental Petroleum"
"Ocean Spray","3","Ocean Spray"
"Oceaneering International","3","Oceaneering International"
"OCZ Technology","3","OCZ Technology"
"Odwalla Inc.","3","Odwalla Inc."
"Office Depot","3","Office Depot"
"OfficeMax","3","OfficeMax"
"Olan Mills","3","Olan Mills"
"Old Dominion Freight Line","3","Old Dominion Freight Line"
"Olin Corporation","3","Olin Corporation"
"Olympic Steel","3","Olympic Steel"
"Omaha Steaks","3","Omaha Steaks"
"Omni Air International","3","Omni Air International"
"The Omni Group","3","The Omni Group"
"Omnicare","3","Omnicare"
"Omnicom Group","3","Omnicom Group"
"ON Semiconductor","3","ON Semiconductor"
"Onanon","3","Onanon"
"ONEOK","3","ONEOK"
"Onvia","3","Onvia"
"Open Interface North America","3","Open Interface North America"
"OpenTable","3","OpenTable"
"Opower","3","Opower"
"OptiRTC","3","OptiRTC"
"Oracle Corporation","3","Oracle Corporation"
"Oracle Financial Services Software","3","Oracle Financial Services Software"
"Orbital Sciences Corporation","3","Orbital Sciences Corporation"
"Oreck Corporation","3","Oreck Corporation"
"O'Reilly Auto Parts","3","O'Reilly Auto Parts"
"O'Reilly Media","3","O'Reilly Media"
"Oshkosh Corporation","3","Oshkosh Corporation"
"OSI Restaurant Partners","3","OSI Restaurant Partners"
"Outerwall","3","Outerwall"
"Overcast Media","3","Overcast Media"
"Overstock.com, Inc.","3","Overstock.com, Inc."
"Owens Corning","3","Owens Corning"
"Owens-Illinois","3","Owens-Illinois"
"Pabst Brewing Company","3","Pabst Brewing Company"
"PACCAR","3","PACCAR"
"Pacer International","3","Pacer International"
"Pacific Gas and Electric Company (PG&E)","3","Pacific Gas and Electric Company (PG&E)"
"Pacific Life Insurance Company","3","Pacific Life Insurance Company"
"Packaging Corporation of America","3","Packaging Corporation of America"
"Pall Corporation","3","Pall Corporation"
"Panda Energy International","3","Panda Energy International"
"Panda Express","3","Panda Express"
"Panera Bread","3","Panera Bread"
"Papa John's Pizza","3","Papa John's Pizza"
"Papa Murphy's","3","Papa Murphy's"
"Paramount Pictures","3","Paramount Pictures"
"Park Seed Company","3","Park Seed Company"
"Parker Hannifin Corporation","3","Parker Hannifin Corporation"
"Patagonia","3","Patagonia"
"Patterson Companies","3","Patterson Companies"
"Paxton Media Group","3","Paxton Media Group"
"Paychex Inc.","3","Paychex Inc."
"Payless ShoeSource","3","Payless ShoeSource"
"PC Power and Cooling","3","PC Power and Cooling"
"Peabody Energy","3","Peabody Energy"
"Pearson's Candy Company","3","Pearson's Candy Company"
"Peavey Electronics Corporation","3","Peavey Electronics Corporation"
"Peet's Coffee","3","Peet's Coffee"
"Pelican Products","3","Pelican Products"
"Penn National Insurance","3","Penn National Insurance"
"Penske Corporation","3","Penske Corporation"
"Pep Boys","3","Pep Boys"
"PepsiCo","3","PepsiCo"
"Perdue Farms","3","Perdue Farms"
"PerkinElmer","3","PerkinElmer"
"Perrigo","3","Perrigo"
"Perry Ellis International","3","Perry Ellis International"
"Petco Animal Supplies","3","Petco Animal Supplies"
"Peterbilt","3","Peterbilt"
"PetMeds","3","PetMeds"
"PetSmart","3","PetSmart"
"Pfizer","3","Pfizer"
"Philip Morris","3","Philip Morris"
"Phillips 66","3","Phillips 66"
"Phillips-Van Heusen (PVH)","3","Phillips-Van Heusen (PVH)"
"Pier 1 Imports","3","Pier 1 Imports"
"Piggybackr","3","Piggybackr"
"Pilgrim's Pride","3","Pilgrim's Pride"
"Pilot Travel Centers","3","Pilot Travel Centers"
"Pinnacle Foods Group","3","Pinnacle Foods Group"
"Pinnacle Systems","3","Pinnacle Systems"
"Pioneer Natural Resources","3","Pioneer Natural Resources"
"Pioneer Railcorp","3","Pioneer Railcorp"
"Piper Jaffray","3","Piper Jaffray"
"Pitney Bowes","3","Pitney Bowes"
"Pizza Hut","3","Pizza Hut"
"Plains All American Pipeline","3","Plains All American Pipeline"
"Planet Hollywood","3","Planet Hollywood"
"Plantronics","3","Plantronics"
"Plochman's","3","Plochman's"
"PMC-Sierra","3","PMC-Sierra"
"PNY Technologies","3","PNY Technologies"
"Polaroid Corporation","3","Polaroid Corporation"
"Polaris Industries","3","Polaris Industries"
"Popeyes Louisiana Kitchen","3","Popeyes Louisiana Kitchen"
"PPG Industries","3","PPG Industries"
"Praxair","3","Praxair"
"Precision Castparts Corp.","3","Precision Castparts Corp."
"Prestige Brands","3","Prestige Brands"
"Priceline.com","3","Priceline.com"
"PricewaterhouseCoopers","3","PricewaterhouseCoopers"
"Primerica","3","Primerica"
"Principal Financial Group","3","Principal Financial Group"
"Procter & Gamble","3","Procter & Gamble"
"Progressive Corporation","3","Progressive Corporation"
"Protective Life Corporation","3","Protective Life Corporation"
"Prudential Financial","3","Prudential Financial"
"PSSC Labs","3","PSSC Labs"
"Public Storage","3","Public Storage"
"Publishers Clearing House","3","Publishers Clearing House"
"Publix","3","Publix"
"Pulte Homes","3","Pulte Homes"
"QCR Holdings","3","QCR Holdings"
"Qpass","3","Qpass"
"Qualcomm","3","Qualcomm"
"Quanta Services","3","Quanta Services"
"Quantrix","3","Quantrix"
"Quantum Corporation","3","Quantum Corporation"
"Quest Diagnostics","3","Quest Diagnostics"
"Quest Software","3","Quest Software"
"QuikTrip Corporation","3","QuikTrip Corporation"
"Quincy Newspapers","3","Quincy Newspapers"
"Quiznos","3","Quiznos"
"QVC","3","QVC"
"Qwest","3","Qwest"
"R.J. Corman Railroad Group","3","R.J. Corman Railroad Group"
"RaceTrac Petroleum","3","RaceTrac Petroleum"
"RadioShack","3","RadioShack"
"Ralcorp","3","Ralcorp"
"Raley's Supermarkets","3","Raley's Supermarkets"
"Ralph Lauren","3","Ralph Lauren"
"Rambus","3","Rambus"
"Rand McNally","3","Rand McNally"
"Ranger Boats","3","Ranger Boats"
"Raybestos","3","Raybestos"
"Raycom Media","3","Raycom Media"
"Raymond James Financial","3","Raymond James Financial"
"Raytheon","3","Raytheon"
"RCA","3","RCA"
"RE/MAX International","3","RE/MAX International"
"Realogy","3","Realogy"
"Recreational Equipment Inc. (REI)","3","Recreational Equipment Inc. (REI)"
"Red Hat","3","Red Hat"
"Red River Broadcasting","3","Red River Broadcasting"
"Red Robin Gourmet Burgers","3","Red Robin Gourmet Burgers"
"Regal-Beloit","3","Regal-Beloit"
"Regal Entertainment Group","3","Regal Entertainment Group"
"Regeneron Pharmaceuticals","3","Regeneron Pharmaceuticals"
"Regions Financial Corporation","3","Regions Financial Corporation"
"Regis Corporation","3","Regis Corporation"
"Reliance Steel & Aluminum Co.","3","Reliance Steel & Aluminum Co."
"Renco Group","3","Renco Group"
"Rent-A-Center","3","Rent-A-Center"
"Rent-A-Wreck","3","Rent-A-Wreck"
"Renys","3","Renys"
"Republic Services, Inc.","3","Republic Services, Inc."
"Respironics","3","Respironics"
"Reyes Holdings","3","Reyes Holdings"
"Reynolds American","3","Reynolds American"
"Riceland Foods","3","Riceland Foods"
"Rite Aid","3","Rite Aid"
"Roark Capital Group","3","Roark Capital Group"
"Robert Half International","3","Robert Half International"
"Robinson Helicopter Company","3","Robinson Helicopter Company"
"Rock-Tenn Company","3","Rock-Tenn Company"
"Rockford Fosgate","3","Rockford Fosgate"
"Rockport Company","3","Rockport Company"
"Rockstar Games","3","Rockstar Games"
"Rockstar, Inc.","3","Rockstar, Inc."
"Rockwell Automation","3","Rockwell Automation"
"Rockwell Collins","3","Rockwell Collins"
"Rodale, Inc.","3","Rodale, Inc."
"Rollins Inc.","3","Rollins Inc."
"Roper Industries","3","Roper Industries"
"Rosetta Stone Inc.","3","Rosetta Stone Inc."
"Ross Stores","3","Ross Stores"
"Round Table Pizza","3","Round Table Pizza"
"Roush Performance","3","Roush Performance"
"Rovi Corporation","3","Rovi Corporation"
"Rowan Companies","3","Rowan Companies"
"Royal Caribbean International","3","Royal Caribbean International"
"RPM International","3","RPM International"
"RR Donnelley","3","RR Donnelley"
"Ruby Tuesday","3","Ruby Tuesday"
"Russell Investments","3","Russell Investments"
"Russell Stover Candies","3","Russell Stover Candies"
"Ryder","3","Ryder"
"Ryland Homes","3","Ryland Homes"
"S.C. Johnson & Son","3","S.C. Johnson & Son"
"S3 Graphics","3","S3 Graphics"
"Sabre Holdings","3","Sabre Holdings"
"Safeco","3","Safeco"
"Safeway Inc.","3","Safeway Inc."
"SAIC","3","SAIC"
"Saleen Automotive","3","Saleen Automotive"
"Salem Communications","3","Salem Communications"
"Salesforce.com, Inc.","3","Salesforce.com, Inc."
"SanDisk","3","SanDisk"
"Sara Lee Corporation","3","Sara Lee Corporation"
"Sauer-Danfoss","3","Sauer-Danfoss"
"Savage Arms Company","3","Savage Arms Company"
"Save Mart Supermarkets","3","Save Mart Supermarkets"
"Savers","3","Savers"
"Sbarro","3","Sbarro"
"SCANA Corporation","3","SCANA Corporation"
"Schlumberger","3","Schlumberger"
"Schneider National, Inc.","3","Schneider National, Inc."
"Schnitzer Steel Industries","3","Schnitzer Steel Industries"
"Schnucks","3","Schnucks"
"Schoep's Ice Cream","3","Schoep's Ice Cream"
"Scholastic Corporation","3","Scholastic Corporation"
"Schwan Food Company","3","Schwan Food Company"
"Scottrade","3","Scottrade"
"The Scotts Miracle-Gro Company","3","The Scotts Miracle-Gro Company"
"Scripps Networks Interactive","3","Scripps Networks Interactive"
"Seaboard Corporation","3","Seaboard Corporation"
"Seagate Technology","3","Seagate Technology"
"Sealed Air Corporation","3","Sealed Air Corporation"
"Sears","3","Sears"
"Seattle's Best Coffee","3","Seattle's Best Coffee"
"Seneca Foods Corporation","3","Seneca Foods Corporation"
"Sequoia Capital","3","Sequoia Capital"
"Sequoia Voting Systems","3","Sequoia Voting Systems"
"Service Corporation International (SCI)","3","Service Corporation International (SCI)"
"SERVPRO Industries","3","SERVPRO Industries"
"SFN Group","3","SFN Group"
"Shaklee Corporation","3","Shaklee Corporation"
"Sharecare","3","Sharecare"
"Shea Homes","3","Shea Homes"
"Sheetz, Inc.","3","Sheetz, Inc."
"Sherwin-Williams","3","Sherwin-Williams"
"Shirokiya","3","Shirokiya"
"Shoney's","3","Shoney's"
"Shop 'n Save","3","Shop 'n Save"
"Shure","3","Shure"
"Shutterstock","3","Shutterstock"
"Sierra Nevada Brewing Company","3","Sierra Nevada Brewing Company"
"Sierra Nevada Corporation","3","Sierra Nevada Corporation"
"Sigma-Aldrich","3","Sigma-Aldrich"
"Silicon Graphics International","3","Silicon Graphics International"
"Silicon Image","3","Silicon Image"
"Silver Lake Partners","3","Silver Lake Partners"
"Simon Property Group","3","Simon Property Group"
"Sinclair Oil Corporation","3","Sinclair Oil Corporation"
"Sirius XM Radio","3","Sirius XM Radio"
"Six Flags","3","Six Flags"
"Sizzler","3","Sizzler"
"Skechers","3","Skechers"
"SkyWest Airlines","3","SkyWest Airlines"
"Smart & Final","3","Smart & Final"
"Smith & Wesson","3","Smith & Wesson"
"Snap-On","3","Snap-On"
"Snyder's-Lance, Inc.","3","Snyder's-Lance, Inc."
"Sociometric Solutions","3","Sociometric Solutions"
"Sonic Restaurants, Inc.","3","Sonic Restaurants, Inc."
"Sonic Solutions","3","Sonic Solutions"
"Sony Pictures Entertainment","3","Sony Pictures Entertainment"
"Sotheby's","3","Sotheby's"
"Southern Air","3","Southern Air"
"Southern California Edison","3","Southern California Edison"
"Southern Progress Corporation","3","Southern Progress Corporation"
"Southern Wine & Spirits","3","Southern Wine & Spirits"
"Southwest Airlines","3","Southwest Airlines"
"Soyo Group","3","Soyo Group"
"Space Adventures","3","Space Adventures"
"SpaceX (Space Exploration Technologies Corporation)","3","SpaceX (Space Exploration Technologies Corporation)"
"Spansion","3","Spansion"
"Spanx","3","Spanx"
"Specialized Bicycle Components, Inc.","3","Specialized Bicycle Components, Inc."
"Spectra Energy","3","Spectra Energy"
"Spectrum Brands","3","Spectrum Brands"
"Speedway Motorsports","3","Speedway Motorsports"
"Spirit AeroSystems","3","Spirit AeroSystems"
"Spirit Airlines","3","Spirit Airlines"
"Springfield Armory, Inc.","3","Springfield Armory, Inc."
"Sprint Corporation","3","Sprint Corporation"
"SPX Corporation","3","SPX Corporation"
"Standard Pacific Homes","3","Standard Pacific Homes"
"Stanley Black & Decker","3","Stanley Black & Decker"
"Staples Inc.","3","Staples Inc."
"Starbucks","3","Starbucks"
"Starwood Hotels & Resorts Worldwide","3","Starwood Hotels & Resorts Worldwide"
"Starz","3","Starz"
"State Farm Insurance","3","State Farm Insurance"
"State Street Corporation","3","State Street Corporation"
"Stater Bros. Markets","3","Stater Bros. Markets"
"Steak 'n Shake","3","Steak 'n Shake"
"Steel Dynamics","3","Steel Dynamics"
"Steelcase, Inc.","3","Steelcase, Inc."
"Steinway & Sons","3","Steinway & Sons"
"Stephens Inc.","3","Stephens Inc."
"Stericycle","3","Stericycle"
"Sterling Ledet & Associates","3","Sterling Ledet & Associates"
"Stew Leonard's","3","Stew Leonard's"
"Stewart & Stevenson","3","Stewart & Stevenson"
"Stewart-Warner","3","Stewart-Warner"
"STI International","3","STI International"
"Storage Technology Corporation","3","Storage Technology Corporation"
"Strayer-Voigt, Inc.","3","Strayer-Voigt, Inc."
"Stryker Corporation","3","Stryker Corporation"
"Stuckey's","3","Stuckey's"
"Sturm, Ruger & Company","3","Sturm, Ruger & Company"
"STX","3","STX"
"Subway","3","Subway"
"Sun Capital Partners","3","Sun Capital Partners"
"Sun-Maid Growers of California","3","Sun-Maid Growers of California"
"Sun Products","3","Sun Products"
"Sunny Delight Beverages","3","Sunny Delight Beverages"
"Sunoco","3","Sunoco"
"Sunrise Senior Living","3","Sunrise Senior Living"
"Sunsweet Growers Incorporated","3","Sunsweet Growers Incorporated"
"SunTrust Banks, Inc.","3","SunTrust Banks, Inc."
"Super One Foods","3","Super One Foods"
"SuperValu","3","SuperValu"
"Sur La Table","3","Sur La Table"
"SurveyMonkey","3","SurveyMonkey"
"Swayne, Robinson and Company","3","Swayne, Robinson and Company"
"Sweet Frog","3","Sweet Frog"
"SweetWater Brewing Company","3","SweetWater Brewing Company"
"Symantec","3","Symantec"
"Symetra","3","Symetra"
"Synopsys","3","Synopsys"
"Synovus Financial Corporation","3","Synovus Financial Corporation"
"Syntel","3","Syntel"
"Sysco Corporation","3","Sysco Corporation"
"T. Rowe Price","3","T. Rowe Price"
"Take-Two Interactive","3","Take-Two Interactive"
"Talbots","3","Talbots"
"Talend","3","Talend"
"Tanadgusix Corporation","3","Tanadgusix Corporation"
"Tara Labs","3","Tara Labs"
"Target Corporation","3","Target Corporation"
"Taser International","3","Taser International"
"Tastee-Freez","3","Tastee-Freez"
"Taunton Press","3","Taunton Press"
"TD Ameritrade","3","TD Ameritrade"
"Tektronix","3","Tektronix"
"Teledyne Technologies","3","Teledyne Technologies"
"Tellabs","3","Tellabs"
"Tempur-Pedic","3","Tempur-Pedic"
"Tenet Healthcare","3","Tenet Healthcare"
"Teradata","3","Teradata"
"Teradyne","3","Teradyne"
"Terex Corporation","3","Terex Corporation"
"Tesla Motors","3","Tesla Motors"
"Tesoro","3","Tesoro"
"Testor Corporation","3","Testor Corporation"
"Texas Instruments","3","Texas Instruments"
"Textron","3","Textron"
"Bell Helicopter","3","Bell Helicopter"
"Cessna Aircraft","3","Cessna Aircraft"
"Thermo Fisher Scientific","3","Thermo Fisher Scientific"
"Thor Industries","3","Thor Industries"
"THQ","3","THQ"
"TIAA-CREF","3","TIAA-CREF"
"Tiffany & Company","3","Tiffany & Company"
"Time Warner","3","Time Warner"
"Timken Company","3","Timken Company"
"TiVo Inc.","3","TiVo Inc."
"TJX Companies","3","TJX Companies"
"Togo's Eateries, Inc.","3","Togo's Eateries, Inc."
"Toll Brothers","3","Toll Brothers"
"Tony Roma's","3","Tony Roma's"
"Tootsie Roll Industries","3","Tootsie Roll Industries"
"The Toro Company","3","The Toro Company"
"Torry Harris Business Solutions","3","Torry Harris Business Solutions"
"Total System Services","3","Total System Services"
"Tower Automotive","3","Tower Automotive"
"Towers Perrin","3","Towers Perrin"
"Toys R Us","3","Toys R Us"
"TPG Capital","3","TPG Capital"
"Trader Joe's","3","Trader Joe's"
"Trader Vic's","3","Trader Vic's"
"TRAFFIK Advertising","3","TRAFFIK Advertising"
"Transamerica Corporation","3","Transamerica Corporation"
"Transammonia, Inc.","3","Transammonia, Inc."
"TransDigm Group","3","TransDigm Group"
"The Travelers Companies","3","The Travelers Companies"
"Traxxas","3","Traxxas"
"TreeRing","3","TreeRing"
"Trek Bicycle Corporation","3","Trek Bicycle Corporation"
"Trianz","3","Trianz"
"Trijicon","3","Trijicon"
"Trimble Navigation","3","Trimble Navigation"
"Trinity Industries","3","Trinity Industries"
"Triumph Group","3","Triumph Group"
"Tropicana Products","3","Tropicana Products"
"TRT Holdings","3","TRT Holdings"
"The Trump Organization","3","The Trump Organization"
"TRW Automotive","3","TRW Automotive"
"Tuff Shed","3","Tuff Shed"
"Tully's Coffee","3","Tully's Coffee"
"Tupperware Brands","3","Tupperware Brands"
"Turtle Wax","3","Turtle Wax"
"Twitter","3","Twitter"
"Tyr Sport, Inc.","3","Tyr Sport, Inc."
"Tyson Foods","3","Tyson Foods"
"U-Haul","3","U-Haul"
"UberOffices","3","UberOffices"
"Ubu Productions","3","Ubu Productions"
"ULTA Beauty","3","ULTA Beauty"
"Ultimate Software","3","Ultimate Software"
"Under Armour","3","Under Armour"
"Underwriters Laboratories (UL)","3","Underwriters Laboratories (UL)"
"Unified Grocers","3","Unified Grocers"
"Unify Square","3","Unify Square"
"Union Bank","3","Union Bank"
"Union Pacific Railroad","3","Union Pacific Railroad"
"Unisys","3","Unisys"
"United Airlines","3","United Airlines"
"United Country Real Estate","3","United Country Real Estate"
"United Parcel Service (UPS)","3","United Parcel Service (UPS)"
"United Rentals","3","United Rentals"
"United States Enrichment Corporation","3","United States Enrichment Corporation"
"United Technologies Corporation","3","United Technologies Corporation"
"Carrier Corporation","3","Carrier Corporation"
"Otis Elevator Company","3","Otis Elevator Company"
"Pratt & Whitney","3","Pratt & Whitney"
"Sikorsky Aircraft","3","Sikorsky Aircraft"
"UnitedHealth Group","3","UnitedHealth Group"
"Universal Forest Products","3","Universal Forest Products"
"Universal Studios","3","Universal Studios"
"Uno Chicago Grill","3","Uno Chicago Grill"
"Unum Group","3","Unum Group"
"Upland Brewing Company","3","Upland Brewing Company"
"Upper Deck Company","3","Upper Deck Company"
"Urban Outfitters","3","Urban Outfitters"
"US Airways","3","US Airways"
"U.S. Bancorp","3","U.S. Bancorp"
"U.S. Cellular","3","U.S. Cellular"
"US Foods","3","US Foods"
"US Highland","3","US Highland"
"U.S. Ordnance, Inc.","3","U.S. Ordnance, Inc."
"U.S. Steel","3","U.S. Steel"
"U.S. Venture Partners","3","U.S. Venture Partners"
"USAA (United Services Automobile Association)","3","USAA (United Services Automobile Association)"
"USG Corporation","3","USG Corporation"
"USIS","3","USIS"
"USRobotics","3","USRobotics"
"UTStarcom","3","UTStarcom"
"Uwajimaya","3","Uwajimaya"
"Vail Resorts, Inc.","3","Vail Resorts, Inc."
"Valero Energy Corporation","3","Valero Energy Corporation"
"The Valspar Corporation","3","The Valspar Corporation"
"Valve Corporation","3","Valve Corporation"
"The Vanguard Group","3","The Vanguard Group"
"VantagePoint Capital Partners","3","VantagePoint Capital Partners"
"Varian Medical Systems","3","Varian Medical Systems"
"Vaughan & Bushnell Manufacturing","3","Vaughan & Bushnell Manufacturing"
"VECO Corporation","3","VECO Corporation"
"Vectren","3","Vectren"
"Venrock","3","Venrock"
"Venus Swimwear","3","Venus Swimwear"
"Verbatim Corporation","3","Verbatim Corporation"
"Verifone Systems, Inc.","3","Verifone Systems, Inc."
"Verisign","3","Verisign"
"Verisk Analytics","3","Verisk Analytics"
"Verizon Communications","3","Verizon Communications"
"Verizon Wireless","3","Verizon Wireless"
"Vertex Pharmaceuticals","3","Vertex Pharmaceuticals"
"VF Corporation","3","VF Corporation"
"Lee","3","Lee"
"The North Face","3","The North Face"
"Wrangler","3","Wrangler"
"Viacom","3","Viacom"
"ViaSat","3","ViaSat"
"Victoria's Secret","3","Victoria's Secret"
"Victorious 22","3","Victorious 22"
"ViewSonic","3","ViewSonic"
"Visa Inc.","3","Visa Inc."
"Vishay Intertechnology","3","Vishay Intertechnology"
"Visteon Corporation","3","Visteon Corporation"
"Vivitar","3","Vivitar"
"VIZ Media","3","VIZ Media"
"Vizio","3","Vizio"
"VMware","3","VMware"
"Vonage","3","Vonage"
"Vornado Realty Trust","3","Vornado Realty Trust"
"Voya Financial","3","Voya Financial"
"Vulcan Corporation","3","Vulcan Corporation"
"Vulcan Materials Company","3","Vulcan Materials Company"
"VWR International","3","VWR International"
"W. C. Bradley Co.","3","W. C. Bradley Co."
"W. L. Gore and Associates","3","W. L. Gore and Associates"
"Gore-Tex","3","Gore-Tex"
"W. R. Berkley","3","W. R. Berkley"
"W. R. Grace and Company","3","W. R. Grace and Company"
"W. W. Grainger","3","W. W. Grainger"
"Wabash National","3","Wabash National"
"Wabtec Corporation","3","Wabtec Corporation"
"Waffle House","3","Waffle House"
"Wahl Clipper","3","Wahl Clipper"
"Wakefern Food Corporation","3","Wakefern Food Corporation"
"Walgreens","3","Walgreens"
"Walmart","3","Walmart"
"The Walt Disney Company","3","The Walt Disney Company"
"Warburg Pincus","3","Warburg Pincus"
"Warner Bros.","3","Warner Bros."
"Washburn Guitars","3","Washburn Guitars"
"Waste Management","3","Waste Management"
"Watco Companies","3","Watco Companies"
"Waters Corporation","3","Waters Corporation"
"Watkins Incorporated","3","Watkins Incorporated"
"Watkins-Johnson Company","3","Watkins-Johnson Company"
"Watsco, Inc.","3","Watsco, Inc."
"Wausau Paper","3","Wausau Paper"
"Wawa Inc.","3","Wawa Inc."
"WD-40 Company","3","WD-40 Company"
"Wegmans Food Markets","3","Wegmans Food Markets"
"The Weinstein Company","3","The Weinstein Company"
"Weis Markets","3","Weis Markets"
"Welch's","3","Welch's"
"WellPoint","3","WellPoint"
"Wells Fargo","3","Wells Fargo"
"Wendy's Company","3","Wendy's Company"
"Werner Enterprises","3","Werner Enterprises"
"West Liberty Foods","3","West Liberty Foods"
"Westat","3","Westat"
"Western Digital","3","Western Digital"
"Western Refining","3","Western Refining"
"Western Sugar Cooperative","3","Western Sugar Cooperative"
"Western Union","3","Western Union"
"Westinghouse Digital LLC","3","Westinghouse Digital LLC"
"Weyerhaeuser","3","Weyerhaeuser"
"Whataburger","3","Whataburger"
"Whirlpool Corporation","3","Whirlpool Corporation"
"White Castle","3","White Castle"
"Whole Foods Market","3","Whole Foods Market"
"Wienerschnitzel","3","Wienerschnitzel"
"Wilcon","3","Wilcon"
"Willett Distilling Company","3","Willett Distilling Company"
"William Blair & Company","3","William Blair & Company"
"Williams Companies","3","Williams Companies"
"Williams-Sonoma","3","Williams-Sonoma"
"Williamson-Dickie Manufacturing Company","3","Williamson-Dickie Manufacturing Company"
"WinCo Foods, Inc.","3","WinCo Foods, Inc."
"Windstream Communications","3","Windstream Communications"
"The Wine Group","3","The Wine Group"
"Winn-Dixie","3","Winn-Dixie"
"Winnebago Industries","3","Winnebago Industries"
"Wizards of the Coast","3","Wizards of the Coast"
"Wolverine Worldwide","3","Wolverine Worldwide"
"Woodward, Inc.","3","Woodward, Inc."
"Woolrich, Inc.","3","Woolrich, Inc."
"World Airways","3","World Airways"
"World Financial Group","3","World Financial Group"
"World Fuel Services","3","World Fuel Services"
"Worthington Industries","3","Worthington Industries"
"WWE (World Wrestling Entertainment)","3","WWE (World Wrestling Entertainment)"
"Wyndham Worldwide","3","Wyndham Worldwide"
"Wynn Resorts","3","Wynn Resorts"
"X-Rite","3","X-Rite"
"Xcel Energy","3","Xcel Energy"
"Xerox","3","Xerox"
"Xilinx","3","Xilinx"
"XIM, Inc.","3","XIM, Inc."
"XPLANE","3","XPLANE"
"Xylem Inc.","3","Xylem Inc."
"Yahoo!","3","Yahoo!"
"Yelp, Inc.","3","Yelp, Inc."
"YRC Worldwide","3","YRC Worldwide"
"Yum! Brands","3","Yum! Brands"
"Yum-Yum Donuts","3","Yum-Yum Donuts"
"Zale Corporation","3","Zale Corporation"
"Zapata Corporation","3","Zapata Corporation"
"Zappos.com","3","Zappos.com"
"Zaxby's","3","Zaxby's"
"Zenith Electronics","3","Zenith Electronics"
"Zildjian","3","Zildjian"
"Zilog","3","Zilog"
"Zimmer Holdings","3","Zimmer Holdings"
"Zions Bancorp","3","Zions Bancorp"
"Zippo Manufacturing Company","3","Zippo Manufacturing Company"
"Zoetis, Inc.","3","Zoetis, Inc."
"Zoo York","3","Zoo York"
"Zoom Telephonics","3","Zoom Telephonics"
"Zumiez","3","Zumiez"
"Zune","3","Zune"
"Zynga","3","Zynga"
"Doel","3","Doel"
"Walton","3","Walton"
"Transcom","3","Transcom"
"Aigo","3","Aigo"
"Amoi","3","Amoi"
"BYD Electronic","3","BYD Electronic"
"Changhong","3","Changhong"
"Gionee","3","Gionee"
"Haier","3","Haier"
"Hasee","3","Hasee"
"Hisense","3","Hisense"
"Huawei","3","Huawei"
"Kejian","3","Kejian"
"Konka Group","3","Konka Group"
"Lenovo","3","Lenovo"
"Meizu","3","Meizu"
"Ningbo Bird","3","Ningbo Bird"
"Oppo","3","Oppo"
"Panda","3","Panda"
"Skyworth","3","Skyworth"
"TCL","3","TCL"
"TP-Linkintex","3","TP-Linkintex"
"Vivo Electronics","3","Vivo Electronics"
"Zopo Mobile","3","Zopo Mobile"
"ZTE","3","ZTE"
"Xiaomi","3","Xiaomi"
"Amkette","3","Amkette"
"Beetel","3","Beetel"
"Bharat Electronics","3","Bharat Electronics"
"BPL","3","BPL"
"Godrej","3","Godrej"
"HCL","3","HCL"
"iball","3","iball"
"Intex","3","Intex"
"Lava","3","Lava"
"Micromax","3","Micromax"
"Myzornis","3","Myzornis"
"Moser Baer","3","Moser Baer"
"Notion Ink","3","Notion Ink"
"Onida","3","Onida"
"Voltas","3","Voltas"
"Videocon","3","Videocon"
"Wipro","3","Wipro"
"Karbonn","3","Karbonn"
"Celkon","3","Celkon"
"Kenstar","3","Kenstar"
"Havells","3","Havells"
"Simmtronics","3","Simmtronics"
"Sterlite Technologies","3","Sterlite Technologies"
"MAPNA","3","MAPNA"
"Allied Telesis","3","Allied Telesis"
"Alpine","3","Alpine"
"Brother Industries","3","Brother Industries"
"Buffalo","3","Buffalo"
"Canon","3","Canon"
"Casio","3","Casio"
"Clarion","3","Clarion"
"Eclipse","3","Eclipse"
"Eizo","3","Eizo"
"Epson","3","Epson"
"Fuji Electric","3","Fuji Electric"
"Fuji Xerox","3","Fuji Xerox"
"Fujifilm","3","Fujifilm"
"Fujitsu","3","Fujitsu"
"Funai","3","Funai"
"Hitachi","3","Hitachi"
"Iiyama","3","Iiyama"
"IO Data","3","IO Data"
"JVC","3","JVC"
"Kenwood","3","Kenwood"
"Konica Minolta","3","Konica Minolta"
"Kyocera","3","Kyocera"
"Marantz","3","Marantz"
"Mitsubishi","3","Mitsubishi"
"NEC","3","NEC"
"Nikon","3","Nikon"
"Nintendo","3","Nintendo"
"Oki","3","Oki"
"Olympus","3","Olympus"
"Orion","3","Orion"
"Panasonic","3","Panasonic"
"Pentax","3","Pentax"
"Pioneer","3","Pioneer"
"Renesas","3","Renesas"
"Ricoh","3","Ricoh"
"Sharp","3","Sharp"
"Sekio","3","Sekio"
"Sony","3","Sony"
"TD","3","TD"
"Toshiba","3","Toshiba"
"Vertex Standard","3","Vertex Standard"
"Victor","3","Victor"
"Yaesu","3","Yaesu"
"Akai","3","Akai"
"Denon","3","Denon"
"Aiwa","3","Aiwa"
"Sanyo","3","Sanyo"
"National","3","National"
"Cowon","3","Cowon"
"Daewoo Electronics","3","Daewoo Electronics"
"Hansol","3","Hansol"
"Iriver","3","Iriver"
"LG","3","LG"
"Pantech","3","Pantech"
"Samsung","3","Samsung"
"Khind","3","Khind"
"Singer","3","Singer"
"Pensonic","3","Pensonic"
"Cherry Mobile","3","Cherry Mobile"
"Cloudfone","3","Cloudfone"
"Fukuda Inc.","3","Fukuda Inc."
"Starmobile","3","Starmobile"
"Super Asia","3","Super Asia"
"PEL","3","PEL"
"Haier","3","Haier"
"Pakistan Aeronautical Complex","3","Pakistan Aeronautical Complex"
"QMobile","3","QMobile"
"Voice Mobile","3","Voice Mobile"
"Viper Technology","3","Viper Technology"
"Siemens Pakistan","3","Siemens Pakistan"
"Dawlance Pakistan","3","Dawlance Pakistan"
"Orient Electronics","3","Orient Electronics"
"SATUMA","3","SATUMA"
"United Mobile","3","United Mobile"
"Mentor Graphics","3","Mentor Graphics"
"Creative","3","Creative"
"Acer","3","Acer"
"AOC","3","AOC"
"Aopen","3","Aopen"
"Asus","3","Asus"
"BenQ","3","BenQ"
"D-Link","3","D-Link"
"ECS","3","ECS"
"Elsa","3","Elsa"
"EPoX","3","EPoX"
"Gigabyte","3","Gigabyte"
"HTC","3","HTC"
"Lite-On","3","Lite-On"
"MediaTek","3","MediaTek"
"MSI","3","MSI"
"Realtek","3","Realtek"
"Silicon Power","3","Silicon Power"
"Soyo","3","Soyo"
"Surya","3","Surya"
"Transcend","3","Transcend"
"TSMC","3","TSMC"
"VIA Technologies","3","VIA Technologies"
"Samart","3","Samart"
"True","3","True"
"Nokia","3","Nokia"
"Alcatel-Lucent","3","Alcatel-Lucent"
"Bosch","3","Bosch"
"Grundig","3","Grundig"
"Siemens","3","Siemens"
"Sennheiser","3","Sennheiser"
"Orion","3","Orion"
"Videoton","3","Videoton"
"Philips","3","Philips"
"Trust","3","Trust"
"Almaz-Antey","3","Almaz-Antey"
"Angstrem","3","Angstrem"
"General Satellite","3","General Satellite"
"MCST","3","MCST"
"Mikron","3","Mikron"
"NPO “Digital Television Systems”","3","NPO “Digital Television Systems”"
"Rovercomputers","3","Rovercomputers"
"Sitronics","3","Sitronics"
"Sozvezdie","3","Sozvezdie"
"WINTEC Professional","3","WINTEC Professional"
"Yota","3","Yota"
"Revox","3","Revox"
"Alba","3","Alba"
"Amstrad","3","Amstrad"
"BAE Systems","3","BAE Systems"
"Binatone","3","Binatone"
"BT","3","BT"
"Dyson","3","Dyson"
"EMI","3","EMI"
"Ferranti","3","Ferranti"
"KEF","3","KEF"
"Marconi","3","Marconi"
"Morphy Richards","3","Morphy Richards"
"Pace","3","Pace"
"Pure","3","Pure"
"Pye","3","Pye"
"Sinclair Research","3","Sinclair Research"
"Russell Hobbs","3","Russell Hobbs"
"Texet","3","Texet"
"Thorn","3","Thorn"
"Uniross","3","Uniross"
"Vax","3","Vax"
"BlackBerry","3","BlackBerry"
"Alfa","3","Alfa"
"Kyoto (Kyoto Electronics)","3","Kyoto (Kyoto Electronics)"
"Lanix","3","Lanix"
"Mabe","3","Mabe"
"Meebox","3","Meebox"
"Satmex","3","Satmex"
"Zonda","3","Zonda"
"3M","3","3M"
"Amazon","3","Amazon"
"AMD","3","AMD"
"Analog Devices","3","Analog Devices"
"Apple","3","Apple"
"Audiovox","3","Audiovox"
"Avaya","3","Avaya"
"Averatec","3","Averatec"
"Bose","3","Bose"
"Cisco Systems","3","Cisco Systems"
"Dell","3","Dell"
"eMachines","3","eMachines"
"Emerson Electric","3","Emerson Electric"
"Emerson Radio","3","Emerson Radio"
"Gateway","3","Gateway"
"Hewlett-Packard","3","Hewlett-Packard"
"IBM","3","IBM"
"Intel","3","Intel"
"Kingston","3","Kingston"
"Koss","3","Koss"
"Magnavox","3","Magnavox"
"Microsoft","3","Microsoft"
"Motorola","3","Motorola"
"NVIDIA","3","NVIDIA"
"Packard Bell","3","Packard Bell"
"Qualcomm","3","Qualcomm"
"RCA","3","RCA"
"Seagate","3","Seagate"
"SGI","3","SGI"
"Sun Microsystems","3","Sun Microsystems"
"Texas Instruments","3","Texas Instruments"
"Unisonic Products Corporation","3","Unisonic Products Corporation"
"Unisys","3","Unisys"
"Vizio","3","Vizio"
"Viewsonic","3","Viewsonic"
"Western Digital","3","Western Digital"
"Xerox","3","Xerox"
"Zenith","3","Zenith"
"AeroDreams","3","AeroDreams"
"Cicaré","3","Cicaré"
"CITEFA","3","CITEFA"
"FAdeA","3","FAdeA"
"Hexacta","3","Hexacta"
"INVAP","3","INVAP"
"Nostromo","3","Nostromo"
"Avibras","3","Avibras"
"Bravox","3","Bravox"
"Embraer","3","Embraer"
"Gradiente","3","Gradiente"
"Itautec","3","Itautec"
"Mectron","3","Mectron"
"Positivo Informatica","3","Positivo Informatica"
"WEG Industries","3","WEG Industries"
"Indumil","3","Indumil"
"Siragon","3","Siragon"
"VIT","3","VIT"
"","3"
