[ {
  "id" : "1",
  "modifiedDate" : 1467729870159,
  "name" : "Company_Dictionary",
  "workspace" : "2",
  "properties" : {
    "name" : "Company_Dictionary",
    "language" : "EN",
    "entityTypeId" : "75f49cf5-c13a-460e-aae0-690c0050b7ac"
  },
  "posCodes" : [ {
    "id" : "6",
    "modifiedDate" : 0,
    "name" : "Adposition"
  }, {
    "id" : "5",
    "modifiedDate" : 0,
    "name" : "Adverb"
  }, {
    "id" : "10",
    "modifiedDate" : 0,
    "name" : "Quantifier"
  }, {
    "id" : "3",
    "modifiedDate" : 0,
    "name" : "Noun"
  }, {
    "id" : "7",
    "modifiedDate" : 0,
    "name" : "Interjection"
  }, {
    "id" : "4",
    "modifiedDate" : 0,
    "name" : "Adjective"
  }, {
    "id" : "8",
    "modifiedDate" : 0,
    "name" : "Conjunction"
  }, {
    "id" : "0",
    "modifiedDate" : 0,
    "name" : "Unknown"
  }, {
    "id" : "2",
    "modifiedDate" : 0,
    "name" : "Verb"
  }, {
    "id" : "9",
    "modifiedDate" : 0,
    "name" : "Determiner"
  }, {
    "id" : "1",
    "modifiedDate" : 0,
    "name" : "Pronoun"
  } ],
  "numItems" : 1903
}, {
  "id" : "2",
  "modifiedDate" : 1467818445959,
  "name" : "Consumer_Dictionary",
  "workspace" : "2",
  "properties" : {
    "name" : "Consumer_Dictionary",
    "language" : "EN",
    "entityTypeId" : "484d5ee5-eec2-4161-ae8d-81955baaefee"
  },
  "posCodes" : [ {
    "id" : "6",
    "modifiedDate" : 0,
    "name" : "Adposition"
  }, {
    "id" : "10",
    "modifiedDate" : 0,
    "name" : "Quantifier"
  }, {
    "id" : "3",
    "modifiedDate" : 0,
    "name" : "Noun"
  }, {
    "id" : "7",
    "modifiedDate" : 0,
    "name" : "Interjection"
  }, {
    "id" : "9",
    "modifiedDate" : 0,
    "name" : "Determiner"
  }, {
    "id" : "4",
    "modifiedDate" : 0,
    "name" : "Adjective"
  }, {
    "id" : "5",
    "modifiedDate" : 0,
    "name" : "Adverb"
  }, {
    "id" : "1",
    "modifiedDate" : 0,
    "name" : "Pronoun"
  }, {
    "id" : "8",
    "modifiedDate" : 0,
    "name" : "Conjunction"
  }, {
    "id" : "0",
    "modifiedDate" : 0,
    "name" : "Unknown"
  }, {
    "id" : "2",
    "modifiedDate" : 0,
    "name" : "Verb"
  } ],
  "numItems" : 2
}, {
  "id" : "3",
  "modifiedDate" : 1467729870310,
  "name" : "Customer_Service_Dictionary",
  "workspace" : "2",
  "properties" : {
    "name" : "Customer_Service_Dictionary",
    "language" : "EN",
    "entityTypeId" : "aa16b926-9e70-4456-a9b1-fbb0ca772a60"
  },
  "posCodes" : [ {
    "id" : "2",
    "modifiedDate" : 0,
    "name" : "Verb"
  }, {
    "id" : "1",
    "modifiedDate" : 0,
    "name" : "Pronoun"
  }, {
    "id" : "8",
    "modifiedDate" : 0,
    "name" : "Conjunction"
  }, {
    "id" : "0",
    "modifiedDate" : 0,
    "name" : "Unknown"
  }, {
    "id" : "10",
    "modifiedDate" : 0,
    "name" : "Quantifier"
  }, {
    "id" : "4",
    "modifiedDate" : 0,
    "name" : "Adjective"
  }, {
    "id" : "6",
    "modifiedDate" : 0,
    "name" : "Adposition"
  }, {
    "id" : "9",
    "modifiedDate" : 0,
    "name" : "Determiner"
  }, {
    "id" : "7",
    "modifiedDate" : 0,
    "name" : "Interjection"
  }, {
    "id" : "5",
    "modifiedDate" : 0,
    "name" : "Adverb"
  }, {
    "id" : "3",
    "modifiedDate" : 0,
    "name" : "Noun"
  } ],
  "numItems" : 1
}, {
  "id" : "4",
  "modifiedDate" : 1467729870326,
  "name" : "Descriptor_Dictionary",
  "workspace" : "2",
  "properties" : {
    "name" : "Descriptor_Dictionary",
    "language" : "EN",
    "entityTypeId" : "a19e917d-efef-4f26-95c0-9b00c6e0d44b"
  },
  "posCodes" : [ {
    "id" : "6",
    "modifiedDate" : 0,
    "name" : "Adposition"
  }, {
    "id" : "7",
    "modifiedDate" : 0,
    "name" : "Interjection"
  }, {
    "id" : "1",
    "modifiedDate" : 0,
    "name" : "Pronoun"
  }, {
    "id" : "3",
    "modifiedDate" : 0,
    "name" : "Noun"
  }, {
    "id" : "0",
    "modifiedDate" : 0,
    "name" : "Unknown"
  }, {
    "id" : "9",
    "modifiedDate" : 0,
    "name" : "Determiner"
  }, {
    "id" : "8",
    "modifiedDate" : 0,
    "name" : "Conjunction"
  }, {
    "id" : "2",
    "modifiedDate" : 0,
    "name" : "Verb"
  }, {
    "id" : "5",
    "modifiedDate" : 0,
    "name" : "Adverb"
  }, {
    "id" : "10",
    "modifiedDate" : 0,
    "name" : "Quantifier"
  }, {
    "id" : "4",
    "modifiedDate" : 0,
    "name" : "Adjective"
  } ],
  "numItems" : 0
}, {
  "id" : "5",
  "modifiedDate" : 1467729870349,
  "name" : "Feature_Dictionary",
  "workspace" : "2",
  "properties" : {
    "name" : "Feature_Dictionary",
    "language" : "EN",
    "entityTypeId" : "55ccdebe-3983-4928-a12e-9fea079d2a91"
  },
  "posCodes" : [ {
    "id" : "5",
    "modifiedDate" : 0,
    "name" : "Adverb"
  }, {
    "id" : "3",
    "modifiedDate" : 0,
    "name" : "Noun"
  }, {
    "id" : "10",
    "modifiedDate" : 0,
    "name" : "Quantifier"
  }, {
    "id" : "7",
    "modifiedDate" : 0,
    "name" : "Interjection"
  }, {
    "id" : "1",
    "modifiedDate" : 0,
    "name" : "Pronoun"
  }, {
    "id" : "0",
    "modifiedDate" : 0,
    "name" : "Unknown"
  }, {
    "id" : "6",
    "modifiedDate" : 0,
    "name" : "Adposition"
  }, {
    "id" : "2",
    "modifiedDate" : 0,
    "name" : "Verb"
  }, {
    "id" : "9",
    "modifiedDate" : 0,
    "name" : "Determiner"
  }, {
    "id" : "4",
    "modifiedDate" : 0,
    "name" : "Adjective"
  }, {
    "id" : "8",
    "modifiedDate" : 0,
    "name" : "Conjunction"
  } ],
  "numItems" : 0
}, {
  "id" : "6",
  "modifiedDate" : 1467729870405,
  "name" : "Product_Dictionary",
  "workspace" : "2",
  "properties" : {
    "name" : "Product_Dictionary",
    "language" : "EN",
    "entityTypeId" : "b2be6cf3-8062-4ab1-8381-a9fdedb46356"
  },
  "posCodes" : [ {
    "id" : "1",
    "modifiedDate" : 0,
    "name" : "Pronoun"
  }, {
    "id" : "10",
    "modifiedDate" : 0,
    "name" : "Quantifier"
  }, {
    "id" : "2",
    "modifiedDate" : 0,
    "name" : "Verb"
  }, {
    "id" : "0",
    "modifiedDate" : 0,
    "name" : "Unknown"
  }, {
    "id" : "7",
    "modifiedDate" : 0,
    "name" : "Interjection"
  }, {
    "id" : "8",
    "modifiedDate" : 0,
    "name" : "Conjunction"
  }, {
    "id" : "9",
    "modifiedDate" : 0,
    "name" : "Determiner"
  }, {
    "id" : "3",
    "modifiedDate" : 0,
    "name" : "Noun"
  }, {
    "id" : "4",
    "modifiedDate" : 0,
    "name" : "Adjective"
  }, {
    "id" : "5",
    "modifiedDate" : 0,
    "name" : "Adverb"
  }, {
    "id" : "6",
    "modifiedDate" : 0,
    "name" : "Adposition"
  } ],
  "numItems" : 5
}, {
  "id" : "7",
  "modifiedDate" : 1467729870419,
  "name" : "Price_Dictionary",
  "workspace" : "2",
  "properties" : {
    "name" : "Price_Dictionary",
    "language" : "EN",
    "entityTypeId" : "266098b6-76b7-41f2-8291-020653f06747"
  },
  "posCodes" : [ {
    "id" : "9",
    "modifiedDate" : 0,
    "name" : "Determiner"
  }, {
    "id" : "6",
    "modifiedDate" : 0,
    "name" : "Adposition"
  }, {
    "id" : "2",
    "modifiedDate" : 0,
    "name" : "Verb"
  }, {
    "id" : "1",
    "modifiedDate" : 0,
    "name" : "Pronoun"
  }, {
    "id" : "3",
    "modifiedDate" : 0,
    "name" : "Noun"
  }, {
    "id" : "10",
    "modifiedDate" : 0,
    "name" : "Quantifier"
  }, {
    "id" : "5",
    "modifiedDate" : 0,
    "name" : "Adverb"
  }, {
    "id" : "4",
    "modifiedDate" : 0,
    "name" : "Adjective"
  }, {
    "id" : "0",
    "modifiedDate" : 0,
    "name" : "Unknown"
  }, {
    "id" : "8",
    "modifiedDate" : 0,
    "name" : "Conjunction"
  }, {
    "id" : "7",
    "modifiedDate" : 0,
    "name" : "Interjection"
  } ],
  "numItems" : 0
} ]